barcode,homo_sum_gex,mus_sum_gex,mito_sum,features_gex
AAACCCAAGAGGCTGT-1,67,8359,449,2863
AAACCCAAGAGTCTTC-1,57,8860,606,2964
AAACCCAAGCTTCGTA-1,7412,50,438,2803
AAACCCAAGGCCTGCT-1,184,636,21,587
AAACCCAAGTCACTAC-1,2163,944,192,1699
AAACCCACATCCGAGC-1,8012,32,353,2973
AAACCCAGTACCACGC-1,29,1512,98,846
AAACCCAGTATCGAAA-1,11582,76,645,3837
AAACCCAGTCCTTGTC-1,19562,94,729,4924
AAACCCAGTCTCCCTA-1,12,1308,69,666
AAACCCAGTCTCGGGT-1,39,7710,382,2698
AAACCCAGTTAACAGA-1,482,2435,197,1463
AAACCCATCGGAGATG-1,8907,52,447,3094
AAACCCATCTAGCCTC-1,325,302,11,503
AAACGAAAGAGAGCAA-1,13654,75,822,3860
AAACGAAAGATGGGCT-1,4367,50,312,2155
AAACGAAAGGCTAAAT-1,38,6625,374,2421
AAACGAAAGTGGCCTC-1,3,665,31,453
AAACGAATCGCGCCAA-1,24,2874,79,1221
AAACGCTAGCTCGCAC-1,8499,62,423,3307
AAACGCTAGTCTTGGT-1,34,4016,340,1696
AAACGCTCAACATACC-1,42,6328,456,2320
AAACGCTCATCGATGT-1,262,2633,303,1385
AAACGCTCATGCCGCA-1,599,131,23,569
AAACGCTCATGGCACC-1,1365,56,36,896
AAACGCTGTACAGTAA-1,8765,76,474,3259
AAACGCTGTACCTAAC-1,2640,529,132,1750
AAACGCTGTACTAGCT-1,98,14291,855,3968
AAACGCTGTCCGAAGA-1,1252,12,39,684
AAACGCTGTCCTCCTA-1,20,886,94,534
AAACGCTGTCGATTAC-1,7087,66,406,2851
AAACGCTGTCTTAGTG-1,34,5968,561,1969
AAACGCTGTTCCGTTC-1,15613,74,307,5422
AAACGCTGTTTATGCG-1,353,155,41,423
AAACGCTTCCACACCT-1,659,14,23,505
AAACGCTTCTTGAACG-1,62,11958,725,3473
AAAGAACAGCAACTCT-1,1306,382,63,1117
AAAGAACAGGATTCCT-1,4990,105,333,2522
AAAGAACCACGCCACA-1,63,5335,428,2262
AAAGAACCACTCCTTG-1,290,244,30,453
AAAGAACCAGCTACCG-1,9718,74,574,3604
AAAGAACCAGTATTCG-1,9194,55,513,3383
AAAGAACGTAGGTGCA-1,52,6664,299,2596
AAAGAACGTGCTGCAC-1,844,138,61,706
AAAGAACGTTCTTAGG-1,19,3552,244,1403
AAAGAACTCACCTACC-1,103,9415,562,3361
AAAGAACTCAGGGTAG-1,46,6785,639,2343
AAAGAACTCGTGTTCC-1,2992,28,285,1327
AAAGAACTCTCCCTAG-1,8201,55,424,3112
AAAGAACTCTTGGTGA-1,9822,50,569,3187
AAAGGATAGAGCATAT-1,1171,13,114,722
AAAGGATAGCACGTCC-1,1803,8,1,854
AAAGGATAGTCACAGG-1,1333,73,119,895
AAAGGATAGTGGTTGG-1,38,5568,408,2004
AAAGGATCACAACCGC-1,1945,550,128,1435
AAAGGATCACACGTGC-1,64,13213,908,3592
AAAGGATGTGTGTACT-1,46,8671,396,2619
AAAGGATTCAAGCCGC-1,6207,66,334,2832
AAAGGATTCGTACCTC-1,9819,76,552,3349
AAAGGGCAGCACTTTG-1,7593,53,645,3071
AAAGGGCAGCCTTTGA-1,70,8745,589,2862
AAAGGGCAGGTTGTTC-1,6118,43,264,2542
AAAGGGCCACCTCTAC-1,22434,133,1339,5298
AAAGGGCCAGGGTTGA-1,15633,108,1051,4507
AAAGGGCGTCACTCAA-1,368,339,51,557
AAAGGGCTCGGTGTAT-1,8639,69,477,2861
AAAGGTAAGGCTTAGG-1,117,5871,444,2053
AAAGGTACAAGTATAG-1,9715,73,593,3291
AAAGGTATCAGTGTTG-1,6031,43,321,2372
AAAGGTATCCCTAGGG-1,84,9594,708,3326
AAAGGTATCCGCTAGG-1,773,326,41,802
AAAGGTATCTACTGAG-1,536,446,52,731
AAAGGTATCTATCACT-1,1196,487,29,1115
AAAGTCCAGACGCCAA-1,66,11965,268,3237
AAAGTCCAGATTACCC-1,22,2506,120,1142
AAAGTCCCAGATACCT-1,72,14452,491,3671
AAAGTCCGTACACGCC-1,18,1500,77,748
AAAGTCCGTGTCCAAT-1,9242,66,731,3262
AAAGTCCTCAAACGAA-1,75,1508,84,881
AAAGTCCTCGCTGTTC-1,255,362,17,490
AAAGTGAAGACTCAAA-1,439,254,42,531
AAAGTGAAGGTAGGCT-1,38,4025,321,1713
AAAGTGAAGTTACGAA-1,5416,49,119,2139
AAAGTGACACCCTATC-1,49,10509,639,3230
AAAGTGATCAACACGT-1,793,11,68,546
AAAGTGATCCTGGGAC-1,7346,54,419,3116
AAAGTGATCGTGGACC-1,1515,309,153,1127
AAATGGAAGAAACTGT-1,34,7190,356,2086
AAATGGAAGCTGGCTC-1,13395,89,861,4329
AAATGGACAAGGTTGG-1,66,6139,447,2421
AAATGGACATACATCG-1,2251,105,45,1356
AAATGGATCACGTCCT-1,6491,48,371,2918
AAATGGATCAGGAACG-1,116,15386,1030,4110
AAATGGATCGTTGTGA-1,8141,43,448,3060
AAATGGATCTGGCCGA-1,6319,4857,692,4395
AAATGGATCTGGGTCG-1,24,3141,285,1390
AACAAAGAGTGGTCAG-1,8881,81,636,3203
AACAAAGCAATCCAGT-1,45,6290,626,2284
AACAAAGCACGGCTAC-1,26,6147,365,2081
AACAAAGGTTATGGTC-1,27282,179,2034,6186
AACAAAGTCACCTACC-1,14,1278,63,726
AACAAAGTCTCATTAC-1,912,2083,152,1565
AACAACCAGCACTAGG-1,1377,472,66,1176
AACAACCAGTAATACG-1,54,8056,303,2671
AACAACCAGTGCGTCC-1,654,49,57,484
AACAACCAGTTCATCG-1,788,98,42,652
AACAACCAGTTTCTTC-1,652,265,37,677
AACAACCCAAGACAAT-1,6645,34,410,2861
AACAACCCACCTGAAT-1,15,594,28,423
AACAACCCAGCTCATA-1,7,630,17,437
AACAACCCAGTAGTGG-1,9812,49,550,3501
AACAACCGTGTTTACG-1,655,150,17,586
AACAAGAAGAGTACCG-1,97,10938,715,3217
AACAAGAAGCACTAGG-1,76,7212,557,2525
AACAAGACAATCACGT-1,29,5409,119,2107
AACAAGACAGACACCC-1,893,14,14,599
AACAAGACATACATCG-1,11259,60,536,3456
AACAAGAGTACACGCC-1,7140,56,434,2771
AACAAGAGTATCGCAT-1,202,1471,157,844
AACAAGAGTGAATATG-1,716,10,34,500
AACAAGATCCACTTCG-1,3813,39,727,1768
AACAAGATCCTAACAG-1,793,7,15,581
AACAAGATCTCTCTTC-1,750,99,23,614
AACAAGATCTGTGCGG-1,26,4837,422,1881
AACACACAGAGCAACC-1,2150,72,100,1191
AACACACAGCCATGCC-1,1251,180,36,920
AACACACCACATAACC-1,19,804,22,545
AACACACCATCTCGTC-1,317,390,11,573
AACACACGTAATACCC-1,7805,4921,667,4750
AACACACGTAGTCTTG-1,32,4187,228,1828
AACACACGTTTCACTT-1,2050,15,1,1019
AACACACGTTTCCCAC-1,9772,69,535,3583
AACACACTCTCCTGTG-1,610,50,20,493
AACAGGGAGCTGTACT-1,9211,67,628,3133
AACAGGGAGGGTGAGG-1,10864,55,589,3409
AACAGGGAGTGCACCC-1,64,5355,448,2035
AACAGGGCAACCGACC-1,59,10515,569,3071
AACAGGGCACAGTCGC-1,4142,15,15,1335
AACAGGGCAGAGGACT-1,3693,41,740,1905
AACAGGGGTTCTATCT-1,1045,110,67,782
AACAGGGTCAAGTGGG-1,2208,312,258,1335
AACAGGGTCCGATGTA-1,8920,51,681,2850
AACAGGGTCCTCACTG-1,16,940,49,582
AACCAACAGACACACG-1,805,16,19,604
AACCAACAGCTCGAAG-1,8656,59,810,3178
AACCAACAGGCCTGCT-1,760,95,30,610
AACCAACAGGTAACTA-1,1542,864,174,1548
AACCAACAGGTAAGTT-1,1272,87,73,929
AACCAACAGTCATCCA-1,313,384,98,506
AACCAACCAACTGTGT-1,1064,142,30,813
AACCAACCACTACCCT-1,1049,205,45,853
AACCAACCAGGACATG-1,44,5195,370,1975
AACCAACGTCTACAGT-1,23,1701,56,871
AACCAACGTGGCTGAA-1,1217,3877,394,2322
AACCAACGTGTAGTGG-1,13,1027,27,604
AACCAACTCCAACCAA-1,663,31,14,494
AACCAACTCCTCACTG-1,63,7115,582,2480
AACCAACTCGAGTCCG-1,63,7172,500,2496
AACCAACTCGTCACCT-1,897,142,35,774
AACCACAAGTGATGGC-1,3722,16,0,1369
AACCACACAAGAATAC-1,10937,93,646,4107
AACCACACAATCACGT-1,78,9170,528,3193
AACCACACACAAAGCG-1,70,7194,571,2592
AACCACACATACTGAC-1,28,5465,364,2005
AACCACAGTGTTCATG-1,1049,19,63,709
AACCACATCATTACTC-1,482,306,18,625
AACCACATCCATCGTC-1,1735,1897,176,1939
AACCACATCCATGAGT-1,9,509,16,383
AACCACATCCGTGTCT-1,1527,14,85,864
AACCACATCTAGCCTC-1,12370,98,597,4432
AACCACATCTAGGCCG-1,1396,2316,57,2008
AACCATGAGAGCAGCT-1,80,8440,565,2845
AACCATGAGATGTTCC-1,6744,36,1,2202
AACCATGAGCACTCTA-1,378,1934,132,1322
AACCATGAGCCTGACC-1,47,12052,389,3225
AACCATGGTAGCACAG-1,726,152,50,650
AACCATGGTCATACCA-1,15,2158,120,1061
AACCATGGTCTGCCTT-1,425,265,24,540
AACCATGGTGCCGAAA-1,1413,267,45,1026
AACCATGGTGGCCTCA-1,5472,39,440,2428
AACCATGGTTCCGGTG-1,29,6290,505,2227
AACCATGGTTGCCGCA-1,1363,607,85,1282
AACCATGTCTACCAGA-1,7634,40,324,2904
AACCATGTCTAGGCAT-1,1946,102,54,1151
AACCATGTCTATTTCG-1,12202,90,673,3735
AACCATGTCTCATTTG-1,360,310,24,548
AACCCAAAGTCGGCCT-1,1399,20,121,837
AACCCAACACAAATCC-1,38,6444,287,2414
AACCCAACACGTTCGG-1,1990,36,173,1044
AACCCAACATACCACA-1,2580,46,96,1374
AACCCAACATTGACAC-1,52,6020,437,2249
AACCCAAGTAAGGCCA-1,9178,79,722,3403
AACCCAAGTACACGCC-1,6878,34,335,2905
AACCCAAGTACGTTCA-1,114,5883,328,2386
AACCCAAGTTCGTAAC-1,73,15343,669,3663
AACCCAATCCGAGGCT-1,82,10326,629,3188
AACCCAATCTACGGGC-1,617,936,38,1053
AACCTGACAGCCTACG-1,111,16634,992,4394
AACCTGACATCGAACT-1,2444,41,62,1264
AACCTGACATGACTCA-1,49,566,9,455
AACCTGACATGGCTGC-1,914,74,41,696
AACCTGAGTCAGTCCG-1,16,1038,50,614
AACCTGATCCAGCTCT-1,35,6815,327,2274
AACCTTTAGATAACAC-1,3509,3165,377,2921
AACCTTTAGCTGTACT-1,116,498,17,468
AACCTTTCAGAACATA-1,40,703,25,496
AACCTTTCAGAACCGA-1,10751,59,435,3797
AACCTTTCAGCCATTA-1,589,14,4,451
AACCTTTCAGGTGTGA-1,652,123,32,582
AACCTTTCATAAGATG-1,17,3508,209,1657
AACCTTTCATCTCATT-1,57,5922,226,2317
AACCTTTCATTGAGGG-1,5318,26,402,2179
AACCTTTGTACGACAG-1,82,731,34,566
AACCTTTGTCGGCTAC-1,58,9233,419,3154
AACCTTTGTTGCTCAA-1,17,903,42,573
AACCTTTTCTTAAGGC-1,1174,363,72,1024
AACGAAAAGAGCATAT-1,401,307,32,547
AACGAAAAGGCCCGTT-1,1222,1628,193,1626
AACGAAAAGTTTCTTC-1,2101,33,395,1218
AACGAAACAACGAGGT-1,273,778,75,724
AACGAAACAACGATTC-1,10547,84,727,3815
AACGAAACACTGCATA-1,100,11714,749,3542
AACGAAAGTCTACAGT-1,13439,133,642,4154
AACGAAATCATTGCGA-1,61,6996,496,2567
AACGGGAAGCAGGCTA-1,22,1908,351,989
AACGGGAAGCTACGTT-1,31,5106,263,2076
AACGGGACAACCCTAA-1,88,17972,814,4034
AACGGGACACGCCAGT-1,46,11609,532,3263
AACGGGACATCGGCCA-1,493,25,7,381
AACGGGACATCGTCCT-1,3604,84,505,1592
AACGGGACATGTTCAG-1,90,14699,913,4158
AACGGGAGTAGTAAGT-1,8883,39,581,3055
AACGGGAGTTCCCAAA-1,69,8500,775,2700
AACGGGATCACCTACC-1,34,5258,182,1889
AACGGGATCCATTTCA-1,14955,114,1128,4636
AACGGGATCTTTACAC-1,41,7230,517,2479
AACGTCAAGCCTCACG-1,415,797,44,847
AACGTCAAGCGTCTCG-1,41,6745,323,2321
AACGTCAAGCTTTCTT-1,12017,113,764,4264
AACGTCACATCAGCGC-1,91,13608,695,3721
AACGTCAGTTCCGCAG-1,42,9128,450,2853
AACGTCATCATCACAG-1,73,12011,734,3587
AACGTCATCCCGTGAG-1,46,8168,579,2459
AACGTCATCGGTAACT-1,4346,30,253,2006
AACGTCATCGTAACCA-1,15095,124,1256,4366
AACGTCATCTATCGTT-1,60,8529,601,2492
AACGTCATCTTAATCC-1,12720,105,563,4331
AACTTCTAGACTCTAC-1,556,3069,198,1881
AACTTCTAGAGCAGCT-1,25,4784,342,1930
AACTTCTAGCGGTAAC-1,50,5239,404,1832
AACTTCTAGCTTACGT-1,73,10237,555,3089
AACTTCTCAAAGGCGT-1,994,9,1,667
AACTTCTCAGATACTC-1,116,10120,764,3502
AACTTCTCAGGCTATT-1,108,13475,748,3942
AACTTCTGTCTACGTA-1,102,907,35,682
AACTTCTTCACCCTTG-1,16,1771,59,967
AACTTCTTCCATCACC-1,27,2100,110,954
AACTTCTTCCCACAGG-1,816,491,45,897
AACTTCTTCGCGAAGA-1,60,9707,898,2995
AACTTCTTCTCAGTCC-1,189,463,13,500
AACTTCTTCTTGCAGA-1,1209,110,60,838
AAGAACAAGAAGCCTG-1,83,7974,511,3069
AAGAACAAGATCACCT-1,12820,131,744,4063
AAGAACAAGCCTTCTC-1,8139,62,385,3319
AAGAACAAGTTGCTGT-1,96,10211,772,3071
AAGAACACAATCTCGA-1,49,7834,746,2447
AAGAACACACAGTGTT-1,597,529,78,813
AAGAACACACCGTGAC-1,23,4325,432,1936
AAGAACACATCTCGTC-1,6183,45,385,2913
AAGAACACATTCGATG-1,7392,52,368,2951
AAGAACAGTATAGCTC-1,283,483,22,598
AAGAACAGTTAAGACA-1,12,1396,34,728
AAGACAAAGCTCGACC-1,896,56,48,654
AAGACAAAGGTGGCTA-1,8734,73,330,3348
AAGACAACAAAGCTCT-1,8932,81,660,3188
AAGACAACACCGGCTA-1,3436,507,128,1983
AAGACAACACTACAGT-1,24,2844,147,1227
AAGACAACAGCCATTA-1,49,5865,231,2444
AAGACAATCAGTGTGT-1,58,4273,465,1772
AAGACAATCTCGTGAA-1,47,12757,702,3491
AAGACTCAGACAGTCG-1,9714,7794,1225,5921
AAGACTCAGGGATCAC-1,89,15826,854,3909
AAGACTCCACTTACAG-1,19,751,21,501
AAGACTCGTAATCAGA-1,483,96,24,458
AAGACTCGTACCGTCG-1,28,5404,284,2037
AAGACTCGTCTACAGT-1,11082,98,633,4045
AAGACTCTCCCAGGCA-1,763,8,42,517
AAGACTCTCGCTTGCT-1,1804,7618,462,2989
AAGACTCTCGGTCAGC-1,82,11208,671,3396
AAGACTCTCGTCACCT-1,10618,5441,957,5558
AAGACTCTCTATCGCC-1,1296,172,41,1028
AAGACTCTCTTCACAT-1,337,1158,22,932
AAGACTCTCTTGCAAG-1,15391,226,836,4749
AAGACTCTCTTGGTCC-1,828,1104,83,1225
AAGATAGAGAGGACTC-1,42,5204,338,2034
AAGATAGAGCGCCGTT-1,26,4138,295,1659
AAGATAGAGTTACGTC-1,5,1308,90,684
AAGATAGGTACGAGTG-1,53,6900,546,2331
AAGATAGGTATCAAGA-1,23,3540,290,1399
AAGATAGGTATGAGAT-1,39,4705,523,1703
AAGATAGGTGCCGAAA-1,13,1762,43,861
AAGATAGGTGCTCCGA-1,88,464,24,424
AAGATAGTCAAAGGAT-1,56,7569,410,2411
AAGATAGTCCTCACGT-1,2290,25,602,1283
AAGATAGTCTACGCAA-1,7165,85,460,2807
AAGCATCAGTGATTCC-1,66,10144,685,2999
AAGCATCCAAGAAATC-1,49,7264,479,2244
AAGCATCCACATACTG-1,683,24,19,532
AAGCATCCATCATGAC-1,301,1113,40,892
AAGCATCTCAGTGGGA-1,525,124,28,519
AAGCATCTCCTAGCTC-1,813,303,25,818
AAGCATCTCGTAACAC-1,44,4197,215,1891
AAGCATCTCGTGGCGT-1,6166,9647,1126,5372
AAGCCATAGAAGCGGG-1,5791,40,477,2563
AAGCCATAGAATCGTA-1,88,10690,686,3363
AAGCCATAGCGCAATG-1,84,10716,760,3419
AAGCCATAGGATTCAA-1,748,1820,241,1357
AAGCCATCAACTGTGT-1,265,1421,79,1048
AAGCCATCAAGTTGGG-1,11701,94,789,3903
AAGCCATCAGCTAACT-1,50,5710,387,2217
AAGCCATCATACCACA-1,349,1359,32,1015
AAGCCATCATGTGCCG-1,57,8351,569,2896
AAGCCATGTCGACTGC-1,9,540,16,394
AAGCCATGTGGAAGTC-1,49,7601,487,2423
AAGCCATGTTATAGCC-1,408,16131,667,4174
AAGCCATTCGAGAGAC-1,10076,84,749,3602
AAGCGAGAGTACAGAT-1,63,7753,440,2659
AAGCGAGAGTCCTGCG-1,42,6281,594,2155
AAGCGAGAGTTCGGTT-1,20,4056,333,1444
AAGCGAGCAACGATTC-1,494,207,24,559
AAGCGAGGTATCACCA-1,16273,1405,1301,5028
AAGCGAGGTGGCTGAA-1,29,7544,558,2392
AAGCGAGGTGTTAAAG-1,41,6845,499,2520
AAGCGTTCAACCGATT-1,44,7274,553,2463
AAGCGTTCACACTGGC-1,216,1770,305,925
AAGCGTTCATCGCTAA-1,32,5324,240,2047
AAGCGTTGTATAATGG-1,6938,41,459,2610
AAGCGTTGTCACGCTG-1,15662,155,1174,4577
AAGGAATAGACGACGT-1,11613,74,658,3763
AAGGAATGTCTCGACG-1,37,3456,300,1317
AAGGAATTCAACGCTA-1,52,8223,512,2565
AAGGAATTCCTACGAA-1,11357,6408,948,5842
AAGGAATTCGATGCAT-1,54,6663,311,2152
AAGGAATTCGATTGAC-1,8068,72,467,3093
AAGGAATTCGTAACAC-1,49,5518,412,2104
AAGGAATTCTCATAGG-1,70,8270,902,2802
AAGGAATTCTTAAGGC-1,19,1902,405,991
AAGGAATTCTTCGACC-1,46,7560,353,2508
AAGGTAAAGACGAAGA-1,5216,54,342,2346
AAGGTAAAGACTGGGT-1,76,7919,681,2680
AAGGTAAAGGTCCCGT-1,23,2327,485,1159
AAGGTAACAACGGTAG-1,9449,67,736,3528
AAGGTAACAGACCTGC-1,846,156,46,721
AAGGTAACAGTAGTTC-1,85,613,29,514
AAGGTAAGTAGAGATT-1,30,6319,326,2008
AAGGTAAGTAGTTCCA-1,5530,17,3,1932
AAGGTAAGTTGTGGCC-1,775,18,7,518
AAGGTAATCCCGTGAG-1,7822,73,999,3149
AAGGTAATCGCCAGAC-1,10154,562,762,3785
AAGGTAATCTACCAGA-1,43,5528,429,1935
AAGGTAATCTCGGTCT-1,559,7,25,417
AAGGTAATCTGCGTCT-1,56,7363,435,2480
AAGTACCAGGGCAACT-1,27,5643,333,1997
AAGTACCAGTAGCCAG-1,385,432,24,643
AAGTACCAGTTGTAGA-1,58,9362,687,2844
AAGTACCCAAATGGAT-1,7900,69,406,3201
AAGTACCCAACCGACC-1,944,60,40,659
AAGTACCCAATTAGGA-1,902,7,18,586
AAGTACCCACCGGCTA-1,480,1967,145,1387
AAGTACCCACTAGGCC-1,1398,158,36,939
AAGTACCGTAGACAGC-1,1773,381,89,1295
AAGTACCGTCTGGTTA-1,47,6917,432,2326
AAGTACCGTGTCGATT-1,44,6844,600,2526
AAGTACCTCAAGTGGG-1,20,3658,470,1428
AAGTACCTCCAGTACA-1,2803,513,147,1694
AAGTACCTCCATCTGC-1,40,7668,398,2389
AAGTACCTCGGCTATA-1,441,1626,125,1201
AAGTACCTCTCCGCAT-1,51,9005,683,2767
AAGTACCTCTGAATCG-1,12486,81,408,3943
AAGTCGTAGATGCAGC-1,7164,52,543,2709
AAGTCGTAGCATGCGA-1,9215,62,590,3376
AAGTCGTAGCGCCTTG-1,31,5634,328,2178
AAGTCGTCAAACAGGC-1,8,2037,21,533
AAGTCGTCAAGGCGTA-1,48,6149,391,2159
AAGTCGTGTATCATGC-1,4818,34,320,2061
AAGTCGTGTGAGATAT-1,81,7114,504,2674
AAGTCGTTCGCTCCTA-1,71,6705,464,2662
AAGTGAAAGCCACCGT-1,7474,38,446,2665
AAGTGAAAGCTGACCC-1,1024,13,61,682
AAGTGAAAGTCAAGCG-1,34,7262,473,2358
AAGTGAACAAATAGCA-1,11224,104,980,3854
AAGTGAACAAGCGCAA-1,14923,102,1191,4542
AAGTGAACAAGTATCC-1,45,5109,397,1963
AAGTGAACAGCATCTA-1,17793,114,779,4772
AAGTGAACATGTCAGT-1,8668,46,458,3000
AAGTGAAGTCGATTAC-1,50,9165,316,2915
AAGTGAAGTCTTCATT-1,8,1445,82,735
AAGTGAAGTGATAGAT-1,50,5997,527,2166
AAGTGAAGTTGTCATG-1,44,6933,425,2539
AAGTGAATCAGGTAAA-1,8052,55,562,2958
AAGTGAATCGACCATA-1,999,24,60,665
AAGTTCGAGTAGACCG-1,654,9,42,479
AAGTTCGCACGGCCAT-1,13,673,34,484
AAGTTCGCAGAGGCAT-1,66,9329,676,2877
AAGTTCGCAGTAGGAC-1,32,4989,369,1783
AAGTTCGGTCGACTGC-1,143,1423,127,864
AAGTTCGGTGCTCTCT-1,9789,4630,828,5336
AAGTTCGTCAAACGTC-1,1876,46,137,1000
AAGTTCGTCGGCAGTC-1,26,5164,400,1889
AAGTTCGTCTCCAATT-1,52,6725,427,2163
AAGTTCGTCTTACCAT-1,4086,31,361,2075
AATAGAGAGAGTATAC-1,7421,93,542,2957
AATAGAGAGCCTCATA-1,46,5059,342,2181
AATAGAGAGGATTTGA-1,75,9267,541,2875
AATAGAGAGGTTCCAT-1,59,5449,408,2084
AATAGAGAGTGGTCAG-1,1434,177,120,1024
AATAGAGCAGGTTCAT-1,12,1918,194,567
AATAGAGCATACTGAC-1,68,12544,914,3630
AATAGAGCATGTCTAG-1,88,12423,664,3491
AATAGAGTCCTTCTAA-1,82,14656,773,3751
AATAGAGTCTAGTGTG-1,30,5138,346,1843
AATAGAGTCTATCACT-1,180,400,15,466
AATCACGAGAGTCAAT-1,65,825,28,578
AATCACGAGCACCTGC-1,534,1818,106,1315
AATCACGAGTAACAGT-1,493,94,19,471
AATCACGCACGCTGTG-1,237,2666,136,1414
AATCACGCAGAGTTCT-1,14,1095,124,617
AATCACGCAGTAGGAC-1,18060,114,797,4789
AATCACGCATCCTAAG-1,1157,21,50,763
AATCACGCATGCCATA-1,1295,371,55,1064
AATCACGGTACCACGC-1,25,5176,353,2006
AATCACGGTAGGCAGT-1,65,7983,493,2718
AATCACGGTCACCGAC-1,289,429,22,572
AATCACGGTCACCTTC-1,2230,290,122,1501
AATCACGGTGCCCACA-1,1080,782,29,1180
AATCACGTCAGGACAG-1,36,6733,307,2252
AATCGACAGTAACGTA-1,7776,71,533,2997
AATCGACAGTCACGAG-1,33,7687,520,2588
AATCGACCAATACGAA-1,380,2825,291,1457
AATCGACCATAATCGC-1,881,11,29,578
AATCGACGTCTCAAGT-1,31,7377,537,2379
AATCGACGTTGGGATG-1,5461,38,421,2395
AATCGACTCGCACTCT-1,1060,227,41,861
AATCGTGAGACCATTC-1,56,5869,496,2362
AATCGTGCAGACACCC-1,7067,43,341,3076
AATCGTGGTGATTGGG-1,49,5661,544,2063
AATCGTGTCGAACGCC-1,6,2315,274,475
AATGAAGCAACAGATA-1,451,140,23,485
AATGAAGCAACGATTC-1,40,6303,271,2125
AATGAAGCACATCATG-1,37,4366,344,1706
AATGAAGCAGGCACAA-1,11143,74,689,3804
AATGAAGCATTGAAGA-1,7723,50,525,2896
AATGAAGGTAACCCTA-1,73,6365,559,2311
AATGAAGGTACGCGTC-1,43,5893,497,1738
AATGAAGGTACGGGAT-1,9695,68,600,3438
AATGAAGGTACGTGTT-1,92,9797,717,2900
AATGAAGGTATCAGCT-1,8758,59,614,3322
AATGAAGGTCGTATTG-1,34,5755,317,1976
AATGAAGTCATGGATC-1,12093,96,1024,4186
AATGAAGTCATTTGTC-1,24,4264,200,1763
AATGAAGTCTGCATAG-1,29,4120,291,1726
AATGACCAGACCAAAT-1,1097,41,78,556
AATGACCAGCACACAG-1,80,11361,627,3398
AATGACCAGCGATCGA-1,72,8882,532,2973
AATGACCCACCGTGCA-1,682,15,63,497
AATGACCCACGCCAGT-1,73,11064,657,3528
AATGACCCAGCGGTTC-1,1366,15,92,818
AATGACCGTACGACTT-1,798,15,34,551
AATGACCGTGCCTTCT-1,126,1386,63,893
AATGACCTCAAGAAAC-1,762,12,2,519
AATGACCTCCGATAAC-1,712,575,48,914
AATGCCAAGACCAAGC-1,166,571,23,542
AATGCCAAGAGCGACT-1,5450,42,485,2435
AATGCCAAGTGTACAA-1,1773,262,106,1183
AATGCCAAGTTCATCG-1,2779,13,1,1053
AATGCCACAAATCAAG-1,771,9,32,517
AATGCCACATGTACGT-1,532,21,18,406
AATGCCAGTCGCCACA-1,15,1366,86,769
AATGCCAGTCTTTATC-1,44,6414,525,2191
AATGCCAGTGCAGGAT-1,13247,107,696,4404
AATGCCAGTGTGAGCA-1,554,6,1,423
AATGCCATCATCTCTA-1,597,56,11,473
AATGCCATCTCAAAGC-1,39,5760,295,2144
AATGGAAAGAAACCAT-1,2651,137,248,1392
AATGGAAAGAATTCAG-1,6270,51,473,2685
AATGGAAAGACCAAGC-1,463,121,29,463
AATGGAACACCCTAGG-1,1688,18,2,886
AATGGAACAGACACAG-1,10768,67,603,3614
AATGGAACAGAGTGAC-1,14409,104,739,4214
AATGGAACATCTATCT-1,49,4815,383,1814
AATGGAAGTAGCGCCT-1,29,4737,398,1881
AATGGAAGTGCAGTGA-1,709,14,16,520
AATGGAAGTGTCCAAT-1,52,8050,490,2370
AATGGAATCATACAGC-1,1276,66,69,845
AATGGAATCGCGATCG-1,5805,26,299,2383
AATGGCTAGCATACTC-1,78,10377,574,3221
AATGGCTAGCGCGTTC-1,105,843,67,614
AATGGCTAGGGCAACT-1,91,13459,899,3696
AATGGCTCACAAAGCG-1,91,11011,794,3471
AATGGCTCAGCCGGTT-1,964,12,87,645
AATGGCTCATACAGGG-1,5807,43,333,2341
AATGGCTCATATGAAG-1,413,275,38,535
AATGGCTGTACAGTCT-1,8459,79,554,3616
AATGGCTGTGACTGAG-1,133,17332,721,3925
AATGGCTGTTGGAGAC-1,11250,85,548,3757
AATGGCTGTTTGCAGT-1,874,26,56,610
AATGGCTTCTGGGTCG-1,62,8154,647,2702
AATTCCTCAGCCTACG-1,1406,29,58,879
AATTCCTCATAGCTGT-1,830,14,48,566
AATTCCTCATGTAACC-1,730,142,43,647
AATTCCTGTCCACAGC-1,35,4817,200,1830
AATTCCTGTCCTCCAT-1,487,1381,50,1055
AATTCCTGTTAGGACG-1,6490,40,519,2726
AATTCCTTCAAGTCGT-1,9482,76,531,3394
AATTCCTTCAGCCCAG-1,11,901,25,603
AATTTCCAGACTACGG-1,31,4656,374,1881
AATTTCCAGCTCGGCT-1,7951,46,481,2938
AATTTCCAGGCGTTGA-1,662,69,56,535
AATTTCCAGGGAACAA-1,1996,868,170,1558
AATTTCCCACTCCGGA-1,203,2049,128,1116
AATTTCCCATCCTTGC-1,870,304,52,812
AATTTCCCATTAGGCT-1,3168,31,279,1643
AATTTCCGTTGCATGT-1,14664,88,598,4325
AATTTCCTCGCCGAAC-1,5538,59,343,2652
AATTTCCTCGTCACCT-1,21,2535,79,1201
AATTTCCTCGTTCTCG-1,2425,25,44,1314
AATTTCCTCTAGCATG-1,1832,34,66,1061
ACAAAGACAAAGTATG-1,8984,70,622,3290
ACAAAGACAAGTTTGC-1,7566,58,602,2864
ACAAAGACACTGAATC-1,391,1035,88,937
ACAAAGACATAGCTGT-1,909,397,53,928
ACAAAGAGTTGAGTCT-1,32,4794,304,1792
ACAAAGATCAAAGGTA-1,7211,67,527,2834
ACAAAGATCGGCCTTT-1,614,146,31,559
ACAAAGATCTTGTGCC-1,7961,42,332,2902
ACAACCAAGATGCTGG-1,53,6776,406,2530
ACAACCAAGGTTCACT-1,1416,21,53,919
ACAACCAAGTAAAGCT-1,598,17,16,458
ACAACCAAGTAAGCAT-1,14,1179,60,689
ACAACCACAAATGGAT-1,75,6056,455,2324
ACAACCACACACGCCA-1,1959,345,43,1409
ACAACCACACATACTG-1,238,503,16,595
ACAACCACAGACACCC-1,122,848,24,660
ACAACCACATTGCCGG-1,623,160,37,629
ACAACCAGTCAGATTC-1,88,13549,1153,3760
ACAACCAGTCTGCAAT-1,12883,66,616,4175
ACAACCAGTCTTGCTC-1,353,1943,131,1155
ACAACCAGTGATGAAT-1,99,12281,967,3438
ACAACCAGTTATTCTC-1,47,6432,409,2280
ACAACCATCAATCTTC-1,11,1232,45,661
ACAACCATCATAGCAC-1,72,7872,466,2758
ACAACCATCCGGGACT-1,55,8197,489,2651
ACAACCATCCTTGAAG-1,528,2482,193,1461
ACAACCATCTAGTCAG-1,1147,3123,230,2162
ACAAGCTAGGGCGAGA-1,11,1438,41,606
ACAAGCTAGGTTGAGC-1,25252,145,1271,5366
ACAAGCTCAATGCAAA-1,7606,55,450,3037
ACAAGCTCACAAAGTA-1,86,14650,587,3814
ACAAGCTCAGAACTCT-1,20,694,15,469
ACAAGCTCATCGGCCA-1,11,555,16,403
ACAAGCTGTAATGCGG-1,20597,149,1086,5370
ACAAGCTGTATCCCTC-1,17,2000,112,706
ACAAGCTGTCCAGCCA-1,964,13,36,663
ACAAGCTTCAGACCGC-1,13275,74,601,3916
ACAAGCTTCCCTCAAC-1,158,594,40,549
ACAAGCTTCCGATGCG-1,100,592,26,503
ACAAGCTTCCGGTTCT-1,763,135,50,645
ACACAGTAGAAGTCTA-1,58,8082,556,2643
ACACAGTAGAGCAGAA-1,54,5963,482,2130
ACACAGTAGAGGTTAT-1,11,3990,333,810
ACACAGTAGCCGAATG-1,81,7548,613,2688
ACACAGTAGCTCGCAC-1,1093,8,67,650
ACACAGTAGGTGGCTA-1,67,14001,905,3576
ACACAGTAGTATGGAT-1,1651,28,137,1020
ACACAGTCAAACCACT-1,49,7850,310,2593
ACACAGTCAACACTAC-1,746,181,26,677
ACACAGTCAACCACAT-1,17612,142,1097,4908
ACACAGTCAAGCAATA-1,54,7631,391,2748
ACACAGTCAATACCTG-1,1390,473,64,1153
ACACAGTCAGCTATTG-1,78,8953,737,3106
ACACAGTGTTCCGGTG-1,37,6642,369,2382
ACACAGTTCACCATCC-1,106,18575,1077,4581
ACACAGTTCCTACTGC-1,632,502,46,811
ACACCAAAGGAAAGAC-1,73,8854,648,3079
ACACCAAAGTCATACC-1,655,2513,145,1651
ACACCAACAAATCGGG-1,32,6486,473,2300
ACACCAACAGCACAGA-1,12157,91,374,3945
ACACCAACAGCAGAAC-1,17167,5269,1788,6857
ACACCAACATTCACAG-1,20,1064,31,679
ACACCAATCAGCCTCT-1,62,11981,629,3421
ACACCAATCCGCATAA-1,13800,86,656,4139
ACACGCGAGAGCCCAA-1,46,8609,470,2718
ACACGCGCACATCATG-1,777,447,31,889
ACACGCGCACGACGAA-1,35,9666,540,3131
ACACGCGCAGGTCAGA-1,69,8763,652,2808
ACACGCGCAGGTCCGT-1,33,1705,5,739
ACACGCGGTAAGCTCT-1,13253,108,844,4385
ACACGCGGTACCAATC-1,32,6383,322,2246
ACACGCGGTATAGGGC-1,10857,55,650,3152
ACACGCGGTCAATGGG-1,5150,31,346,2281
ACACGCGGTCAGTCGC-1,69,10326,605,3143
ACACGCGTCAAGAGTA-1,1613,7,1,581
ACACGCGTCTTACTGT-1,33,5301,391,1914
ACACTGACACCCAAGC-1,22,1888,60,982
ACACTGACAGTCCCGA-1,701,112,22,596
ACACTGACATCTGTTT-1,9,1445,126,325
ACACTGACATTATGCG-1,251,824,55,741
ACACTGACATTGACAC-1,842,10,26,554
ACACTGAGTAAGATCA-1,78,9405,710,2825
ACACTGATCAATCTCT-1,1711,456,68,1287
ACACTGATCCATAAGC-1,43,5433,435,2057
ACACTGATCCTCTCGA-1,601,2136,134,1412
ACACTGATCGTTCTGC-1,1537,19,9,803
ACACTGATCTCTCCGA-1,100,694,13,552
ACACTGATCTGCAGCG-1,1825,15,2,884
ACACTGATCTTGTGCC-1,2654,23,107,1414
ACAGAAAAGTAGTCAA-1,17666,117,1158,4820
ACAGAAACAAGCTGCC-1,1330,250,59,1014
ACAGAAACACTAGGCC-1,1267,99,34,865
ACAGAAACAGTCTTCC-1,8997,65,446,3218
ACAGAAAGTACTGCGC-1,10133,61,675,3439
ACAGAAAGTCCTATAG-1,2715,228,163,1553
ACAGAAATCAATCTTC-1,883,1186,74,1283
ACAGAAATCCACCCTA-1,70,8151,464,2997
ACAGAAATCGGCTCTT-1,21,3707,279,1432
ACAGAAATCGGTTCAA-1,5785,38,436,2479
ACAGCCGAGGCCACTC-1,1148,10,47,700
ACAGCCGAGTCATAGA-1,99,13549,637,3839
ACAGCCGCACATACTG-1,1223,14,60,820
ACAGCCGCACATTCTT-1,34,528,13,410
ACAGCCGCAGCAAGAC-1,14,1421,99,668
ACAGCCGGTCCAAGAG-1,51,12103,949,3326
ACAGCCGGTCGGAACA-1,6768,45,507,2849
ACAGCCGGTCTTCCGT-1,13286,82,697,4136
ACAGCCGTCACTGTTT-1,705,50,99,545
ACAGCCGTCGTAATGC-1,8841,48,342,3195
ACAGGGAAGTGGTTAA-1,70,9534,782,2861
ACAGGGACAAGAGTAT-1,11471,75,676,3745
ACAGGGACAGAATCGG-1,7020,36,334,2839
ACAGGGAGTAATCAAG-1,50,9186,546,2568
ACAGGGAGTAGATGTA-1,7229,78,528,2880
ACAGGGAGTCAGTCTA-1,174,925,73,725
ACAGGGAGTTTACACG-1,9184,56,500,3262
ACAGGGATCTCGCTCA-1,81,9219,625,3089
ACATCCCAGGATATAC-1,604,195,39,604
ACATCCCAGTGATTCC-1,2166,98,79,1196
ACATCCCCAACGCCCA-1,1595,330,67,1086
ACATCCCCACCACATA-1,15,1488,97,312
ACATCCCCACCCAAGC-1,935,403,38,885
ACATCCCCACTAGGCC-1,476,71,23,431
ACATCCCCAGAGTCTT-1,425,1378,98,1089
ACATCCCGTATGTCAC-1,121,698,23,570
ACATCCCGTCTACACA-1,456,291,14,581
ACATCCCGTTTACGAC-1,63,8374,574,2886
ACATCCCTCAAGTTGC-1,10603,84,538,3998
ACATCCCTCCATTTAC-1,232,551,23,584
ACATCCCTCCCTCAAC-1,551,393,22,694
ACATCCCTCGAGTTGT-1,103,14942,672,3851
ACATCCCTCTGCTTTA-1,482,133,20,497
ACATCCCTCTTGGTGA-1,9,1048,43,612
ACATCGAAGACATATG-1,46,6655,601,2532
ACATCGAAGGCTGGAT-1,11009,77,711,3932
ACATCGACACAAGCCC-1,64,12538,649,3404
ACATCGACAGGCATGA-1,29,8104,326,2627
ACATCGACATGCCGCA-1,54,9041,791,2949
ACATCGAGTTACGATC-1,45,6891,363,2385
ACATCGATCGAGCACC-1,270,1654,179,1046
ACATCGATCTACGGTA-1,19,1285,70,716
ACATGCAAGCACTTTG-1,2029,95,1101,804
ACATGCAAGCTCTTCC-1,974,1513,73,1438
ACATGCAAGTTGCGCC-1,782,120,62,674
ACATGCACACAGCCAC-1,372,325,10,550
ACATGCACACTGCGAC-1,10408,49,522,3276
ACATGCACATCTAGAC-1,718,139,21,635
ACATGCAGTATCCTCC-1,168,752,38,628
ACATGCAGTGGCTGCT-1,79,12575,702,3499
ACATGCAGTTGTGTAC-1,26,4822,490,1822
ACATGCATCACATTGG-1,64,10875,528,3455
ACATGCATCAGATTGC-1,618,94,28,530
ACATGCATCGAGCCAC-1,10841,54,624,3415
ACATGCATCGTGAGAG-1,19,3793,211,1638
ACATGCATCTGCTTAT-1,79,7042,649,2493
ACATTTCAGAGGGTGG-1,32,3258,294,1432
ACATTTCAGCCACTCG-1,2007,800,125,1540
ACATTTCAGCTTTCCC-1,612,790,39,963
ACATTTCAGGCTCACC-1,2479,409,113,1568
ACATTTCCAAACGTGG-1,845,187,42,727
ACATTTCCACTTGTGA-1,545,414,33,733
ACATTTCCAGCGCTTG-1,1046,1554,101,1453
ACATTTCGTACCTAAC-1,67,10880,675,3130
ACATTTCGTCGAAACG-1,50,8992,500,2755
ACATTTCGTCGGTGAA-1,30,5655,365,2038
ACATTTCGTCGTTATG-1,106,12583,1045,3798
ACATTTCGTTCGGCCA-1,41,7943,470,2730
ACATTTCTCCCGTTGT-1,29,4994,284,1760
ACATTTCTCCGAAGGA-1,812,189,39,724
ACATTTCTCCTACGAA-1,1924,110,51,1223
ACATTTCTCGACCCAG-1,226,1380,73,965
ACATTTCTCGAGATGG-1,27,5424,358,1987
ACATTTCTCTATTCGT-1,906,237,56,795
ACCAAACAGAAGTATC-1,93,7732,540,2667
ACCAAACCACCGCTGA-1,923,3247,103,1962
ACCAAACCACGCCACA-1,80,12103,603,3512
ACCAAACCAGAGGAAA-1,48,6285,445,2166
ACCAAACCATCATCCC-1,17170,15823,2086,9172
ACCAAACGTCAGACTT-1,73,9834,675,3075
ACCAAACTCCTTTGAT-1,936,183,35,781
ACCAAACTCGTCTAAG-1,10375,83,639,3812
ACCAAACTCTATCGCC-1,1187,191,24,953
ACCAAACTCTCGAACA-1,560,5,5,324
ACCAAACTCTCTGCTG-1,56,5200,210,2176
ACCAAACTCTTACTGT-1,98,13594,836,3756
ACCAACAAGCTGTGCC-1,44,6189,341,2309
ACCAACAAGTAGTGCG-1,67,8842,546,2533
ACCAACAAGTGGCCTC-1,1177,212,70,895
ACCAACAAGTTTGGCT-1,14448,96,766,4232
ACCAACACACACAGCC-1,12078,89,429,4493
ACCAACACAGAGGGTT-1,1012,23,70,657
ACCAACACAGCTGTGC-1,1666,496,59,1365
ACCAACACAGCTTTCC-1,87,12043,640,3650
ACCAACACAGGATGAC-1,42,7286,467,2543
ACCAACACATATCTGG-1,19,2696,229,1164
ACCAACAGTATGCTAC-1,11,1130,42,671
ACCAACAGTGTGGACA-1,1228,67,129,769
ACCAACAGTTGAATCC-1,70,8810,758,2917
ACCAACATCTCGGTAA-1,13861,69,764,4066
ACCAACATCTGCTCTG-1,6609,45,322,2641
ACCACAAAGCAACAAT-1,1168,180,41,861
ACCACAAAGGTAAGTT-1,12695,108,1338,4219
ACCACAACAACCACGC-1,22,4190,153,1596
ACCACAACACAGAGCA-1,239,571,51,620
ACCACAACACGTGAGA-1,84,11462,737,3321
ACCACAACAGACCTAT-1,522,134,15,529
ACCACAACAGCACAGA-1,61,11518,1110,3246
ACCACAAGTACCGCGT-1,53,8949,362,2674
ACCACAAGTAGCTTGT-1,72,13383,647,3661
ACCACAAGTCCCTCAT-1,97,9258,548,3213
ACCACAAGTTCAGCTA-1,173,393,22,449
ACCACAATCATGCCCT-1,718,15,11,530
ACCACAATCCTACGAA-1,2739,15,3,1390
ACCACAATCCTCTAAT-1,780,215,33,748
ACCACAATCGCAGTTA-1,23,5304,247,1992
ACCACAATCTCAACCC-1,3003,43,30,1443
ACCACAATCTTAAGGC-1,183,4776,499,1868
ACCATTTAGAAAGTCT-1,141,16616,1036,4342
ACCATTTAGATGCTAA-1,8581,58,484,3156
ACCATTTAGCCGCTTG-1,590,132,34,574
ACCATTTAGCGGTATG-1,7753,68,631,3057
ACCATTTAGGTAGCAC-1,58,6294,582,2419
ACCATTTGTCACTTAG-1,7055,57,578,2860
ACCATTTGTCCTGAAT-1,46,6353,287,2383
ACCATTTGTCTGATCA-1,27,4766,300,1918
ACCATTTGTGGCGTAA-1,1138,14,100,769
ACCATTTGTGTTCCTC-1,1578,2355,301,1955
ACCATTTGTTGCTAGT-1,1724,112,44,1167
ACCATTTTCCTTGAAG-1,37,5464,368,1990
ACCATTTTCGACGATT-1,1003,229,46,877
ACCATTTTCTCAATCT-1,17,2870,79,752
ACCCAAAAGCACACAG-1,37,1246,44,714
ACCCAAACAAGTAGTA-1,1737,240,65,1254
ACCCAAACACAAATAG-1,14,1736,72,898
ACCCAAACAGAGAATT-1,6492,594,341,3089
ACCCAAACAGATGCGA-1,57,9886,647,2991
ACCCAAACATCGCTAA-1,150,707,16,623
ACCCAAAGTAACCCTA-1,433,217,33,517
ACCCAAAGTCATCAGT-1,96,13095,657,4052
ACCCAAAGTGCACAAG-1,10510,59,949,3578
ACCCAAAGTTCCTACC-1,117,20857,889,4769
ACCCAAATCCTCCACA-1,48,6260,413,2361
ACCCTCAAGAGTCCGA-1,47,5894,395,2141
ACCCTCAAGATTGATG-1,19,1654,13,853
ACCCTCAAGCGACCCT-1,75,15047,370,3943
ACCCTCAAGGACATCG-1,13521,75,668,4326
ACCCTCAAGTACAGAT-1,11871,51,461,3901
ACCCTCACAAAGAACT-1,313,263,10,485
ACCCTCACAATCTCTT-1,8969,37,4,2912
ACCCTCACACAGCTGC-1,2214,339,156,1378
ACCCTCACACCAGTAT-1,1174,1509,51,1618
ACCCTCACAGACACCC-1,971,262,27,866
ACCCTCACAGCGATTT-1,820,21,33,601
ACCCTCACAGGTCTCG-1,488,238,22,573
ACCCTCACATACACCA-1,1484,191,69,1017
ACCCTCACATCGTCCT-1,955,205,49,784
ACCCTCACATGAGAAT-1,14718,126,920,4536
ACCCTCACATGTAACC-1,16430,122,836,4605
ACCCTCAGTAACACCT-1,11233,67,405,3911
ACCCTCAGTACAACGG-1,42,8420,458,2815
ACCCTCAGTCAAAGAT-1,2368,15,0,1072
ACCCTCAGTGAATAAC-1,1915,724,181,1596
ACCCTCAGTGACTGTT-1,11,656,18,464
ACCCTCAGTGTAACGG-1,28,4984,423,1716
ACCCTCAGTTCAAGTC-1,133,422,20,444
ACCCTCAGTTTAGACC-1,345,190,17,448
ACCCTCATCACCGCTT-1,896,191,45,734
ACCCTCATCAGCCCAG-1,19,638,21,458
ACCCTCATCCCTCAAC-1,1548,856,121,1497
ACCCTCATCCTCGCAT-1,228,795,31,707
ACCCTCATCGGTGTTA-1,826,3141,239,1941
ACCCTCATCTAGCAAC-1,89,11229,555,3458
ACCCTCATCTCCTGCA-1,90,13354,894,3679
ACCCTTGAGCACCCAC-1,494,13,23,392
ACCCTTGAGCGCAATG-1,17750,85,1000,4531
ACCCTTGAGGCCTGAA-1,94,16944,863,4234
ACCCTTGAGGGATCAC-1,148,11214,511,3336
ACCCTTGCAATTTCTC-1,9388,65,403,3666
ACCCTTGCAGGCACAA-1,41,7719,403,2554
ACCCTTGCAGTCGGTC-1,11,514,21,370
ACCCTTGCATATAGCC-1,11176,94,619,3622
ACCCTTGCATGGAGAC-1,409,1134,54,986
ACCCTTGGTACGTGAG-1,2109,24,289,1206
ACCCTTGGTCCTCCAT-1,14,689,29,448
ACCCTTGGTTAGTCGT-1,41,3999,350,1493
ACCCTTGGTTGCGGCT-1,1037,1303,65,1432
ACCCTTGTCAACCTCC-1,29930,185,2132,6460
ACCCTTGTCTCCATAT-1,626,5,15,487
ACCGTTCAGAGAATCT-1,50,6219,270,2287
ACCGTTCAGCAAATGT-1,11865,77,615,3872
ACCGTTCAGGCGTTAG-1,36,5351,299,1946
ACCGTTCAGGTGCATG-1,529,227,31,578
ACCGTTCCAGCTCATA-1,62,8944,637,3089
ACCGTTCCAGTTTGGT-1,77,13137,904,3808
ACCGTTCCATAATCGC-1,455,1224,56,1027
ACCGTTCCATCTAGAC-1,65,9728,683,3324
ACCGTTCCATGACCCG-1,59,8900,598,2768
ACCGTTCGTACTGACT-1,377,514,21,674
ACCGTTCGTTTGACAC-1,7524,38,304,3024
ACCGTTCTCATTCATC-1,2841,47,412,1638
ACCGTTCTCGCTACAA-1,118,546,45,481
ACCGTTCTCTCCTGCA-1,28,5560,167,2217
ACCGTTCTCTGCTTTA-1,56,8414,603,2753
ACCTACCAGAAGCCTG-1,325,393,35,565
ACCTACCAGCCTAGGA-1,968,218,65,842
ACCTACCAGTCTGCGC-1,117,437,26,424
ACCTACCGTACACTCA-1,9,935,37,587
ACCTACCGTACATTGC-1,503,4792,145,2225
ACCTACCGTCATCGCG-1,1419,58,70,917
ACCTACCGTCGTGTTA-1,20,2664,227,1173
ACCTACCGTGACAGCA-1,118,14262,825,4071
ACCTACCGTTCAGGTT-1,23,981,780,192
ACCTACCGTTCCCACT-1,55,6595,402,2501
ACCTACCTCAAGATAG-1,69,6935,507,2338
ACCTACCTCACGAACT-1,164,481,24,485
ACCTACCTCCGCAACG-1,1023,353,49,969
ACCTACCTCGAACACT-1,31,1174,53,702
ACCTACCTCGAGATAA-1,465,357,12,647
ACCTACCTCTGTCCCA-1,819,373,32,881
ACCTGAAAGAGACAAG-1,547,31,23,441
ACCTGAAAGGGTAGCT-1,174,1723,296,891
ACCTGAACAACGTTAC-1,650,22,23,517
ACCTGAACAAGATGTA-1,29,4109,247,1715
ACCTGAACAAGGCCTC-1,48,6272,452,2322
ACCTGAACAATCGCCG-1,22,4876,281,1903
ACCTGAACAGACTGCC-1,25,2796,90,1178
ACCTGAAGTTAACAGA-1,963,66,65,692
ACCTGAATCAACTACG-1,610,1134,65,1158
ACCTGAATCAAGCCAT-1,72,8444,486,2822
ACCTGAATCCATCTAT-1,40,5725,454,2207
ACCTGAATCCCTCGAT-1,42,6135,332,2342
ACCTGAATCCGCTGTT-1,488,423,29,692
ACCTGAATCCGGTAAT-1,47,5816,401,2239
ACCTGAATCTCCGCAT-1,830,106,19,683
ACCTGAATCTCTGAGA-1,63,7798,563,2941
ACCTGTCAGACATAAC-1,459,196,17,524
ACCTGTCAGCCTAACT-1,333,433,23,573
ACCTGTCCAACTGCCG-1,1652,17,1,943
ACCTGTCCACAAGCCC-1,597,1140,41,1141
ACCTGTCCACTTCAAG-1,13195,108,793,3953
ACCTGTCCACTTCTCG-1,177,696,32,592
ACCTGTCCAGAGGAAA-1,43,6584,410,2100
ACCTGTCCAGCCGTCA-1,5,741,126,438
ACCTGTCCAGGGATAC-1,624,206,27,635
ACCTGTCCAGTAACCT-1,11266,78,599,4053
ACCTGTCCATCCGAAT-1,6892,60,988,3110
ACCTGTCGTATGATCC-1,26,4100,249,1658
ACCTGTCGTCGAAGCA-1,946,133,111,711
ACCTGTCGTGGGTATG-1,10688,57,448,3580
ACCTGTCTCAAGTCGT-1,46,8050,570,2492
ACCTGTCTCCCGGTAG-1,56,10940,674,2907
ACCTGTCTCCTTTGAT-1,1137,4157,312,2350
ACCTGTCTCTCCTACG-1,32,7864,418,2699
ACGATCAAGCTGTCCG-1,516,106,30,481
ACGATCAAGTCTAGCT-1,80,11988,574,3473
ACGATCACATACACCA-1,1988,742,79,1479
ACGATCAGTACTGAGG-1,34,6509,410,2163
ACGATCAGTCTTGGTA-1,60,9225,690,3055
ACGATCATCCCTAGGG-1,13741,85,678,4130
ACGATCATCGAGCCTG-1,5198,24,262,1956
ACGATCATCTTAGCAG-1,4348,21,59,1879
ACGATGTAGACGGATC-1,38,7098,367,2481
ACGATGTCAACGCATT-1,2219,1209,126,1928
ACGATGTCAAGCGCTC-1,37,6783,279,2333
ACGATGTTCCGACGGT-1,41,5772,323,2014
ACGATGTTCTAGGCAT-1,9026,74,734,3345
ACGCACGAGATAACGT-1,62,9057,601,3081
ACGCACGAGCTCTGTA-1,921,27,56,623
ACGCACGCAGTCTTCC-1,1620,102,77,1008
ACGCACGCATCAGCTA-1,14,544,29,414
ACGCACGCATGGCACC-1,680,397,40,789
ACGCACGGTACCTTCC-1,12855,99,703,4291
ACGCACGGTTGCATTG-1,21,1906,146,955
ACGCACGTCATCAGTG-1,6771,1652,692,3599
ACGCACGTCCAACCGG-1,59,10576,1062,3153
ACGCACGTCGAACGCC-1,361,284,23,531
ACGCACGTCGACACCG-1,127,419,22,419
ACGGAAGAGCAGCGAT-1,1469,9,76,844
ACGGAAGAGTTGCCCG-1,15,3913,188,1646
ACGGAAGCAAGTCCAT-1,17600,121,859,4660
ACGGAAGCAGGCATTT-1,41,6234,471,2229
ACGGAAGCAGTGTGGA-1,886,90,73,667
ACGGAAGCATGTAACC-1,10209,51,583,3498
ACGGAAGGTATCGCGC-1,19,1947,83,588
ACGGAAGGTCCTGAAT-1,11432,67,518,3549
ACGGGTCAGGCTGAAC-1,52,9266,591,2743
ACGGGTCAGTAAGCAT-1,11,1276,60,704
ACGGGTCCAGAATGTA-1,57,11415,911,3287
ACGGGTCGTCAGCTTA-1,12378,82,402,3999
ACGGGTCGTGATATAG-1,8533,60,520,3337
ACGGGTCGTTAGGAGC-1,10828,77,471,3438
ACGGGTCTCAACTACG-1,337,7102,438,2538
ACGGGTCTCCTCAGAA-1,20,2177,52,1044
ACGGGTCTCGCATTAG-1,28,4960,549,1823
ACGGGTCTCTCAATCT-1,391,271,20,495
ACGGTCGAGAGGCTGT-1,45,5563,394,2072
ACGGTCGAGTCTAGCT-1,20097,154,1267,5463
ACGGTCGAGTGCCTCG-1,11350,61,647,3561
ACGGTCGTCTCTGACC-1,34,6835,307,2273
ACGGTTACAGTCTACA-1,12505,93,536,3968
ACGGTTAGTAGCGTCC-1,7242,47,429,2882
ACGGTTAGTGACACGA-1,8576,63,640,3295
ACGGTTAGTGCAATGG-1,35,4088,360,1667
ACGGTTAGTGCGACAA-1,12112,90,803,3915
ACGGTTATCATTTACC-1,79,8849,691,3038
ACGGTTATCCACTGAA-1,11666,84,613,3986
ACGGTTATCCCGATCT-1,34,5835,437,2067
ACGTAACAGACATACA-1,452,2089,150,1334
ACGTAACCAAGATTGA-1,59,6439,488,2142
ACGTAACCAATTCTTC-1,868,8,33,575
ACGTAACCATCCGCGA-1,1950,1159,141,1695
ACGTAACGTCCGGTCA-1,395,235,17,510
ACGTAACTCCAACCGG-1,97,9684,448,3209
ACGTAACTCCATTGTT-1,161,1751,105,1083
ACGTAACTCGCTATTT-1,12564,82,764,4153
ACGTACAAGATTGCGG-1,46,4775,445,1880
ACGTACAAGCCACAAG-1,17,1567,53,828
ACGTACAAGGCCCGTT-1,127,2037,199,1049
ACGTACAGTCTGATCA-1,47,6639,610,2361
ACGTACAGTTGGCCTG-1,275,628,37,667
ACGTACATCCAATGCA-1,1143,264,54,885
ACGTACATCCTACTGC-1,1413,23,58,860
ACGTACATCGAGTACT-1,1268,100,63,806
ACGTACATCTTTGGAG-1,10360,83,879,3661
ACGTAGTCACCTGCTT-1,13029,94,865,4120
ACGTAGTCACCTGTCT-1,12661,96,733,4277
ACGTAGTCAGCTATAC-1,60,6847,532,2475
ACGTAGTCAGGCTACC-1,55,7092,576,2678
ACGTAGTCATGGGTCC-1,579,310,59,664
ACGTAGTGTTCCCAAA-1,6858,52,405,2605
ACGTAGTTCACCATCC-1,12,703,9,472
ACGTAGTTCGGAGTGA-1,34,3568,327,1611
ACGTAGTTCTGCTTAT-1,169,791,47,681
ACGTCCTCAAGTGTCT-1,147,1333,157,866
ACGTCCTCACTCTCGT-1,63,8515,613,2919
ACGTCCTCATTGACCA-1,267,752,31,729
ACGTCCTGTCAGTCGC-1,39,5946,418,2325
ACGTCCTTCAATCAGC-1,7465,56,548,3142
ACGTCCTTCATGCCAA-1,1072,757,54,1213
ACGTCCTTCCATTTGT-1,2075,382,68,1391
ACGTCCTTCGATTGGT-1,54,7233,499,2460
ACGTCCTTCGTCTCAC-1,752,76,20,608
ACGTCCTTCTTCCCGA-1,560,866,45,977
ACGTTCCAGAGCATAT-1,7843,40,480,2902
ACGTTCCAGAGTGGCT-1,7246,50,409,2737
ACGTTCCAGGATTCAA-1,2438,1224,178,2034
ACGTTCCAGGGTAATT-1,832,209,31,764
ACGTTCCAGGTCGACA-1,3863,51,468,1732
ACGTTCCAGTCGTCTA-1,8319,71,537,3161
ACGTTCCCAAAGCGTG-1,43,10219,460,2762
ACGTTCCCAAGTATAG-1,405,1386,78,1036
ACGTTCCCAGTAGAAT-1,37,767,30,538
ACGTTCCCATCCTCAC-1,3896,16,235,1745
ACGTTCCGTATCGAAA-1,39,6255,366,2307
ACGTTCCGTATGATCC-1,22,3331,287,1373
ACGTTCCTCAGTGGGA-1,41,5715,423,2098
ACGTTCCTCATCGGGC-1,316,1793,193,1074
ACGTTCCTCGAACTCA-1,1211,29,81,785
ACGTTCCTCGTGTTCC-1,8854,44,489,2907
ACGTTCCTCTAGAACC-1,7993,55,320,3087
ACGTTCCTCTGGCCAG-1,234,563,19,581
ACTACGAAGCAGCCTC-1,67,10168,728,3155
ACTACGAAGCGTACAG-1,3397,17,137,1150
ACTACGAAGTTTAGGA-1,41,5734,415,1994
ACTACGACAAAGTGTA-1,9503,73,760,3482
ACTACGACACACCTTC-1,29,3812,429,1657
ACTACGACAGTCCCGA-1,912,270,38,836
ACTACGACATTCTTCA-1,48,9908,415,3424
ACTACGAGTACCGGAA-1,53,9631,675,2978
ACTACGAGTACTGGGA-1,14882,94,883,4395
ACTACGAGTGTAGGAC-1,9378,90,668,3377
ACTACGATCAACCCGG-1,568,23,13,439
ACTATCTAGCTCGCAC-1,591,6,24,424
ACTATCTAGCTTAAGA-1,1245,221,84,936
ACTATCTAGTTCATGC-1,7095,47,266,2958
ACTATCTCAAAGGCAC-1,587,135,32,577
ACTATCTCAACTGCCG-1,5461,58,98,2831
ACTATCTCACCCAATA-1,119,1058,56,745
ACTATCTCAGTATGAA-1,38,4364,233,1756
ACTATCTCATTCGGGC-1,31,4588,376,1822
ACTATCTGTACAAGTA-1,3826,1964,276,2775
ACTATCTGTGACTCTA-1,74,8585,564,2813
ACTATCTTCATCACCC-1,30,4310,361,1824
ACTATCTTCCTACTGC-1,2186,359,52,1484
ACTATGGAGAAACCAT-1,633,88,34,558
ACTATGGAGGCATCTT-1,1763,26,559,981
ACTATGGCAAACTGCT-1,59,7916,395,2737
ACTATGGCAGCACACC-1,73,8682,688,2862
ACTATGGCAGGTGTGA-1,23,1427,272,672
ACTATGGCATTGCCTC-1,16625,110,938,4769
ACTATGGGTACGGGAT-1,33,4654,586,1747
ACTATGGGTCACAATC-1,35,7034,582,2344
ACTATGGGTTCCTACC-1,14394,47,407,3964
ACTATGGGTTGTTGAC-1,9422,74,447,3361
ACTATGGTCGAATCCA-1,26,6343,375,2250
ACTATGGTCGATGCAT-1,79,12575,905,3518
ACTATGGTCGTTAGTG-1,1718,1426,197,1732
ACTATGGTCTGCGTCT-1,47,7820,800,2497
ACTATTCAGATGTTCC-1,17,1203,73,694
ACTATTCAGCTAGAAT-1,7145,35,421,2721
ACTATTCAGCTGCGAA-1,1063,21,50,668
ACTATTCAGGGTTTCT-1,841,123,72,752
ACTATTCAGTAGCTCT-1,33,6112,484,2266
ACTATTCCACGACAAG-1,11990,91,559,4115
ACTATTCCAGGAATAT-1,8578,75,436,3472
ACTATTCGTAAGATTG-1,30,4684,286,1787
ACTATTCGTAGACGTG-1,57,6011,514,2176
ACTATTCGTATCTTCT-1,839,137,21,695
ACTATTCGTGAGCGAT-1,35,4476,416,1875
ACTATTCGTGCGGTAA-1,38,6067,553,2142
ACTATTCGTGGCTGAA-1,27,5687,298,2109
ACTATTCTCCGCCTAT-1,2750,19,1,1234
ACTATTCTCCTTCACG-1,37,4508,276,1876
ACTATTCTCCTTCGAC-1,9,689,20,463
ACTATTCTCGAATCCA-1,47,8820,288,2777
ACTCCCAAGAGCATCG-1,5,1815,0,754
ACTCCCAAGATGAATC-1,11,1138,99,638
ACTCCCAAGCATTTGC-1,13625,139,318,4139
ACTCCCAAGCTGACCC-1,38,8021,596,2509
ACTCCCAAGCTTCGTA-1,8899,53,556,3148
ACTCCCAAGTTCCGTA-1,66,7114,592,2601
ACTCCCACACAGCTGC-1,688,247,19,744
ACTCCCACACTGTCCT-1,12,573,31,397
ACTCCCACAGACACCC-1,31,2802,180,1251
ACTCCCACATCGAGCC-1,274,1501,66,982
ACTCCCAGTACGAGCA-1,1067,23,23,665
ACTCCCAGTACGCTTA-1,111,12628,705,3602
ACTCCCAGTATCCTCC-1,11513,67,639,3948
ACTCCCAGTCTGCAAT-1,1869,189,45,1187
ACTCCCAGTTAATGAG-1,498,15,19,383
ACTCCCAGTTAGCGGA-1,31,3994,516,1599
ACTCCCAGTTTACGTG-1,35,4863,229,2100
ACTCCCATCACCACAA-1,641,20,13,490
ACTCCCATCGGTAAGG-1,33,5137,419,1939
ACTCTCGAGAAGCGCT-1,7630,41,522,2694
ACTCTCGAGATGACAT-1,11952,57,769,3584
ACTCTCGAGGCTCTCG-1,41,5536,439,1870
ACTCTCGAGGGTTAGC-1,27,6028,343,2133
ACTCTCGCAGCTTCCT-1,45,6680,780,2302
ACTCTCGCATTCTTCA-1,43,4162,260,1569
ACTCTCGGTTGCCGCA-1,3839,45,670,2181
ACTCTCGTCCGCACTT-1,48,8827,403,3149
ACTCTCGTCTGACCCT-1,8480,54,564,3336
ACTGATGAGAGCATCG-1,11433,52,761,3560
ACTGATGAGGTTCACT-1,798,315,58,777
ACTGATGAGTACAACA-1,6012,37,586,2519
ACTGATGCAAACTAAG-1,7919,98,441,2964
ACTGATGCAAGTTTGC-1,7111,44,277,2893
ACTGATGCAATGTCAC-1,1369,842,54,1340
ACTGATGCATGACTAC-1,9105,58,515,3259
ACTGATGGTATACAGA-1,45,5432,365,2068
ACTGATGGTCCTCATC-1,604,1487,221,1109
ACTGATGGTTATCTTC-1,32,950,31,627
ACTGATGGTTGGTAGG-1,5314,19,0,1844
ACTGATGTCAGGAGAC-1,938,37,53,661
ACTGATGTCCCTTCCC-1,10,628,34,418
ACTGCAAAGAGCCGTA-1,95,10693,778,3346
ACTGCAAAGGTGCCTC-1,1071,890,25,1271
ACTGCAAAGTAGACAT-1,994,10,33,633
ACTGCAAAGTGCCAGA-1,11728,40,524,3523
ACTGCAAAGTTGCATC-1,49,6147,429,2470
ACTGCAACAATACAGA-1,74,9923,546,3153
ACTGCAACACGGCGTT-1,7502,27,13,2181
ACTGCAACAGCTACCG-1,1115,120,66,815
ACTGCAAGTCCAACGC-1,68,8244,655,2729
ACTGCAAGTCGACTGC-1,18,2617,437,1342
ACTGCAATCGTGGACC-1,1427,20,92,803
ACTGTCCAGATGTTGA-1,12254,101,871,4211
ACTGTCCAGCAAGTGC-1,3915,1318,310,2451
ACTGTCCAGTCAGCCC-1,714,8,26,480
ACTGTCCCAAACGTGG-1,1357,222,63,1068
ACTGTCCCAACTGAAA-1,1443,14,57,905
ACTGTCCCAAGCCTGC-1,204,298,10,426
ACTGTCCCAAGGATGC-1,76,10053,663,3169
ACTGTCCCACCAGCCA-1,273,633,36,676
ACTGTCCCACTGTCCT-1,1210,863,58,1333
ACTGTCCCAGCCCAGT-1,616,1686,102,1350
ACTGTCCCATCATGAC-1,740,739,64,1043
ACTGTCCCATCGGAAG-1,19168,115,1320,4737
ACTGTCCCATGTGCTA-1,6625,39,328,2543
ACTGTCCCATGTGGTT-1,73,896,53,686
ACTGTCCGTACTCCGG-1,68,11824,579,3389
ACTGTCCGTCACTCTC-1,520,2527,113,1654
ACTGTCCGTCACTTAG-1,49,5397,507,1941
ACTGTCCGTCGAACAG-1,11660,78,531,3774
ACTGTCCGTGCCTTTC-1,232,336,16,453
ACTGTCCTCAAGTGGG-1,31,5607,436,1999
ACTGTCCTCACCTACC-1,725,723,41,997
ACTGTCCTCGAACGCC-1,7679,34,363,3179
ACTGTCCTCTAAACGC-1,137,1171,36,797
ACTGTGAAGCTTCATG-1,7179,62,281,3055
ACTGTGACAAACCACT-1,54,5136,424,1896
ACTGTGACAATTAGGA-1,60,7510,687,2454
ACTGTGACACGCTATA-1,880,308,53,863
ACTGTGACAGTATTCG-1,71,9351,645,3110
ACTGTGACATAGATGA-1,28,3546,215,1515
ACTGTGAGTACAAGTA-1,477,156,25,499
ACTGTGATCAACGTGT-1,1713,13,330,1069
ACTGTGATCAGGAACG-1,48,9176,420,2888
ACTGTGATCATTCGGA-1,36,4307,303,1794
ACTGTGATCGACGATT-1,10564,51,503,3331
ACTTAGGAGACTCCGC-1,9111,87,657,3306
ACTTAGGAGCCATTCA-1,835,2194,180,1605
ACTTAGGAGCTGCCAC-1,600,10,21,444
ACTTAGGAGGACAAGA-1,40,4295,319,1744
ACTTAGGAGTGCAACG-1,391,154,17,460
ACTTAGGCAACTACGT-1,95,6457,454,2404
ACTTAGGCAAGAGGTC-1,4724,32,328,2004
ACTTAGGCATCATTTC-1,27,4811,356,1908
ACTTAGGCATTCTGTT-1,68,6675,609,2411
ACTTAGGGTAAGTTAG-1,7804,59,472,3121
ACTTAGGGTTCGCGTG-1,1696,14,2,867
ACTTAGGTCATGCAGT-1,139,12208,839,3703
ACTTAGGTCCGATTAG-1,6,1923,0,776
ACTTAGGTCCTGCTAC-1,345,161,17,426
ACTTATCAGAATCCCT-1,51,6760,423,2444
ACTTATCAGCATATGA-1,1719,459,163,1315
ACTTATCAGGTTTGAA-1,27,4050,246,1669
ACTTATCCAAACCATC-1,11720,408,506,4157
ACTTATCCAAGAATAC-1,12,1885,125,946
ACTTATCCAGACGGAT-1,4367,35,306,1945
ACTTATCCAGTCTTCC-1,3,635,33,384
ACTTATCGTCACTAGT-1,9059,55,562,3459
ACTTATCGTCCTACAA-1,31,6178,381,2169
ACTTATCGTCTTCTAT-1,1394,1546,182,1612
ACTTATCTCAACTTTC-1,6497,44,218,2864
ACTTATCTCCTCCACA-1,306,658,26,663
ACTTATCTCGAGTGAG-1,31,4510,268,2005
ACTTATCTCTTCTCAA-1,343,1839,85,1317
ACTTCCGAGAAGCGCT-1,36,8349,591,2367
ACTTCCGAGGATGTTA-1,21,4453,331,1692
ACTTCCGCACAGCTTA-1,9823,49,626,3796
ACTTCCGCACCAGGTC-1,1368,12,92,911
ACTTCCGGTCGTACAT-1,416,253,22,526
ACTTCCGGTCGTCAGC-1,36264,126,2174,6518
ACTTCCGGTGCTTATG-1,2822,14,337,1396
ACTTCCGTCATTTGCT-1,919,540,34,1031
ACTTCCGTCGCTCTCA-1,1070,13,47,688
ACTTCCGTCTGGGCGT-1,24,5169,349,1616
ACTTCGCAGGCCTGCT-1,5,633,10,436
ACTTCGCCAGGGATAC-1,32,5907,230,2195
ACTTCGCCATCGCTAA-1,9,1238,61,725
ACTTCGCCATGGCACC-1,4,655,23,432
ACTTCGCGTCAAAGTA-1,43,5264,309,2071
ACTTCGCGTCGTTGGC-1,2361,13,194,1242
ACTTCGCGTCTTACTT-1,10034,126,605,3559
ACTTCGCGTGAGCAGT-1,29,6139,317,2097
ACTTCGCGTGATCATC-1,41,7342,403,2572
ACTTCGCTCCACCTCA-1,1216,348,35,1009
ACTTCGCTCTATCACT-1,43,5745,546,2304
ACTTCGCTCTGACCCT-1,10876,79,598,4003
ACTTTCAAGACATAAC-1,172,2631,193,1366
ACTTTCAAGCTAAACA-1,36,4559,328,1877
ACTTTCAAGGCATGGT-1,7647,62,659,3198
ACTTTCAAGGCCTAAG-1,13538,62,555,4127
ACTTTCAAGGTCTACT-1,5719,37,337,2622
ACTTTCACAATTGCTG-1,667,244,31,689
ACTTTCACACGACAGA-1,53,5611,320,2170
ACTTTCACATCAACCA-1,78,11023,624,3542
ACTTTCATCCCTGTTG-1,190,419,14,481
ACTTTCATCCTGTAGA-1,405,323,42,576
ACTTTCATCTGCACCT-1,114,10039,524,3396
ACTTTCATCTGTTCAT-1,1872,1067,96,1771
ACTTTCATCTTCGTGC-1,6492,6738,730,5287
ACTTTGTAGGTCGAGT-1,28,3537,252,1411
ACTTTGTCACCTCTAC-1,356,252,12,507
ACTTTGTCAGGCACAA-1,5075,34,259,2249
ACTTTGTGTCCACTTC-1,8900,41,422,3256
ACTTTGTGTTCGATTG-1,6544,51,735,2304
ACTTTGTTCACCCTCA-1,511,215,27,586
ACTTTGTTCAGCCCAG-1,1873,1515,206,1886
ACTTTGTTCGTTACCC-1,416,516,41,700
AGAAATGAGAGTAACT-1,1758,27,120,1007
AGAAATGAGCAATTAG-1,20,2295,409,1225
AGAAATGAGCCAAGGT-1,102,4716,308,1968
AGAAATGAGGGAGTTC-1,11387,59,918,3467
AGAAATGCAAAGGGTC-1,39,6891,332,2365
AGAAATGCAAGGTCAG-1,16534,115,1089,4626
AGAAATGCAGTCTGGC-1,8521,113,613,3127
AGAAATGGTACGATCT-1,95,10737,619,3532
AGAAATGGTCACCACG-1,1973,15,80,965
AGAAATGGTCCTCCAT-1,47,7389,395,2575
AGAAATGTCAAAGGTA-1,1908,34,4,1244
AGAAATGTCCATCAGA-1,78,6129,373,2366
AGAAATGTCCCAATAG-1,703,156,70,635
AGAAATGTCCTCTAGC-1,524,1470,68,1249
AGAAATGTCTGCTCTG-1,55,5440,421,2021
AGAACAAAGATACATG-1,9671,1289,672,4081
AGAACAACAAGCTCTA-1,673,412,49,806
AGAACAAGTACCAATC-1,11442,106,719,3752
AGAACAAGTATGGGAC-1,46,8569,297,2765
AGAACAAGTCCAGGTC-1,22,6498,330,2189
AGAACAAGTCTCTCAC-1,6674,67,462,2629
AGAACAATCAAAGACA-1,9667,67,501,3224
AGAACAATCACCATCC-1,51,7155,479,2341
AGAACAATCACGGGAA-1,27,6645,349,2316
AGAACAATCAGCACCG-1,97,13190,1021,3675
AGAACAATCAGCTAGT-1,7345,60,564,2654
AGAACAATCCTGTAAG-1,1161,1149,88,1430
AGAACAATCCTTACCG-1,645,522,29,850
AGAACAATCTCGGCTT-1,18,3279,259,883
AGAACCTAGAAGCCTG-1,13474,86,802,4138
AGAACCTAGCTACGTT-1,2621,56,211,1371
AGAACCTAGGTTCCGC-1,56,1959,18,792
AGAACCTAGTCATCCA-1,6343,53,306,2663
AGAACCTAGTGAATAC-1,621,103,37,525
AGAACCTCAGCATACT-1,1673,612,41,1408
AGAACCTGTCCATACA-1,12610,76,375,3983
AGAACCTGTCCTGAAT-1,47,6478,308,2406
AGAACCTGTGAGATCG-1,21,2113,618,1064
AGAACCTGTGTGTGTT-1,11615,97,845,3783
AGAACCTTCACATTGG-1,61,8045,575,2725
AGAACCTTCACCTTAT-1,1024,71,38,698
AGAACCTTCATCGCCT-1,2115,142,74,1359
AGAACCTTCGTCGACG-1,10,727,50,466
AGAACCTTCGTGACTA-1,22,4764,316,1941
AGAAGCGAGGGTCAAC-1,467,128,45,481
AGAAGCGAGGTAGATT-1,10595,68,678,3311
AGAAGCGAGTGTTGTC-1,2245,5969,655,3078
AGAAGCGCAACAACAA-1,16693,92,965,4337
AGAAGCGCACTCCGAG-1,58,8623,653,2823
AGAAGCGCACTCTCGT-1,602,37,12,464
AGAAGCGTCCGTAGGC-1,8338,32,565,2920
AGAAGTAAGAGCCGAT-1,4043,6439,768,4356
AGAAGTAAGGACAGTC-1,47,4728,355,1880
AGAAGTAAGTAAATGC-1,11,1775,196,802
AGAAGTAAGTGGTTAA-1,46,6798,457,2533
AGAAGTACAATTGCGT-1,6079,42,319,2265
AGAAGTACACTCGATA-1,1352,1945,286,1580
AGAAGTACAGACTCTA-1,43,6633,459,2150
AGAAGTACATGCAGCC-1,1995,28,100,1138
AGAAGTAGTGGAAATT-1,6897,159,476,2940
AGAAGTAGTGTAGTGG-1,5445,50,364,2547
AGAAGTATCAACCTCC-1,977,128,36,822
AGAAGTATCGCATTAG-1,33,4656,231,1833
AGAAGTATCTAGAGCT-1,73,7265,586,2592
AGACAAAAGTCAATCC-1,32,4981,384,1971
AGACAAACAAACACGG-1,31,5672,411,1979
AGACAAACACAGTCAT-1,2360,12,134,1257
AGACAAACAGTGCCTG-1,58,9203,568,2916
AGACAAAGTTACCTTT-1,15,961,37,606
AGACAAAGTTCGATTG-1,78,6695,338,2507
AGACAAATCATCTGTT-1,563,131,30,547
AGACAAATCATGAAAG-1,43,6480,305,2071
AGACAAATCCACTGAA-1,2183,1255,167,1951
AGACAAATCCCGAGGT-1,59,6568,332,2511
AGACAAATCCGGTAAT-1,741,276,30,741
AGACAAATCCGTGGGT-1,65,7035,308,2461
AGACAAATCGAATGCT-1,1901,18,0,1062
AGACAAATCTCCCTAG-1,581,22,16,458
AGACACTAGACCAGCA-1,16,1611,145,769
AGACACTAGATAACAC-1,2528,317,107,1480
AGACACTAGGACCCAA-1,67,8424,534,2867
AGACACTAGGAGAGTA-1,44,8153,462,2608
AGACACTCAAAGGATT-1,1386,501,74,1181
AGACACTGTCCCGCAA-1,68,8424,564,2539
AGACACTGTCCTGAAT-1,11748,4671,989,6044
AGACACTGTTGGCTAT-1,11046,58,502,3926
AGACACTTCAGGAGAC-1,6541,29,361,2335
AGACACTTCGCACTCT-1,996,221,48,795
AGACACTTCGCTAATG-1,12429,86,546,4204
AGACACTTCGCTATTT-1,13403,116,752,4572
AGACACTTCGGTCATA-1,21,4675,244,1918
AGACACTTCTGGGTCG-1,8969,61,610,3707
AGACAGGAGCCTATTG-1,11,1393,91,741
AGACAGGAGTATAGGT-1,11,1459,27,644
AGACAGGCATCTCAAG-1,2565,345,124,1492
AGACAGGGTATCCCAA-1,38,8446,429,2538
AGACAGGGTCGTGCCA-1,4218,26,412,2235
AGACAGGGTGTAAACA-1,1802,2141,388,1921
AGACAGGGTTTGGGTT-1,197,1559,310,785
AGACAGGTCTGCTTAT-1,69,6348,417,2314
AGACAGGTCTGGGCAC-1,1135,356,49,1016
AGACAGGTCTGTTCAT-1,72,6262,373,2357
AGACAGGTCTTCGCTG-1,10388,65,740,3643
AGACCATAGAAACACT-1,824,720,47,1039
AGACCATAGAGTTGAT-1,58,7576,453,2542
AGACCATAGCACCTGC-1,331,326,29,511
AGACCATAGGCCGCTT-1,366,1115,33,914
AGACCATCACAACCGC-1,1494,527,112,1205
AGACCATCACTAAACC-1,1225,599,85,1225
AGACCATCATCAGTCA-1,425,543,38,712
AGACCATCATTGAAGA-1,17,1101,114,641
AGACCATGTCGCACGT-1,10306,48,687,3769
AGACCATGTCTCTCCA-1,71,8206,542,2864
AGACCATGTGAGCCAA-1,705,11,11,506
AGACCATTCCATTTGT-1,14,1487,81,798
AGACCATTCCCTCTAG-1,1273,388,87,1071
AGACCATTCCTTATGT-1,342,951,67,849
AGACCCGAGACCCGCT-1,64,9799,607,3150
AGACCCGAGATAGTCA-1,382,1276,80,1041
AGACCCGAGATTCGCT-1,41,8950,480,3085
AGACCCGAGCACCTGC-1,1555,31,112,920
AGACCCGAGCGTTACT-1,2454,16,167,1280
AGACCCGAGTCTACCA-1,656,271,32,694
AGACCCGCACTACGGC-1,287,1956,117,1167
AGACCCGCACTGTCCT-1,316,544,16,645
AGACCCGCAGAAGTTA-1,6815,19,4,1783
AGACCCGCAGCGGTTC-1,576,10,24,420
AGACCCGCAGCTTTCC-1,10872,80,692,3887
AGACCCGGTCGGATTT-1,45,8295,634,2650
AGACCCGGTGCATACT-1,13099,68,737,4086
AGACCCGGTTAGGCCC-1,594,56,36,498
AGACCCGGTTCTAACG-1,55,8925,559,3082
AGACCCGGTTCTCGTC-1,27,7730,474,2637
AGACCCGGTTGTTTGG-1,13481,90,712,4293
AGACCCGGTTTCCAAG-1,912,5,0,578
AGACCCGTCATCGTAG-1,39,7181,461,2328
AGACTCAAGAAACCAT-1,92,10624,685,3450
AGACTCAAGAAATCCA-1,662,298,34,746
AGACTCACAACACAAA-1,1480,20,45,964
AGACTCACACAAATAG-1,50,7558,325,2508
AGACTCACACCCTAGG-1,659,23,20,521
AGACTCACAGCGTTGC-1,388,8806,528,3282
AGACTCACATATGAAG-1,43,5786,210,2138
AGACTCAGTGGTCCCA-1,75,11335,548,3388
AGACTCAGTTCCCAAA-1,2695,275,140,1499
AGACTCATCGCGTTTC-1,3294,605,129,1920
AGACTCATCTGGCCAG-1,13700,69,778,4174
AGACTCATCTGGGAGA-1,51,6080,649,2219
AGAGAATAGACGACTG-1,7840,80,560,3040
AGAGAATAGCTACGTT-1,9923,51,107,3402
AGAGAATAGTAAGACT-1,17526,156,902,4828
AGAGAATCACGCTGCA-1,2051,1398,185,1941
AGAGAATCACTAGGCC-1,16,986,48,589
AGAGAATGTCAAATCC-1,11389,87,810,3711
AGAGAATGTGGACTAG-1,3696,13,3,1534
AGAGAATGTGTTGACT-1,10252,67,692,3415
AGAGAATTCCACAAGT-1,62,6656,567,2429
AGAGAATTCCCTGGTT-1,366,640,25,714
AGAGAATTCTCCTGCA-1,2342,328,59,1469
AGAGAGCAGCCATTGT-1,52,5629,329,2069
AGAGAGCCAAGACAAT-1,8926,73,656,3312
AGAGAGCCAAGAGAGA-1,10631,104,683,3743
AGAGAGCCACTGAATC-1,25841,154,2709,5867
AGAGAGCCAGTATTCG-1,57,9315,789,2902
AGAGAGCGTGCTATTG-1,7689,62,512,2975
AGAGAGCTCACCATAG-1,1383,59,78,845
AGAGAGCTCCAGTTCC-1,3566,40,247,1843
AGAGAGCTCGTAGAGG-1,76,9496,849,3123
AGAGAGCTCTCTGGTC-1,68,5477,512,1884
AGAGAGCTCTTGCGCT-1,25,5109,364,1899
AGAGCAGAGTCATGCT-1,47,7223,635,2387
AGAGCAGGTATGGGAC-1,12874,95,1109,3954
AGAGCAGGTCCAAAGG-1,24296,169,1585,5570
AGAGCAGTCATGGAGG-1,6042,59,389,2604
AGAGCAGTCATTTGCT-1,617,61,49,504
AGAGCCCAGCAGGGAG-1,41,6501,282,2284
AGAGCCCAGTCACGAG-1,78,11145,429,3280
AGAGCCCCAAACCACT-1,54,8458,486,2866
AGAGCCCCACCGTGAC-1,66,9790,593,3013
AGAGCCCCAGGAACCA-1,67,11255,738,3294
AGAGCCCCATCCCGTT-1,1848,668,167,1592
AGAGCCCGTATCTTCT-1,42,923,65,623
AGAGCCCGTCTAGGCC-1,12782,81,900,3996
AGAGCCCGTGAGGCAT-1,5296,19,2,2059
AGAGCCCGTGGATACG-1,463,9229,726,3279
AGAGCCCTCACCCTGT-1,48,7716,690,2712
AGAGCCCTCTGCCTCA-1,608,4,23,451
AGATAGAAGAAAGCGA-1,8401,45,458,2906
AGATAGAAGAGGTATT-1,67,6632,498,2421
AGATAGAAGCAGCAGT-1,38,5422,363,1882
AGATAGAAGGCTAGCA-1,1047,229,52,874
AGATAGAAGTATTCCG-1,95,9501,652,3079
AGATAGACAATCCAGT-1,7261,54,313,3119
AGATAGACAGCAGTAG-1,43,9026,424,2766
AGATAGAGTGTGCTTA-1,43,5642,388,2002
AGATAGATCTAAACGC-1,36,6518,507,2211
AGATCCAAGAAGGGAT-1,1013,12,64,647
AGATCCAAGACGAAGA-1,70,8993,450,2733
AGATCCAAGCATCGAG-1,7745,43,393,2730
AGATCCAAGCCGGAAT-1,1819,29,175,945
AGATCCAAGGAACGAA-1,524,94,46,481
AGATCCAAGTCTACCA-1,48,6635,359,2221
AGATCCACAATGGCAG-1,581,14,24,451
AGATCCACAATTGCAC-1,58,8130,475,2662
AGATCCACAGCACCCA-1,35,7198,382,2482
AGATCCAGTAGCGTAG-1,3794,112,667,1881
AGATCCAGTTAAGGGC-1,14270,107,979,4600
AGATCCATCTGCTTTA-1,10695,94,565,3820
AGATCGTAGCGGACAT-1,1774,552,116,1386
AGATCGTAGGGAGATA-1,1922,326,318,1154
AGATCGTAGGTCTACT-1,17871,110,906,5056
AGATCGTCAGTCTGGC-1,10218,2739,753,4889
AGATCGTCAGTGCCTG-1,6161,27,371,2594
AGATCGTGTAAGTTAG-1,141,1521,264,799
AGATCGTGTACCTTCC-1,9120,65,626,3186
AGATCGTGTCCCTGTT-1,11824,73,725,3864
AGATCGTGTGACCGTC-1,5504,34,270,2233
AGATCGTTCTCTTAAC-1,67,7218,356,2720
AGATCGTTCTTAGCAG-1,36,5147,390,1949
AGATGAAAGACTACCT-1,664,131,53,594
AGATGAAAGGCACTCC-1,41,6309,376,2284
AGATGAACAACCACGC-1,2215,699,353,1437
AGATGAACAGTAACAA-1,460,625,32,767
AGATGAAGTCAAGCGA-1,32,4496,399,1538
AGATGAAGTCCACTTC-1,40,6316,415,2305
AGATGAAGTCGAATTC-1,12923,69,673,3784
AGATGAAGTGCCTGAC-1,1251,91,71,808
AGATGAATCCGAGTGC-1,6071,50,380,2420
AGATGAATCTCGACGG-1,9768,89,775,3248
AGATGAATCTTCGCTG-1,64,1809,31,893
AGATGCTAGAGGATCC-1,525,57,0,421
AGATGCTAGTATCTGC-1,9770,75,602,3622
AGATGCTCACGCTTAA-1,633,435,47,791
AGATGCTCAGATACTC-1,8055,61,477,2899
AGATGCTCAGTCGCAC-1,31,3714,285,1697
AGATGCTCATCCGAAT-1,10405,94,502,3594
AGATGCTCATGTAACC-1,15053,124,756,4722
AGATGCTGTAGCCCTG-1,11575,82,646,3848
AGATGCTGTAGTAAGT-1,802,110,92,629
AGATGCTGTATTCCGA-1,39,5965,390,2128
AGATGCTTCTAGGAAA-1,47,7266,404,2437
AGATGCTTCTATGCCC-1,567,935,57,1045
AGATGCTTCTCAACGA-1,11229,96,670,3936
AGATGCTTCTTCCAGC-1,2945,13,213,1429
AGCATCAAGCCTCTGG-1,9714,50,506,3398
AGCATCACAAGAAATC-1,574,452,48,755
AGCATCACACAAATGA-1,56,9509,402,2723
AGCATCACACAACGTT-1,2091,589,123,1509
AGCATCACAGCCCACA-1,635,634,27,927
AGCATCACAGGTTCGC-1,252,613,36,637
AGCATCACAGTAGATA-1,473,164,16,506
AGCATCAGTCACAGAG-1,45,5906,401,2338
AGCATCAGTCAGGTGA-1,79,11698,723,3614
AGCATCAGTGGCCACT-1,30,6331,357,2236
AGCATCAGTTCATCGA-1,660,8,53,473
AGCATCATCCCTAGGG-1,1137,40,42,745
AGCATCATCGCCAGTG-1,3464,43,767,1781
AGCATCATCTAGGAAA-1,35,5164,494,1839
AGCATCATCTGAGCAT-1,9616,83,543,3537
AGCATCATCTTCGTGC-1,1304,19,11,766
AGCATCATCTTGGCTC-1,277,302,25,461
AGCCAATAGACGCATG-1,7760,52,476,2851
AGCCAATAGGGCAGTT-1,36,5842,381,2015
AGCCAATCAATCTAGC-1,108,13518,769,3842
AGCCAATCAGCTCATA-1,109,477,22,452
AGCCAATCATCCGGCA-1,429,567,46,742
AGCCAATGTAGGATAT-1,38,6136,432,2119
AGCCAATGTATGTGTC-1,41,6094,353,2018
AGCCAATGTCCAAAGG-1,14,1543,106,764
AGCCAATGTCTCTCTG-1,27,886,33,598
AGCCAATGTGGGACAT-1,51,8013,413,2658
AGCCAATGTTATGGTC-1,16,786,36,509
AGCCAATTCAACTACG-1,715,145,35,650
AGCCAATTCCACTAGA-1,12,1432,150,453
AGCCAATTCCATAAGC-1,45,6014,415,2200
AGCCAATTCCCTCGAT-1,1955,327,87,1360
AGCCAATTCGCACGGT-1,40,7476,415,2475
AGCCAATTCGTTCAGA-1,14927,75,793,4164
AGCCACGAGCTGAAAT-1,533,350,47,687
AGCCACGAGTGCGTCC-1,54,9736,760,3106
AGCCACGCACATGTTG-1,536,105,31,498
AGCCACGCACCATAAC-1,270,394,16,543
AGCCACGCACCCGTAG-1,548,21,12,413
AGCCACGCATGAATCC-1,2287,539,105,1494
AGCCACGCATGTCAGT-1,15663,74,783,4416
AGCCACGCATTCACAG-1,1262,179,94,944
AGCCACGGTAACGCGA-1,9914,70,659,3402
AGCCACGGTCTACGAT-1,21003,152,1431,5436
AGCCACGGTTGTCTAG-1,3475,15,6,1407
AGCCACGTCTCGCTTG-1,51,7724,577,2766
AGCCACGTCTCTGAGA-1,30,4523,538,1866
AGCCAGCCAACACTAC-1,1231,313,23,960
AGCCAGCCAAGGCGTA-1,417,209,28,499
AGCCAGCCACCGTGAC-1,1257,10,16,840
AGCCAGCCAGCTGAGA-1,11074,72,841,4064
AGCCAGCCATCCTTCG-1,580,2633,130,1683
AGCCAGCCATCGTGCG-1,38,9280,704,2857
AGCCAGCGTGCAACGA-1,10836,74,674,3654
AGCCAGCGTGTCACAT-1,50,8391,580,2741
AGCCAGCGTTCCGTTC-1,2016,778,178,1587
AGCCAGCGTTGAATCC-1,8487,31,528,2910
AGCCAGCTCAGCTTCC-1,1222,216,46,920
AGCCAGCTCATGGCCG-1,172,662,44,593
AGCCAGCTCCACGTAA-1,1444,371,126,1138
AGCCAGCTCCCAACTC-1,358,517,45,657
AGCCAGCTCGGATACT-1,3544,15,8,1446
AGCGATTCACATATCG-1,655,135,25,602
AGCGATTCACTCCCTA-1,793,88,31,638
AGCGATTCACTCCTGT-1,168,1364,103,888
AGCGATTCAGTATTCG-1,24,6128,446,2183
AGCGATTGTAGGCAGT-1,22,5404,350,1917
AGCGATTGTTAATGAG-1,10506,70,626,3390
AGCGATTTCCTGGCTT-1,440,1039,22,958
AGCGCCAAGAGAGTGA-1,39,7655,491,2332
AGCGCCAAGCTGGCCT-1,4127,2339,365,2628
AGCGCCAAGGGCTTCC-1,14332,95,1041,4540
AGCGCCACAATTGCGT-1,40,8691,442,2710
AGCGCCACAGGGTCTC-1,9704,62,633,3273
AGCGCCACAGTTGTTG-1,782,8,1,529
AGCGCCAGTCCCTGAG-1,122,19941,1571,4605
AGCGCCAGTGTACATC-1,25,5920,513,1848
AGCGCCAGTTCCTTGC-1,46,9696,471,2852
AGCGCCAGTTGTTGCA-1,54,8102,631,2542
AGCGCCAGTTTACACG-1,11632,95,528,3729
AGCGCCATCCAAGCTA-1,41,8400,782,2650
AGCGCCATCGAGTCCG-1,25613,116,1695,5366
AGCGCCATCGCACGAC-1,9344,68,630,3480
AGCGCCATCTCCAAGA-1,1080,6,56,654
AGCGCCATCTGGCCAG-1,396,1928,115,1207
AGCGCCATCTGGGTCG-1,5185,33,447,2421
AGCGCTGAGTAGAATC-1,20,1989,109,994
AGCGCTGCAAGCTACT-1,71,7938,578,2756
AGCGCTGCATCCGGTG-1,10993,59,653,3243
AGCGCTGCATGGCGCT-1,1095,417,80,990
AGCGCTGGTATCAGCT-1,64,4881,516,1889
AGCGCTGGTGCAAGAC-1,14712,199,963,4648
AGCGCTGTCCATCGTC-1,13756,77,700,3942
AGCGCTGTCTCACGAA-1,35,4454,271,2196
AGCGTATAGAAGCGCT-1,13519,109,1072,4051
AGCGTATCAAGCTACT-1,2990,134,468,1731
AGCGTATCACTAGTAC-1,2214,1108,135,1782
AGCGTATGTATTCCGA-1,83,9202,543,3017
AGCGTATGTGCCTGCA-1,15,2613,176,1161
AGCGTATTCATAAGGA-1,6360,5810,765,4813
AGCGTATTCATTTCCA-1,58,7612,592,2536
AGCGTATTCGAGAATA-1,6021,56,298,2644
AGCGTATTCGTGTGGC-1,7978,87,500,3240
AGCGTCGCAACGATTC-1,14,3025,272,1173
AGCGTCGCAGGTCCGT-1,10290,39,931,3454
AGCGTCGGTATCGATC-1,3330,12,174,1744
AGCGTCGGTATCTTCT-1,22,2461,196,1139
AGCGTCGTCGAGAGAC-1,1369,5,76,888
AGCTACACAAGGCAAC-1,59,9544,683,3071
AGCTACACAGCCTTCT-1,19872,178,981,5422
AGCTACAGTAAGGTCG-1,51,6088,399,2208
AGCTACAGTCAGATTC-1,370,200,11,466
AGCTACAGTGCCCAGT-1,14444,122,453,4024
AGCTACAGTTCCTTGC-1,40,5623,542,2064
AGCTACATCAGGAACG-1,175,1512,202,859
AGCTACATCGTTCAGA-1,23751,129,1361,5543
AGCTCAAAGACTTCAC-1,7,579,20,424
AGCTCAAAGATCCCAT-1,677,18,19,491
AGCTCAAAGCAGTCTT-1,12857,73,664,4300
AGCTCAAAGCTATCCA-1,2115,16,676,1136
AGCTCAAAGTATAGGT-1,414,131,20,459
AGCTCAACAGCAATTC-1,935,374,41,911
AGCTCAACATAGATGA-1,18740,145,1338,4958
AGCTCAACATCCGAAT-1,1238,111,61,854
AGCTCAAGTCTTGTCC-1,64,9227,683,2967
AGCTCAAGTGCACATT-1,39,3828,204,1613
AGCTCAATCAAGCCCG-1,10443,59,691,3790
AGCTCAATCAAGCCTA-1,19697,158,928,5423
AGCTCAATCACGTAGT-1,45,6822,613,2274
AGCTCAATCCAAGCAT-1,17,1891,62,966
AGCTCAATCGTTCAGA-1,576,2351,180,1481
AGCTCAATCTCCCAAC-1,179,1341,62,890
AGCTCAATCTCGACCT-1,83,11092,528,3665
AGCTTCCAGCGCACAA-1,72,12629,809,3538
AGCTTCCAGGGCAGAG-1,133,1782,180,899
AGCTTCCCAAATTGCC-1,10379,77,739,3817
AGCTTCCCACATGACT-1,360,824,46,819
AGCTTCCCACATTGTG-1,13,1151,76,671
AGCTTCCGTAACCAGG-1,30,6263,371,2191
AGCTTCCGTATGAGCG-1,55,9927,508,2747
AGCTTCCGTCGCATGC-1,10321,31,536,3588
AGCTTCCGTTTCAGAC-1,57,11430,839,3374
AGCTTCCTCAGATGCT-1,7983,35,270,2667
AGCTTCCTCGCGCCAA-1,77,16943,1147,4253
AGCTTCCTCTAACGCA-1,71,9957,521,3337
AGGAAATAGGGTGAGG-1,6152,38,422,2451
AGGAAATCAGCAAGAC-1,10224,60,663,3553
AGGAAATCATCGTGCG-1,34,4700,398,1905
AGGAAATGTCCTCCAT-1,8547,67,530,3257
AGGAAATGTTTACGTG-1,32,3928,250,1721
AGGAAATTCACTGCTC-1,21,3187,431,1575
AGGAAATTCCCTATTA-1,58,8757,573,3125
AGGAAATTCTGGACCG-1,655,24,34,487
AGGAATAAGAGCATTA-1,52,5669,349,1966
AGGAATAAGAGGGCGA-1,7733,62,485,2865
AGGAATAAGAGGTTAT-1,42,4238,316,1664
AGGAATAAGAGTTCGG-1,15908,85,1040,4454
AGGAATACACTGTGAT-1,15697,120,770,4264
AGGAATACAGAAGTGC-1,9995,89,573,3825
AGGAATACATCCGCGA-1,1200,228,94,904
AGGAATAGTCACAGAG-1,7020,77,348,2780
AGGAATAGTTTGCAGT-1,19,5095,2,1386
AGGAATATCGCCTATC-1,781,1977,188,1433
AGGACGAAGATTAGTG-1,65,8554,516,2906
AGGACGACAAATAGCA-1,129,2134,175,1062
AGGACGACACATACTG-1,45,10754,939,3137
AGGACGACACGACGTC-1,44,6149,569,2242
AGGACGAGTAAGCAAT-1,78,10577,790,3230
AGGACGAGTTATAGCC-1,408,111,57,430
AGGACGATCTCCTGTG-1,38,6894,737,2300
AGGACTTAGATGGCAC-1,77,11219,513,3235
AGGACTTAGTAGCCAG-1,17296,109,993,4545
AGGACTTCACAGAGCA-1,44,7320,592,2592
AGGACTTCACGACCTG-1,6376,41,437,2648
AGGACTTCATGAAAGT-1,6994,41,340,2669
AGGACTTGTCACATTG-1,698,993,72,1106
AGGACTTTCCATCTCG-1,75,12344,888,3681
AGGACTTTCTTCTGGC-1,3419,43,494,1652
AGGAGGTAGTATGAGT-1,43,6309,372,2041
AGGAGGTAGTCATCCA-1,66,8498,642,2614
AGGAGGTAGTCGCCCA-1,58,7685,578,2411
AGGAGGTCAACACGTT-1,556,17,12,424
AGGAGGTCACCAGCGT-1,1434,5,174,786
AGGAGGTCAGAACGCA-1,321,1659,282,949
AGGAGGTGTCCCACGA-1,43,7034,692,2349
AGGAGGTGTGAATATG-1,729,13,39,530
AGGAGGTGTTGGCTAT-1,50,6409,663,2163
AGGAGGTTCACTTCTA-1,878,13,37,569
AGGAGGTTCTTCACGC-1,1360,258,70,1032
AGGATAAAGCGATGAC-1,5559,57,302,2507
AGGATAACAATGACCT-1,45,5409,453,1969
AGGATAACAGACAATA-1,9399,75,560,3452
AGGATAACAGAGCCCT-1,80,10066,634,3247
AGGATAACATGACGTT-1,48,5430,384,2263
AGGATAAGTTCGGCGT-1,28,4189,286,1718
AGGATAAGTTTCACTT-1,13,2992,165,1287
AGGATAATCCATAGGT-1,11515,79,565,3885
AGGATCTAGCGAGAAA-1,40,5108,380,1997
AGGATCTAGGAATTAC-1,59,5219,292,2230
AGGATCTAGGTTCACT-1,50,7063,507,2379
AGGATCTAGTTGGAAT-1,16,3387,297,1460
AGGATCTCAAATTGGA-1,32,6597,631,2276
AGGATCTCACAGTATC-1,43,1546,70,878
AGGATCTCAGCTACAT-1,10482,83,560,3840
AGGATCTCAGGACTTT-1,64,8411,637,2778
AGGATCTCATATGCGT-1,8004,42,332,3065
AGGATCTCATTCAGGT-1,7859,37,521,3063
AGGATCTGTCACTGAT-1,21,1942,137,1010
AGGATCTGTGCGGATA-1,73,11116,734,3246
AGGATCTGTGTTACAC-1,16399,99,727,4878
AGGATCTTCGTGCAGC-1,1139,67,90,781
AGGCATTAGAAATCCA-1,35,5259,394,1960
AGGCATTAGAGAGTTT-1,2956,21,6,1238
AGGCATTAGGTGCATG-1,7725,78,579,3255
AGGCATTCAACCCTCT-1,18,2382,40,1088
AGGCATTCACGCACCA-1,582,30,30,473
AGGCATTGTACAGTTC-1,47,8672,545,3000
AGGCATTGTACCAGAG-1,11325,92,761,3701
AGGCATTGTACGACTT-1,13960,78,823,4014
AGGCATTGTCCGATCG-1,620,319,67,700
AGGCATTTCAAGCCCG-1,1153,337,109,993
AGGCATTTCCCGAATA-1,648,7,17,483
AGGCATTTCGAGCCAC-1,71,12203,777,3438
AGGCCACAGATGCAGC-1,1044,255,44,934
AGGCCACAGGACAGCT-1,2765,19,1,1103
AGGCCACAGGCCCACT-1,51,6957,477,2451
AGGCCACAGTTAGAAC-1,1213,63,64,785
AGGCCACCAACCACAT-1,1715,233,68,1188
AGGCCACCAATCCTTT-1,52,5623,376,1920
AGGCCACCACGGCGTT-1,1154,230,80,883
AGGCCACCATGAAAGT-1,1566,8,4,909
AGGCCACGTATTGACC-1,30,6943,413,2362
AGGCCACGTCTTCCGT-1,5,1246,0,629
AGGCCACGTGCAGGAT-1,350,1530,97,999
AGGCCACGTTACCTTT-1,22,4112,228,1604
AGGCCACTCAAAGCCT-1,13,885,48,565
AGGCCACTCATCTACT-1,37,6374,503,2336
AGGCCACTCATTCACT-1,319,349,17,535
AGGCCACTCCGTGCGA-1,37,6499,557,2125
AGGCCACTCCTATTTG-1,74,8979,418,3223
AGGCCACTCGCCTAGG-1,5613,515,453,2331
AGGCCACTCGGACCAC-1,391,1019,57,961
AGGCCACTCGGCATAT-1,999,263,54,892
AGGCCACTCTTCACAT-1,9763,67,486,3466
AGGCTGCCACAGAGCA-1,66,8826,739,2858
AGGCTGCCACCCTTAC-1,93,12173,448,3643
AGGCTGCCAGCTTCCT-1,96,13758,768,3921
AGGCTGCCATATACCG-1,493,1035,42,995
AGGCTGCCATCATCTT-1,258,2085,123,1227
AGGCTGCGTACAAGCG-1,434,4315,341,1985
AGGCTGCTCTCACCCA-1,370,136,15,428
AGGGAGTAGCAGGCTA-1,206,2206,293,1111
AGGGAGTAGCAGGGAG-1,46,6307,282,2183
AGGGAGTCAAACGGCA-1,38,4840,390,1778
AGGGAGTCACAAGCTT-1,869,6,62,576
AGGGAGTCATACATCG-1,11625,62,863,3427
AGGGAGTCATGACCCG-1,1934,374,155,1324
AGGGAGTCATTGCTTT-1,1422,160,85,991
AGGGAGTGTCCCGCAA-1,544,12,1,414
AGGGAGTGTCTAACTG-1,6285,49,381,2605
AGGGAGTGTGCCGAAA-1,13927,73,692,4034
AGGGAGTTCGAAGAAT-1,8891,60,581,3517
AGGGAGTTCGTAGAGG-1,47,5929,322,2339
AGGGAGTTCTTCCGTG-1,8321,66,647,2997
AGGGCCTAGATCCGAG-1,11145,57,698,3414
AGGGCCTAGGAACGTC-1,1609,200,180,1016
AGGGCCTAGGCCTTGC-1,71,10237,647,3162
AGGGCCTAGGTAACTA-1,15770,110,860,4532
AGGGCCTCAGAGTGAC-1,4058,1841,341,2674
AGGGCCTCAGTCGAGA-1,38,7033,455,2341
AGGGCCTTCTACCACC-1,40,7980,512,2638
AGGGCCTTCTCGGGAC-1,10,1170,99,646
AGGGCCTTCTGCGTCT-1,68,7155,732,2624
AGGGCCTTCTTAGCTT-1,12770,84,720,4059
AGGGCTCAGCTCCGAC-1,85,1326,97,800
AGGGCTCAGTTTAGGA-1,1493,16,99,870
AGGGCTCCAAGTAGTA-1,70,6611,563,2369
AGGGCTCCAGAGTGTG-1,532,8,23,450
AGGGCTCCAGCTTTCC-1,530,346,32,664
AGGGCTCTCGAGCCAC-1,8724,50,433,3316
AGGGCTCTCGCTCTAC-1,7321,67,433,3103
AGGGCTCTCTGCTCTG-1,13765,94,727,4146
AGGGTCCAGCACTAGG-1,1363,239,108,962
AGGGTCCAGTGGTCAG-1,24805,164,1957,6238
AGGGTCCCAACGTATC-1,13372,105,955,4159
AGGGTCCCACGGTCTG-1,10054,52,443,3691
AGGGTCCCACTGCATA-1,213,318,13,435
AGGGTCCGTGTTATCG-1,6038,25,0,1677
AGGGTCCTCAGGTGTT-1,878,464,191,882
AGGGTCCTCGAACGCC-1,664,235,38,699
AGGGTCCTCTAAACGC-1,755,52,38,570
AGGGTCCTCTCAATCT-1,9573,69,561,3450
AGGGTGAAGTAGCCAG-1,67,15070,616,3684
AGGGTGACACCCAAGC-1,15005,77,883,4207
AGGGTGACAGCAGTCC-1,67,10071,676,3017
AGGGTGACAGTGCGCT-1,630,143,26,591
AGGGTGAGTATGCGGA-1,1360,326,147,1055
AGGGTGAGTCAGTCCG-1,23,3277,289,1544
AGGGTGAGTCGCAACC-1,12,603,13,428
AGGGTGAGTTGGGTAG-1,61,6935,369,2367
AGGGTGATCAACGCTA-1,12237,72,735,4006
AGGGTGATCACATTGG-1,11784,81,818,3818
AGGGTGATCACGGGAA-1,6,1412,305,717
AGGGTGATCCACGGGT-1,6548,47,440,2736
AGGGTGATCCAGTACA-1,17658,209,905,5332
AGGGTGATCGAGGCAA-1,3376,25,234,1808
AGGGTGATCTTTCAGT-1,57,7783,698,2781
AGGGTTTAGGATCACG-1,47,6993,285,2531
AGGGTTTCAACAAGAT-1,22,5151,534,1798
AGGGTTTCACGCACCA-1,42,7854,505,2742
AGGGTTTCATCACGGC-1,132,948,84,699
AGGGTTTCATGAGTAA-1,15,1354,84,747
AGGGTTTCATGGAAGC-1,86,9435,687,3102
AGGGTTTGTGACTGTT-1,52,10430,557,2988
AGGGTTTGTGGCCCAT-1,7988,78,508,3225
AGGGTTTGTGTGTCGC-1,32,5402,390,2074
AGGGTTTGTTCGTAAC-1,2240,890,258,1585
AGGGTTTTCATCACTT-1,64,7573,538,2798
AGGTAGGAGACTGGGT-1,589,6026,422,2618
AGGTAGGAGGGAGAAT-1,2462,147,117,1289
AGGTAGGAGTAAACTG-1,5946,54,581,2504
AGGTAGGAGTATCCTG-1,23,4003,733,1566
AGGTAGGAGTGGTGGT-1,9087,66,844,3144
AGGTAGGCACCAAATC-1,14738,99,817,4502
AGGTAGGGTTGTTGAC-1,44,7828,576,2426
AGGTAGGTCACGAACT-1,46,7658,672,2640
AGGTAGGTCACTTATC-1,319,311,29,507
AGGTAGGTCGTTCAGA-1,48,9670,698,2977
AGGTCATCAAAGGCAC-1,11,754,42,526
AGGTCATCATAATGCC-1,796,2330,147,1560
AGGTCATGTACAGGTG-1,43,6009,372,2010
AGGTCATGTCTAATCG-1,55,4715,307,1808
AGGTCATGTTGGACTT-1,2078,100,60,1301
AGGTCATGTTTCCATT-1,2048,362,251,1230
AGGTCATTCACCTCTG-1,91,8384,429,3174
AGGTCATTCTAGCCAA-1,12,3108,181,678
AGGTCATTCTCTGCCA-1,1247,380,90,1086
AGGTCTACAAGTAGTA-1,11336,101,816,3773
AGGTCTACACAGACGA-1,60,11061,531,3205
AGGTCTACACGACGCT-1,154,628,24,568
AGGTCTACAGTCTTCC-1,678,305,42,739
AGGTCTACATGACAGG-1,8460,62,492,3198
AGGTCTAGTACGATCT-1,722,24,70,493
AGGTCTAGTATCAGGG-1,28,4916,283,1935
AGGTCTAGTCCTGGTG-1,43,5710,379,2068
AGGTCTAGTGCCTTCT-1,9254,73,489,3475
AGGTCTATCACGGAGA-1,10134,166,768,3688
AGGTCTATCCGATGTA-1,1561,337,186,1110
AGGTCTATCGACGATT-1,36,5086,489,1950
AGGTCTATCGGTTAGT-1,52,9116,585,3068
AGGTCTATCTAACACG-1,28,2703,245,1291
AGGTGTTAGACTTAAG-1,884,4,50,604
AGGTGTTAGGTACCTT-1,66,10921,511,3070
AGGTGTTCAAGACGGT-1,35,5204,519,1880
AGGTGTTCACCCTAGG-1,43,6468,526,2161
AGGTGTTCAGACGGAT-1,36,4631,317,1777
AGGTGTTCATGGCCCA-1,1333,7,98,803
AGGTGTTCATTGCCTC-1,209,1013,51,810
AGGTGTTGTAGGCTGA-1,58,7059,544,2342
AGGTGTTGTCGGTAAG-1,29,5533,286,1986
AGGTGTTTCTTCCCAG-1,59,8792,575,2800
AGGTTACAGCTGACTT-1,1256,7,100,732
AGGTTACAGGCGCTTC-1,13044,122,744,4023
AGGTTACCAAACTCGT-1,46,6194,339,2442
AGGTTACCACGTGAGA-1,27,3845,243,1583
AGGTTACGTTATGGTC-1,793,212,68,726
AGGTTACGTTTCGATG-1,8398,53,521,3202
AGGTTACTCGCCAATA-1,58,11230,598,2900
AGGTTGTAGGCAGCTA-1,32,7153,478,2297
AGGTTGTCACAAGCCC-1,13083,78,795,4168
AGGTTGTCATGTGTCA-1,70,10471,765,3220
AGGTTGTGTAGTCTGT-1,31,4597,648,1777
AGGTTGTTCACAGAGG-1,38,4199,299,1793
AGGTTGTTCTTGGTCC-1,401,146,22,444
AGTAACCAGCAAGTCG-1,49,6887,571,2476
AGTAACCAGCGACCCT-1,112,18183,1077,4405
AGTAACCAGGTATAGT-1,47,5118,318,1882
AGTAACCCAAGGTACG-1,4520,40,505,2176
AGTAACCCACCTCGTT-1,2472,615,123,1639
AGTAACCCAGAGTCAG-1,8619,53,415,3143
AGTAACCCAGGTCCCA-1,16,537,41,397
AGTAACCCATGACGGA-1,969,153,58,755
AGTAACCCATTCCTAT-1,146,1307,83,875
AGTAACCGTGCTCGTG-1,4441,38,115,1974
AGTAACCGTTCCGTTC-1,109,881,42,639
AGTAACCGTTTACACG-1,1509,24,110,869
AGTAACCTCAAGGTGG-1,15573,104,565,4570
AGTAACCTCTTGATTC-1,31,6470,275,2374
AGTACCAAGATAGTGT-1,72,7027,449,2525
AGTACCAAGATGACAT-1,29307,5079,2434,8117
AGTACCACACCCGTAG-1,46,9250,695,3053
AGTACCACATAGATGA-1,7450,55,577,2783
AGTACCAGTACCTTCC-1,9022,65,578,3232
AGTACCAGTCAGATTC-1,354,1571,101,1052
AGTACCATCGTCAAAC-1,775,203,39,703
AGTACTGAGGTTCATC-1,86,6276,511,2500
AGTACTGAGTCTCCTC-1,14,2640,154,1163
AGTACTGCAAATGCGG-1,2605,20,125,1336
AGTACTGCACACCAGC-1,2673,533,240,1617
AGTACTGCACTATGTG-1,1982,395,227,1259
AGTACTGCAGCTGAGA-1,363,207,27,477
AGTACTGCAGGATTCT-1,899,17,34,636
AGTACTGCAGTAGAGC-1,4354,91,282,2092
AGTACTGCAGTTGAAA-1,51,1060,66,674
AGTACTGCATACAGGG-1,368,1729,208,1009
AGTACTGGTCATCACA-1,36,5949,473,1993
AGTACTGGTCATCCCT-1,1750,340,126,1237
AGTACTGGTCATGGCC-1,475,361,31,651
AGTACTGGTTCGGCTG-1,76,10151,573,3068
AGTACTGTCAGCGTCG-1,7201,52,546,2771
AGTAGCTAGCTAGTTC-1,51,6448,493,2342
AGTAGCTAGCTTCATG-1,51,6787,494,2448
AGTAGCTCAATGCAGG-1,1954,148,169,1118
AGTAGCTCAGGGTCTC-1,824,123,60,710
AGTAGCTCAGTACTAC-1,92,9952,746,3080
AGTAGCTCATACCATG-1,8985,54,431,3401
AGTAGCTGTCGATGCC-1,16851,5141,1420,6089
AGTAGCTGTGCACGCT-1,24,3402,146,1546
AGTAGCTGTTACCGTA-1,61,6152,637,2201
AGTAGCTTCTGACCCT-1,627,683,70,909
AGTAGTCAGAATCGCG-1,46,5618,318,2077
AGTAGTCAGCATCCCG-1,187,1519,144,959
AGTAGTCCACTGGCCA-1,9393,48,532,3017
AGTAGTCCATTCTGTT-1,1215,186,139,865
AGTAGTCGTAACATAG-1,33,4772,436,1702
AGTAGTCGTACGCTAT-1,103,1236,153,778
AGTAGTCGTTTGAAAG-1,3796,27,448,1907
AGTAGTCTCATGCGGC-1,58,7165,470,2192
AGTAGTCTCCTACACC-1,67,8841,639,2772
AGTAGTCTCGACGATT-1,44,5293,440,1900
AGTAGTCTCGCATTAG-1,916,12,86,626
AGTCAACAGTTGTCAC-1,53,7803,486,2427
AGTCAACCAGGAATCG-1,549,175,45,560
AGTCAACCATGAAGGC-1,999,147,145,764
AGTCAACGTACGGTTT-1,47,6661,322,2302
AGTCAACGTTCTCCAC-1,1009,23,76,658
AGTCAACGTTTACTTC-1,2536,464,100,1527
AGTCAACTCGCTGCGA-1,183,1807,94,972
AGTCAACTCGGCCAAC-1,3575,290,236,1728
AGTCAACTCGGCGATC-1,47,6035,448,2071
AGTCACAAGACGGAAA-1,14,3248,324,1385
AGTCACAAGCCATGCC-1,1669,1938,97,1781
AGTCACAAGCTAAATG-1,8068,74,405,2879
AGTCACACAAGGGCAT-1,13348,97,985,4368
AGTCACACAGTGTGCC-1,10,567,36,410
AGTCACACATATTCGG-1,11573,108,855,3995
AGTCACACATCGATCA-1,687,9,24,477
AGTCACACATTGACCA-1,43,8068,357,2623
AGTCACAGTCACTTAG-1,10154,81,545,3768
AGTCACATCCTCTTTC-1,724,410,43,835
AGTCACATCGTGGGTC-1,19427,120,1383,5338
AGTCATGAGCAACAGC-1,30,5947,441,2214
AGTCATGAGGATACCG-1,26,2663,268,1252
AGTCATGAGTTTCGAC-1,13099,81,718,3924
AGTCATGCAACCGCCA-1,1407,375,58,1114
AGTCATGCAACCGTGC-1,537,1692,158,1227
AGTCATGCAATAACCC-1,59,9102,516,2742
AGTCATGCATCCTAAG-1,28,4865,445,1612
AGTCATGGTACCTGTA-1,37,6726,331,2383
AGTCATGGTACGGTTT-1,31,4565,386,1872
AGTCATGGTCCATACA-1,1466,25,111,890
AGTCTCCAGAGTTCGG-1,6310,45,489,2555
AGTCTCCAGCCTCCAG-1,1437,17,51,808
AGTCTCCAGCTGGCCT-1,547,65,20,492
AGTCTCCGTACGACTT-1,43,6736,541,2251
AGTCTCCGTCGTTGGC-1,24,5713,467,2064
AGTCTCCGTCTAATCG-1,1823,145,133,1151
AGTCTCCGTTCGGACC-1,1269,454,131,1084
AGTCTCCTCAACTTTC-1,794,5,29,525
AGTCTCCTCCTTGACC-1,7896,65,487,3191
AGTCTCCTCTCGACCT-1,612,32,17,484
AGTCTCCTCTTTCGAT-1,3616,21,172,1830
AGTGACTAGTATGCAA-1,70,9702,880,2780
AGTGACTCAAATCGTC-1,13,1561,111,766
AGTGACTCAACGACTT-1,59,6031,563,2116
AGTGACTCACTTCCTG-1,66,9004,652,3046
AGTGACTGTAACAGTA-1,8215,66,486,2925
AGTGACTGTAACTAAG-1,19088,97,616,4701
AGTGACTGTCATCTAG-1,54,4358,396,1839
AGTGACTGTGAGATTA-1,78,11247,577,3250
AGTGACTGTTGCCAAT-1,572,1776,95,1324
AGTGACTGTTTGTGGT-1,8636,87,654,3117
AGTGACTTCACTTTGT-1,70,7965,522,2800
AGTGACTTCCCTCTCC-1,8962,111,530,3465
AGTGACTTCGAGAGCA-1,49,4606,528,1819
AGTGATCAGAGGCGTT-1,4637,13,24,1585
AGTGATCAGGCATTTC-1,8742,89,582,3432
AGTGATCAGGTGGCTA-1,43,5982,458,2135
AGTGATCAGTGGAAAG-1,49,7545,588,2523
AGTGATCAGTGTTCCA-1,452,127,22,494
AGTGATCCACAACCGC-1,8,1661,49,790
AGTGATCCACTGAGTT-1,91,14540,899,3626
AGTGATCCAGCGAGTA-1,68,12522,799,3537
AGTGATCGTATTGACC-1,38,4967,400,1795
AGTGATCGTTTGCAGT-1,143,1011,87,734
AGTGATCTCGACCCAG-1,50,624,30,484
AGTGATCTCTCTCGCA-1,41,5180,350,2047
AGTGCCGCACTTTATC-1,33,6553,362,2376
AGTGCCGCAGTTCTAG-1,22,792,23,530
AGTGCCGGTGATAGTA-1,14890,201,1177,4638
AGTGCCGGTTCCTTGC-1,13045,66,670,3963
AGTGCCGTCATTTGCT-1,13095,82,707,4061
AGTGCCGTCCGGCAAC-1,117,10050,874,3188
AGTGCCGTCCTAGCTC-1,7994,56,397,3362
AGTGCCGTCGCCTTTG-1,11613,87,987,3748
AGTGCCGTCTGTTCAT-1,479,152,28,499
AGTGTTGAGCATCCTA-1,18,563,8,402
AGTGTTGAGTCTCCTC-1,78,8041,608,2845
AGTGTTGCAACCACAT-1,26,6063,252,2291
AGTGTTGCAATGGCAG-1,50,5308,369,1929
AGTGTTGCAATGTTGC-1,66,7246,346,2648
AGTGTTGGTAGCGTTT-1,736,7,4,493
AGTGTTGGTAGCTTAC-1,36,5475,289,2192
AGTGTTGGTATACCCA-1,10419,79,742,3647
AGTGTTGGTCGTCATA-1,6,1588,131,351
AGTGTTGGTTGCCGAC-1,31,8681,843,2581
AGTGTTGTCAACTTTC-1,1914,253,261,1132
AGTGTTGTCACTACTT-1,11,1207,116,660
AGTGTTGTCGCTTACC-1,9975,74,743,3441
AGTTAGCAGATGGGCT-1,46,5569,576,1832
AGTTAGCAGCAGCAGT-1,71,7817,496,2864
AGTTAGCAGGACGCTA-1,1485,187,103,1036
AGTTAGCCAAATGAGT-1,16484,100,785,4364
AGTTAGCGTAGTACGG-1,46,8164,380,2604
AGTTAGCGTCGTCAGC-1,5446,18,387,2336
AGTTCCCAGCCACAAG-1,998,107,47,780
AGTTCCCGTGTCATTG-1,28,2578,226,1243
AGTTCCCGTGTGCCTG-1,496,82,33,450
AGTTCCCGTTCTCGTC-1,1073,75,90,728
AGTTCCCTCGAGATAA-1,67,5959,519,2151
AGTTCGAAGGCCTTCG-1,36,3583,323,1620
AGTTCGAAGGTCGCCT-1,12868,53,634,3671
AGTTCGAAGTAAAGCT-1,38,4681,278,1952
AGTTCGAAGTCGGCAA-1,88,16648,1050,3810
AGTTCGAAGTGCACCC-1,73,8858,507,2905
AGTTCGACAATAGGGC-1,67,6711,440,2714
AGTTCGACACTCCTGT-1,269,7507,484,2783
AGTTCGAGTATGTCAC-1,47,7683,573,2664
AGTTCGATCACGATAC-1,6256,68,397,2683
AGTTCGATCCAACCAA-1,688,5,0,489
AGTTCGATCTGCTGAA-1,407,146,33,462
AGTTCGATCTGTGTGA-1,19,3960,159,1690
AGTTCGATCTTGTTAC-1,11345,110,730,3925
ATACCGACAAATTGCC-1,16,2192,38,1252
ATACCGACAAGTTTGC-1,449,566,35,770
ATACCGACACGCGTGT-1,34,4840,476,1877
ATACCGACACTACACA-1,11623,105,726,3989
ATACCGAGTGATTGGG-1,46,5332,451,1906
ATACCGAGTGCCGTAC-1,55,6695,402,2541
ATACCGAGTGTTTCTT-1,42,5894,355,2217
ATACCGAGTTCATCTT-1,9443,62,594,3450
ATACCGAGTTCCCACT-1,81,9948,518,3162
ATACCGAGTTGCGGAA-1,61,7576,602,2695
ATACCGATCACAATGC-1,1200,285,27,989
ATACCGATCGAGATAA-1,60,5015,373,1813
ATACCTTAGAATACAC-1,1489,18,64,952
ATACCTTAGCACTGGA-1,651,641,76,921
ATACCTTCAATACAGA-1,550,170,64,576
ATACCTTCAGGTACGA-1,22,1251,97,743
ATACCTTCATTGCCGG-1,330,179,29,437
ATACCTTGTATGGAGC-1,92,11378,731,3279
ATACCTTGTCGCGTCA-1,52,7315,351,2712
ATACCTTGTGAGGAAA-1,67,12023,732,3310
ATACCTTGTGAGTAAT-1,34,6912,426,2433
ATACCTTGTGATACAA-1,43,6635,407,2425
ATACCTTGTGGTAACG-1,2014,659,197,1507
ATACCTTGTTATGACC-1,459,1933,80,1263
ATACCTTGTTCCCACT-1,1340,678,62,1252
ATACCTTTCCGCACTT-1,7208,55,763,3178
ATACTTCAGTGTAGAT-1,1795,183,99,1157
ATACTTCCAATCCTAG-1,57,4786,377,1840
ATACTTCCACAAGTTC-1,642,4,12,534
ATACTTCCACTCACTC-1,38,1340,24,811
ATACTTCCAGAATCGG-1,9611,68,473,3357
ATACTTCCAGACCGCT-1,1284,642,88,1270
ATACTTCGTACGAAAT-1,6631,65,305,2721
ATACTTCGTCCACTTC-1,574,130,29,550
ATACTTCGTGAAAGTT-1,72,9378,546,3048
ATACTTCTCATGTCAG-1,1420,419,116,1169
ATACTTCTCCACACCT-1,11,545,17,381
ATACTTCTCCGTAGTA-1,405,1537,111,1118
ATACTTCTCGAGAACG-1,827,69,72,621
ATACTTCTCTATTCGT-1,997,433,43,981
ATACTTCTCTCCTGTG-1,3538,283,100,1944
ATAGACCAGGAGCAAA-1,16185,111,1092,4749
ATAGACCAGGGCAATC-1,33,4712,315,1773
ATAGACCAGTAACGTA-1,802,83,22,629
ATAGACCAGTTCGCAT-1,11543,74,729,3901
ATAGACCCAAGGTCAG-1,346,280,12,504
ATAGACCCACAAATAG-1,80,8908,549,3065
ATAGACCCACCATAAC-1,11276,76,468,3927
ATAGACCCACTGCTTC-1,117,15232,985,4033
ATAGACCCAGAAGCTG-1,12141,66,575,3749
ATAGACCCAGTTGTTG-1,9580,59,580,3591
ATAGACCGTCAAGCCC-1,779,14,4,546
ATAGACCGTCGGCTAC-1,9690,56,554,3353
ATAGACCGTGGATCGA-1,33,5963,380,2183
ATAGACCTCAGAACCT-1,3711,36,228,1723
ATAGACCTCCGAGCTG-1,45,8937,422,2881
ATAGACCTCTTAGCAG-1,44,6760,697,2202
ATAGAGAAGGATCACG-1,9274,163,611,3461
ATAGAGAAGGCTCAAG-1,11363,94,732,3952
ATAGAGACAATGAACA-1,212,1486,86,955
ATAGAGACACAAGGTG-1,65,6416,529,2474
ATAGAGACACCCGTAG-1,43,4969,275,2072
ATAGAGACAGTCTCTC-1,1249,495,102,1132
ATAGAGACATCTAGAC-1,54,6429,579,2256
ATAGAGAGTCGAATGG-1,26,4515,990,1868
ATAGAGAGTCGGCCTA-1,47,4552,470,1809
ATAGAGAGTGACCTGC-1,54,6918,283,2279
ATAGAGAGTGCTCCGA-1,45,9387,571,2958
ATAGAGAGTTACCCAA-1,6926,44,327,2444
ATAGAGATCCACGGGT-1,52,7226,424,2450
ATAGAGATCTCCGCAT-1,10276,47,452,3287
ATAGGCTAGATCCGAG-1,54,6334,408,2485
ATAGGCTAGCTGAAGC-1,38,5569,406,2005
ATAGGCTAGGATGTTA-1,1105,7,0,630
ATAGGCTCAATCTCTT-1,493,387,23,660
ATAGGCTCACATATCG-1,12,1306,78,709
ATAGGCTCAGGACAGT-1,10561,82,661,3442
ATAGGCTGTAACGTTC-1,46,9619,716,3190
ATAGGCTGTGGAAATT-1,67,570,27,458
ATAGGCTGTGTCCGGT-1,34,4859,367,1908
ATAGGCTTCACTCCGT-1,568,510,40,791
ATAGGCTTCGACATAC-1,43,5282,394,2142
ATAGGCTTCTCTATAC-1,12,729,37,487
ATATCCTAGAAAGCGA-1,10283,87,651,3468
ATATCCTAGAGTATAC-1,5558,29,250,2536
ATATCCTAGCACAAAT-1,15,1247,92,720
ATATCCTCACAGTCAT-1,11080,77,589,3833
ATATCCTCACCCTAAA-1,88,9751,450,3505
ATATCCTCACCGCTAG-1,208,608,21,592
ATATCCTCATTAAGCC-1,45,8508,515,2850
ATATCCTGTAGCTGCC-1,1364,23,65,890
ATATCCTGTCCGGATC-1,9929,75,313,3308
ATATCCTGTGCGACAA-1,878,13,33,602
ATATCCTGTTGCGTAT-1,89,629,30,503
ATATCCTTCCCATAGA-1,7136,306,532,3076
ATATCCTTCGAAATCC-1,493,126,32,475
ATATCCTTCTCCGATC-1,1227,224,63,977
ATATCCTTCTGCTAGA-1,116,1067,55,739
ATATCCTTCTTTCCGG-1,27,5656,194,2235
ATCACAGAGAAAGCGA-1,45,5898,451,2001
ATCACAGAGACGCCCT-1,393,1708,59,1218
ATCACAGAGCCTAACT-1,9554,77,739,3391
ATCACAGAGGCCTAGA-1,8703,73,517,3456
ATCACAGCAAAGCACG-1,89,13564,949,3943
ATCACAGCAACATCGT-1,51,7440,613,2468
ATCACAGCAATCCAGT-1,486,239,12,596
ATCACAGCACTCCCTA-1,557,613,17,876
ATCACAGCAGTTAGGG-1,537,10,36,414
ATCACAGCATGCGGTC-1,9137,67,520,3308
ATCACAGGTAGCCCTG-1,41,8079,474,2770
ATCACAGGTATCGCAT-1,38,5093,323,2021
ATCACAGGTCATGCAT-1,62,10050,504,3227
ATCACAGTCACCATAG-1,376,570,52,687
ATCACAGTCACCATGA-1,68,6743,368,2605
ATCACAGTCCGTGCGA-1,1579,11,2,836
ATCACGAAGTTGCCCG-1,9357,63,759,3345
ATCACGACAATGGCCC-1,14122,71,638,4182
ATCACGACACGAGAAC-1,20,868,39,570
ATCACGACACGTCGTG-1,57,9608,434,2744
ATCACGAGTCGCATGC-1,2537,834,153,1799
ATCACGAGTCGGCTAC-1,1025,15,81,653
ATCACGAGTTTCGGCG-1,667,445,44,799
ATCACGATCCCTTCCC-1,368,1337,62,1026
ATCACTTAGGATTTGA-1,4600,17,295,1905
ATCACTTCAAATACAG-1,60,6523,405,2242
ATCACTTCACAAGCTT-1,9198,64,350,3473
ATCACTTCACGCGCTA-1,2804,1027,106,2079
ATCACTTCATACCGTA-1,115,16369,930,4306
ATCACTTCATGGCTAT-1,83,8236,535,3053
ATCACTTGTACAAACA-1,397,524,12,693
ATCACTTGTACTAACC-1,19,1255,26,725
ATCACTTGTAGATGTA-1,6196,52,320,2404
ATCACTTGTCTACATG-1,17,1786,84,886
ATCACTTGTCTTCCGT-1,74,9107,506,3164
ATCACTTTCACAAGGG-1,795,10,20,578
ATCACTTTCTATACTC-1,239,799,42,722
ATCAGGTAGTATCCTG-1,756,19,66,540
ATCAGGTCATATGCGT-1,51,7321,648,2396
ATCAGGTGTTCCGGTG-1,66,10083,583,3393
ATCAGGTGTTGGCCGT-1,1223,12,152,716
ATCAGGTTCCCATAGA-1,11171,143,857,3874
ATCAGGTTCCTACGAA-1,18197,88,986,4902
ATCAGGTTCGCTTTAT-1,266,316,25,483
ATCATTCAGACTCCGC-1,3019,205,117,1628
ATCATTCAGGCATCTT-1,50,8898,394,2976
ATCATTCAGGCCACTC-1,8,1132,41,665
ATCATTCAGTCACACT-1,2185,392,214,1356
ATCATTCCAATACGAA-1,7646,71,368,3247
ATCATTCCAATGCAGG-1,55,8431,574,2562
ATCATTCCACAGTGAG-1,22,1541,79,783
ATCATTCCAGCATCTA-1,953,1345,98,1407
ATCATTCGTAACTTCG-1,6319,45,339,2642
ATCATTCGTATCCCTC-1,1349,447,82,1201
ATCATTCGTTCCGCAG-1,959,179,23,786
ATCATTCGTTCGTGCG-1,95,12538,664,3705
ATCATTCGTTGGACCC-1,15,1511,56,796
ATCATTCTCACATTGG-1,15,1684,85,781
ATCATTCTCCAACCGG-1,1922,63,115,1136
ATCATTCTCGCAATTG-1,5020,36,257,2345
ATCATTCTCTAGAACC-1,31,4143,361,1931
ATCATTCTCTGTCGCT-1,1128,104,32,804
ATCCACCAGAAGTCAT-1,31,5330,252,2250
ATCCACCAGGCATCAG-1,103,14164,788,3879
ATCCACCAGTCACACT-1,64,11867,533,3383
ATCCACCAGTGCCTCG-1,82,9315,399,2817
ATCCACCCAACTCATG-1,739,644,54,954
ATCCACCCATGTCAGT-1,52,7955,600,2578
ATCCACCGTGACTCTA-1,614,54,33,492
ATCCACCGTTAGAGTA-1,351,326,44,534
ATCCACCGTTCCGTTC-1,951,50,34,668
ATCCACCGTTGCATTG-1,302,1144,91,919
ATCCACCTCACAGTGT-1,10432,145,752,3598
ATCCACCTCGTAATGC-1,2219,97,126,1224
ATCCACCTCTCGGGAC-1,2080,8,117,1003
ATCCATTAGTAGCTCT-1,75,7708,458,2966
ATCCATTCAACTTGGT-1,533,1466,75,1238
ATCCATTCAATTTCTC-1,49,6479,375,2209
ATCCATTCACGTCTCT-1,10961,58,551,3706
ATCCATTCATGCCGAC-1,1478,183,60,1045
ATCCATTGTCGTATTG-1,744,264,35,774
ATCCATTGTGGATGAC-1,16549,112,833,4726
ATCCATTGTGGTCCCA-1,246,964,35,809
ATCCATTGTGTGTCCG-1,40,5482,341,2124
ATCCATTTCAACTTTC-1,90,2269,70,1202
ATCCATTTCGTCGACG-1,28,4353,306,1657
ATCCATTTCGTCTAAG-1,56,8921,367,3025
ATCCCTGCAAGACCTT-1,167,2066,75,1106
ATCCCTGGTCGCCTAG-1,15264,208,909,4873
ATCCCTGTCAGCCTTC-1,822,792,42,1100
ATCCGTCCAGAGTGTG-1,9506,62,804,3233
ATCCGTCGTTCCGCTT-1,29,5859,362,2004
ATCCGTCTCAGACTGT-1,618,16,23,459
ATCCGTCTCAGCAATC-1,8073,58,364,3334
ATCCGTCTCCCGTGTT-1,89,14067,517,3656
ATCCGTCTCCTCAGAA-1,36,1586,19,746
ATCCGTCTCCTGGCTT-1,18,1045,21,640
ATCCGTCTCGCCTTGT-1,684,772,30,984
ATCCGTCTCTACTGCC-1,98,667,22,539
ATCCGTCTCTCCGCAT-1,67,9426,389,3118
ATCCGTCTCTCTTGCG-1,6288,24,256,2271
ATCCTATAGCACTCGC-1,11,1447,194,389
ATCCTATAGCATACTC-1,1106,7,59,704
ATCCTATAGGTCACAG-1,11,2611,200,633
ATCCTATAGTGGCCTC-1,393,1001,71,938
ATCCTATCACGTACTA-1,2125,79,50,1218
ATCCTATCATGAAGCG-1,5753,22,1,1777
ATCCTATGTCACCGCA-1,314,233,33,440
ATCCTATGTCCACTTC-1,58,4711,437,1984
ATCCTATTCCTGGCTT-1,1293,29,37,850
ATCCTATTCGCCTTTG-1,10869,109,650,3996
ATCGATGAGGATTTCC-1,75,9797,566,3266
ATCGATGAGGTGCCAA-1,50,7000,443,2539
ATCGATGCAACATCGT-1,44,6293,547,2450
ATCGATGCATAGATCC-1,1640,108,109,1072
ATCGATGGTCCTTAAG-1,43,6863,456,2398
ATCGATGGTGAGGCAT-1,88,12912,678,3693
ATCGATGGTGCTCCGA-1,38,6242,444,2448
ATCGATGGTTCTATCT-1,12174,108,661,4025
ATCGATGTCGATGCTA-1,34,6732,566,2230
ATCGATGTCTAGGAAA-1,47,3137,2,865
ATCGCCTAGTCAACAA-1,56,9068,429,2865
ATCGCCTCACAAATGA-1,819,19,43,565
ATCGCCTCAGAACTCT-1,1794,531,83,1406
ATCGCCTGTATCGTTG-1,914,424,68,936
ATCGCCTGTCGGCACT-1,18,880,40,562
ATCGCCTGTGCTCCGA-1,12377,63,634,3978
ATCGCCTGTTCCGGTG-1,51,8296,572,2640
ATCGCCTGTTTGGAGG-1,2479,29,201,1333
ATCGCCTTCGAATCCA-1,1484,234,87,1075
ATCGCCTTCGAGAATA-1,702,4,16,492
ATCGCCTTCTCCGAGG-1,1070,15,0,670
ATCGGATAGTAACGTA-1,2128,9,2,982
ATCGGATCACCGGAAA-1,44,7447,486,2369
ATCGGATCATGACACT-1,545,2878,239,1625
ATCGGATGTCTGTCAA-1,730,132,63,610
ATCGGATGTGCCTATA-1,2477,34,205,803
ATCGGATTCTAGACAC-1,127,15578,821,3908
ATCGGATTCTTACCGC-1,209,1434,62,965
ATCGGCGAGGGCAACT-1,62,10618,757,3051
ATCGGCGCACCCAAGC-1,35,6739,511,2118
ATCGGCGCACTGGCCA-1,775,35,40,533
ATCGGCGCAGCATGCC-1,8331,64,537,2632
ATCGGCGCATAATGAG-1,27,5387,344,2034
ATCGGCGGTTCTCAGA-1,2179,21,574,1139
ATCGGCGTCAGCTGAT-1,1763,18,145,899
ATCGGCGTCGTTCTCG-1,24,5090,263,1858
ATCGGCGTCTTGCAGA-1,5252,39,267,2338
ATCGTAGCACCAGTTA-1,41,5639,413,2006
ATCGTAGCAGGAATAT-1,382,173,16,458
ATCGTAGGTAATGCTC-1,3265,27,92,1680
ATCGTAGGTACCTAAC-1,106,14541,938,3872
ATCGTAGTCAGATTGC-1,44,6303,560,2063
ATCGTAGTCGTAGCTA-1,12996,69,859,3786
ATCGTAGTCTCGTGGG-1,10155,63,416,3054
ATCGTAGTCTTCTTCC-1,17,2132,109,967
ATCGTCCAGACGCTCC-1,764,12,34,514
ATCGTCCAGGATATAC-1,83,10256,619,3292
ATCGTCCAGTCACACT-1,30,5025,207,2229
ATCGTCCCACAGGATG-1,153,1904,113,965
ATCGTCCCAGCGCGTT-1,71,5677,390,2002
ATCGTCCGTAAGCAAT-1,962,409,90,968
ATCGTCCGTCTGTCCT-1,17,4642,296,1683
ATCGTCCGTGCATCTA-1,1187,6,75,713
ATCGTCCGTGGAGAAA-1,46,7237,384,2482
ATCGTCCGTTGGACTT-1,329,1471,86,1025
ATCGTCCTCAGGAAAT-1,39,5803,374,2079
ATCGTCCTCGAGAGAC-1,30,5867,421,1987
ATCGTCCTCTAACACG-1,11,967,41,590
ATCGTCCTCTAACGCA-1,5759,7000,960,4804
ATCGTCCTCTAAGAAG-1,10216,69,666,3299
ATCGTCCTCTGTTCAT-1,53,5180,408,2145
ATCGTGAAGACATAAC-1,10217,66,672,3506
ATCGTGACAGAGGTTG-1,4385,19,0,1347
ATCGTGACATAGCTGT-1,215,698,63,651
ATCGTGACATGTCGTA-1,51,5265,358,1926
ATCGTGAGTACTCCCT-1,12914,95,642,4369
ATCGTGAGTATCAAGA-1,840,102,272,581
ATCGTGATCAGACCCG-1,2281,163,132,1420
ATCGTGATCAGAGTGG-1,18,1789,77,823
ATCGTGATCCATTGGA-1,11,1423,141,765
ATCGTGATCGTTCCCA-1,50,5386,353,1972
ATCGTGATCTAGCCTC-1,7821,56,298,2827
ATCTCTAAGAAATTGC-1,516,308,23,642
ATCTCTAAGCAAGTCG-1,5400,36,366,2278
ATCTCTAAGGGCAGAG-1,5876,52,320,2404
ATCTCTAAGGGCGAAG-1,2206,106,321,1118
ATCTCTAAGGGTTTCT-1,51,8643,582,2887
ATCTCTACACAATGAA-1,51,7745,476,2692
ATCTCTACACCTGCGA-1,65,4979,456,2078
ATCTCTACACGCAAAG-1,59,5227,349,2054
ATCTCTACACTTCATT-1,50,6820,466,2362
ATCTCTACATAGATCC-1,3948,386,272,1907
ATCTCTAGTATGGAGC-1,25,3067,252,1333
ATCTCTAGTCCAACGC-1,1447,16,1,790
ATCTCTAGTGATAGTA-1,34,4039,364,1505
ATCTCTAGTTGCTAGT-1,7842,46,578,2751
ATCTCTAGTTGGGATG-1,51,5812,478,2151
ATCTCTATCATTTCGT-1,37,5684,498,2174
ATCTCTATCTGTTCAT-1,439,2196,90,1445
ATCTCTATCTTTCAGT-1,33,6169,418,2100
ATCTTCAAGAAGCCTG-1,41,5526,379,2145
ATCTTCAAGCACAAAT-1,189,634,39,603
ATCTTCAAGGCGTTGA-1,690,1497,150,1301
ATCTTCAAGGTCACAG-1,52,6801,695,2399
ATCTTCACACATGGTT-1,15,3295,475,1655
ATCTTCACACGTTCGG-1,1242,156,59,912
ATCTTCACAGAGTTCT-1,832,8,24,567
ATCTTCACAGCTATTG-1,1931,148,106,1111
ATCTTCACAGCTGGTC-1,147,1881,106,1078
ATCTTCAGTCCCACGA-1,82,5241,378,2203
ATCTTCAGTCGTCATA-1,27,7994,456,2662
ATCTTCAGTTATCTGG-1,8403,87,617,3378
ATCTTCATCGTCGACG-1,2920,22,646,1540
ATCTTCATCTGCCTCA-1,160,1243,30,799
ATGAAAGCAACGACAG-1,10545,69,678,3744
ATGAAAGCAAGACAAT-1,68,5853,520,2267
ATGAAAGCAAGACGAC-1,18122,134,1477,5572
ATGAAAGCAGTCGCTG-1,4462,36,330,2104
ATGAAAGGTCAACCAT-1,48,7731,625,2539
ATGAAAGGTCTACGAT-1,765,13,32,549
ATGAAAGGTCTGATAC-1,738,141,49,654
ATGAAAGGTGTATACC-1,49,6964,419,2280
ATGAAAGGTGTCCAAT-1,55,6880,547,2404
ATGAAAGGTTAAACAG-1,93,6932,523,2599
ATGAAAGGTTTATGCG-1,49,9396,414,2782
ATGAAAGTCAAGGACG-1,441,90,16,440
ATGAAAGTCCCGGTAG-1,10344,57,768,3486
ATGACCAAGAAACACT-1,7269,66,547,2761
ATGACCAAGCATCAAA-1,10,606,26,416
ATGACCAAGCGTCTCG-1,38,10690,433,2998
ATGACCAAGTCCTGCG-1,494,122,21,491
ATGACCACAATACGCT-1,3831,30,90,1672
ATGACCACACACCTTC-1,8697,55,347,3271
ATGACCACACGACGCT-1,2109,492,96,1470
ATGACCAGTAGACGTG-1,53,5470,553,1933
ATGACCAGTCTGTGCG-1,555,29,35,433
ATGACCAGTGGATGAC-1,11380,76,837,3765
ATGACCATCCAATCTT-1,2314,167,106,1386
ATGACCATCCCTCAAC-1,27,2149,64,1067
ATGACCATCTCGAACA-1,33,6863,366,2622
ATGACCATCTGCGATA-1,13342,118,872,4364
ATGACCATCTGTAAGC-1,10402,95,660,3919
ATGAGGGAGTAGTCCT-1,9495,73,617,3171
ATGAGGGCACCGTCTT-1,67,13773,779,3582
ATGAGGGCACGCAGTC-1,8937,69,649,3418
ATGAGGGCATGCTGCG-1,9817,58,612,3249
ATGAGGGCATTGAAGA-1,37,6691,366,2401
ATGAGGGGTATGGGAC-1,53,9756,610,2965
ATGAGGGGTCACTAGT-1,54,5768,486,2173
ATGAGGGTCTACACTT-1,583,95,27,507
ATGAGTCAGAATACAC-1,2573,358,163,1515
ATGAGTCAGAGCCGAT-1,52,5592,482,2093
ATGAGTCAGCGGATCA-1,6905,68,389,2707
ATGAGTCAGTGGTTGG-1,44,7753,501,2630
ATGAGTCCAACCAGAG-1,501,102,18,482
ATGAGTCCAAGGCTTT-1,9852,60,460,3619
ATGAGTCCAATCCTTT-1,849,441,54,898
ATGAGTCCACCTGCTT-1,217,2462,59,1343
ATGAGTCCACGTATAC-1,881,95,35,633
ATGAGTCGTACGGCAA-1,33,4606,372,1662
ATGAGTCTCATTGAGC-1,1267,9,83,709
ATGAGTCTCCACATAG-1,7747,48,414,3251
ATGAGTCTCGGCCAAC-1,8778,43,634,3058
ATGATCGAGGCCACCT-1,1202,2161,123,1676
ATGATCGGTATGAAAC-1,10391,65,640,3618
ATGATCGGTGAGGCAT-1,47,8884,484,2739
ATGATCGGTTCTATCT-1,2620,23,74,1487
ATGATCGTCACTTGGA-1,31,4532,433,1710
ATGATCGTCTATGCCC-1,511,133,14,495
ATGCATGAGGTTCCGC-1,7156,37,497,2888
ATGCATGCAAAGGCGT-1,26,5412,236,1977
ATGCATGCAACGATTC-1,72,8872,233,3756
ATGCATGCACAACGTT-1,616,1946,86,1451
ATGCATGCAGGACATG-1,51,4684,214,1825
ATGCATGCATCTCCCA-1,11678,73,655,3866
ATGCATGGTAATTAGG-1,78,11160,777,3483
ATGCATGGTACGGGAT-1,12736,94,952,4056
ATGCATGGTATGGTAA-1,34,5489,304,1901
ATGCATGTCAAACCCA-1,898,337,37,869
ATGCATGTCACCTGTC-1,93,444,8,416
ATGCATGTCCATTCAT-1,18,1492,104,764
ATGCATGTCCGGACTG-1,4,2791,89,902
ATGCATGTCCTCAGAA-1,329,388,16,554
ATGCCTCAGAGCACTG-1,9,1263,62,756
ATGCCTCAGGCACCAA-1,37,8222,376,2600
ATGCCTCAGTGTCATC-1,17,625,36,443
ATGCCTCAGTTTCTTC-1,6871,55,330,3179
ATGCCTCCAACCCTAA-1,73,12989,604,3874
ATGCCTCCAAGCTACT-1,2736,24,144,1351
ATGCCTCCATACCGTA-1,6237,37,398,2352
ATGCCTCCATCCTTGC-1,60,6574,405,2508
ATGCCTCGTATGAAGT-1,5654,33,558,2420
ATGCCTCGTCCCACGA-1,91,12496,943,3788
ATGCCTCGTCTTGAAC-1,12159,83,807,4184
ATGCCTCTCACTGAAC-1,81,9692,587,3177
ATGCCTCTCCAACACA-1,171,1008,41,782
ATGCCTCTCCTGGGTG-1,674,16,28,503
ATGCCTCTCGAGTCTA-1,9,515,19,384
ATGCCTCTCTCCGCAT-1,389,200,12,470
ATGCGATCAACTCGTA-1,12927,92,619,4014
ATGCGATCAAGAGTGC-1,8325,66,309,2963
ATGCGATCAATGTGGG-1,7,946,64,557
ATGCGATGTAACTGCT-1,1447,12,58,844
ATGCGATGTAGAGTTA-1,44,5148,504,2006
ATGCGATGTCACTCGG-1,48,9058,780,2621
ATGCGATTCACAACCA-1,50,7296,465,2513
ATGCGATTCAGCTTGA-1,46,7843,582,2362
ATGCGATTCCACAGCG-1,503,71,23,456
ATGCGATTCCAGCTCT-1,7,1457,140,502
ATGCGATTCGCATTGA-1,56,4718,571,1726
ATGGAGGAGACTCCGC-1,774,10,2,546
ATGGAGGAGCCGTAAG-1,7393,49,695,2732
ATGGAGGAGCTCGACC-1,13,1346,146,731
ATGGAGGAGCTCGTGC-1,12440,47,602,3854
ATGGAGGCACTTTAGG-1,48,6530,381,2309
ATGGAGGGTACTTCCC-1,1550,369,163,1237
ATGGAGGGTGAATTAG-1,6283,49,709,2521
ATGGAGGGTGAGACGT-1,9059,64,749,3102
ATGGAGGGTGATAGTA-1,54,6505,584,2315
ATGGAGGGTGTGAATA-1,42,7535,809,2462
ATGGAGGTCCCACAGG-1,47,5208,378,2000
ATGGAGGTCCTTGAAG-1,4630,51,672,2383
ATGGATCAGACCAACG-1,31,5768,414,2105
ATGGATCAGCCGCACT-1,1545,34,1470,98
ATGGATCAGCGCAATG-1,32,5343,385,2078
ATGGATCAGGAGTATT-1,22,1940,389,886
ATGGATCAGGATATAC-1,36,3988,239,1646
ATGGATCAGGGACCAT-1,8170,56,390,3051
ATGGATCAGTGGCCTC-1,200,7993,556,2853
ATGGATCCAATTCGTG-1,9720,86,690,3488
ATGGATCCATAACCCA-1,84,875,30,605
ATGGATCCATGTGGTT-1,50,6790,475,2435
ATGGATCCATTCACCC-1,12,1119,48,706
ATGGATCGTACCTATG-1,23,2268,379,1117
ATGGATCGTGTCCCTT-1,42,5861,382,2145
ATGGATCGTTCCTAGA-1,32,6597,488,2179
ATGGATCTCACTTTGT-1,59,7857,634,2659
ATGGGAGAGTCTTCCC-1,45,6347,449,2222
ATGGGAGCATCCGAAT-1,77,12243,686,3511
ATGGGAGGTAGGTCAG-1,70,10076,701,2890
ATGGGAGGTCACCGAC-1,9945,67,567,3677
ATGGGAGGTGCTCTTC-1,17701,141,1066,4863
ATGGGAGGTGGACCAA-1,32,6249,476,1937
ATGGGAGTCCTCGATC-1,1862,70,105,1020
ATGGGAGTCTACCAGA-1,900,11,0,580
ATGGGAGTCTGAACGT-1,9384,58,560,3354
ATGGGTTAGCATGCAG-1,31,5316,366,1968
ATGGGTTAGTGCAAAT-1,2712,866,276,1752
ATGGGTTCACAACATC-1,2427,271,237,1224
ATGGGTTCAGGTTCCG-1,28,4679,291,1740
ATGGGTTGTCAAACGG-1,3344,15,465,1684
ATGGGTTGTCCCTAAA-1,835,82,41,652
ATGGGTTTCAGGAACG-1,9890,52,636,3537
ATGGGTTTCCATCCGT-1,930,11,27,605
ATGGGTTTCGTAATGC-1,469,378,51,642
ATGGTTGAGATCCTAC-1,806,100,41,637
ATGGTTGAGTGGTTAA-1,61,8916,463,2818
ATGGTTGCAGGCCTGT-1,307,1623,113,1036
ATGGTTGGTCAAGGCA-1,31,6439,528,2221
ATGGTTGGTTCGGCCA-1,700,1536,155,1244
ATGTCCCAGCCACTCG-1,38,7092,286,2534
ATGTCCCAGCGTGAGT-1,2918,89,104,1580
ATGTCCCCACAGCCAC-1,1859,2190,110,2096
ATGTCCCCAGAATGTA-1,60,5623,373,2102
ATGTCCCCATCGTGGC-1,134,369,26,405
ATGTCCCGTACCCGAC-1,20,808,28,533
ATGTCCCGTAGCGTCC-1,279,1212,101,944
ATGTCCCGTCAAACGG-1,1986,162,133,1167
ATGTCCCGTCCAGAAG-1,5,562,15,396
ATGTCCCGTCCCTAAA-1,780,240,16,712
ATGTCCCGTCGCGTTG-1,9116,41,670,2941
ATGTCCCGTTCTCAGA-1,12137,87,813,4028
ATGTCCCTCAGCTTGA-1,708,104,19,600
ATGTCCCTCCCGTTGT-1,1304,137,62,948
ATGTCCCTCTGCTCTG-1,514,12,12,415
ATGTCTTCAAACGGCA-1,49,8016,422,2709
ATGTCTTCAGTACTAC-1,566,10,27,418
ATGTCTTCAGTCTCTC-1,38,5473,344,2158
ATGTCTTCATGTTCGA-1,61,9739,748,3058
ATGTCTTCATTCATCT-1,942,184,34,762
ATGTCTTGTAACTGCT-1,28,3973,428,1544
ATGTCTTGTCCACTCT-1,40,5684,540,2100
ATGTCTTGTCCTGAAT-1,48,6861,477,2363
ATGTCTTGTCTGTCAA-1,55,4379,299,1762
ATGTCTTGTGGTCTGC-1,62,4531,330,1806
ATGTCTTGTTGCCGCA-1,55,5388,443,1980
ATGTCTTTCGAGAGAC-1,32,5275,348,1795
ATGTCTTTCGGCATTA-1,12,1436,35,698
ATTACCTCAAGTATAG-1,11828,72,674,4109
ATTACCTCACAGAGCA-1,9107,72,536,3595
ATTACCTCACCAAATC-1,52,10151,524,3365
ATTACCTCACCGTCGA-1,91,15785,1064,4136
ATTACCTGTAACCAGG-1,711,10,35,501
ATTACCTGTCACGTGC-1,442,115,21,451
ATTACCTGTCGCCACA-1,13,798,37,524
ATTACCTGTGGATGAC-1,64,13634,715,3404
ATTACCTTCAGACCTA-1,11,531,28,394
ATTACCTTCCACGTGG-1,4876,24,3,2022
ATTACCTTCCTACCAC-1,44,6198,409,2248
ATTACCTTCGAAGGAC-1,12,1580,84,816
ATTACCTTCTCCATAT-1,79,10116,473,3305
ATTACCTTCTCTCTAA-1,803,11,13,564
ATTACCTTCTGCACCT-1,560,17,24,437
ATTACCTTCTTCGTAT-1,21,2058,83,1006
ATTACTCAGAGGTCGT-1,20,4025,410,1532
ATTACTCAGCATTGAA-1,8619,86,713,3255
ATTACTCAGCCTGTGC-1,7314,5766,668,4921
ATTACTCAGCGCAATG-1,8420,60,432,3276
ATTACTCAGCGTGAGT-1,6378,43,351,2460
ATTACTCAGGCTGAAC-1,312,606,38,689
ATTACTCAGGTGCTAG-1,48,8235,459,2784
ATTACTCCAATCAGCT-1,10,950,37,599
ATTACTCCACGTATAC-1,96,12324,852,3764
ATTACTCCACTACTTT-1,1354,118,34,976
ATTACTCGTAGTCGTT-1,20550,191,918,5628
ATTACTCGTTCGTTCC-1,47,4936,323,1871
ATTACTCGTTGAGTCT-1,326,201,23,427
ATTACTCTCATGCCAA-1,165,1340,24,893
ATTACTCTCCGATGTA-1,10902,74,676,3490
ATTACTCTCTTCACAT-1,13,749,16,519
ATTATCCAGCACGTCC-1,40,7266,215,2493
ATTATCCAGGAATTAC-1,11,1021,45,606
ATTATCCAGTACCATC-1,363,1629,57,1094
ATTATCCCACGTCGGT-1,2141,21,270,1072
ATTATCCCACTACCCT-1,277,909,33,815
ATTATCCCAGCCGTTG-1,7,772,27,506
ATTATCCGTATCTCTT-1,1294,719,101,1261
ATTATCCGTCCAATCA-1,7502,10192,1048,6031
ATTATCCGTTAAGAAC-1,1053,193,58,826
ATTATCCGTTTAAGGA-1,686,59,35,578
ATTATCCTCACCCATC-1,284,217,18,412
ATTATCCTCCAAGGGA-1,9,2510,247,960
ATTATCCTCGCATTAG-1,546,220,28,612
ATTATCCTCTGTAACG-1,2473,36,92,1294
ATTCACTAGCAGCAGT-1,93,11272,728,3629
ATTCACTAGCTCTTCC-1,42,6635,501,2366
ATTCACTAGGCCTTCG-1,30,5064,497,1937
ATTCACTAGTCCTGTA-1,3,572,22,391
ATTCACTAGTTGCCTA-1,9510,75,325,3623
ATTCACTCAATGCAAA-1,73,10668,550,3457
ATTCACTCACCAGCCA-1,2263,154,89,1387
ATTCACTCACTTGACA-1,15,1059,44,650
ATTCACTCAGGCCTGT-1,52,9414,537,3349
ATTCACTGTACTGTTG-1,48,6668,353,2396
ATTCACTGTGCGTCGT-1,13,2567,223,1140
ATTCACTGTGTTCCAA-1,1518,273,57,1130
ATTCACTTCATAGAGA-1,600,8,37,452
ATTCACTTCCTCACGT-1,1395,934,77,1438
ATTCACTTCGATACAC-1,15806,139,748,5099
ATTCACTTCTGTCCCA-1,768,23,26,582
ATTCAGGAGGTAACTA-1,434,171,29,493
ATTCAGGAGTACCCTA-1,9840,56,464,3449
ATTCAGGGTAACGCGA-1,97,5166,572,1819
ATTCAGGGTACGATGG-1,74,10716,654,3257
ATTCAGGGTGAGCGAT-1,35,4974,325,1844
ATTCATCAGAATTGTG-1,16,3849,294,1610
ATTCATCAGCACACAG-1,19,2272,177,629
ATTCATCAGCTATCTG-1,1273,1871,233,1666
ATTCATCAGTTATGGA-1,31,4666,305,1940
ATTCATCCACTGTTCC-1,434,521,19,712
ATTCATCCATCGGTTA-1,897,143,58,718
ATTCATCCATGGCGCT-1,10268,71,589,3728
ATTCATCCATGTACGT-1,13270,119,646,4328
ATTCATCGTGAGTTTC-1,43,6560,440,2531
ATTCATCGTGTTCAGT-1,55,8103,643,2557
ATTCATCGTTACCCTC-1,63,11605,239,3581
ATTCATCTCGCGCCAA-1,1552,303,50,1122
ATTCATCTCGGCACTG-1,12,1689,82,902
ATTCATCTCGGCAGTC-1,103,9129,621,3142
ATTCATCTCTTGATTC-1,24,1131,50,666
ATTCCATCAACCTAAC-1,591,793,34,991
ATTCCATCACACGGTC-1,17,686,35,467
ATTCCATCATAATCCG-1,39,6255,335,2269
ATTCCATCATTGCTGA-1,35,3510,248,1597
ATTCCATGTGTCCCTT-1,1867,324,84,1352
ATTCCATGTTAGGACG-1,40,4864,339,1959
ATTCCATGTTGCTTGA-1,291,3365,235,1695
ATTCCATTCATAGACC-1,314,982,70,853
ATTCCATTCATAGCAC-1,886,157,33,749
ATTCCCGAGCGGTAAC-1,9601,76,568,3566
ATTCCCGAGCTATCCA-1,524,232,34,606
ATTCCCGAGGCGAACT-1,10341,61,631,3388
ATTCCCGCAGAGAATT-1,706,14,1,507
ATTCCCGCATGCGGTC-1,24,1582,17,905
ATTCCCGCATGGCTGC-1,780,149,41,649
ATTCCCGGTAACAAGT-1,12,1217,53,707
ATTCCCGGTCTCACAA-1,562,659,52,871
ATTCCCGGTTTGGGTT-1,530,14,31,414
ATTCCCGTCGCTCTAC-1,8518,49,386,3100
ATTCCTAAGAGGATCC-1,83,7216,584,2616
ATTCCTAAGGTAAACT-1,10283,90,618,3707
ATTCCTAAGTGCGTCC-1,32,3945,345,1580
ATTCCTAAGTTCCAGT-1,3695,30,298,1776
ATTCCTACAAAGCTCT-1,244,903,29,752
ATTCCTACAGGTGGAT-1,34,4489,323,1737
ATTCCTAGTCTCACGG-1,6477,60,422,2759
ATTCCTAGTGGTTTGT-1,29,3582,282,1502
ATTCCTAGTGTTAGCT-1,35,4088,343,1636
ATTCCTAGTTTACACG-1,188,1311,20,780
ATTCCTAGTTTGACAC-1,11,841,50,507
ATTCCTATCACTGGTA-1,490,59,27,420
ATTCCTATCTCGTCAC-1,10078,68,502,3750
ATTCGTTAGAGCCGAT-1,64,8682,518,2726
ATTCGTTAGTAACGAT-1,30,5223,402,1930
ATTCGTTAGTATGGCG-1,62,7814,637,2726
ATTCGTTCAAGTGGAC-1,83,10531,610,3371
ATTCGTTCAGAGTAAT-1,33,4560,171,1857
ATTCGTTCAGCTTCCT-1,43,6724,370,2574
ATTCGTTCATTCGATG-1,6916,55,489,2880
ATTCGTTGTCTTGCGG-1,4766,24,262,2259
ATTCGTTGTGCCGAAA-1,5835,5913,992,4599
ATTCGTTTCAGTGCGC-1,951,16,86,634
ATTCGTTTCGACATTG-1,69,8420,514,2890
ATTCGTTTCGCGTGCA-1,26,3641,337,1528
ATTCTACAGCTGTTCA-1,1222,12,44,736
ATTCTACAGGCACGAT-1,13035,88,925,4257
ATTCTACAGGTTCTAC-1,480,96,23,485
ATTCTACAGTCTGGTT-1,38,3503,321,1433
ATTCTACCAAATGCTC-1,29,1652,134,851
ATTCTACCATACCAGT-1,652,18,2,468
ATTCTACGTGAGAACC-1,60,4744,338,1941
ATTCTACGTTAGAAAC-1,725,153,101,661
ATTCTACTCCAGGACC-1,1015,131,40,828
ATTCTTGAGATCGCTT-1,52,8811,349,2974
ATTCTTGAGGACGGAG-1,8989,302,727,3509
ATTCTTGAGGCATCAG-1,7075,39,382,3085
ATTCTTGCAATGAAAC-1,937,280,44,841
ATTCTTGCACGATAGG-1,30,4799,443,1708
ATTCTTGCAGCTGTCG-1,7383,55,551,2924
ATTCTTGCATCATGAC-1,7429,54,337,3122
ATTCTTGGTAGGATAT-1,11674,75,673,4020
ATTCTTGTCAGACCTA-1,71,7999,434,2661
ATTCTTGTCCTACACC-1,768,614,21,954
ATTCTTGTCCTAGCGG-1,11097,82,590,3666
ATTCTTGTCGGACGTC-1,28,6750,494,2288
ATTCTTGTCTATACTC-1,1671,245,57,1135
ATTGGGTAGCAGGTCA-1,33,5172,493,2046
ATTGGGTAGCTCCCTT-1,31,5143,265,1916
ATTGGGTAGGATTACA-1,2742,23,193,1624
ATTGGGTCAAACAGGC-1,75,10590,667,3317
ATTGGGTCAAAGGCAC-1,45,6491,662,2134
ATTGGGTCAGACCAAG-1,44,7013,479,2540
ATTGGGTCAGCAGGAT-1,12121,102,752,3685
ATTGGGTGTATCAGCT-1,14051,117,603,4336
ATTGGGTTCACCTGTC-1,46,9802,460,2763
ATTGGGTTCGCCAATA-1,53,7111,351,2882
ATTGGGTTCTGCAGCG-1,41,6366,430,2486
ATTGTTCAGAATTCAG-1,712,85,34,559
ATTGTTCAGCACTCTA-1,686,16,10,550
ATTGTTCAGCCACCGT-1,604,190,20,639
ATTGTTCAGCGCATCC-1,757,19,16,572
ATTGTTCAGGCCTAGA-1,503,16,19,397
ATTGTTCAGTGTCATC-1,37,4525,434,1871
ATTGTTCCAACCCGCA-1,80,9970,494,3359
ATTGTTCCAATGCAAA-1,7188,69,379,3116
ATTGTTCCACGACGTC-1,45,4429,247,1920
ATTGTTCCAGCAGTAG-1,663,86,34,541
ATTGTTCCAGCCGGTT-1,7,1056,53,628
ATTGTTCCATCATTGG-1,10655,66,593,3772
ATTGTTCGTCTACTGA-1,8273,79,447,3269
ATTGTTCTCACATCAG-1,84,16740,750,4246
ATTGTTCTCAGATGCT-1,662,8,28,479
ATTGTTCTCCCGTGTT-1,1130,118,47,798
ATTGTTCTCGTACCTC-1,74,8934,569,2963
ATTGTTCTCGTGTCAA-1,3028,23,756,1291
ATTTACCAGCCGTAAG-1,248,3384,240,1562
ATTTACCAGCGATGAC-1,8075,30,49,2415
ATTTACCAGGTTTGAA-1,33,4291,301,1716
ATTTACCAGTCCCAGC-1,44,7165,322,2413
ATTTACCCAACTTCTT-1,628,14,14,461
ATTTACCCAGAACGCA-1,85,6326,537,2373
ATTTACCCAGATCACT-1,42,8643,675,2793
ATTTACCCATGGTACT-1,74,8508,473,2937
ATTTACCGTGGAACCA-1,43,6695,317,2338
ATTTACCGTTATCTTC-1,67,8040,473,3012
ATTTACCGTTCCTTGC-1,866,188,31,734
ATTTACCTCACCTCTG-1,7,1390,47,797
ATTTACCTCTCCATAT-1,513,702,29,880
ATTTACCTCTCTCAAT-1,466,1889,193,1193
ATTTCACAGCCGAACA-1,45,6271,415,2251
ATTTCACAGGGCGAAG-1,36,8026,351,2615
ATTTCACCAAACGGCA-1,7065,38,266,2987
ATTTCACCACAACCGC-1,20,1769,60,866
ATTTCACCATAGAGGC-1,10596,83,734,3788
ATTTCACCATCGAGCC-1,713,40,22,555
ATTTCACGTACTGTTG-1,38099,250,2259,7259
ATTTCACGTAGCACGA-1,46,9900,386,2933
ATTTCACGTATTGCCA-1,45,7824,334,2628
ATTTCACGTGGATACG-1,1771,165,122,1075
ATTTCACGTTCATCTT-1,1045,295,55,917
ATTTCACGTTCTAAGC-1,45,9188,398,3075
ATTTCACTCAACTACG-1,806,222,34,784
ATTTCACTCCATCTGC-1,5,580,20,400
ATTTCACTCCCAATAG-1,47,8062,396,2470
ATTTCACTCGGCTTCT-1,241,1420,59,1015
ATTTCACTCTAAACGC-1,358,178,6,445
ATTTCTGAGACTTCCA-1,48,6705,493,2412
ATTTCTGCATCTGGGC-1,9080,53,529,3403
ATTTCTGGTAGAATAC-1,52,4510,348,1944
ATTTCTGGTCACTTAG-1,11,2276,97,563
ATTTCTGGTGCAACAG-1,20688,158,1338,5752
ATTTCTGTCAGCACCG-1,68,10007,580,3006
ATTTCTGTCAGTCAGT-1,10560,81,666,3605
ATTTCTGTCGACGTCG-1,36,7166,500,2314
ATTTCTGTCGTTGCCT-1,30,4622,136,1957
CAAAGAAAGAGAGGGC-1,13,768,357,331
CAAAGAAAGTCACTAC-1,53,4359,329,1506
CAAAGAACATACGCAT-1,17,1994,216,969
CAAAGAACATCCCACT-1,10016,79,720,3609
CAAAGAACATGAATAG-1,63,5936,328,2459
CAAAGAAGTAACTTCG-1,307,1435,117,986
CAAAGAAGTGTGAATA-1,3991,39,585,1903
CAAAGAATCCCACAGG-1,47,6288,490,2194
CAAAGAATCTCCTGAC-1,1181,18,68,591
CAAAGAATCTGGGCCA-1,4879,28,257,1898
CAACAACAGGCTCTCG-1,10636,94,709,3844
CAACAACAGGTGCTTT-1,15065,120,1041,4467
CAACAACCAAGTGATA-1,264,2658,104,1373
CAACAACCACGGCCAT-1,41,7598,376,2663
CAACAACCAGAACATA-1,462,2006,121,1340
CAACAACCAGCTACCG-1,3958,20,216,1824
CAACAACCAGTATTCG-1,4230,3443,425,3264
CAACAACCATGACAAA-1,498,9,20,389
CAACAACGTACGCGTC-1,25,6239,530,2028
CAACAACGTCGCTCGA-1,16238,134,995,4910
CAACAACGTTGGCCTG-1,54,7546,465,2860
CAACAGTAGCGAGTAC-1,37,4766,537,1801
CAACAGTAGCTTTCCC-1,498,1182,74,1066
CAACAGTCACGTCGTG-1,5160,36,222,2229
CAACAGTCACTACTTT-1,513,1435,100,1174
CAACAGTCACTGTCGG-1,24,1840,88,767
CAACAGTCAGACCTGC-1,527,192,20,553
CAACAGTCATAGCACT-1,3308,428,107,1858
CAACAGTGTCCTACAA-1,125,819,48,629
CAACAGTGTCGACTGC-1,925,180,45,773
CAACAGTGTGCCTGAC-1,623,9,0,464
CAACAGTGTGGTGATG-1,9058,53,328,3128
CAACAGTGTTTACCAG-1,92,14681,748,3972
CAACAGTTCACGACTA-1,11554,89,663,4108
CAACAGTTCCACCTCA-1,10,563,22,427
CAACAGTTCCACGTGG-1,1346,125,78,931
CAACAGTTCGGAGCAA-1,36,4933,471,1874
CAACAGTTCTTGCGCT-1,165,3523,262,1462
CAACCAAAGAAACCAT-1,153,1924,114,1065
CAACCAAAGCCATTTG-1,38,5890,387,2301
CAACCAAAGCCTATCA-1,1607,15,53,886
CAACCAAAGGCATGGT-1,53,9288,362,2969
CAACCAACACCGTGCA-1,76,10573,423,3393
CAACCAACAGGAGACT-1,2330,279,185,1401
CAACCAACAGGTGACA-1,2345,16,184,1206
CAACCAACATCAGCTA-1,4352,1315,123,2652
CAACCAACATGGCCCA-1,579,18,14,439
CAACCAAGTGTGTCGC-1,57,7550,495,2676
CAACCAATCCCGATCT-1,91,12142,740,3687
CAACCAATCCCTCTCC-1,8994,62,405,3452
CAACCAATCCTCTGCA-1,7,2380,195,750
CAACCAATCTGACGCG-1,5680,101,646,2516
CAACCAATCTGCCCTA-1,12,888,29,576
CAACCTCAGATGCAGC-1,46,8612,412,2875
CAACCTCAGGAGTATT-1,543,821,70,963
CAACCTCCAAACGTGG-1,1452,16,62,901
CAACCTCCAAGTGACG-1,37,8615,515,2762
CAACCTCCAGGTGTTT-1,382,425,31,618
CAACCTCCAGTATACC-1,12,1013,26,631
CAACCTCGTTGTCAGT-1,43,8549,546,2744
CAACCTCTCAGCATTG-1,18822,135,1269,5222
CAACCTCTCCATTCAT-1,1331,560,63,1166
CAACCTCTCCTTATCA-1,33,5041,314,2067
CAACCTCTCGTCTCAC-1,8224,64,547,3270
CAACCTCTCTATCCAT-1,586,347,28,721
CAACCTCTCTTGGTCC-1,921,743,29,1107
CAACGATAGCGCCTAC-1,3117,460,182,1893
CAACGATAGGGTGAGG-1,27,5846,280,2275
CAACGATAGTAAACAC-1,21,2100,82,931
CAACGATAGTGATAAC-1,8757,65,402,3467
CAACGATCACTTGAAC-1,374,184,18,461
CAACGATCATAGGTTC-1,5012,30,74,2138
CAACGATCATCTGCGG-1,33,7431,427,2459
CAACGATGTAGCACAG-1,52,1798,235,850
CAACGATGTATCGTTG-1,2717,9,233,1304
CAACGATGTGACAACG-1,5116,44,386,2405
CAACGATGTGTAAATG-1,56,1466,129,785
CAACGATTCGATACTG-1,1105,3007,273,1896
CAACGGCAGAACTTCC-1,54,7347,504,2419
CAACGGCAGAAGCGGG-1,25,4584,385,1745
CAACGGCAGAGAGCGG-1,48,9621,680,2872
CAACGGCCACAGTCAT-1,14,701,18,471
CAACGGCCACGTACTA-1,3179,623,139,1945
CAACGGCGTTTATGCG-1,11257,67,623,3949
CAACGGCTCACCTGTC-1,9221,75,525,3719
CAACGGCTCAGCTGAT-1,278,748,59,729
CAACGGCTCATTTACC-1,92,8519,411,3174
CAACGGCTCCCAAGCG-1,73,2807,339,1228
CAACGGCTCGTCGGGT-1,58,10209,343,3132
CAACGGCTCTCCGAGG-1,41,6692,408,2301
CAAGACTAGCCTCAAT-1,18,1344,32,765
CAAGACTCATGCTGCG-1,104,12344,937,3631
CAAGACTGTGTGTACT-1,16985,102,1116,4707
CAAGACTGTTCAACGT-1,7838,72,752,3033
CAAGACTGTTGCGGAA-1,669,2749,291,1573
CAAGACTTCAGTCCGG-1,28,3050,218,1314
CAAGACTTCCTCCACA-1,601,2194,70,1494
CAAGAGGAGCTAATCC-1,10337,67,823,3278
CAAGAGGCATCAGCTA-1,104,10327,710,3386
CAAGAGGGTATCGATC-1,695,15,11,493
CAAGAGGGTCTTGGTA-1,38,5560,499,2127
CAAGAGGTCCGTGACG-1,52,8655,583,2846
CAAGAGGTCGGTAACT-1,6790,47,345,2846
CAAGCTAAGACTGTTC-1,69,10068,490,2938
CAAGCTAAGCGTTAGG-1,43,6218,388,2141
CAAGCTACAATGTCTG-1,13047,75,810,4067
CAAGCTACAGCTTTCC-1,11587,92,755,3957
CAAGCTAGTAAGAACT-1,56,9008,625,2904
CAAGCTAGTATTTCGG-1,49,3872,311,1633
CAAGCTAGTCGACGCT-1,67,11607,760,3294
CAAGCTAGTTCCTTGC-1,10003,66,543,3484
CAAGCTATCAAGCCAT-1,692,11,10,478
CAAGCTATCCCGATCT-1,83,9958,565,3109
CAAGCTATCGTGCTCT-1,33,6295,435,2249
CAAGCTATCTCCCATG-1,43,3868,274,1561
CAAGGGAAGATGGCGT-1,7313,41,295,2758
CAAGGGACAATCGCCG-1,696,15,1,485
CAAGGGACAGGACATG-1,12,2814,138,841
CAAGGGACAGGACTTT-1,25,6862,393,2292
CAAGGGAGTGGATCAG-1,64,8840,545,2736
CAAGGGATCATGAAAG-1,367,1793,197,1144
CAAGGGATCATTTGGG-1,52,6424,419,2135
CAAGGGATCGTAATGC-1,12752,77,903,4009
CAAGGGATCTTCCAGC-1,14164,76,1014,4123
CAAGGGATCTTCCCAG-1,143,6409,495,2323
CAATACGCAATCCTTT-1,12,2826,149,716
CAATACGCACTCACTC-1,38,8049,299,2687
CAATACGCAGCTGTAT-1,923,268,51,841
CAATACGCATTCACAG-1,101,11841,584,3600
CAATACGGTATGAAAC-1,657,1650,184,1263
CAATACGGTCCTCATC-1,449,92,18,445
CAATACGGTCGTCAGC-1,23,2200,160,960
CAATACGGTCTTTCAT-1,248,830,40,763
CAATACGGTTTCTTAC-1,1019,121,30,733
CAATACGTCAAACCCA-1,90,11853,736,3432
CAATACGTCTCGCAGG-1,20,5439,343,2094
CAATCGACACGCTTAA-1,9235,55,484,3499
CAATCGAGTCAAAGTA-1,49,6163,570,2135
CAATCGAGTGTTACAC-1,625,463,63,787
CAATCGATCAGAATAG-1,54,6048,462,2051
CAATCGATCAGCAGAG-1,32,5479,365,1835
CAATCGATCATTTGTC-1,836,238,36,783
CAATCGATCTATGTGG-1,18,2680,419,1095
CAATCGATCTCGTGGG-1,1051,1626,118,1486
CAATGACAGACTGGGT-1,49,6060,383,2330
CAATGACAGATTAGCA-1,736,7,10,532
CAATGACAGGCAGGTT-1,1035,17,64,699
CAATGACAGGTGATCG-1,141,3750,459,1434
CAATGACCACGACGTC-1,904,335,36,898
CAATGACCACTTTAGG-1,25,1902,124,1011
CAATGACCAGGCGATA-1,651,11,20,446
CAATGACGTCACATTG-1,6779,40,299,2869
CAATGACGTCACGCTG-1,418,99,22,425
CAATGACGTCTCGCGA-1,2756,234,684,1173
CAATGACGTTGTGTTG-1,7,865,1,544
CAATGACTCACCTCGT-1,352,465,25,625
CAATGACTCAGCCTTC-1,1347,512,69,1173
CAATGACTCAGTCACA-1,1745,225,50,1133
CAATGACTCCTCTCTT-1,665,521,25,862
CAATGACTCGATAACC-1,63,9635,723,3039
CAATGACTCGCCGAAC-1,614,13,24,484
CAATTTCAGGTGCCTC-1,33,6141,362,2213
CAATTTCAGTCAGAGC-1,62,7127,592,2515
CAATTTCCAACAGATA-1,857,15,22,642
CAATTTCCAACTGTGT-1,9,1588,62,809
CAATTTCCACAGCATT-1,1226,10,19,746
CAATTTCCACTCACTC-1,4463,27,124,1902
CAATTTCCAGAGCCCT-1,2656,131,125,1447
CAATTTCCATAGATCC-1,9646,96,576,3593
CAATTTCTCACAACCA-1,10,512,27,390
CAATTTCTCTAGTGAC-1,17,1529,103,800
CAATTTCTCTGGACCG-1,669,13,31,518
CACAACAAGACATAGT-1,1089,27,2,704
CACAACAAGATTAGTG-1,12527,108,1009,4201
CACAACAAGCATGAAT-1,53,4515,404,1829
CACAACAAGGCATCAG-1,56,6366,481,2516
CACAACAAGGTTGTTC-1,172,2343,126,1248
CACAACACAAAGGTTA-1,377,161,18,443
CACAACACAGCACAGA-1,876,1453,70,1410
CACAACACAGCCCACA-1,235,1011,46,795
CACAACAGTAGACACG-1,19875,114,1013,4827
CACAACAGTAGCTTAC-1,12,772,16,527
CACAACAGTCCATACA-1,357,1511,39,1087
CACAACAGTCTGATAC-1,39,5463,420,2077
CACAACATCACATTGG-1,148,1661,87,1002
CACACAAAGGTTACAA-1,9951,84,548,3652
CACACAACACCCTTAC-1,1919,815,100,1595
CACACAACAGACATCT-1,98,10620,536,3516
CACACAAGTCAAGGCA-1,70,7707,536,2627
CACACAAGTCAGACTT-1,19488,233,1234,5563
CACACAAGTCTGGTTA-1,683,854,73,1057
CACACAATCATCGCAA-1,69,10687,660,3463
CACACAATCATGGGAG-1,24,3058,168,1482
CACACAATCGCCAATA-1,64,11123,598,3401
CACACAATCTGTGCTC-1,29709,202,2459,6559
CACACAATCTTCACAT-1,1904,608,69,1306
CACAGATAGCGGATCA-1,9688,84,715,3310
CACAGATAGGATAATC-1,39,5769,392,2003
CACAGATCACCGCTGA-1,17,1454,60,839
CACAGATCACGACAAG-1,34,9187,604,2813
CACAGATCACGACAGA-1,84,1736,265,785
CACAGATCAGACGATG-1,12476,77,528,3718
CACAGATCATAACCCA-1,11949,88,693,3975
CACAGATCATGACAAA-1,26,5093,303,1841
CACAGATGTCCGGATC-1,81,13306,561,3270
CACAGATGTTCACGAT-1,10072,64,391,3723
CACAGATTCCATCGTC-1,12,846,76,536
CACAGATTCCATGAGT-1,21,1571,171,813
CACAGATTCGGTCACG-1,45,6722,456,2315
CACAGATTCTATTCGT-1,10271,68,489,3337
CACAGGCAGCGACCCT-1,23785,163,1546,5820
CACAGGCAGTAAGAGG-1,5817,49,795,2370
CACAGGCAGTTTGTCG-1,11,2484,175,601
CACAGGCCAACTACGT-1,69,8410,514,2620
CACAGGCCAACTTCTT-1,2142,607,163,1578
CACAGGCCAATCTGCA-1,12794,104,434,4097
CACAGGCCATAGAGGC-1,88,10034,571,3455
CACAGGCCATCAACCA-1,370,293,44,497
CACAGGCCATGTTACG-1,77,9390,472,3127
CACAGGCCATTCAGGT-1,470,726,48,845
CACAGGCGTAACCCGC-1,13165,82,784,4151
CACAGGCGTACAAGCG-1,8568,36,452,3325
CACAGGCGTCAGATTC-1,6146,30,312,2334
CACAGGCGTGAGAACC-1,33,5838,361,2092
CACAGGCTCAAGAATG-1,767,1049,92,1155
CACAGGCTCACACCCT-1,442,1182,40,1060
CACAGGCTCCAACCAA-1,633,5,1,439
CACATGAAGTAGCAAT-1,632,78,24,528
CACATGACACTACGGC-1,87,12236,682,3641
CACATGACACTTCTCG-1,17,4400,244,1732
CACATGAGTAACCCTA-1,9,1041,39,644
CACATGAGTCCTCCTA-1,16408,110,1056,5029
CACATGAGTGAGCTCC-1,5598,45,379,2410
CACATGAGTGCGTCGT-1,5355,18,247,2475
CACATGATCTGTCGCT-1,2689,238,251,1405
CACCAAACAACCGTGC-1,1948,830,147,1411
CACCAAACAACTCCCT-1,291,1788,74,1164
CACCAAACAACTCGAT-1,590,46,10,495
CACCAAACATGTTCAG-1,602,142,12,582
CACCAAAGTGACTCGC-1,11,615,29,441
CACCAAAGTGTGTGGA-1,6810,51,324,2523
CACCAAAGTTACTCAG-1,33,5018,289,1851
CACCAAATCGTAGCTA-1,89,16554,797,4102
CACCAAATCGTCCTCA-1,11,813,28,523
CACCAAATCTTCTGTA-1,1421,347,77,1149
CACCGTTAGAGATGCC-1,19454,127,1066,5571
CACCGTTAGATTGTGA-1,100,9978,718,3080
CACCGTTAGCTCGGCT-1,10865,52,620,3626
CACCGTTAGGGTCAAC-1,247,1107,43,861
CACCGTTAGTAACCTC-1,1887,642,89,1520
CACCGTTCAAAGAACT-1,1738,379,81,1219
CACCGTTCACACAGCC-1,2034,2648,83,2526
CACCGTTCACACTGGC-1,386,204,12,476
CACCGTTCACATTACG-1,18,3615,181,1572
CACCGTTCACGCTGAC-1,460,113,17,465
CACCGTTCAGACGATG-1,2863,361,214,1660
CACCGTTCAGCCTTCT-1,72,8888,510,3193
CACCGTTCAGTCAGTT-1,1200,303,90,992
CACCGTTGTATGTGTC-1,34,7806,470,2467
CACCGTTTCCGAGGCT-1,36,2201,161,960
CACCGTTTCGAACCTA-1,59,6726,477,2434
CACCGTTTCGACACTA-1,201,595,29,587
CACCGTTTCTTAATCC-1,1961,645,51,1587
CACGAATAGAATCGCG-1,44,8081,489,2548
CACGAATAGGTGAGAA-1,56,4908,485,1765
CACGAATGTAGCTAAA-1,19,1211,98,685
CACGAATGTATGCGGA-1,30,5114,379,2171
CACGAATTCACTCCGT-1,71,8138,484,2702
CACGAATTCCCTCATG-1,2609,1901,254,2283
CACGGGTAGGGCTGAT-1,12673,73,588,3763
CACGGGTAGTCCGTCG-1,33,5736,568,1989
CACGGGTAGTGTTGAA-1,67,9321,406,2823
CACGGGTAGTTTCTTC-1,11,524,26,392
CACGGGTCAACTGAAA-1,1280,281,82,982
CACGGGTCACAGCTTA-1,1161,678,51,1258
CACGGGTCACCTGATA-1,322,1443,87,1040
CACGGGTCACCTTCGT-1,104,16664,1368,4354
CACGGGTCATGAGGGT-1,886,14,85,593
CACGGGTGTCAACCTA-1,1552,213,65,1057
CACGGGTGTGCTGTCG-1,45,6925,456,2339
CACGGGTGTGTGTACT-1,10175,57,596,3059
CACGGGTTCCAAGGGA-1,19891,110,1042,5000
CACGGGTTCGCCGAGT-1,658,9,43,472
CACGGGTTCTCTCTAA-1,30,4384,246,1765
CACGTGGAGGATGTTA-1,10639,59,677,3263
CACGTGGCAATCCTAG-1,1090,19,62,692
CACGTGGCACGACGCT-1,308,1270,56,957
CACGTGGCAGGTCCGT-1,6631,60,333,2936
CACGTGGGTATGAAAC-1,38,5615,365,2162
CACGTGGGTCCCGGTA-1,32,5167,271,2188
CACGTGGGTCGAAGCA-1,8210,38,507,2923
CACGTGGGTGTTAAAG-1,32,2674,220,1224
CACGTGGGTTCAATCG-1,405,317,31,560
CACGTGGGTTGCGTAT-1,10651,345,520,3650
CACGTGGGTTGTCATG-1,8444,8534,1068,6178
CACGTGGTCACCCTCA-1,17,1012,56,633
CACGTGGTCTTCGATT-1,5289,9,0,1609
CACGTTCAGCTACTAC-1,35,4825,113,2138
CACGTTCAGGAGTCTG-1,11097,78,789,3561
CACGTTCAGGTAATCA-1,76,9992,602,3107
CACGTTCAGTAAGAGG-1,9111,73,682,3235
CACGTTCAGTCGGCCT-1,17,1847,75,892
CACGTTCAGTGGCGAT-1,59,6471,461,2253
CACGTTCAGTTCCGGC-1,12,543,19,396
CACGTTCCAAATACAG-1,1124,8,63,737
CACGTTCCACAATTCG-1,289,486,30,616
CACGTTCCACGCCACA-1,339,289,8,532
CACGTTCCACTCCCTA-1,1713,1183,107,1679
CACGTTCCAGACCAGA-1,10863,95,501,3817
CACGTTCCATGTTCGA-1,12778,86,769,3944
CACGTTCCATTACTCT-1,4583,53,340,2190
CACGTTCGTACCGTGC-1,71,10573,803,3316
CACGTTCGTCGAGCTC-1,5787,42,408,2520
CACGTTCGTCTCACGG-1,576,1791,174,1364
CACGTTCTCACACCCT-1,11,630,19,457
CACGTTCTCAGCCTTC-1,14191,108,997,4466
CACGTTCTCAGGAAAT-1,47,7183,437,2609
CACGTTCTCCATCCGT-1,374,384,20,594
CACTAAGAGACGGAAA-1,122,13822,1029,3839
CACTAAGAGATCCCAT-1,79,704,16,530
CACTAAGAGCACAAAT-1,10027,63,722,3276
CACTAAGCACGTTCGG-1,51,6737,482,2245
CACTAAGCACTCTCGT-1,1745,12,81,1006
CACTAAGGTAACAAGT-1,46,7791,417,2601
CACTAAGGTAGGTTTC-1,17,1144,110,676
CACTAAGGTAGTCGTT-1,57,8159,696,2526
CACTAAGGTATCAGCT-1,352,7544,338,2830
CACTAAGGTATCGCAT-1,1893,15,57,1120
CACTAAGGTGGGCTTC-1,1418,202,97,1044
CACTAAGTCGGCTCTT-1,383,207,54,476
CACTGAAAGCGTTCAT-1,1145,29,102,743
CACTGAAAGTGTACCT-1,24,1592,229,720
CACTGAACAAACTCGT-1,463,99,23,461
CACTGAACAACCCTAA-1,888,1315,66,1354
CACTGAACACCTTCCA-1,65,8644,582,2902
CACTGAACAGCGGTTC-1,1971,8,196,921
CACTGAACATAACCCA-1,1106,1711,135,1562
CACTGAAGTACGATCT-1,15044,83,902,4543
CACTGAAGTATCGTAC-1,1253,143,121,917
CACTGAAGTCAGGTGA-1,1689,153,122,1075
CACTGAAGTGAGTTGG-1,9727,121,259,3498
CACTGAATCGAGCACC-1,70,12641,677,3477
CACTGAATCTAGCCAA-1,1105,721,90,1184
CACTGAATCTCCAATT-1,7192,63,393,3004
CACTGAATCTCGCTCA-1,65,1166,42,672
CACTGGGCACAAACGG-1,18993,123,892,5194
CACTGGGCACTCCGAG-1,692,6,18,484
CACTGGGCATATCGGT-1,775,1547,190,1246
CACTGGGCATTGAGGG-1,4,1594,136,395
CACTGGGGTAAGTCAA-1,550,18,31,429
CACTGGGGTATGGAGC-1,17,1068,92,620
CACTGGGGTCATCTAG-1,13,831,42,543
CACTGGGGTCCGGTCA-1,734,62,32,572
CACTGGGGTCTGTAGT-1,30,5103,516,1818
CACTGGGGTTTCACAG-1,966,338,44,932
CACTGGGTCCACCTCA-1,24,3208,79,1385
CACTGGGTCGAGGCAA-1,41,6589,551,2163
CACTGGGTCGCACGAC-1,753,316,59,812
CACTGTCAGATAGCTA-1,74,2974,47,1264
CACTGTCAGCTCTGTA-1,677,9,19,492
CACTGTCAGTCCGCCA-1,1834,280,95,1206
CACTGTCCACTGGAAG-1,60,7454,381,2500
CACTGTCCATGGGTTT-1,35,5101,434,2075
CACTGTCTCAAGGCTT-1,35,2101,200,998
CACTGTCTCATTATCC-1,70,16091,675,4121
CACTGTCTCATTTGTC-1,1160,340,70,996
CACTGTCTCCGATCTC-1,14285,109,898,4589
CACTGTCTCCTCTCTT-1,77,7597,430,2990
CACTTCGCAACACAGG-1,834,2599,192,1709
CACTTCGCAAGCTCTA-1,263,1224,44,875
CACTTCGCACCCAACG-1,563,161,32,557
CACTTCGCACCTGATA-1,75,9398,744,3266
CACTTCGCACGCTGAC-1,3156,30,170,1376
CACTTCGCATCGGTTA-1,13173,70,709,3896
CACTTCGGTCAACATC-1,1536,134,54,1098
CACTTCGTCGTCTAAG-1,542,180,26,570
CACTTCGTCGTGGGTC-1,6158,45,521,2292
CACTTCGTCTATCGTT-1,9928,80,710,3635
CACTTCGTCTTTCCAA-1,3934,496,169,2199
CAGAGCCAGACTTAAG-1,1329,286,56,1054
CAGAGCCAGCGCCGTT-1,11605,64,602,3878
CAGAGCCAGGATCACG-1,2589,289,242,1378
CAGAGCCCACGCGCTA-1,1926,10,101,947
CAGAGCCCATATGCGT-1,101,9363,545,3208
CAGAGCCGTGGATTTC-1,30,4146,355,1552
CAGAGCCGTTAAGGAT-1,7763,81,572,3120
CAGAGCCGTTGGTAGG-1,32,7392,536,2502
CAGATACAGACCTCCG-1,13583,86,797,4472
CAGATACAGACGCCCT-1,685,174,26,646
CAGATACAGCATGAAT-1,219,1302,80,903
CAGATACAGGTATTGA-1,328,648,72,691
CAGATACGTATCAGCT-1,323,390,22,573
CAGATACGTCAGGTGA-1,49,7376,647,2406
CAGATACGTCGAATTC-1,699,15,21,500
CAGATACGTTCATCGA-1,48,6906,517,2514
CAGATACGTTCCGCTT-1,40,4928,362,1988
CAGATACTCTCTGCCA-1,81,11962,668,3372
CAGATACTCTTACCAT-1,9869,50,487,3508
CAGATACTCTTGGATG-1,3614,305,469,1768
CAGATCAAGACCAGCA-1,40,7404,434,2178
CAGATCAAGATAGTGT-1,12927,86,784,3941
CAGATCAAGCAGCCCT-1,824,3,0,587
CAGATCACAACCGTAT-1,102,11114,583,3504
CAGATCACAAGACTGG-1,2696,23,334,1537
CAGATCACACCTGCTT-1,698,11,26,522
CAGATCACATATTCGG-1,31,4888,377,1809
CAGATCAGTAGCGATG-1,10649,63,487,3489
CAGATCAGTATAGGAT-1,54,5912,515,2047
CAGATCAGTCTTCCGT-1,8276,20,1,2096
CAGATCAGTTCCTTGC-1,8682,69,473,2966
CAGATCATCAACCGAT-1,884,19,53,554
CAGATCATCAACTCTT-1,52,5733,287,2232
CAGATCATCCCGAGTG-1,618,423,51,791
CAGATCATCGAACGGA-1,71,10750,686,3244
CAGATTGAGAGGATGA-1,110,10120,1002,2978
CAGATTGAGTGTGTTC-1,2045,1015,291,1697
CAGATTGCAATTGGTC-1,53,6489,345,2464
CAGATTGCACCGTCTT-1,2224,2039,344,2052
CAGATTGCACGACGCT-1,63,10648,592,3458
CAGATTGCACTGCACG-1,485,81,26,463
CAGATTGTCGCTGTTC-1,8995,70,580,3166
CAGCAATAGATACTGA-1,889,324,60,867
CAGCAATAGGTAAGGA-1,66,6911,593,2371
CAGCAATAGTGGTTGG-1,42,5626,480,2139
CAGCAATAGTTGTAAG-1,8193,61,625,2961
CAGCAATCAAAGGGCT-1,2879,286,271,1585
CAGCAATCAGCCTTCT-1,2510,27,31,1302
CAGCAATCATGCCATA-1,1696,13,58,1006
CAGCAATCATGCGGTC-1,37,6862,467,2360
CAGCAATGTCACCTTC-1,22333,159,860,5884
CAGCAATGTCATGGCC-1,6406,56,1367,2936
CAGCAATGTCTGTGAT-1,49,5847,343,2021
CAGCAATTCATTTCCA-1,8359,67,381,3280
CAGCAATTCTGGGCCA-1,51,11142,448,2998
CAGCACGAGACATAGT-1,81,1347,124,836
CAGCACGAGTTACTCG-1,87,14735,688,3892
CAGCACGCAAATAGCA-1,1560,28,33,945
CAGCACGCAAATTGCC-1,3293,12,1,1177
CAGCACGCAGAGGCTA-1,402,564,25,732
CAGCACGCATCCGGTG-1,36,12329,597,3364
CAGCACGCATGGCCAC-1,103,807,43,602
CAGCACGGTACAGTCT-1,111,12994,690,3803
CAGCACGGTTACTCAG-1,860,31,13,638
CAGCACGGTTCTCTAT-1,32,5913,283,2169
CAGCACGGTTGGTACT-1,54,8595,642,2721
CAGCACGTCAGTCATG-1,547,3,1,413
CAGCACGTCTCATTTG-1,30,6110,467,2199
CAGCAGCAGAGTATAC-1,72,8099,415,2665
CAGCAGCAGCCATCCG-1,45,8731,491,2802
CAGCAGCAGCGACCCT-1,23,7157,330,2524
CAGCAGCAGGCTAAAT-1,551,8,15,403
CAGCAGCCACCATATG-1,1597,46,56,970
CAGCAGCCAGACAAGC-1,177,2415,370,1034
CAGCAGCGTGTGGACA-1,6835,47,516,2929
CAGCAGCGTTCTGAGT-1,7536,78,538,3074
CAGCAGCTCGACTCCT-1,418,358,41,591
CAGCAGCTCGCTTTAT-1,150,2478,249,1207
CAGCAGCTCTGGTGGC-1,51,7036,643,2631
CAGCCAGAGGCTTCCG-1,155,443,20,477
CAGCCAGAGGGCCTCT-1,12979,78,789,4349
CAGCCAGAGTTGTCGT-1,6184,37,681,2263
CAGCCAGCAAACTGCT-1,217,521,24,558
CAGCCAGCACTTCAAG-1,14074,126,814,4507
CAGCCAGCATGACGTT-1,1569,32,62,938
CAGCCAGGTAGATCCT-1,40,11337,450,3139
CAGCCAGGTCAATCTG-1,509,12,40,412
CAGCCAGGTGGATGAC-1,9687,53,608,3342
CAGCCAGGTGGTCTCG-1,17,1511,131,736
CAGCCAGGTGGTTTAC-1,14,679,32,467
CAGCCAGGTTCAACGT-1,164,1653,89,1019
CAGCCAGTCAAGTCTG-1,334,5903,439,2324
CAGCCAGTCCCAAGTA-1,10990,64,578,3438
CAGCCAGTCCGAAGGA-1,1840,143,205,1073
CAGCCAGTCCGCAACG-1,16,2978,148,1294
CAGCCAGTCTCCAATT-1,208,1322,33,908
CAGCGTGAGCATGCGA-1,25,6180,329,2108
CAGCGTGAGGGCTAAC-1,4386,28,256,2107
CAGCGTGCAGCTTTCC-1,6672,49,348,2760
CAGCGTGCATCCGAAT-1,8893,52,537,3530
CAGCGTGGTAGGGAGG-1,1158,446,102,1048
CAGCGTGGTCGATTTG-1,1424,11,2,819
CAGCGTGGTGGTTTGT-1,5806,52,515,2561
CAGCGTGTCAGCGCGT-1,52,6803,338,2451
CAGCGTGTCCGGCAGT-1,30,7232,683,2489
CAGGCCAAGCTCATAC-1,3852,710,188,2004
CAGGCCAAGTAGGCCA-1,802,18,25,567
CAGGCCAAGTGAACAT-1,44,4326,271,1859
CAGGCCACAACCCGCA-1,1316,625,70,1255
CAGGCCACACTGCGAC-1,707,15,22,519
CAGGCCACAGACCGCT-1,1411,828,109,1401
CAGGCCACATTGAAAG-1,20322,152,1298,5554
CAGGCCAGTAAGAACT-1,128,11447,612,3519
CAGGCCAGTCAGGAGT-1,36,7952,478,2317
CAGGCCAGTCCGGCAT-1,946,415,44,964
CAGGCCAGTCGTTGCG-1,180,1882,108,1117
CAGGCCAGTGTACAGG-1,46,6264,380,2274
CAGGCCATCACACCCT-1,3931,237,238,1965
CAGGCCATCACGGAGA-1,8091,53,461,3152
CAGGCCATCCATACTT-1,1060,577,37,1129
CAGGCCATCCTTACCG-1,15531,103,847,4439
CAGGGCTAGAGTTGTA-1,8690,55,498,3183
CAGGGCTAGATGGGCT-1,18285,95,1027,4889
CAGGGCTAGGCTAAAT-1,90,11369,615,3207
CAGGGCTCAGTCGCTG-1,2344,20,182,1271
CAGGGCTCATGCCATA-1,193,2090,174,1176
CAGGGCTCATGTACGT-1,26,1301,40,834
CAGGGCTGTATTTCGG-1,42,8389,515,2902
CAGGGCTGTCCACAGC-1,33,5420,425,2200
CAGGGCTGTCTCCTGT-1,479,74,37,430
CAGGGCTGTGTAACGG-1,8782,65,563,3489
CAGGGCTGTTACAGCT-1,101,15862,1172,4119
CAGGGCTGTTTGGGTT-1,27210,156,1316,5712
CAGGGCTTCTGGACCG-1,6072,41,415,2650
CAGGTATAGTTGCTCA-1,863,20,60,584
CAGGTATCACTTGACA-1,1108,157,33,809
CAGGTATCAGTAGGAC-1,64,9545,665,2906
CAGGTATGTTACGCCG-1,13469,93,986,4091
CAGGTATGTTGGGAAC-1,549,121,50,515
CAGGTATTCCACACAA-1,13589,4851,929,6625
CAGGTATTCGCAGTCG-1,8730,64,592,3395
CAGGTATTCTCTCGCA-1,11,1031,18,574
CAGGTATTCTGTCCCA-1,81,10463,658,3356
CAGTGCGAGAATTGTG-1,16,923,50,597
CAGTGCGAGTGGTGAC-1,90,11620,957,3304
CAGTGCGAGTTCTCTT-1,19,2095,203,961
CAGTGCGCAATTTCTC-1,1546,72,61,930
CAGTGCGCAGCGGTCT-1,302,1798,159,1156
CAGTGCGCAGTTGAAA-1,57,10154,578,3144
CAGTGCGGTATGCTTG-1,28,5991,332,2095
CAGTGCGGTTACTCAG-1,40,6447,452,2250
CAGTGCGTCCTACGGG-1,20,1596,84,850
CAGTGCGTCGACATAC-1,5886,23,400,2618
CAGTTAGAGATGTTGA-1,77,10620,641,3040
CAGTTAGAGCTAGAAT-1,2072,262,198,1268
CAGTTAGAGGAATGTT-1,5067,43,247,2253
CAGTTAGCAATACAGA-1,584,4485,278,2209
CAGTTAGCACATATGC-1,11838,120,856,4046
CAGTTAGCACTGTGTA-1,5450,30,249,2297
CAGTTAGCAGGAGGTT-1,83,5700,368,2183
CAGTTAGGTAGACGTG-1,6607,36,361,2664
CAGTTAGGTTGGGAAC-1,787,9,64,512
CAGTTAGTCATGCCGG-1,78,7087,441,2475
CAGTTAGTCCCTGGTT-1,13734,96,622,4433
CAGTTAGTCGAGAAAT-1,84,7560,546,2606
CAGTTAGTCGGTGTAT-1,20,3700,272,1498
CAGTTAGTCTGACGCG-1,16,1460,193,356
CAGTTCCAGAGGACTC-1,879,23,28,612
CAGTTCCAGGGTCAAC-1,943,1427,129,1418
CAGTTCCAGGTAGTAT-1,35,5352,359,2050
CAGTTCCAGTTGGCTT-1,5959,29,6,2044
CAGTTCCCACCTATCC-1,18,710,9,489
CAGTTCCCAGCTTCGG-1,599,51,19,505
CAGTTCCCAGGGCTTC-1,106,1368,91,853
CAGTTCCCATACAGAA-1,566,5,44,411
CAGTTCCGTAAGATAC-1,67,5985,393,2239
CAGTTCCGTACGACAG-1,32,6537,507,2160
CAGTTCCGTTACCGTA-1,70,10645,633,3507
CAGTTCCTCACCATCC-1,33,675,35,480
CAGTTCCTCACCTACC-1,504,503,23,748
CAGTTCCTCGAGAAAT-1,10325,62,645,3672
CAGTTCCTCTACTATC-1,640,19,0,487
CAGTTCCTCTCAGGCG-1,643,173,40,636
CAGTTCCTCTGAGTCA-1,79,15628,538,3782
CAGTTCCTCTGTCGCT-1,9,1024,56,610
CAGTTCCTCTTCGGTC-1,13180,5627,968,6348
CATAAGCAGAAGTATC-1,59,5028,406,1868
CATAAGCAGACCAGAC-1,697,281,15,722
CATAAGCAGTGCTACT-1,6335,160,311,2704
CATAAGCAGTTGTAAG-1,5433,46,827,2469
CATAAGCCAAGAGGCT-1,14140,117,1011,4476
CATAAGCCAGGTAGTG-1,21,856,45,564
CATAAGCCAGTAGAAT-1,95,9792,404,3031
CATAAGCCATAATGCC-1,1693,1454,118,1735
CATAAGCTCCATTTCA-1,764,43,27,593
CATAAGCTCGTTCCTG-1,78,11321,690,3344
CATACAGCAACTCCCT-1,21495,160,1023,5579
CATACAGCAACTGCCG-1,80,13047,464,3769
CATACAGCACCAAAGG-1,703,172,19,641
CATACAGCAGTCCCGA-1,80,10895,554,3491
CATACAGCATAGAGGC-1,2179,547,103,1532
CATACAGCATAGGTTC-1,20,2006,55,925
CATACAGCATCGATCA-1,418,6134,357,2386
CATACAGGTCACATTG-1,7934,35,499,2822
CATACAGGTTAATGAG-1,654,127,30,585
CATACAGTCAGTAGGG-1,15950,110,814,4803
CATACAGTCGCTCTCA-1,739,114,39,622
CATACCCAGACTTCAC-1,718,810,40,1056
CATACCCAGCAGCACA-1,475,698,24,831
CATACCCAGCCAAGGT-1,246,721,19,729
CATACCCAGGGACACT-1,700,2545,149,1583
CATACCCCAAGCACCC-1,58,12114,678,3558
CATACCCCACCGGAAA-1,40,8476,464,2776
CATACCCCAGACCTAT-1,681,14,11,482
CATACCCCAGATTAAG-1,10885,91,590,3997
CATACCCCATGTGTCA-1,14,1014,56,588
CATACCCGTACTCAAC-1,27,7003,360,2213
CATACCCGTGGGATTG-1,1220,23,152,784
CATACCCTCATCACCC-1,21,1451,75,681
CATACCCTCCAACCAA-1,100,667,17,548
CATACCCTCCTGGGTG-1,347,332,16,538
CATACCCTCTCCGTGT-1,14944,159,826,4662
CATACTTAGGATACCG-1,88,9900,459,3267
CATACTTAGGCCCACT-1,620,13,18,474
CATACTTAGTTTCTTC-1,13,791,24,493
CATACTTCAAGTGGCA-1,536,1721,150,1216
CATACTTCAATGGCCC-1,452,270,26,585
CATACTTCACAGTACT-1,2015,19,71,1082
CATACTTCACCCAACG-1,785,385,38,845
CATACTTCACCCAAGC-1,26,2585,393,1470
CATACTTGTAGCTGCC-1,66,12227,582,3717
CATACTTGTAGGTAGC-1,51,6477,499,2093
CATACTTGTTGGACCC-1,479,349,24,647
CATAGACAGACCTGGA-1,387,409,26,635
CATAGACAGAGGATGA-1,149,5158,419,1968
CATAGACAGCAACTTC-1,650,118,16,586
CATAGACAGCATCAGG-1,69,9347,776,3078
CATAGACCAACTGCCG-1,1042,166,26,812
CATAGACCACATGAAA-1,8,656,34,439
CATAGACCACGCTTAA-1,674,36,4,497
CATAGACCAGCGATTT-1,8698,70,394,3420
CATAGACCAGCTGTAT-1,896,868,98,1153
CATAGACCATCCGTGG-1,33,7179,572,2254
CATAGACTCCAACTGA-1,12150,83,591,3891
CATAGACTCGACGAGA-1,60,8009,437,2950
CATAGACTCGCTAGCG-1,2651,21,115,1147
CATCAAGAGGACAACC-1,1718,19,146,988
CATCAAGAGTGCTACT-1,73,11882,468,3432
CATCAAGCAACCACAT-1,1685,10,4,839
CATCAAGCAACCGTAT-1,22,3899,150,1516
CATCAAGCACAAGCTT-1,9,792,45,509
CATCAAGGTCCCTGAG-1,11766,77,584,3792
CATCAAGGTGCATGTT-1,793,14,62,549
CATCAAGTCATTTGCT-1,334,1103,56,896
CATCAAGTCCTAACAG-1,666,263,30,668
CATCCACAGAATTGCA-1,1225,19,59,803
CATCCACAGAGCTTTC-1,2882,577,179,1790
CATCCACAGCATACTC-1,243,567,18,601
CATCCACAGTTTCGAC-1,337,292,9,494
CATCCACCAAATCGGG-1,9,1567,109,505
CATCCACCAACACACT-1,55,9789,415,3168
CATCCACCAAGAGGCT-1,12445,99,499,4497
CATCCACCAAGGTCTT-1,743,6729,404,3022
CATCCACCACAAGCTT-1,417,2853,248,1620
CATCCACCACATGGTT-1,526,489,33,717
CATCCACCACTTTATC-1,1804,250,56,1284
CATCCACCAGACGCTC-1,14,1128,45,639
CATCCACCATATAGCC-1,154,1298,44,908
CATCCACCATGACGTT-1,52,10088,868,3018
CATCCACGTCACCTTC-1,1449,31,47,867
CATCCACGTCCGCAGT-1,1046,143,28,873
CATCCACGTCGTATTG-1,1262,10,23,773
CATCCACGTTCGAGCC-1,1442,416,92,1157
CATCCACGTTGACTAC-1,50,6978,603,2439
CATCCACTCATTCTTG-1,2111,418,57,1570
CATCCACTCCCTTGGT-1,47,7589,474,2652
CATCCACTCGTAACTG-1,66,7956,639,2683
CATCCACTCGTGACTA-1,969,1189,42,1370
CATCCCAAGCAGGGAG-1,94,13949,1260,3571
CATCCCAAGCCGCTTG-1,63,7079,519,2558
CATCCCAAGTCCCGGT-1,11098,56,463,3691
CATCCCACACGCCACA-1,643,2331,49,1655
CATCCCACAGCCATTA-1,64,9607,557,2995
CATCCCACAGGTAGTG-1,1063,11,45,659
CATCCCAGTCGAGATG-1,4587,23,226,1845
CATCCCATCAGCTTCC-1,480,170,18,528
CATCCCATCATCTATC-1,22,1262,2,663
CATCCCATCCTGGCTT-1,10517,84,758,3947
CATCCCATCTACACAG-1,1106,196,76,904
CATCCCATCTATTGTC-1,663,841,37,1021
CATCCCATCTCAGGCG-1,42,5590,383,2109
CATCCCATCTCTCGAC-1,7387,38,509,3188
CATCCGTAGCTCCGAC-1,958,1322,115,1324
CATCCGTCAGGTTTAC-1,745,111,44,627
CATCCGTCATCATGAC-1,737,1814,92,1403
CATCCGTGTACCTTCC-1,12089,62,904,3830
CATCCGTGTCGCATTA-1,592,84,14,518
CATCCGTGTCGTACTA-1,58,8260,466,2562
CATCCGTTCCGAACGC-1,32,7409,308,2700
CATCCGTTCGACCATA-1,53,7226,532,2716
CATCCGTTCGATCCCT-1,4953,22,1,1623
CATCGCTAGTCGCTAT-1,46,6022,274,2366
CATCGCTCAAGGAGTC-1,7842,52,479,2926
CATCGCTCACAGTACT-1,41,6119,334,2278
CATCGCTCACTATGTG-1,77,12313,787,3543
CATCGCTCAGGCGATA-1,34,10324,649,2998
CATCGCTCAGGCTACC-1,77,13328,661,3663
CATCGCTGTGCAACGA-1,858,11,59,594
CATCGCTGTGCCGTAC-1,53,12248,830,3465
CATCGCTGTGTATTCG-1,7220,44,451,2802
CATCGCTGTTCCAGGC-1,1998,16,97,1115
CATCGCTGTTTACTTC-1,1518,64,52,960
CATCGCTTCCTTCAGC-1,12,993,60,596
CATCGGGAGATCCGAG-1,4886,51,868,2068
CATCGGGAGATGCTAA-1,31,2369,147,1188
CATCGGGAGCTACAAA-1,28,4167,411,1567
CATCGGGCAATCTCTT-1,338,809,42,807
CATCGGGCACGATAGG-1,14,867,59,544
CATCGGGCAGACCAAG-1,10229,71,599,3442
CATCGGGGTAGTCGTT-1,1052,18,81,666
CATCGGGGTATCGTTG-1,20,4647,469,1655
CATCGGGTCACCTCTG-1,1349,100,33,867
CATCGGGTCAGCGCAC-1,812,1535,243,1244
CATCGGGTCATAGACC-1,105,1448,92,843
CATCGGGTCTAGATCG-1,8531,62,545,3187
CATCGTCAGCCACCGT-1,63,9759,672,3258
CATCGTCAGCCTATTG-1,111,11300,737,3631
CATCGTCAGCTCAGAG-1,523,329,37,670
CATCGTCCAACGGCCT-1,1040,395,95,974
CATCGTCCAAGGATGC-1,58,7526,425,2579
CATCGTCCAGGCGTTC-1,39,5834,403,2017
CATCGTCCAGGTCTCG-1,598,939,73,1029
CATCGTCCATCGATAC-1,22,8431,193,2613
CATCGTCGTACGAGCA-1,30,7037,402,2282
CATCGTCGTACGATCT-1,49,7600,523,2666
CATCGTCGTACTTCCC-1,6727,55,530,2829
CATCGTCTCCCGTTCA-1,1059,1640,148,1510
CATCGTCTCTAGGAAA-1,4653,25,196,2175
CATCGTCTCTCATGCC-1,758,6,9,531
CATGAGTAGCATCCTA-1,29,2016,208,842
CATGAGTAGCCTTTGA-1,54,10838,510,3159
CATGAGTCACAGCCTG-1,1475,181,60,986
CATGAGTCACATAACC-1,10294,73,400,3588
CATGAGTGTAGCTGTT-1,68,7855,567,2507
CATGAGTTCCTTCACG-1,902,169,44,776
CATGCAAAGAGCATTA-1,1341,167,71,939
CATGCAAAGCGTCTCG-1,46,6195,597,2111
CATGCAACAAGAGCTG-1,32,5180,410,1872
CATGCAACAGCTACAT-1,69,10885,710,3195
CATGCAAGTACTTCCC-1,693,132,27,585
CATGCAAGTCGAATTC-1,4702,946,230,2715
CATGCAAGTTCTTGCC-1,389,506,19,687
CATGCAAGTTGAAGTA-1,8,2183,146,702
CATGCAATCAGGTAAA-1,324,434,37,600
CATGCAATCCCGATCT-1,2222,17,4,1091
CATGCAATCTCTCTTC-1,527,704,44,898
CATGCCTAGACCATTC-1,2867,782,127,1932
CATGCCTAGACCCTTA-1,488,994,33,987
CATGCCTAGCAAGCCA-1,1204,135,49,872
CATGCCTAGTAGGTTA-1,835,173,40,729
CATGCCTCAAATAGCA-1,255,601,29,622
CATGCCTCAACTTGCA-1,1892,22,87,1124
CATGCCTCAATAGTCC-1,916,731,48,1099
CATGCCTCAATTCGTG-1,52,5241,346,2075
CATGCCTCACATGTTG-1,44,9416,452,2792
CATGCCTCACGGTCTG-1,512,753,66,869
CATGCCTGTACCTTCC-1,50,6822,452,2465
CATGCCTGTACGAAAT-1,51,9697,518,2695
CATGCCTGTACTGTTG-1,4702,1193,228,2706
CATGCCTGTAGTGATA-1,52,6648,435,2190
CATGCCTGTCGTTGGC-1,5794,235,110,2202
CATGCCTGTCGTTTCC-1,13583,69,849,4311
CATGCCTGTGTTTCTT-1,8,1228,66,697
CATGCCTGTTCCTACC-1,9,1493,76,813
CATGCCTGTTGTGCAT-1,493,70,24,420
CATGCCTGTTTACTGG-1,105,11390,699,3579
CATGCCTGTTTGGAGG-1,44,7932,646,2455
CATGCCTTCACCCTGT-1,344,236,5,480
CATGCCTTCAGAATAG-1,182,1435,130,860
CATGCCTTCCTACAAG-1,636,625,68,844
CATGCCTTCCTCTAAT-1,30,1176,29,723
CATGCGGAGAAATCCA-1,76,11768,718,3463
CATGCGGCAGCGGATA-1,3401,39,579,1795
CATGCGGCATGGTACT-1,13037,102,836,4486
CATGCGGGTAGTCACT-1,538,231,9,598
CATGCGGGTCGGTAAG-1,52,9321,633,2759
CATGCGGGTCTCGCGA-1,51,8004,506,2720
CATGCGGGTTGCCGCA-1,12411,59,892,3972
CATGCGGTCCCAGCGA-1,729,10,0,490
CATGCGGTCCGACATA-1,64,7254,558,2524
CATGCGGTCCGGTTCT-1,1068,47,35,731
CATGCTCAGACTCATC-1,331,222,5,452
CATGCTCAGCCTCTTC-1,310,1938,38,1264
CATGCTCAGGCTGAAC-1,8427,64,470,3332
CATGCTCAGGTGGCTA-1,514,110,16,512
CATGCTCAGTATAGGT-1,1247,70,76,880
CATGCTCCAAATAAGC-1,17663,142,945,5270
CATGCTCCAACCGACC-1,723,618,28,944
CATGCTCCAACCTATG-1,352,463,36,631
CATGCTCCACTAAACC-1,502,1940,101,1403
CATGCTCCAGAGAGGG-1,70,8297,444,2694
CATGCTCCATAGGTTC-1,1091,476,97,1026
CATGCTCGTACCCACG-1,43,8811,543,2819
CATGCTCGTCCACTTC-1,294,1621,90,1061
CATGCTCGTCTCAAGT-1,42,6132,544,2043
CATGCTCGTCTTTCAT-1,3815,20,0,1385
CATGCTCGTTTCCATT-1,45,6825,502,2129
CATGCTCTCAACCTTT-1,766,194,7,725
CATGCTCTCAGGGTAG-1,39,885,51,601
CATGGATAGAGAGCAA-1,7238,52,550,2830
CATGGATAGCCGTTAT-1,9818,55,493,3328
CATGGATAGGACAACC-1,23,4082,206,1550
CATGGATAGGCACTAG-1,311,1827,94,1167
CATGGATAGTAGGAAG-1,34,5016,350,1826
CATGGATCAAGTGTCT-1,28,3229,264,1472
CATGGATCAGACCATT-1,17423,104,865,4767
CATGGATGTCACGTGC-1,8830,54,462,3231
CATGGATGTTCCACAA-1,12132,86,530,4075
CATGGATGTTCGTTCC-1,1242,13,80,768
CATGGATTCAAGGCTT-1,13826,123,753,4342
CATGGATTCAGAGCGA-1,2719,74,725,1362
CATGGATTCCGGTTCT-1,1112,410,107,1021
CATGGATTCGGTCACG-1,23,4801,303,1785
CATGGTAAGCCTTGAT-1,7397,62,624,3077
CATGGTAAGGTGGCTA-1,77,13971,666,3528
CATGGTAAGTGCGACA-1,61,7574,506,2456
CATGGTACAACGTATC-1,63,6413,492,2258
CATGGTACAGAAATTG-1,107,13319,843,3716
CATGGTACAGAACTTC-1,13,1163,41,697
CATGGTACAGTAGATA-1,52,5962,288,2381
CATGGTACATCAACCA-1,18,1802,51,910
CATGGTACATGACACT-1,1958,526,137,1402
CATGGTACATGGCTGC-1,1673,110,20,996
CATGGTAGTATTGAGA-1,9320,89,547,3438
CATGGTAGTCAACATC-1,50,8743,474,3160
CATGGTAGTCGAGTTT-1,40,8218,742,2470
CATGGTAGTCGTCGGT-1,38,6509,207,2306
CATGGTAGTCTGATCA-1,945,54,41,629
CATGGTAGTGAGTAGC-1,31,3789,389,1600
CATGGTAGTGGCAGAT-1,28,5800,450,2008
CATGGTAGTTCCCAAA-1,93,12656,1034,3880
CATGGTAGTTTACCTT-1,434,175,17,483
CATGGTATCAGAGCGA-1,28,5179,352,1855
CATGGTATCATACGGT-1,4540,30,0,1916
CATTCATAGAGGTATT-1,7272,65,487,2895
CATTCATAGGTCATCT-1,582,275,35,654
CATTCATCAAGCGATG-1,20,1456,190,700
CATTCATCAATCGTCA-1,428,250,9,511
CATTCATCACACGCCA-1,889,272,28,810
CATTCATCACATACTG-1,96,1228,24,755
CATTCATCACGAAAGC-1,19,2776,565,1352
CATTCATCAGTGTGCC-1,30,5513,352,2224
CATTCATGTCTGCAAT-1,62,688,22,516
CATTCATGTGGTATGG-1,86,11327,777,3210
CATTCATGTTCAAGTC-1,553,8,25,412
CATTCATGTTTCAGAC-1,36,5970,361,1986
CATTCATTCAATGTCG-1,732,7,1,479
CATTCATTCGCTGTTC-1,344,261,16,500
CATTCATTCGGTTAGT-1,386,474,24,653
CATTCATTCGTAACCA-1,811,16,31,577
CATTCATTCTACTCAT-1,489,173,24,513
CATTCCGAGGGCTGAT-1,36,6197,168,2198
CATTCCGAGTAGTGCG-1,63,7707,576,2730
CATTCCGAGTCATGAA-1,45,7691,443,2577
CATTCCGAGTTCCATG-1,743,673,50,1021
CATTCCGCAAATGGTA-1,14161,104,728,4334
CATTCCGCAACCACGC-1,14,1673,77,855
CATTCCGCACAGCATT-1,2040,677,114,1563
CATTCCGCACTGCGAC-1,57,11284,577,3222
CATTCCGGTCACCTTC-1,345,1556,57,1206
CATTCCGGTGTTAACC-1,1133,149,112,909
CATTCCGGTTAAAGTG-1,656,196,39,645
CATTCCGGTTATGTGC-1,1339,66,145,821
CATTCCGGTTCACCGG-1,9,722,26,483
CATTCCGGTTGCGGAA-1,46,4793,421,1802
CATTCCGTCAAAGACA-1,383,416,31,622
CATTCCGTCACGGGAA-1,49,7802,353,2752
CATTCCGTCGGCCTTT-1,65,544,23,459
CATTCTAAGGTGCCTC-1,34,5772,354,2215
CATTCTACAACGTAAA-1,1587,15,79,879
CATTCTACAAGACCTT-1,284,1192,60,912
CATTCTACACGTTGGC-1,9266,63,593,3521
CATTCTACAGAGACTG-1,9123,58,533,3049
CATTCTACAGTCGGAA-1,74,10760,654,3145
CATTCTACATGTACGT-1,43,4252,282,1708
CATTCTAGTATGCAAA-1,47,7256,345,2393
CATTCTAGTCTCTCAC-1,523,425,36,732
CATTCTAGTTGACTGT-1,334,745,41,781
CATTGAGAGAGGTCAC-1,38,4632,352,1770
CATTGAGCACACCTAA-1,49,5108,469,2007
CATTGAGCACTGGATT-1,54,8081,403,2922
CATTGAGCAGTATTCG-1,8277,60,574,3083
CATTGAGGTAAGAACT-1,9166,51,515,3205
CATTGAGGTCCACATA-1,57,9850,558,2911
CATTGAGGTTTGTTCT-1,7642,48,434,2995
CATTGAGTCAACTGAC-1,37,5257,208,1880
CATTGAGTCACTCGAA-1,29,6520,440,2388
CATTGAGTCATTGCCC-1,582,169,24,571
CATTGAGTCCGATAAC-1,933,27,29,650
CATTGAGTCTGGGTCG-1,7084,52,532,2959
CATTGCCAGACTTAAG-1,10002,73,672,3513
CATTGCCAGCAAATGT-1,10716,56,476,3722
CATTGCCAGCGTTGTT-1,8706,42,603,3042
CATTGCCAGTCCGCGT-1,2437,450,169,1553
CATTGCCCACAGCCAC-1,1592,255,123,1122
CATTGCCCACGACGTC-1,41,7242,323,2590
CATTGCCCACTGGATT-1,52,6887,472,2494
CATTGCCCAGATCCAT-1,667,617,18,887
CATTGCCCATCCTAAG-1,441,245,12,547
CATTGCCGTCAAACGG-1,9889,62,640,3498
CATTGCCGTCACGACC-1,19182,76,1022,4619
CATTGCCGTGTTGATC-1,9484,41,517,3042
CATTGCCTCAAATGAG-1,40,6052,422,2219
CATTGCCTCATTGTTC-1,341,276,14,520
CATTGCCTCGAGAAGC-1,47,9889,405,2887
CATTGCCTCGCCAGTG-1,51,10254,623,3088
CATTGCCTCTCAATCT-1,44,1376,51,786
CATTGCCTCTTTCGAT-1,61,7368,644,2505
CATTGTTAGAGGTTAT-1,51,860,34,591
CATTGTTAGCCATGCC-1,243,442,14,537
CATTGTTAGGCCCAAA-1,198,1070,37,835
CATTGTTAGGTTCATC-1,160,1436,133,937
CATTGTTCACTCCTTG-1,39,6869,364,2619
CATTGTTCAGTTGCGC-1,9069,56,573,3248
CATTGTTGTCCGGTCA-1,192,951,37,763
CATTGTTGTGCCCACA-1,791,216,52,713
CATTGTTGTGCGAACA-1,655,216,34,654
CATTGTTGTGTCCTAA-1,64,9836,731,2932
CATTTCAAGAACTTCC-1,56,6980,278,2790
CATTTCAAGACGCCCT-1,57,6661,389,2525
CATTTCAAGCAACAGC-1,1953,379,68,1278
CATTTCAAGCGCGTTC-1,4382,34,406,2125
CATTTCAAGCTGTTCA-1,346,2143,87,1216
CATTTCAAGGCTAGCA-1,13212,84,458,4060
CATTTCAAGGTACCTT-1,46,6189,593,2127
CATTTCACAAATACAG-1,890,2060,159,1529
CATTTCACACAACATC-1,14340,86,556,4329
CATTTCACACTTGTCC-1,10,1060,33,648
CATTTCAGTCAACACT-1,572,5548,492,2550
CATTTCAGTCCTACAA-1,448,603,25,801
CATTTCAGTCTGTAAC-1,157,517,25,507
CATTTCAGTTGTCCCT-1,4204,26,1,1455
CATTTCATCCATTTAC-1,1137,1097,88,1404
CATTTCATCGTCCATC-1,36,6073,436,2395
CCAAGCGAGACGCTCC-1,70,9555,587,3266
CCAAGCGGTCCTGAAT-1,26,5204,279,2021
CCAAGCGGTTCTCGCT-1,73,16067,840,4170
CCAAGCGGTTGGGTTT-1,8726,60,370,3169
CCAAGCGTCAAGGACG-1,73,14629,927,3859
CCAAGCGTCCATCTAT-1,40,6237,340,2153
CCAAGCGTCCGATCGG-1,12544,100,628,4061
CCAATGAAGATCACCT-1,5262,44,342,2255
CCAATGAAGATGCCGA-1,12291,57,993,3840
CCAATGAAGATTACCC-1,1073,698,63,1177
CCAATGAAGGGATCGT-1,54,12459,615,3359
CCAATGAAGGGCGAAG-1,809,147,54,693
CCAATGAAGGGTCACA-1,7467,9400,940,5600
CCAATGAAGTGATAAC-1,10185,67,615,3393
CCAATGACAAGGACAC-1,4253,483,392,2048
CCAATGACAGAACATA-1,73,16446,624,4150
CCAATGACAGCTGTAT-1,27780,159,1603,6426
CCAATGACAGTTGCGC-1,18,1007,50,608
CCAATGACATCATGAC-1,16,1375,40,706
CCAATGACATGGCTAT-1,39,5604,318,2179
CCAATGAGTAACCAGG-1,47,8937,575,2941
CCAATGAGTAGTGTGG-1,11428,52,713,3294
CCAATGAGTCCACTCT-1,723,229,31,733
CCAATGAGTCCGATCG-1,34,8433,670,2715
CCAATGAGTGTCCGTG-1,32,6558,406,2191
CCAATGAGTTGCCAAT-1,7827,72,619,3267
CCAATGATCAGTGTTG-1,1958,22,393,1161
CCAATTTAGATGGTCG-1,7250,63,499,2787
CCAATTTAGGGAGGCA-1,340,4369,588,1706
CCAATTTCAACACAGG-1,16,1308,63,730
CCAATTTCAACATCGT-1,138,657,26,585
CCAATTTCAGACCATT-1,513,22,10,393
CCAATTTCATTACGGT-1,478,643,24,805
CCAATTTGTCAGTCTA-1,198,304,17,411
CCAATTTGTCTTGCGG-1,20,1051,122,643
CCAATTTGTGATTCTG-1,766,853,64,1093
CCAATTTGTGGCTAGA-1,93,10801,694,3365
CCAATTTGTTACGATC-1,1031,407,69,987
CCAATTTGTTGCATTG-1,602,2770,142,1612
CCAATTTTCGTAGCCG-1,10,1558,105,827
CCACAAAAGAGCAAGA-1,10583,83,536,3444
CCACAAAAGCACTAGG-1,33,6686,432,2181
CCACAAAAGCGTGAAC-1,13822,84,995,4216
CCACAAACAAACACCT-1,989,22,40,686
CCACAAACAAACAGGC-1,233,633,50,637
CCACAAACACCCTTAC-1,2376,18,66,1278
CCACAAACAGAACTCT-1,34,3659,190,1568
CCACAAACAGCCCAGT-1,515,126,17,503
CCACAAACAGGATCTT-1,6656,35,693,2548
CCACAAACAGGTGTTT-1,244,1038,61,831
CCACAAAGTCTGATCA-1,22,2985,157,1192
CCACAAATCATTTGCT-1,47,7061,297,2508
CCACAAATCCTCAGGG-1,3217,1084,187,2160
CCACAAATCGACGATT-1,750,134,31,655
CCACAAATCGTGACTA-1,5,1638,0,601
CCACAAATCTTCTTCC-1,53,8346,384,2867
CCACACTAGTAGACCG-1,33,4478,785,1963
CCACACTAGTCATGGG-1,40,5139,243,2079
CCACACTCAAATACGA-1,89,9988,431,3313
CCACACTCAACCGTAT-1,2984,1023,285,2028
CCACACTCACAGACGA-1,14,958,40,552
CCACACTCACGACAAG-1,33,7021,401,2442
CCACACTCACGCCAGT-1,566,2220,165,1495
CCACACTCAGAGTAAT-1,62,9614,773,2999
CCACACTCAGATCCAT-1,1593,757,63,1466
CCACACTCAGGTTCGC-1,1095,779,45,1247
CCACACTGTACGAAAT-1,44,4795,255,1904
CCACACTGTCAGTCTA-1,347,529,30,670
CCACACTGTCCCTGAG-1,39,8418,302,2927
CCACACTGTTAGGCTT-1,1033,556,60,1108
CCACACTTCAATCAGC-1,717,213,25,697
CCACACTTCACTGGTA-1,13830,43,11,3112
CCACACTTCGCCTTTG-1,1779,13,46,1048
CCACACTTCTTCTGTA-1,2589,403,153,1674
CCACCATAGGCCACTC-1,1223,1470,65,1511
CCACCATAGGGTGGGA-1,52,10918,477,3115
CCACCATAGTACTCGT-1,32,3203,449,1341
CCACCATCAACGTAAA-1,15311,105,376,4812
CCACCATCAAGTGCAG-1,409,624,44,767
CCACCATCACATAACC-1,8146,53,671,2848
CCACCATCACGAAAGC-1,414,1346,97,1051
CCACCATCAGTCCCGA-1,1215,224,81,959
CCACCATGTAGCTTTG-1,219,1657,165,884
CCACCATGTCACTTAG-1,418,607,56,747
CCACCATGTCGACTTA-1,51,8354,446,2764
CCACCATGTCGAGTGA-1,42,6192,598,2153
CCACCATGTCGTATGT-1,6588,43,256,2570
CCACCATGTGCCTATA-1,11354,87,634,3897
CCACCATGTTAAGACA-1,223,323,16,459
CCACCATTCAAGGACG-1,8993,65,396,3842
CCACCATTCACCCATC-1,93,416,7,407
CCACCATTCCATCTGC-1,312,387,28,557
CCACCATTCCCAGTGG-1,5891,37,397,2309
CCACCATTCTATACTC-1,22,772,15,502
CCACGAGAGAACGTGC-1,11253,89,770,3620
CCACGAGAGAGCAAGA-1,8161,43,384,3184
CCACGAGAGAGTCGAC-1,9353,69,630,3477
CCACGAGAGGCTAAAT-1,1183,14,88,750
CCACGAGAGGTTAGTA-1,35,4434,322,1619
CCACGAGAGTACGAGC-1,10816,50,777,3317
CCACGAGCACTATCCC-1,5593,58,602,2356
CCACGAGCAGCCCACA-1,51,5793,433,1996
CCACGAGCAGCTATTG-1,52,10946,712,3118
CCACGAGCAGTCTGGC-1,68,11470,775,3373
CCACGAGGTTCACCGG-1,40,7737,499,2656
CCACGAGGTTCCGTTC-1,1423,201,55,1036
CCACGTTAGCATGAAT-1,2332,41,97,1320
CCACGTTAGGGAGAAT-1,11692,120,862,4201
CCACGTTCAACAAAGT-1,12114,92,661,4099
CCACGTTCAACAGATA-1,897,709,42,1057
CCACGTTCAACGTTAC-1,1489,1537,173,1645
CCACGTTCAAGATCCT-1,70,9658,595,3301
CCACGTTCACACCTTC-1,876,222,32,768
CCACGTTCACCGAATT-1,5109,3121,249,3552
CCACGTTCACGCACCA-1,4278,19,1,1711
CCACGTTGTAACCAGG-1,725,246,45,725
CCACGTTGTAGATCGG-1,7923,34,573,3000
CCACGTTGTAGCGAGT-1,1499,158,78,1098
CCACGTTGTATCACGT-1,45,7917,416,2425
CCACGTTGTATCGTGT-1,23,1121,31,632
CCACGTTTCAGTCAGT-1,729,329,52,788
CCACGTTTCCACACAA-1,18,897,66,433
CCACGTTTCCATTGTT-1,8711,15,7,2388
CCACGTTTCCGCACGA-1,21,4504,187,1749
CCACGTTTCCGTATGA-1,11,843,20,530
CCACGTTTCTGCAGCG-1,543,141,22,548
CCACTTGAGAAACACT-1,1290,6,41,818
CCACTTGAGCAGGCTA-1,1268,365,64,1051
CCACTTGAGCCTGCCA-1,899,17,32,636
CCACTTGAGTATGACA-1,11,738,22,494
CCACTTGAGTCGCCAC-1,3025,981,430,2036
CCACTTGCAAGCTGTT-1,219,473,49,531
CCACTTGCACATTACG-1,591,11,11,451
CCACTTGCACTCCCTA-1,1795,602,67,1423
CCACTTGCAGAATTCC-1,206,1373,92,955
CCACTTGCAGACAAGC-1,79,14903,741,3913
CCACTTGCAGTAACCT-1,650,23,13,509
CCACTTGCATGGCACC-1,18,1254,75,741
CCACTTGGTTAAGACA-1,11430,67,679,3816
CCACTTGGTTCCTACC-1,1634,7,49,910
CCACTTGTCACTGCTC-1,449,271,26,569
CCACTTGTCATCGGGC-1,11264,88,770,3853
CCACTTGTCCCGTTGT-1,2539,361,72,1585
CCACTTGTCGCCAGAC-1,1086,26,32,712
CCATAAGAGGCAGGGA-1,46,5632,444,1880
CCATAAGAGGTACTGG-1,67,8584,599,2352
CCATAAGGTATCTCTT-1,38,6915,461,2229
CCATAAGGTATTTCCT-1,59,10339,440,3188
CCATAAGGTCCAATCA-1,3973,1038,239,2487
CCATAAGGTCCACATA-1,46,4927,294,1926
CCATAAGGTTCCTAAG-1,6612,64,504,2645
CCATAAGGTTCGGCCA-1,874,133,99,682
CCATAAGTCAACCTCC-1,20,2538,104,1006
CCATAAGTCATAGGCT-1,113,14446,989,3990
CCATAAGTCCGATGTA-1,51,5614,410,2193
CCATAAGTCGAATCCA-1,51,7747,439,2419
CCATAAGTCTAAGGAA-1,7742,65,525,2900
CCATAAGTCTTAGGAC-1,15,509,18,397
CCATCACAGAAACCCG-1,834,10,13,538
CCATCACAGATACCAA-1,746,108,29,597
CCATCACAGCTGAAAT-1,1095,448,63,1036
CCATCACCAAGCGCAA-1,2095,875,200,1592
CCATCACCAATTAGGA-1,20230,197,1089,5460
CCATCACCACTGCGAC-1,47,7222,271,2534
CCATCACCATCGTGGC-1,9,669,26,451
CCATCACCATTGCAAC-1,640,19,25,493
CCATCACGTAAGCAAT-1,12000,220,438,3874
CCATCACGTCGTACAT-1,4345,27,519,1944
CCATCACGTGCGTTTA-1,13,1145,351,591
CCATCACTCAGCATTG-1,604,65,36,511
CCATCACTCAGTAGGG-1,1148,203,52,916
CCATCACTCATCACTT-1,853,525,29,931
CCCAACTAGACAAGCC-1,70,11850,492,3163
CCCAACTAGAGAGGTA-1,46,5161,390,1856
CCCAACTAGAGCATTA-1,164,758,60,636
CCCAACTAGAGTGGCT-1,30,3221,202,1195
CCCAACTAGATGCTTC-1,12665,101,738,4302
CCCAACTAGCACACAG-1,45,9157,512,3045
CCCAACTAGCACCGAA-1,4114,1408,229,2612
CCCAACTAGCCGGAAT-1,15,1025,52,564
CCCAACTAGCCTCAGC-1,2691,21,79,1400
CCCAACTAGGCTGAAC-1,992,221,50,850
CCCAACTAGGGAGGGT-1,35,6608,609,2407
CCCAACTAGTTTCGGT-1,2426,854,217,1754
CCCAACTCAAAGAGTT-1,256,2419,183,1345
CCCAACTCATTACTCT-1,504,390,25,664
CCCAACTGTCCAAATC-1,99,12671,713,3851
CCCAACTGTCCACGCA-1,2909,244,222,1580
CCCAACTGTGCTTCAA-1,1168,862,86,1242
CCCAACTGTTCTAACG-1,608,1152,53,1185
CCCAACTGTTGCCTAA-1,49,11092,667,3271
CCCAACTGTTTCGTAG-1,63,506,13,410
CCCAACTTCATCGCAA-1,18,703,37,492
CCCAACTTCATGCCCT-1,77,12543,764,3703
CCCAACTTCCCTCAAC-1,18605,121,1079,5040
CCCAACTTCGCGGTAC-1,2109,152,157,1157
CCCAACTTCGTTCGCT-1,5304,54,183,2407
CCCAACTTCTCGACCT-1,160,697,17,640
CCCATTGAGGACTATA-1,14641,88,795,4694
CCCATTGCAACCTAAC-1,25,6600,564,2340
CCCATTGCACACCTTC-1,641,6,9,471
CCCATTGCATGGGTTT-1,560,226,49,606
CCCATTGGTCAGGCAA-1,766,142,66,670
CCCATTGGTCGCACAC-1,7286,51,784,2812
CCCATTGTCATGCAGT-1,7813,45,483,3067
CCCATTGTCGTGCTCT-1,15,1157,67,655
CCCATTGTCTCATAGG-1,670,68,29,538
CCCGAAGAGATCCGAG-1,63,6287,599,2193
CCCGAAGCAAAGCTAA-1,208,985,60,760
CCCGAAGCAACATACC-1,32,1715,86,834
CCCGAAGCAGGTCTCG-1,242,1355,84,938
CCCGAAGGTACCTGTA-1,279,2419,232,1185
CCCGAAGGTAGTCTGT-1,57,9352,617,3081
CCCGAAGGTTACGGAG-1,12829,59,995,3818
CCCGAAGTCACCTCAC-1,1429,710,120,1318
CCCGAAGTCCATTTAC-1,73,14323,469,3827
CCCGAAGTCTGACCCT-1,66,16035,896,4040
CCCGGAAAGCCACAAG-1,10,922,88,550
CCCGGAACAAAGGGCT-1,12,1309,111,711
CCCGGAACAATCACGT-1,53,7929,506,2757
CCCGGAACACAAGTTC-1,67,14601,882,3835
CCCGGAACACTCCGGA-1,206,3917,74,1537
CCCGGAACATGTGTCA-1,32,5550,556,2012
CCCGGAAGTATGGTTC-1,579,2004,468,1262
CCCGGAAGTATTCCTT-1,7521,32,1,2013
CCCGGAAGTCTAGGCC-1,7842,44,475,2876
CCCGGAATCAACCTCC-1,13,843,40,547
CCCGGAATCATTTCCA-1,1569,549,104,1254
CCCGGAATCCGATCTC-1,40,5971,263,2323
CCCGGAATCGCCGATG-1,38,7277,512,2366
CCCTAACAGACCAGAC-1,731,78,23,629
CCCTAACAGCAAATCA-1,10454,87,556,4135
CCCTAACAGCCGTAAG-1,534,345,46,668
CCCTAACAGCGTTCAT-1,15,1080,60,655
CCCTAACAGCTCGGCT-1,106,15709,799,4132
CCCTAACAGCTTCATG-1,596,630,27,835
CCCTAACAGGACTAAT-1,11139,97,852,4049
CCCTAACAGGCCTTGC-1,6,607,24,382
CCCTAACAGGGAGTTC-1,10,2141,263,867
CCCTAACAGGTGATCG-1,36,6154,489,2157
CCCTAACAGTTAGAAC-1,22,998,48,569
CCCTAACCAAATGATG-1,206,1327,86,948
CCCTAACCACGAGAAC-1,155,834,40,649
CCCTAACCACGGCACT-1,622,2452,279,1616
CCCTAACCATGAATCC-1,1562,1505,130,1671
CCCTAACCATTCACCC-1,44,9165,363,2889
CCCTAACCATTCTCTA-1,108,11512,679,3578
CCCTAACGTCACCACG-1,457,490,27,704
CCCTAACGTCGAGCAA-1,29,7540,287,2318
CCCTAACTCACAATGC-1,1039,19,20,718
CCCTAACTCCCAACTC-1,83,1561,37,909
CCCTAACTCCCTCGAT-1,30,7147,392,2321
CCCTAACTCGCTATTT-1,1326,12,34,750
CCCTAACTCTTCTGTA-1,35,5948,427,2038
CCCTCAAAGAATTGTG-1,5495,47,355,2650
CCCTCAAAGACCTCCG-1,1249,1082,67,1458
CCCTCAAAGCACCAGA-1,2006,692,137,1546
CCCTCAAAGCTCCGAC-1,196,416,9,484
CCCTCAAAGCTGTACT-1,11,786,43,504
CCCTCAAAGCTGTGCC-1,19,2067,147,987
CCCTCAAAGTCATCGT-1,650,5,13,475
CCCTCAAAGTCTCCTC-1,78,9745,538,3386
CCCTCAACACACCTTC-1,544,1035,47,1084
CCCTCAACACTGTTCC-1,2845,700,110,1860
CCCTCAACATCGCTGG-1,13,1725,45,947
CCCTCAAGTACTCCGG-1,26,4075,325,1719
CCCTCAAGTATCTTCT-1,41,7276,442,2646
CCCTCAAGTATTTCGG-1,54,9619,420,3262
CCCTCAAGTGTAAACA-1,627,236,38,657
CCCTCAATCCACAGGC-1,397,363,11,588
CCCTCAATCCGAGGCT-1,686,19,29,510
CCCTCAATCGGTCATA-1,7541,55,564,3142
CCCTCAATCGGTCGAC-1,7836,66,549,2987
CCCTCAATCTCTGCCA-1,10746,55,500,3674
CCCTCAATCTTAGCCC-1,38,7657,381,2597
CCCTCTCAGATACATG-1,792,15,14,573
CCCTCTCAGCCTCACG-1,36,6539,410,2546
CCCTCTCAGCTAGTTC-1,13129,87,909,4517
CCCTCTCAGTCACGAG-1,1294,260,66,1063
CCCTCTCAGTGATCGG-1,50,5399,569,1870
CCCTCTCAGTTCGGTT-1,8744,77,578,3559
CCCTCTCAGTTGCTGT-1,929,946,70,1241
CCCTCTCAGTTTCTTC-1,879,13,16,657
CCCTCTCCAATGCTCA-1,1403,1243,64,1541
CCCTCTCCACCGTGGT-1,631,28,9,501
CCCTCTCCACGGCCAT-1,320,226,13,424
CCCTCTCCACTCCGGA-1,16,3378,115,1492
CCCTCTCCAGAAGTTA-1,7571,64,380,3185
CCCTCTCCATCTGGGC-1,22,1073,14,631
CCCTCTCCATTGCCTC-1,53,5004,339,2173
CCCTCTCGTAGGCAGT-1,30,5686,463,2088
CCCTCTCGTCATACCA-1,73,9761,719,3116
CCCTCTCGTCATTGCA-1,1097,1371,86,1479
CCCTCTCGTCTAGGCC-1,689,15,36,523
CCCTCTCGTGCCTTCT-1,2988,528,83,1988
CCCTCTCGTGGTACAG-1,77,10884,842,3148
CCCTCTCTCGGAATTC-1,742,57,30,591
CCCTCTCTCGTTCAGA-1,642,407,23,772
CCCTCTCTCTACGGGC-1,383,328,24,547
CCCTCTCTCTAGCCTC-1,338,495,10,612
CCCTCTCTCTATACTC-1,36,5031,534,1869
CCCTCTCTCTATTGTC-1,17,1357,35,815
CCCTCTCTCTTCACGC-1,12,518,16,391
CCCTGATAGCCAGTAG-1,655,73,47,540
CCCTGATAGCGCCTTG-1,17280,80,817,4663
CCCTGATAGCTAGAAT-1,553,5,36,414
CCCTGATAGGACAGCT-1,36,7598,555,2643
CCCTGATAGGTACAGC-1,61,8023,577,2397
CCCTGATAGTATAGGT-1,157,443,25,475
CCCTGATCAACCGGAA-1,58,10252,656,3165
CCCTGATCAAGCTGTT-1,573,15,22,431
CCCTGATCAGCGAGTA-1,496,141,31,494
CCCTGATCATGAGGGT-1,57,11335,596,3326
CCCTGATCATTGCTTT-1,15,1094,24,655
CCCTGATGTAGTTAGA-1,44,4531,266,1885
CCCTGATGTCATGACT-1,1141,237,25,935
CCCTGATGTTCCACGG-1,727,101,21,606
CCCTGATTCAACCTCC-1,41,8934,446,2889
CCCTGATTCCTGCCAT-1,41,8681,487,2651
CCCTGATTCTACTGAG-1,48,5161,458,1895
CCCTGATTCTTCCACG-1,90,560,13,464
CCCTTAGAGAGTGACC-1,48,3789,318,1640
CCCTTAGAGTAGACCG-1,53,5411,465,2116
CCCTTAGCAAATACGA-1,12003,84,313,3847
CCCTTAGCAAATTGCC-1,492,101,11,467
CCCTTAGCAATTGCAC-1,1220,30,43,812
CCCTTAGCACCTAAAC-1,54,10315,622,2940
CCCTTAGGTCAGACTT-1,2505,17,121,1334
CCCTTAGGTCATCCCT-1,463,369,19,649
CCCTTAGGTCCCGCAA-1,107,8395,416,2818
CCCTTAGTCACAGTGT-1,796,119,54,632
CCCTTAGTCGGTGAAG-1,6289,57,522,2770
CCCTTAGTCGTGCAGC-1,4584,36,346,2128
CCCTTAGTCTGACCCT-1,1443,309,42,1092
CCGAACGAGTGTTGTC-1,6708,60,537,2626
CCGAACGCAATCCTAG-1,1162,91,52,829
CCGAACGCAATGTGGG-1,2153,328,394,1265
CCGAACGCACAGCCTG-1,3816,59,198,1788
CCGAACGCATCGATGT-1,1945,286,137,1265
CCGAACGCATGTGCTA-1,606,421,43,752
CCGAACGCATTGAGGG-1,59,11236,792,3258
CCGAACGTCAGTCCGG-1,857,10,13,617
CCGAACGTCGGTATGT-1,63,7791,526,2544
CCGAACGTCTAGCATG-1,48,9291,405,2860
CCGATCTAGACTCTTG-1,26,3314,297,1576
CCGATCTAGAGGGTCT-1,8949,68,558,3182
CCGATCTAGTAAACAC-1,490,1785,221,1097
CCGATCTAGTCAGCCC-1,3093,229,135,1718
CCGATCTCAATCGCCG-1,9830,39,636,3284
CCGATCTCAATGGCAG-1,38,4320,270,1609
CCGATCTCACCTGCTT-1,476,1027,57,1040
CCGATCTCACTAAACC-1,1698,154,89,1053
CCGATCTCAGTAGTTC-1,14,2302,55,1042
CCGATCTGTATTTCCT-1,14,2866,145,757
CCGATCTGTGCCCACA-1,431,119,10,447
CCGATCTGTGCGGCTT-1,7569,62,484,2871
CCGATCTGTTGCCAAT-1,21014,121,512,5176
CCGATCTGTTTACTTC-1,28,5071,337,2061
CCGATCTTCATTTCGT-1,28,4704,397,1794
CCGATCTTCGCAGTGC-1,8271,46,515,3192
CCGATGGAGGACAGTC-1,9522,53,386,3256
CCGATGGCAATCTCGA-1,1095,10799,458,4066
CCGATGGCAGGAACCA-1,4145,29,745,1811
CCGATGGGTGGATCAG-1,31,4884,193,1964
CCGATGGGTGTCTTAG-1,441,8834,637,3229
CCGATGGGTTAAACCC-1,64,10479,707,3417
CCGATGGTCACTACTT-1,1169,305,49,958
CCGATGGTCAGTAGGG-1,21,3873,272,1496
CCGATGGTCATTGCGA-1,17733,68,1122,4577
CCGATGGTCCATCAGA-1,1897,333,96,1282
CCGATGGTCCTACACC-1,10696,62,476,3936
CCGATGGTCTCGCAGG-1,51,6348,438,2291
CCGCAAGAGAAGTCCG-1,46,8694,736,2532
CCGCAAGAGTAGGGTC-1,9023,69,746,3170
CCGCAAGCAAATAGCA-1,532,1491,64,1178
CCGCAAGCACATAACC-1,618,451,40,787
CCGCAAGCAGATCATC-1,42,5217,511,2044
CCGCAAGCAGGATCTT-1,249,2316,304,1188
CCGCAAGGTAACCCTA-1,62,9724,748,2918
CCGCAAGTCAGACCTA-1,1275,420,54,1072
CCGCAAGTCAGTCATG-1,33,4656,382,1732
CCGCAAGTCCATACTT-1,40,8282,494,2786
CCGCAAGTCCTACCGT-1,232,855,30,723
CCGCAAGTCTCATTGT-1,163,1994,187,1104
CCGGACAAGCCTCTCT-1,2419,841,115,1866
CCGGACACAATCCAGT-1,1834,13,2,909
CCGGACACACGTATAC-1,2237,385,67,1448
CCGGACACATTCCTCG-1,296,2053,116,1226
CCGGACAGTAGTTCCA-1,4109,52,860,2095
CCGGACAGTATGTCAC-1,129,1446,66,911
CCGGACATCACTACTT-1,74,9617,459,3216
CCGGACATCTTGGTCC-1,737,1326,166,1251
CCGGGTAAGCCAAGTG-1,658,10,15,462
CCGGGTACACGTCTCT-1,11,910,55,569
CCGGGTACAGAATGTA-1,39,5505,462,1880
CCGGGTACAGGATGAC-1,610,332,72,706
CCGGGTACATCCGGTG-1,46,6821,653,2384
CCGGGTATCACCTGGG-1,40,6647,501,2169
CCGGTAGAGCGACTGA-1,17,2484,197,1204
CCGGTAGCACGCGCAT-1,46,5703,472,2166
CCGGTAGCATGAATAG-1,89,10217,717,3245
CCGGTAGGTGCAGTGA-1,42,4559,359,1887
CCGGTAGTCCAAGCCG-1,2293,13,11,1042
CCGGTAGTCCACTGAA-1,985,127,57,785
CCGGTAGTCCCGAATA-1,84,11006,733,3232
CCGGTAGTCCGTTGAA-1,101,13577,937,3824
CCGGTAGTCCTTCTGG-1,9625,55,603,3560
CCGGTAGTCGAGCCTG-1,58,9999,715,2947
CCGGTGAAGATGGTCG-1,6194,54,417,2592
CCGGTGAAGTCCCTAA-1,1276,14,0,678
CCGGTGACAATTGCCA-1,387,652,20,737
CCGGTGACACTGGCGT-1,20714,79,1391,4858
CCGGTGAGTACTAGCT-1,1939,118,271,1065
CCGGTGAGTCTACGAT-1,415,122,20,450
CCGGTGATCCACATAG-1,31,4427,405,1912
CCGGTGATCGTACCTC-1,518,13,21,407
CCGTAGGCAACTACGT-1,3702,29,229,1787
CCGTAGGCAGGTCAGA-1,7681,52,573,2771
CCGTAGGGTGTCATGT-1,12834,94,913,4261
CCGTAGGGTGTCCATA-1,5793,48,362,2514
CCGTAGGGTGTTAAAG-1,59,9318,610,2842
CCGTAGGGTTATTCCT-1,915,81,48,727
CCGTAGGTCCTCAGGG-1,8848,55,438,3312
CCGTAGGTCGCGGACT-1,52,9206,498,3081
CCGTAGGTCGGATAAA-1,4418,56,605,2048
CCGTAGGTCTCAACCC-1,58,9813,426,2866
CCGTGAGAGTCACACT-1,12453,78,662,4057
CCGTGAGCAACACTAC-1,66,9252,501,2937
CCGTGAGCATAATGAG-1,641,86,63,531
CCGTGAGCATTCTCTA-1,763,624,35,965
CCGTGAGTCCAACTGA-1,47,5689,519,2028
CCGTGAGTCCTCTGCA-1,727,16,28,514
CCGTTCAAGCACTCAT-1,1852,1126,130,1750
CCGTTCAAGCCTCTGG-1,44,8131,496,2775
CCGTTCAAGCTGGCCT-1,6,1053,23,680
CCGTTCAAGTAGAATC-1,7094,75,422,2852
CCGTTCACAACACACT-1,86,10719,628,3454
CCGTTCACAATTCTCT-1,11820,95,619,3927
CCGTTCACAATTGCCA-1,834,694,30,1073
CCGTTCACACATGTTG-1,938,329,59,875
CCGTTCACAGAACTAA-1,76,1564,45,830
CCGTTCACAGTTTCAG-1,3739,299,192,1901
CCGTTCACATCGCTAA-1,42,6992,412,2475
CCGTTCAGTAGCTCGC-1,46,8770,504,2800
CCGTTCAGTCAGATTC-1,11086,52,483,3539
CCGTTCAGTCATACCA-1,17,2415,396,920
CCGTTCATCATCGTAG-1,6647,49,346,2160
CCGTTCATCTGTAAGC-1,2330,28,64,1269
CCTAACCAGACAACAT-1,13,2790,132,1222
CCTAACCAGACGGTTG-1,793,1251,76,1262
CCTAACCAGGCTCTCG-1,2623,1681,282,2104
CCTAACCAGTAAGCAT-1,97,8378,591,3127
CCTAACCAGTAGTCAA-1,3436,173,112,1782
CCTAACCCAAGACGAC-1,131,597,14,561
CCTAACCCAGATCACT-1,5417,1943,191,3123
CCTAACCCAGCGTAGA-1,9439,73,595,3667
CCTAACCCAGGCTACC-1,51,6336,324,2368
CCTAACCCATCGATCA-1,14923,125,601,4609
CCTAACCCATGACCCG-1,65,8741,595,3051
CCTAACCGTGCGACAA-1,2003,148,128,1215
CCTAACCGTTATCCAG-1,242,650,18,663
CCTAACCTCAACCGAT-1,373,804,27,806
CCTAAGAAGCTACGTT-1,6471,41,337,2600
CCTAAGAAGGAAGTCC-1,82,5744,387,2437
CCTAAGAAGGAATGTT-1,10753,87,692,3633
CCTAAGAAGTAGTCCT-1,42,4659,523,1724
CCTAAGACACTACTTT-1,369,343,15,566
CCTAAGACAGATTCGT-1,22,2017,393,921
CCTAAGAGTGGAGAAA-1,37,4679,245,1774
CCTAAGATCCCTCATG-1,20,2015,97,991
CCTAAGATCTCGAACA-1,20659,124,1383,5335
CCTACGTAGCCTCCAG-1,41,5826,525,2068
CCTACGTAGGCATCGA-1,21,949,43,607
CCTACGTAGGCTTAGG-1,4,701,29,451
CCTACGTAGTATGGCG-1,7286,15,1,1991
CCTACGTCACCATTCC-1,592,67,17,499
CCTACGTCAGTACTAC-1,16260,147,804,4848
CCTACGTGTGCTCTCT-1,814,1020,56,1197
CCTACGTGTGGCTTGC-1,8512,44,485,2918
CCTACGTGTTGTTGTG-1,2679,12,321,1237
CCTACGTGTTTGGCTA-1,474,1461,59,1193
CCTACGTGTTTGTTCT-1,58,7974,562,2433
CCTACGTTCAAGAAAC-1,9232,78,562,3601
CCTACGTTCACCATCC-1,2052,353,77,1421
CCTACGTTCCATCGTC-1,115,19875,711,4482
CCTACGTTCCATCTAT-1,540,283,30,658
CCTACGTTCCATTGGA-1,45,7688,522,2716
CCTACGTTCCGAAATC-1,8321,9725,1149,6373
CCTACGTTCCTCTCGA-1,46,5965,382,2084
CCTACGTTCGTGCACG-1,37,6418,453,2313
CCTACGTTCGTGTGGC-1,9495,40,500,3386
CCTACGTTCTATCGGA-1,8828,68,524,3263
CCTACGTTCTCTCAAT-1,31,915,17,616
CCTATCGAGATGCGAC-1,46,8422,460,2696
CCTATCGAGCCTCTGG-1,1557,263,104,1139
CCTATCGAGGTACTGG-1,71,12610,647,3611
CCTATCGAGGTGCCAA-1,6338,55,557,2718
CCTATCGCACTGTCCT-1,268,1431,56,941
CCTATCGCAGAGGTAC-1,10851,94,715,3732
CCTATCGCATGGGTCC-1,496,13,23,421
CCTATCGGTCTTGAGT-1,66,9327,583,3014
CCTATCGGTGCGGCTT-1,1850,49,261,980
CCTATCGGTGGATACG-1,1917,2203,380,2025
CCTATCGGTTCCTAGA-1,9195,49,443,3119
CCTATCGTCCTGATAG-1,40,6399,416,2569
CCTATCGTCGGCTCTT-1,6771,84,1171,3059
CCTATCGTCTACCAGA-1,62,6916,569,2397
CCTATCGTCTATACTC-1,353,533,29,685
CCTCAACAGTAGGATT-1,35,5170,383,1937
CCTCAACCAGCACACC-1,1143,12,42,806
CCTCAACCAGCAGATG-1,2016,303,114,1301
CCTCAACCAGGCAATG-1,10,770,16,514
CCTCAACCAGGTGAGT-1,2935,24,192,1570
CCTCAACCATAGATCC-1,239,1067,47,849
CCTCAACCATATAGCC-1,11493,71,507,3847
CCTCAACCATCGAGCC-1,938,316,48,860
CCTCAACCATCTCATT-1,135,11373,763,3713
CCTCAACCATGGGATG-1,1535,307,147,1114
CCTCAACGTATCCCAA-1,8,611,21,432
CCTCAACGTCTACATG-1,6097,21,407,2748
CCTCAACGTGGCTGAA-1,747,454,54,888
CCTCAACGTTTCCCAC-1,2416,940,91,1781
CCTCAACGTTTGAAAG-1,91,866,45,658
CCTCAACTCACTGAAC-1,2720,378,98,1632
CCTCAACTCAGCACCG-1,856,12,34,620
CCTCAACTCATCACAG-1,279,547,22,628
CCTCAACTCCCATAAG-1,759,1206,79,1226
CCTCAACTCGAGCTGC-1,3691,26,119,1719
CCTCAACTCGCTAATG-1,116,688,34,552
CCTCACAAGTATTAGG-1,344,312,51,514
CCTCACACAACACAAA-1,3789,79,144,1321
CCTCACACAGCAGAAC-1,6862,40,331,2989
CCTCACACATGCTGCG-1,602,11,2,436
CCTCACACATGTGGTT-1,38,6626,440,2462
CCTCACAGTAAGAACT-1,1482,876,139,1456
CCTCACAGTATCTCTT-1,66,7601,493,2811
CCTCACATCAAGCTTG-1,291,1039,50,856
CCTCACATCACGATAC-1,1924,22,78,1081
CCTCACATCCCGTTGT-1,48,6865,439,2410
CCTCACATCGCAACAT-1,1178,920,41,1330
CCTCACATCTGCCCTA-1,18,1095,38,656
CCTCACATCTTACGTT-1,678,129,26,629
CCTCACATCTTGATTC-1,27,3089,103,1471
CCTCAGTAGAACTCCT-1,587,143,18,585
CCTCAGTAGACTCTTG-1,914,606,71,1085
CCTCAGTAGCCTCATA-1,61,8552,485,3093
CCTCAGTAGCGACCCT-1,4848,10,1,1606
CCTCAGTAGTTCCATG-1,124,1957,62,1129
CCTCAGTCAATACAGA-1,22780,128,883,5394
CCTCAGTCAGAATTCC-1,51,5239,296,2192
CCTCAGTCAGCATGCC-1,52,8018,409,2846
CCTCAGTCATAGGTTC-1,128,1033,41,701
CCTCAGTGTCTCTCAC-1,976,151,50,799
CCTCAGTGTGACTGTT-1,53,6348,582,2482
CCTCAGTGTGGGACAT-1,10233,72,444,3648
CCTCAGTTCCGCACTT-1,493,484,23,713
CCTCAGTTCTTCGTGC-1,76,13353,675,3723
CCTCATGAGATAGCAT-1,556,1638,89,1186
CCTCATGAGCTTGTTG-1,44,6332,372,2175
CCTCATGAGGCACTAG-1,47,6646,644,2391
CCTCATGAGGCTCTAT-1,40,5707,584,2032
CCTCATGAGGGCTTCC-1,543,1579,95,1151
CCTCATGCAGCTTCCT-1,55,10154,418,3470
CCTCATGCATAGCACT-1,13,1014,46,592
CCTCATGCATCCGGCA-1,9866,67,691,3740
CCTCATGCATGGCCAC-1,49,2054,105,1021
CCTCATGGTACCCACG-1,40,5286,423,2030
CCTCATGTCAAAGAAC-1,664,309,50,721
CCTCATGTCCGGCAAC-1,62,12005,423,3324
CCTCCAAAGAATTGTG-1,9485,68,440,3364
CCTCCAACAACTGGTT-1,49,564,37,414
CCTCCAACAAGCGAAC-1,406,378,24,627
CCTCCAACACGACCTG-1,1632,70,56,1123
CCTCCAACAGAACGCA-1,453,487,28,696
CCTCCAACATGGAGAC-1,35,5806,423,2086
CCTCCAAGTAAGTTGA-1,550,210,23,589
CCTCCAAGTTTCACTT-1,278,783,51,722
CCTCCAATCAATCTCT-1,1464,558,66,1249
CCTCCAATCACTTATC-1,16,3086,93,1368
CCTCCAATCCACTTCG-1,5,770,13,513
CCTCCAATCCTCGCAT-1,599,1525,80,1268
CCTCCAATCTGCCCTA-1,7854,44,362,3061
CCTCCAATCTGGTCAA-1,670,110,37,609
CCTCCTCAGTTTCGAC-1,591,12,20,452
CCTCCTCAGTTTCTTC-1,57,10965,539,3274
CCTCCTCCAAAGACGC-1,54,7204,421,2607
CCTCCTCCAACCAATC-1,73,10302,527,3470
CCTCCTCCAACCGCTG-1,1039,1292,47,1448
CCTCCTCCACAAATAG-1,33,512,26,391
CCTCCTCCACATCCCT-1,261,871,43,762
CCTCCTCCATAGGAGC-1,5113,31,490,2599
CCTCCTCCATCTGCGG-1,527,102,16,497
CCTCCTCCATGCCGCA-1,1266,520,41,1148
CCTCCTCGTACACGTT-1,7991,63,614,3223
CCTCCTCGTACTAACC-1,834,958,46,1188
CCTCCTCGTAGAATGT-1,121,622,19,542
CCTCCTCGTAGTCTGT-1,66,9848,462,3266
CCTCCTCGTATCAGCT-1,503,327,21,656
CCTCCTCGTCACAATC-1,1710,15,54,912
CCTCCTCGTCTACGTA-1,1606,118,42,1133
CCTCCTCGTGGTCTTA-1,1543,79,421,779
CCTCCTCTCAAGCCCG-1,939,269,38,860
CCTCCTCTCAAGGCTT-1,557,51,15,479
CCTCCTCTCCAATGCA-1,1072,1068,41,1311
CCTCCTCTCTGTGTGA-1,1368,301,53,1046
CCTCCTCTCTTGGTGA-1,9122,62,661,3424
CCTCTAGAGATACCAA-1,11107,88,748,3963
CCTCTAGCAAGCCATT-1,16222,127,969,4938
CCTCTAGCAATGGCCC-1,14,706,17,505
CCTCTAGCACCGCTAG-1,535,10,7,421
CCTCTAGCACTAACCA-1,14,1459,35,828
CCTCTAGCAGGGACTA-1,127,1343,92,857
CCTCTAGCATACGCAT-1,33,5181,282,2124
CCTCTAGGTATCACGT-1,35,5977,343,2065
CCTCTAGGTGGTAACG-1,24,5027,382,1846
CCTCTAGGTTACCTTT-1,12918,95,749,4345
CCTCTAGGTTCAGCGC-1,223,848,49,736
CCTCTAGGTTCCGGTG-1,32,6572,537,2175
CCTCTAGTCACCGGGT-1,25,4941,102,1794
CCTCTAGTCCATCTCG-1,78,6657,511,2523
CCTCTAGTCTATCGGA-1,1486,9,40,839
CCTCTAGTCTGCCCTA-1,5655,55,53,2404
CCTCTAGTCTTTGATC-1,14734,75,386,4356
CCTCTCCAGAAACTCA-1,92,8182,627,3054
CCTCTCCAGAGTCGAC-1,8251,58,441,3079
CCTCTCCAGGATATGT-1,4477,43,277,2210
CCTCTCCAGTTGCATC-1,376,3276,213,1715
CCTCTCCAGTTTCGAC-1,8,538,11,357
CCTCTCCCACTAGGTT-1,1417,524,34,1299
CCTCTCCCATCTTCGC-1,473,133,19,504
CCTCTCCGTACGAGCA-1,15144,107,936,5144
CCTCTCCGTAGCGTTT-1,622,108,42,555
CCTCTCCGTATCAGGG-1,759,500,46,917
CCTCTCCGTCGGTAAG-1,1273,232,59,958
CCTCTCCGTGAGCCAA-1,53,11921,546,3329
CCTCTCCGTGGCGTAA-1,24,7137,437,2567
CCTCTCCGTGTCCGGT-1,48,7933,741,2593
CCTCTCCGTTGGTACT-1,1119,211,74,934
CCTCTCCTCATGACAC-1,291,341,12,512
CCTCTCCTCGATGCAT-1,2772,429,108,1609
CCTCTCCTCGCGCTGA-1,25,5944,324,2026
CCTCTCCTCGCGTAGC-1,418,632,11,799
CCTCTCCTCGGCGATC-1,495,136,53,498
CCTCTCCTCTGGAAGG-1,37,4599,255,1820
CCTGCATAGACTGTTC-1,107,1153,52,808
CCTGCATAGAGAGCCT-1,765,97,32,639
CCTGCATAGTGCCGAA-1,928,4,74,613
CCTGCATCAACGATTC-1,34,6147,372,2318
CCTGCATCAAGTGCTT-1,57,9336,657,3085
CCTGCATCATACTGAC-1,777,33,18,542
CCTGCATCATATTCGG-1,158,844,68,699
CCTGCATCATGACTCA-1,801,288,39,780
CCTGCATGTCAAACGG-1,8,750,24,492
CCTGCATGTCCTTGTC-1,38,5886,312,2376
CCTGCATGTCGAAACG-1,14247,89,828,4284
CCTGCATGTGCAAGAC-1,1727,468,84,1342
CCTGCATGTGTCACAT-1,11907,82,826,3885
CCTGCATTCAAAGAAC-1,39,5927,317,2264
CCTGCATTCATCACAG-1,42,5307,399,2079
CCTGCATTCCTTATGT-1,47,4612,332,2086
CCTGCATTCCTTCACG-1,972,20,34,699
CCTGCATTCCTTGAAG-1,10,2834,58,576
CCTGCATTCGCATAGT-1,1006,272,51,880
CCTGTTGAGATTGTGA-1,43,10897,669,3058
CCTGTTGAGCTCTTCC-1,69,13155,431,3530
CCTGTTGAGGCGTTAG-1,11139,50,550,3531
CCTGTTGAGTCTAACC-1,2024,137,68,1316
CCTGTTGAGTTGAATG-1,67,6946,494,2618
CCTGTTGCAACTCGTA-1,44,6794,354,2544
CCTGTTGCACATAACC-1,45,6193,308,2435
CCTGTTGCACGACGAA-1,1248,180,54,942
CCTGTTGCACTCCGGA-1,735,79,27,622
CCTGTTGCACTTCTCG-1,13,1544,41,554
CCTGTTGCAGGAATAT-1,8017,75,571,3056
CCTGTTGCATTGACTG-1,61,7855,489,2642
CCTGTTGGTCGCAACC-1,348,366,14,569
CCTGTTGGTCTTGCGG-1,1084,161,30,897
CCTGTTGTCAACGCTA-1,16476,94,569,4754
CCTGTTGTCTACAGGT-1,62,8956,536,2851
CCTGTTGTCTAGAACC-1,271,1390,48,994
CCTGTTGTCTCAACCC-1,11,670,15,478
CCTTCAGAGGTCCTGC-1,993,393,64,959
CCTTCAGCAAAGGCAC-1,40,6516,415,2547
CCTTCAGCAAGCTGCC-1,886,11,23,616
CCTTCAGCAATATCCG-1,679,574,20,895
CCTTCAGCAGGATTCT-1,415,1675,99,1250
CCTTCAGGTCATCGGC-1,34,6453,453,2254
CCTTCAGGTGGTAACG-1,44,6682,454,2303
CCTTCAGGTTGCCTAA-1,22,5449,303,2155
CCTTCAGTCATGCATG-1,52,7169,408,2655
CCTTCAGTCCTAGCGG-1,8598,65,581,3423
CCTTCAGTCGATTGAC-1,38,4494,213,1766
CCTTGTGAGCCACCGT-1,782,14,43,535
CCTTGTGCAAATGGAT-1,9084,56,554,2894
CCTTGTGCAACTCGTA-1,897,408,60,933
CCTTGTGCACAGTCCG-1,8123,42,395,3003
CCTTGTGCACTTGTCC-1,84,2469,51,1261
CCTTGTGCAGGTCAAG-1,51,6123,522,2217
CCTTGTGCATGGCCAC-1,13,573,12,418
CCTTGTGTCAACACGT-1,1485,1403,101,1594
CCTTGTGTCACTTTGT-1,390,990,52,928
CCTTGTGTCCATTGTT-1,467,1758,50,1275
CCTTGTGTCCCTCGTA-1,13,600,32,411
CCTTTGGCAAATGGAT-1,39,4714,325,1896
CCTTTGGCATATAGCC-1,12,1128,27,678
CCTTTGGGTGTTGATC-1,43,969,67,609
CCTTTGGGTTCTCCTG-1,11012,57,435,3770
CCTTTGGGTTTAGACC-1,2291,12,60,1105
CCTTTGGTCTCTTCAA-1,140,611,13,573
CGAAGGACACAATGCT-1,1926,140,181,1122
CGAAGGACACAGTATC-1,6672,51,987,2567
CGAAGGACAGAAGCTG-1,34,3380,292,1322
CGAAGGACATTAAAGG-1,8033,43,453,3027
CGAAGGAGTGCCTTCT-1,3356,38,371,1701
CGAAGTTAGACGCCCT-1,7971,76,84,2300
CGAAGTTAGGTGGTTG-1,310,193,29,414
CGAAGTTCAACCAATC-1,987,525,35,1050
CGAAGTTCACATGACT-1,322,3610,114,1693
CGAAGTTCATGGCGCT-1,108,4959,466,1861
CGAAGTTGTAAGGCCA-1,12541,103,889,4182
CGAAGTTGTATGAGGC-1,6074,51,217,2732
CGAAGTTGTCGAAACG-1,10925,51,735,3465
CGAAGTTTCATCCCGT-1,5981,27,287,2537
CGAAGTTTCATGTCAG-1,48,4808,325,2031
CGAAGTTTCGATAACC-1,21,4362,227,1910
CGAAGTTTCGATGCTA-1,8,1989,2,834
CGAATTGAGAGGGTGG-1,12604,100,978,4257
CGAATTGAGCCTCATA-1,54,5550,458,2154
CGAATTGAGCTCTGTA-1,25,4336,309,1700
CGAATTGAGGCCACTC-1,44,10114,476,3247
CGAATTGCACATTACG-1,10,1187,66,689
CGAATTGCACTTACAG-1,9361,67,552,3560
CGAATTGCAGTGCCTG-1,1465,9,1,746
CGAATTGCAGTTTCAG-1,53,6240,343,2337
CGAATTGCATCATTTC-1,6765,44,1,2000
CGAATTGCATGACGAG-1,61,7402,640,2487
CGAATTGCATGACTGT-1,650,74,22,538
CGAATTGGTCAACGCC-1,11066,90,672,4222
CGAATTGTCTAGCAAC-1,95,13524,691,3778
CGACAGCAGATCCCAT-1,3448,56,824,1829
CGACAGCAGATGTTAG-1,1445,7,0,750
CGACAGCAGCATGCAG-1,58,6409,546,2387
CGACAGCAGCTTAGTC-1,53,7612,482,2402
CGACAGCCAATCGTCA-1,296,1635,184,1029
CGACAGCCACACCAGC-1,12,2576,194,607
CGACAGCCACATTCGA-1,837,129,28,682
CGACAGCCAGCGAGTA-1,84,6663,388,2356
CGACAGCGTACGACAG-1,75,12325,1154,3295
CGACAGCGTATGGTTC-1,225,1592,173,979
CGACAGCGTCGAGATG-1,33,5905,328,2113
CGACAGCGTTGTCAGT-1,4821,51,722,2553
CGACAGCTCAAGCGTT-1,1308,9,3,695
CGACAGCTCTCCTGAC-1,43,5821,428,2094
CGACAGCTCTTCTGGC-1,10333,41,472,3589
CGAGAAGAGTACTGGG-1,45,6127,440,2252
CGAGAAGAGTCAGCCC-1,1567,18,161,874
CGAGAAGCACACCAGC-1,787,155,26,712
CGAGAAGCAGATGCGA-1,3078,32,223,1640
CGAGAAGGTAGTGTGG-1,33,9154,622,2601
CGAGAAGGTCATGACT-1,47,5331,430,2120
CGAGAAGGTCGTGATT-1,6,1191,79,714
CGAGAAGGTGATACTC-1,67,8543,521,2793
CGAGGAACATCGAGCC-1,542,120,21,522
CGAGGAACATGAATAG-1,632,195,34,628
CGAGGAAGTCAACCTA-1,10368,57,548,3243
CGAGGAAGTCGTACTA-1,7476,38,473,2821
CGAGGCTAGAAGCTGC-1,8356,52,364,3332
CGAGGCTAGACGAAGA-1,89,11532,760,3584
CGAGGCTAGCCGATTT-1,14994,101,930,4609
CGAGGCTAGCGTGAGT-1,2161,15,265,1005
CGAGGCTAGGCCATAG-1,39,5982,563,2175
CGAGGCTCACCCAAGC-1,308,11631,408,3302
CGAGGCTGTGCAGGAT-1,3820,249,199,1907
CGAGGCTGTTGAGGAC-1,13246,65,675,3972
CGAGGCTTCAGTGCGC-1,10,661,33,451
CGAGGCTTCCTGGGAC-1,32,6081,305,2203
CGAGTGCAGTCGCCCA-1,70,11946,732,3290
CGAGTGCCAACCACAT-1,931,708,77,1134
CGAGTGCCACAAGGTG-1,18427,106,850,4971
CGAGTGCGTCGAGTTT-1,6,1899,172,582
CGAGTGCTCATTGCCC-1,549,18,12,415
CGAGTGCTCTCTCTTC-1,1228,249,74,981
CGAGTTAAGAGGTTTA-1,13950,110,695,4415
CGAGTTAAGGGTTTCT-1,45,7778,521,2524
CGAGTTACAAGTTCCA-1,1527,456,119,1252
CGAGTTAGTAACCCGC-1,15187,108,852,4555
CGAGTTATCCTCAGGG-1,4132,32,282,2046
CGATCGGAGTCTCTGA-1,10456,87,665,3542
CGATCGGCACCAGTAT-1,370,1083,88,929
CGATCGGCACGGGCTT-1,39,7855,392,2564
CGATCGGCAGTCGCAC-1,20354,2786,1424,6735
CGATCGGGTAGTACGG-1,2228,14,3,1133
CGATCGGGTGATACAA-1,444,1332,81,1082
CGATCGGGTTGCGGAA-1,489,267,21,599
CGATCGGGTTTCGACA-1,36,4821,402,1788
CGATGCGAGCTCTGTA-1,5322,42,380,2310
CGATGCGAGTTGGGAC-1,8368,23,3,2348
CGATGCGCAACGGGTA-1,577,193,27,593
CGATGCGCACCTGTCT-1,1294,60,41,849
CGATGCGCAGGACTTT-1,43,9414,467,2919
CGATGCGCAGTGGCTC-1,95,821,54,605
CGATGCGTCACCTCTG-1,741,19,7,515
CGATGCGTCGATGCTA-1,35,4874,346,1872
CGATGCGTCGCCAGTG-1,6105,21,358,2431
CGATGGCAGAATTCAG-1,45,5110,346,1943
CGATGGCCACAAACGG-1,43,8824,516,2760
CGATGGCGTACCCGAC-1,51,6889,385,2571
CGATGGCGTTCTAACG-1,8013,39,935,3034
CGATGGCTCAACTTTC-1,245,410,9,541
CGATGGCTCACTTGGA-1,50,923,56,603
CGATGGCTCAGGAAAT-1,6675,39,363,2491
CGATGGCTCAGTAGGG-1,15605,75,919,4221
CGATGGCTCGACGACC-1,433,181,18,491
CGCAGGTAGAATTGTG-1,22494,201,2046,5944
CGCAGGTAGCATGCAG-1,8025,55,492,2870
CGCAGGTAGCCTCCAG-1,4145,9591,759,5028
CGCAGGTAGCGCCATC-1,14277,91,906,4254
CGCAGGTAGGCCCGTT-1,30,4569,418,1876
CGCAGGTCAAAGGCAC-1,30,8092,521,2572
CGCAGGTCAACAGATA-1,885,579,108,999
CGCAGGTCAGACCAGA-1,1751,14,2,839
CGCAGGTCAGCTTTCC-1,17009,7438,1735,7646
CGCAGGTGTCAATCTG-1,11443,81,523,4001
CGCAGGTGTCGAACGA-1,62,8553,597,2837
CGCAGGTGTGGCTTAT-1,63,7739,435,2387
CGCAGGTGTTGAGTCT-1,41,6803,513,2303
CGCAGGTTCATTTACC-1,879,6,0,544
CGCAGGTTCTTAGTTC-1,114,587,15,547
CGCATAACAAGGTCTT-1,11477,99,625,4173
CGCATAACACAATCTG-1,15,1337,82,696
CGCATAACACGAGGAT-1,54,7778,533,2840
CGCATAACAGATTTCG-1,8106,68,503,3212
CGCATAACAGCATACT-1,957,14,19,636
CGCATAACATAACAGA-1,1969,842,150,1564
CGCATAAGTAAGATAC-1,115,10276,660,3479
CGCATAAGTACTAACC-1,1010,161,40,857
CGCATAAGTCATCCCT-1,18,1875,120,881
CGCATAAGTCCATAGT-1,599,28,23,491
CGCATAAGTTAAACCC-1,26405,147,946,5742
CGCATAAGTTCTCCTG-1,56,10603,430,3186
CGCATAATCACGTAGT-1,692,1838,106,1372
CGCATAATCATTTCGT-1,13716,75,875,4241
CGCATAATCCAATCCC-1,49,5515,417,2141
CGCATAATCGGAAACG-1,73,11563,460,3452
CGCATAATCGTTGCCT-1,10242,53,424,3528
CGCATAATCTGGGATT-1,55,7607,433,2708
CGCATGGAGGACTGGT-1,47,7324,511,2622
CGCATGGAGGTTAGTA-1,403,147,25,443
CGCATGGAGTCACTAC-1,67,13589,752,3449
CGCATGGAGTTTCTTC-1,133,1125,27,748
CGCATGGCAAGATGGC-1,11814,81,803,3791
CGCATGGGTATGACAA-1,38,5524,481,2037
CGCATGGGTCCAGTTA-1,204,1785,103,1072
CGCATGGGTGAACGGT-1,9585,52,429,3275
CGCATGGGTTCGAGCC-1,2175,1303,179,1910
CGCATGGTCATGCGGC-1,206,378,20,482
CGCATGGTCTAAACGC-1,18588,6196,2377,7682
CGCCAGAAGATGCTGG-1,9422,39,571,3119
CGCCAGACAACACACT-1,23,508,18,396
CGCCAGACAATCTGCA-1,19,2128,120,1030
CGCCAGAGTCCCTAAA-1,588,10376,670,3724
CGCCAGATCCTCTGCA-1,27,3672,401,1436
CGCCAGATCTAGTACG-1,3243,38,460,1662
CGCCATTAGCTCTGTA-1,8020,74,541,3068
CGCCATTAGTCAAGCG-1,1743,4,1,870
CGCCATTCAAGAGGTC-1,2002,483,351,1227
CGCCATTCAAGTTTGC-1,782,173,40,673
CGCCATTCACTACACA-1,76,9489,576,3065
CGCCATTCAGCGGTTC-1,820,9,0,535
CGCCATTCAGTTTCAG-1,74,1306,54,791
CGCCATTCATAACGGG-1,1052,22,1,668
CGCCATTGTAGATCGG-1,4606,60,392,2558
CGCCATTGTTTGCCGG-1,190,392,23,470
CGCCATTTCAGGAGAC-1,9,1743,184,780
CGCCATTTCATAGCAC-1,152,363,12,423
CGCCATTTCCCTGTTG-1,1586,143,52,1103
CGCCATTTCCTAGCGG-1,58,8551,467,2756
CGCCATTTCTACCCAC-1,811,455,48,892
CGCGTGAAGTAACGTA-1,2012,17,334,900
CGCGTGAAGTGGATTA-1,6053,46,304,2470
CGCGTGACAGGCGAAT-1,1043,1734,431,1389
CGCGTGAGTATGACAA-1,11982,87,1088,3884
CGCGTGAGTGTTCATG-1,2280,123,391,1086
CGCGTGAGTTTCGTAG-1,10537,62,613,3604
CGCGTGATCAACTACG-1,13644,106,670,4352
CGCGTGATCAGTAGGG-1,902,28,66,611
CGCGTGATCGCTGCGA-1,146,9960,611,3198
CGCGTGATCTTAGTTC-1,1432,11,35,856
CGGAACCAGATACGAT-1,95,11938,915,3402
CGGAACCAGCATCTTG-1,9788,70,805,3373
CGGAACCAGGACAGTC-1,55,5944,395,2197
CGGAACCAGTATGGCG-1,61,10081,544,3341
CGGAACCGTACAACGG-1,43,6476,456,2241
CGGAACCGTGCAATGG-1,8757,56,600,3386
CGGAACCTCATTACTC-1,81,9533,737,2907
CGGAACCTCTGGTGGC-1,12,1305,70,703
CGGAATTAGAGATGCC-1,7989,6397,886,5471
CGGAATTAGCATGATA-1,10919,77,467,3688
CGGAATTAGGACCCAA-1,39,4784,418,1743
CGGAATTCAGCCTTCT-1,8527,59,511,3281
CGGAATTGTACCGTCG-1,2907,17,10,1242
CGGAATTGTCATCACA-1,162,1269,67,848
CGGAATTGTCCTCCTA-1,9054,75,524,3451
CGGAATTGTCGAATGG-1,57,9134,404,2905
CGGAATTGTGGTACAG-1,10843,67,833,3444
CGGAATTTCAGTGTTG-1,34,5550,342,2048
CGGAATTTCTGAGAGG-1,54,6346,389,2258
CGGACACAGGCAGTCA-1,70,7503,502,2468
CGGACACCAAAGGCGT-1,46,3869,310,1701
CGGACACCATCCCACT-1,2784,234,69,1552
CGGACACGTTAAACCC-1,24143,148,1281,5808
CGGACACTCTCGGCTT-1,35,6447,349,2428
CGGAGAAAGCGAATGC-1,32,5006,282,1902
CGGAGAAAGTCCTGTA-1,984,121,108,738
CGGAGAACAACAAGAT-1,1251,149,36,875
CGGAGAACACACCGCA-1,700,223,15,660
CGGAGAACACGGTGAA-1,1471,251,99,1049
CGGAGAAGTGTAACGG-1,1229,19,141,788
CGGAGAATCAAGATAG-1,83,10632,1043,2935
CGGAGAATCACGTCCT-1,27,6744,492,2174
CGGAGAATCCGAGGCT-1,12130,80,810,3370
CGGAGAATCTGTAAGC-1,11500,72,647,3753
CGGCAGTCAACCGTGC-1,10566,49,658,3434
CGGCAGTCACATGACT-1,1626,457,66,1272
CGGCAGTCAGATTTCG-1,17,2029,226,599
CGGCAGTCAGCACCCA-1,110,15321,679,4065
CGGCAGTCAGGTGTGA-1,3169,1242,365,1972
CGGCAGTCATCTGTTT-1,15,1969,112,896
CGGCAGTGTACCGTGC-1,1577,100,132,943
CGGCAGTGTACGCGTC-1,40,10209,546,3359
CGGCAGTGTATGAGGC-1,43,5786,257,2175
CGGCAGTGTGGCAGAT-1,13675,104,927,4527
CGGCAGTTCTTACGTT-1,7532,49,479,3042
CGGGACTAGAGTCAAT-1,199,1796,149,989
CGGGACTAGCGATGGT-1,48,7162,380,2201
CGGGACTAGTCCCGGT-1,6200,45,367,2867
CGGGACTCAACATACC-1,52,9574,674,2737
CGGGACTCAGGTTACT-1,892,5506,587,2525
CGGGACTCATCTTCGC-1,3760,35,526,1885
CGGGACTGTCTTGCGG-1,10308,67,731,3484
CGGGACTTCATAGGCT-1,44,9965,916,2784
CGGGACTTCATCGCTC-1,7550,43,499,2706
CGGGACTTCCTTCACG-1,34,5684,327,2016
CGGGACTTCGATTCCC-1,13519,67,658,3887
CGGGACTTCGGCTGAC-1,47,9914,592,2885
CGGGCATAGATACGAT-1,15216,110,1012,4512
CGGGCATAGCACGATG-1,29,5567,395,2128
CGGGCATAGGAGTACC-1,16554,101,811,4749
CGGGCATAGTGATAAC-1,51,5943,438,2173
CGGGCATCACCCTCTA-1,900,8,4,551
CGGGCATGTAGGGTAC-1,110,17275,818,4122
CGGGCATGTCGTTATG-1,12,3875,264,1361
CGGGCATGTCGTTCAA-1,605,120,44,552
CGGGCATGTGCACATT-1,18911,136,1207,5172
CGGGCATGTGTGATGG-1,26,4513,226,1726
CGGGCATGTGTTGACT-1,659,9,14,516
CGGGCATGTTTAGTCG-1,31,6480,478,2007
CGGGCATTCCTCTCTT-1,44,5914,293,2382
CGGGCATTCTCGTGAA-1,9648,52,644,3377
CGGGTCACAGGACTAG-1,73,10548,781,3031
CGGGTCACATCCGGTG-1,45,5141,275,1809
CGGGTCAGTGGCCTCA-1,41,8185,503,2583
CGGGTCAGTTCCTAGA-1,593,1517,141,1185
CGGGTCATCAACTGAC-1,9829,64,559,3218
CGGGTCATCAATGCAC-1,5764,48,349,2122
CGGGTCATCCTCTAGC-1,59,7800,421,2703
CGGGTCATCGTACCTC-1,77,1933,131,953
CGGGTCATCGTGACTA-1,10860,81,1063,3584
CGGGTGTAGAAGATCT-1,4197,37,431,1810
CGGGTGTAGCTAGAGC-1,10211,81,942,3319
CGGGTGTAGGTGCCTC-1,5181,45,267,2264
CGGGTGTCAAGCAGGT-1,14610,76,958,4289
CGGGTGTCATGGAAGC-1,62,10832,585,3041
CGGGTGTCATTGCAAC-1,414,102,23,410
CGGGTGTGTACTGGGA-1,1045,14,2,653
CGGGTGTGTATGCTAC-1,43,6961,629,2145
CGGGTGTGTTGAGGAC-1,58,12669,655,3369
CGGGTGTGTTGGACCC-1,13471,79,837,4108
CGGGTGTTCGAGTTGT-1,2273,20,191,1182
CGGGTGTTCGATTTCT-1,37,5678,445,2146
CGGTCAGAGAAACCCG-1,49,7242,465,2469
CGGTCAGAGAGTTGTA-1,10938,76,678,3778
CGGTCAGCAAGCGCAA-1,14,1921,190,670
CGGTCAGCATATAGCC-1,4098,433,330,1918
CGGTCAGCATCCTATT-1,720,141,46,629
CGGTCAGCATCGTGGC-1,42,9769,644,2812
CGGTCAGGTGGTTCTA-1,9720,8576,1196,6393
CGGTCAGTCACGATCA-1,15637,92,791,4680
CGGTCAGTCGACGAGA-1,89,15081,743,4022
CGGTCAGTCGTGACTA-1,55,8488,646,2829
CGGTCAGTCTAGCAAC-1,45,6584,430,2193
CGGTCAGTCTCGCCTA-1,9957,85,599,3596
CGTAAGTCAACGTTAC-1,96,10791,839,3365
CGTAAGTCAGCTGTTA-1,10707,64,515,3395
CGTAAGTCAGTTTCAG-1,1294,95,132,884
CGTAAGTCATAGGTAA-1,7634,74,514,3005
CGTAAGTCATTCACCC-1,10058,67,589,3681
CGTAAGTTCATGGTAC-1,70,9996,620,3368
CGTAAGTTCGAAGGAC-1,630,13,38,446
CGTAATGAGCTATCTG-1,53,6425,608,2217
CGTAATGAGCTTCATG-1,42,6186,473,2063
CGTAATGAGGCGAACT-1,43,6728,581,2311
CGTAATGAGGTTAAAC-1,301,4983,431,1926
CGTAATGCAACTGGTT-1,37,5881,411,2067
CGTAATGCAATGGCCC-1,19176,103,881,5134
CGTAATGCACATTACG-1,1383,15,5,743
CGTAATGGTCACCGAC-1,16,1059,13,595
CGTAATGTCAATCCGA-1,83,7025,290,2426
CGTAATGTCATCTACT-1,4005,28,284,2140
CGTAGTAAGGTCGTAG-1,40,5122,352,1919
CGTAGTACAATGCAGG-1,56,6603,439,2438
CGTAGTACAGCAGAAC-1,85,9671,430,2740
CGTAGTACATGTCAGT-1,8249,78,484,3320
CGTAGTAGTATGAGAT-1,9220,73,527,3523
CGTAGTAGTCGCATGC-1,65,8707,510,2880
CGTAGTAGTTTACCAG-1,38,4934,314,1638
CGTAGTATCAGCAATC-1,17493,3754,1828,5932
CGTAGTATCCAGCAAT-1,979,299,61,851
CGTAGTATCCTACCAC-1,44,8819,736,2668
CGTCAAAAGACTCATC-1,9078,59,590,3334
CGTCAAAAGTATTCCG-1,26,5230,409,1782
CGTCAAACAAATACGA-1,69,676,34,527
CGTCAAACAAGTGGAC-1,802,13,47,535
CGTCAAACACATTCGA-1,32,5451,285,2079
CGTCAAACACTAACGT-1,18782,119,966,5039
CGTCAAAGTGACTGTT-1,917,54,61,681
CGTCAAAGTGGTCCGT-1,8821,57,673,3296
CGTCAAATCACGACTA-1,1073,423,66,995
CGTCAAATCCGCACGA-1,17,3300,149,1403
CGTCCATAGGAGTATT-1,37,6169,327,2134
CGTCCATAGGGCATGT-1,9466,45,948,3016
CGTCCATCAATTGCTG-1,809,7,50,610
CGTCCATCACGGGCTT-1,9204,5715,1104,5545
CGTCCATGTCCTTGTC-1,11981,67,767,3931
CGTCCATGTGCCAAGA-1,78,1584,49,746
CGTCCATTCATCCTGC-1,10,1371,116,734
CGTCCATTCCATTTGT-1,1388,119,69,966
CGTCCATTCCGCACGA-1,47,9275,536,2843
CGTCCATTCTCCTACG-1,39,6502,678,2202
CGTCCATTCTGTAACG-1,49,5998,357,2347
CGTGAATAGAGGTCAC-1,35,3765,251,1406
CGTGAATCAGTCGGAA-1,72,12621,767,3513
CGTGAATCATTGAGCT-1,7760,42,363,2703
CGTGAATGTACTGCGC-1,57,10062,579,3323
CGTGAATGTGATAGAT-1,9275,65,643,3296
CGTGAATGTGCAGTGA-1,47,8658,545,2930
CGTGAATGTGGTGATG-1,9897,54,487,3142
CGTGATAAGTTGAAAC-1,73,6878,479,2269
CGTGATACACTCCGAG-1,28,6191,469,2045
CGTGATAGTATCCTTT-1,2428,33,590,1304
CGTGATAGTTCCTAGA-1,7683,246,387,3042
CGTGATAGTTGGGCCT-1,385,998,60,912
CGTGATATCACAAGAA-1,6027,49,321,2363
CGTGCTTCAGCCTTCT-1,48,6893,535,2502
CGTGCTTCAGCTATAC-1,773,96,61,626
CGTGCTTGTCCGGTCA-1,1504,283,87,1120
CGTGCTTGTTTGCAGT-1,9285,76,678,3648
CGTGCTTTCACCATCC-1,1269,700,68,1284
CGTGCTTTCCACACAA-1,27,5807,265,1932
CGTGCTTTCCTACACC-1,67,10448,951,3177
CGTGTCTAGGTTCACT-1,23,4094,206,1690
CGTGTCTCAGTAGTGG-1,60,8839,593,3007
CGTGTCTGTCCCAAAT-1,5718,43,250,2285
CGTGTCTGTGCGACAA-1,29,3923,226,1789
CGTGTCTGTTTGAACC-1,6431,36,366,2547
CGTGTCTTCAACGTGT-1,33,4117,244,1624
CGTTAGAAGAAATGGG-1,75,9631,709,3280
CGTTAGAAGTCATGCT-1,9191,59,526,3236
CGTTAGACAACGCATT-1,5962,52,244,2696
CGTTAGACAGAGTGAC-1,27,3716,236,1439
CGTTAGAGTATGCGGA-1,109,5511,505,1984
CGTTAGAGTGTATCCA-1,70,4603,404,1812
CGTTAGAGTGTATTGC-1,38,5470,251,2202
CGTTCTGAGAGAGAAC-1,24,3929,264,1835
CGTTCTGCAAACTAAG-1,1390,94,68,909
CGTTCTGCAACTTCTT-1,481,235,12,587
CGTTCTGCAAGACGAC-1,515,45,28,442
CGTTCTGCAGCAGACA-1,11,2434,258,1028
CGTTCTGCATCCTCAC-1,120,6647,464,2278
CGTTCTGGTAGGAAAG-1,12,960,96,572
CGTTCTGGTTCCAAAC-1,491,123,51,491
CGTTCTGTCAGGAAAT-1,47,7292,539,2405
CGTTCTGTCCCTCTCC-1,52,7339,320,2634
CGTTCTGTCGACATAC-1,41,5977,474,2317
CGTTCTGTCGACCACG-1,31,6394,339,2432
CGTTCTGTCGTAGTGT-1,591,142,51,551
CGTTCTGTCTCTCCGA-1,710,1083,95,1148
CGTTGGGAGACAACTA-1,59,7547,813,2246
CGTTGGGAGATACTGA-1,15537,154,1193,4771
CGTTGGGAGTAATTGG-1,58,9341,682,2871
CGTTGGGCAACACACT-1,102,13084,1390,3830
CGTTGGGCAGGGATAC-1,817,3554,312,2050
CGTTGGGCAGTCGAGA-1,4786,40,382,2097
CGTTGGGCATAGCACT-1,56,8140,523,2730
CGTTGGGCATTGACTG-1,4070,21,1,1484
CGTTGGGGTCATCCGG-1,24,4222,411,1716
CGTTGGGGTTGTGGAG-1,55,8468,488,2687
CGTTGGGTCGACGATT-1,37,3680,329,1480
CGTTGGGTCGTTCTCG-1,8684,154,591,3208
CTAACCCAGCCTCTCT-1,13,495,16,369
CTAACCCAGTCACTAC-1,125,523,16,499
CTAACCCCACCTCTAC-1,14120,93,815,4616
CTAACCCCAGCTACCG-1,38,7661,521,2801
CTAACCCCAGTGTATC-1,64,10804,426,3132
CTAACCCGTAAGATAC-1,68,13094,596,3644
CTAACCCGTAAGGCTG-1,17,1605,139,509
CTAACCCGTCCATAGT-1,290,580,25,643
CTAACCCGTGATAGTA-1,43,10638,705,3221
CTAACCCGTGCAGTGA-1,20010,128,1233,5252
CTAACCCTCAAGCCGC-1,355,972,55,868
CTAACCCTCGGCTCTT-1,14,706,28,500
CTAACCCTCTTAGTTC-1,944,214,38,803
CTAACTTAGGGACCAT-1,1820,366,37,1358
CTAACTTCAAAGGCGT-1,4687,37,414,2112
CTAACTTCACACCGCA-1,19,774,24,489
CTAACTTCACGTCTCT-1,17138,139,1431,5412
CTAACTTCAGGTTCAT-1,724,349,27,787
CTAACTTCATCTCCCA-1,9489,67,572,3478
CTAACTTCATGGCCCA-1,50,4140,255,1690
CTAACTTGTAATACCC-1,47,5816,453,2000
CTAACTTGTATACGGG-1,1756,12,66,1007
CTAACTTGTGACAACG-1,887,1719,65,1577
CTAACTTGTGACACAG-1,8113,6073,1011,4969
CTAACTTGTTATAGAG-1,50,5925,495,2225
CTAACTTGTTTACGAC-1,916,16,47,650
CTAACTTTCAGCGCAC-1,13284,104,789,4301
CTAACTTTCATCACAG-1,10382,94,627,3676
CTAACTTTCCCTCTCC-1,264,1071,37,896
CTAAGTGAGATCCCAT-1,1613,485,128,1318
CTAAGTGAGCCACCGT-1,933,8,6,610
CTAAGTGAGTAATTGG-1,8362,64,505,3017
CTAAGTGAGTTGCCTA-1,14,1033,70,607
CTAAGTGCAAGGTCAG-1,39,5076,434,1876
CTAAGTGCATGGCTGC-1,46,6697,398,2665
CTAAGTGGTCCGGTCA-1,9904,51,485,3168
CTAAGTGTCAATCTCT-1,8889,68,522,3373
CTAAGTGTCCCAAGTA-1,60,6109,304,2338
CTAAGTGTCGGACAAG-1,340,270,38,506
CTACAGAAGCTCTATG-1,127,864,43,647
CTACAGAAGTGTACAA-1,13558,142,739,4478
CTACAGACAACGACAG-1,152,2495,173,1151
CTACAGACACTACGGC-1,6,1570,50,436
CTACAGACAGGACTTT-1,5577,54,317,2646
CTACAGACATCATTTC-1,129,623,42,542
CTACAGACATCTATCT-1,3196,17,3,1308
CTACAGATCAGCCTTC-1,91,10591,792,3240
CTACATTAGGAAGTCC-1,10386,85,446,3757
CTACATTAGTACAACA-1,1685,278,59,1130
CTACATTAGTCATGCT-1,52,4805,308,2121
CTACATTAGTCTAGCT-1,168,732,23,634
CTACATTCAACTTGGT-1,16,2075,159,991
CTACATTCACTGGACC-1,1856,1840,122,1914
CTACATTCAGAAATTG-1,1072,113,103,755
CTACATTCAGAGGGTT-1,9556,63,416,3405
CTACATTCAGCCTTCT-1,317,281,20,480
CTACATTGTGGCGTAA-1,8769,64,612,3436
CTACATTGTTGAGGAC-1,50,3783,476,1452
CTACATTTCCCATACC-1,665,747,46,983
CTACCCAAGCGGTATG-1,8084,57,363,3051
CTACCCAAGCTTAAGA-1,444,290,25,587
CTACCCACAATTGCTG-1,96,10978,709,3577
CTACCCACACAGCATT-1,181,631,11,589
CTACCCACAGCCCAGT-1,2452,1621,194,2051
CTACCCACATACGCAT-1,1661,497,45,1343
CTACCCAGTATTTCTC-1,681,9,31,523
CTACCCAGTGACATCT-1,50,7018,512,2262
CTACCCAGTGCGGTAA-1,492,136,48,498
CTACCCAGTGTAAACA-1,6587,54,393,2787
CTACCCAGTGTCTCCT-1,15,945,43,605
CTACCCATCATACAGC-1,313,432,18,586
CTACCCATCGAGAACG-1,7121,52,383,2889
CTACCCATCGTAACCA-1,5,742,26,496
CTACCTGAGTCTACCA-1,38,8474,433,2748
CTACCTGCAGGTTACT-1,49,5086,367,1898
CTACCTGCATAGATGA-1,34,6875,390,2389
CTACCTGCATCTCAAG-1,8270,70,680,3351
CTACCTGGTACCCACG-1,7292,72,338,2901
CTACCTGGTCCGGCAT-1,1403,738,132,1314
CTACCTGGTCTTGAAC-1,9311,52,443,3345
CTACCTGGTGGCGTAA-1,387,138,13,441
CTACCTGGTTCTAAGC-1,12101,87,602,4251
CTACCTGTCGAACACT-1,69,11783,481,3669
CTACCTGTCGCAAGAG-1,10868,78,686,3562
CTACCTGTCGCCAGAC-1,10112,63,590,3546
CTACCTGTCTGTGCAA-1,653,15,32,488
CTACCTGTCTTTCCAA-1,671,385,13,778
CTACGGGAGCGTACAG-1,11358,66,766,3537
CTACGGGAGGACACTG-1,9444,63,669,3340
CTACGGGAGTAACAGT-1,40,7706,529,2384
CTACGGGCAGCTATAC-1,2197,124,160,1296
CTACGGGCATCCTTGC-1,456,567,50,760
CTACGGGCATGCCGGT-1,805,374,41,845
CTACGGGGTTGGACTT-1,46,5854,362,2131
CTACGGGTCACCCTTG-1,793,242,39,771
CTACGGGTCCACACAA-1,2393,15,2,913
CTACGGGTCGATCCAA-1,1570,166,112,1060
CTACGGGTCGCTAGCG-1,15,1265,93,709
CTACGGGTCTAAGCCA-1,46,1231,76,749
CTACGGGTCTCCTGCA-1,11,1454,52,766
CTACGGGTCTCGGGAC-1,25,5086,496,1935
CTACTATAGCGATGAC-1,66,7085,461,2699
CTACTATCAGGCGTTC-1,13490,115,879,4331
CTACTATGTAGACGGT-1,61,7374,444,2756
CTACTATGTCTATGAC-1,28,4777,233,1882
CTACTATGTGGCGCTT-1,2390,138,71,1389
CTACTATTCAAGCCTA-1,511,135,19,525
CTACTATTCAGCCTCT-1,14,947,31,610
CTACTATTCATGCCCT-1,43,5997,364,2222
CTACTATTCCCGGTAG-1,537,83,42,492
CTACTATTCGCTTGCT-1,9715,89,404,3695
CTACTATTCTATCACT-1,319,1419,69,1002
CTACTATTCTCCCAAC-1,756,433,34,871
CTACTATTCTTCGATT-1,461,222,18,548
CTAGACAAGACCTCAT-1,2668,1038,211,1986
CTAGACAAGAGAACCC-1,32,4614,258,1751
CTAGACAAGCGTTACT-1,54,7180,617,2662
CTAGACACAAACAGGC-1,106,483,24,455
CTAGACACAAAGAACT-1,1970,296,168,1286
CTAGACACAACGGCCT-1,11288,96,511,4043
CTAGACACAATTGCAC-1,11,2005,87,915
CTAGACACAGAACCGA-1,4143,37,2,1529
CTAGACACAGTACTAC-1,60,4554,183,2136
CTAGACAGTCCAAGAG-1,2868,20,322,1302
CTAGACATCATCGCAA-1,925,119,30,708
CTAGACATCTATACGG-1,9176,106,514,3363
CTAGGTAAGTGCCTCG-1,16550,72,825,4585
CTAGGTACAAGTCATC-1,307,1209,122,957
CTAGGTACACAGCCAC-1,2635,185,36,1521
CTAGGTACATCTATCT-1,47,5809,282,2148
CTAGGTAGTCAAGCCC-1,11131,59,631,3500
CTAGGTAGTCCGGACT-1,66,12226,479,3870
CTAGGTAGTCTCGGGT-1,6672,46,692,2690
CTAGGTATCCAATCCC-1,721,55,22,579
CTAGGTATCCGACAGC-1,30,4387,257,1753
CTAGGTATCCGCTTAC-1,1629,71,126,984
CTAGGTATCTCTATAC-1,47,5108,423,2000
CTATAGGAGAAATTGC-1,46,6815,469,2212
CTATAGGAGTAGCTCT-1,39,3655,203,1537
CTATAGGCAGCACACC-1,455,131,19,454
CTATAGGCAGTAGAAT-1,42,4079,255,1719
CTATAGGCATGACCCG-1,1904,1042,182,1588
CTATAGGGTCGAACGA-1,39,6192,581,2186
CTATAGGTCCGCAGTG-1,11062,61,510,3714
CTATAGGTCTTGCGCT-1,46,6592,529,2129
CTATCCGAGGTCGTCC-1,31,4140,293,1781
CTATCCGCAAAGGCAC-1,1070,109,48,777
CTATCCGCACATTCGA-1,1270,5,1,773
CTATCCGCACCTTCGT-1,35,6734,420,2312
CTATCCGCATAGTCAC-1,97,922,19,635
CTATCCGGTAGCACGA-1,32,4966,388,1921
CTATCCGGTCTTGAAC-1,49,8051,437,2843
CTATCCGTCCAGTTCC-1,1707,248,91,1115
CTATCCGTCTCAGGCG-1,10415,63,597,3752
CTATCTAAGCCTCTCT-1,381,478,46,665
CTATCTAAGTCTGTAC-1,6058,62,435,2467
CTATCTACAACTAGAA-1,46,4702,404,1896
CTATCTACATCTTTCA-1,378,975,30,921
CTATCTAGTCAGTCCG-1,13459,7206,957,6266
CTATCTAGTTCTCACC-1,6968,58,277,3114
CTATCTATCGAGATAA-1,10594,87,561,3541
CTATCTATCTGGGCCA-1,66,5094,342,1997
CTCAACCAGATGCAGC-1,376,1127,82,973
CTCAACCAGCTATCCA-1,317,995,31,887
CTCAACCAGCTCGGCT-1,1437,312,108,1127
CTCAACCAGGTTCTAC-1,11217,95,735,3836
CTCAACCAGTGGGAAA-1,9293,45,490,3066
CTCAACCCAAGGGTCA-1,46,5600,271,2330
CTCAACCCAGATTTCG-1,25201,149,1723,5956
CTCAACCGTAACGGTG-1,733,216,22,697
CTCAACCGTACACGCC-1,1772,338,66,1226
CTCAACCGTACGACTT-1,11,775,29,544
CTCAACCGTATCAAGA-1,173,1384,63,901
CTCAACCGTATCACGT-1,9364,61,237,3402
CTCAACCGTATCGCGC-1,16,952,23,589
CTCAACCGTGCCTTCT-1,953,17,28,670
CTCAACCGTTGGATCT-1,534,3036,257,1690
CTCAACCGTTTCACTT-1,61,10347,820,3098
CTCAACCTCCCAGTGG-1,143,1100,47,780
CTCAACCTCCTCTCTT-1,2248,217,31,1328
CTCAACCTCTAACGCA-1,34,1454,177,727
CTCAACCTCTTAAGGC-1,678,82,34,598
CTCAAGAAGCTGAGCA-1,10724,66,634,3525
CTCAAGAAGTAATACG-1,131,466,16,479
CTCAAGACACGTAGAG-1,92,16502,635,4045
CTCAAGACAGTATTCG-1,1462,13,115,864
CTCAAGAGTAACGGTG-1,15,557,306,213
CTCAAGAGTCTTTCTA-1,2344,32,215,1431
CTCAAGATCAGCACCG-1,13665,67,794,4230
CTCAAGATCGACACTA-1,1569,16,80,893
CTCAAGATCGGAAACG-1,23,2613,142,1180
CTCAAGATCTAGGCAT-1,7239,72,542,3035
CTCAATTAGATAACGT-1,32,5131,152,2189
CTCAATTAGTAGCTCT-1,471,1497,194,1175
CTCAATTCACATCCCT-1,55,5791,420,2323
CTCAATTCACTCCGAG-1,653,8,38,469
CTCAATTCACTGTTCC-1,14,615,34,436
CTCAATTGTACTTGTG-1,1267,1828,230,1665
CTCAATTGTAGCCAGA-1,60,10487,468,3052
CTCAATTGTCAGACTT-1,13,3072,155,1292
CTCAATTGTCATATGC-1,1903,125,88,1118
CTCAATTGTCCACTTC-1,165,626,30,583
CTCAATTGTTACGTAC-1,15,1719,103,855
CTCAATTGTTCGGTAT-1,10762,69,431,3891
CTCAATTTCACCTTGC-1,2317,514,49,1581
CTCAATTTCCGCTGTT-1,71,11772,584,3483
CTCAATTTCGTCAACA-1,28,4713,196,1955
CTCAATTTCTCCCATG-1,64,9379,550,3038
CTCACTGAGCCTAGGA-1,42,5412,357,1971
CTCACTGCAATACGCT-1,560,23,15,439
CTCACTGCAGCTATAC-1,2292,36,42,1293
CTCACTGCATCGTGCG-1,9311,55,644,3473
CTCACTGCATGTTCAG-1,1034,474,71,1014
CTCACTGGTATACAGA-1,43,4427,247,1922
CTCACTGGTCGACTGC-1,556,993,54,1008
CTCACTGGTGACTAAA-1,46,8381,283,2618
CTCACTGGTTATTCTC-1,68,8523,510,3065
CTCACTGGTTTACACG-1,324,582,45,673
CTCACTGGTTTGCCGG-1,708,370,38,791
CTCACTGTCAAGTAAG-1,48,4520,386,1866
CTCACTGTCCTATTGT-1,61,7891,433,2575
CTCACTGTCCTTCTGG-1,1731,124,82,1056
CTCACTGTCGCTCCTA-1,50,8417,458,2844
CTCACTGTCGGTCAGC-1,51,6567,555,1977
CTCACTGTCTTCACAT-1,46,8866,539,3240
CTCAGAAAGTATGACA-1,30,5591,498,1963
CTCAGAACAACCCTCT-1,29,1731,30,835
CTCAGAACAACGTTAC-1,1741,257,66,1144
CTCAGAACAAGATGGC-1,12956,78,571,4000
CTCAGAACAAGTCATC-1,385,1375,92,1082
CTCAGAACACCAAATC-1,11745,78,693,3967
CTCAGAACAGCGTGAA-1,16,1613,232,779
CTCAGAACATTCTCTA-1,247,349,11,485
CTCAGAAGTACTAAGA-1,7110,82,571,2916
CTCAGAAGTATGTCTG-1,48,6891,604,2435
CTCAGAAGTCATCGCG-1,981,13,113,606
CTCAGAAGTTGAAGTA-1,776,2029,180,1447
CTCAGAATCCCTGTTG-1,174,522,23,538
CTCAGAATCGTTCATT-1,62,9625,671,2788
CTCAGAATCTGCACCT-1,16,1229,60,714
CTCAGGGAGATGGTAT-1,45,4741,382,1569
CTCAGGGAGCCTTTGA-1,109,1610,175,877
CTCAGGGAGGATCATA-1,8809,58,490,3195
CTCAGGGAGTCTACCA-1,573,170,55,576
CTCAGGGCAAGTGTCT-1,9128,60,591,3166
CTCAGGGCAGCGGTCT-1,12495,77,777,3973
CTCAGGGCAGGTGGAT-1,1935,615,293,1345
CTCAGGGCATTGCCGG-1,11908,59,410,3887
CTCAGGGGTACTCGTA-1,607,1359,101,1195
CTCAGGGGTCCCTGTT-1,2223,229,167,1391
CTCAGGGGTGCTTATG-1,79,9733,611,3278
CTCAGGGGTGTCCATA-1,60,9767,530,2940
CTCAGGGTCACTCACC-1,685,1156,71,1185
CTCAGGGTCCGTATAG-1,1488,15,72,908
CTCAGGGTCCGTTGGG-1,43,6906,450,2441
CTCAGGGTCCTTCTAA-1,1114,185,54,896
CTCAGGGTCCTTTAGT-1,704,867,27,1082
CTCAGGGTCGCGAAGA-1,45,7973,491,2687
CTCAGTCAGACGGAAA-1,44,5687,354,2159
CTCAGTCAGTACAGAT-1,2214,1228,304,1869
CTCAGTCAGTTGCTCA-1,47,8581,454,2923
CTCAGTCCAAGCGAAC-1,64,10547,662,3414
CTCAGTCCACCGGAAA-1,75,490,18,425
CTCAGTCCACCGTCTT-1,2139,888,89,1694
CTCAGTCCAGGCAATG-1,78,13586,843,3878
CTCAGTCTCCAAATGC-1,1093,23,50,714
CTCAGTCTCCCATGGG-1,10392,83,569,3533
CTCAGTCTCCGGTTCT-1,6533,47,384,2749
CTCAGTCTCGCACGAC-1,294,916,44,820
CTCATCGAGTGTTCCA-1,314,12164,613,3598
CTCATCGCAACTGTGT-1,2051,15,1,1146
CTCATCGCAATGAACA-1,5781,53,228,2737
CTCATCGCACGCAGTC-1,31,5169,219,2113
CTCATCGCAGGCACTC-1,1252,801,64,1240
CTCATCGCATCGCTCT-1,428,208,14,506
CTCATCGCATCGTGCG-1,28,4653,292,1934
CTCATCGGTGTCCTAA-1,38,6296,451,2336
CTCATCGGTTCCGCGA-1,9380,53,407,3362
CTCATCGTCATCTGTT-1,33,6479,534,2374
CTCATCGTCTGTCGCT-1,7420,4936,772,4953
CTCATGCCAAGGGTCA-1,210,894,55,722
CTCATGCCATCCTTCG-1,20,1205,51,687
CTCATGCGTACAAACA-1,86,10597,649,3093
CTCATGCGTATTTCGG-1,5963,49,513,2642
CTCATGCGTGTAAATG-1,10539,62,522,3773
CTCATGCTCCGGCTTT-1,3111,13,279,1282
CTCATGCTCTGAGAAA-1,70,10871,647,3176
CTCATTAAGACATAGT-1,852,13,35,580
CTCATTAAGATGTTGA-1,30,7507,464,2267
CTCATTAAGGCACTCC-1,60,9009,626,2709
CTCATTACAAGAATGT-1,5293,41,439,2264
CTCATTACAAGTGGTG-1,1313,332,121,1061
CTCATTACAATGTGGG-1,10044,70,591,3558
CTCATTACAATTGCAC-1,38,4060,363,1726
CTCATTACAGACAATA-1,617,250,23,667
CTCATTACAGTCAGTT-1,4688,438,392,2159
CTCATTAGTAGCGAGT-1,11052,65,318,3663
CTCATTAGTAGGATAT-1,481,350,26,646
CTCATTAGTCCGTACG-1,2228,476,72,1535
CTCATTAGTGTGAATA-1,35,4335,482,1654
CTCATTAGTTATCTGG-1,499,18,24,391
CTCATTAGTTGAATCC-1,690,89,28,575
CTCATTATCCTTGGAA-1,46,5417,345,2303
CTCATTATCGCATAGT-1,11395,85,472,4087
CTCATTATCGGTCTAA-1,57,7610,578,2663
CTCATTATCTCGGGAC-1,2129,825,257,1550
CTCCAACAGAGGGTAA-1,835,215,57,746
CTCCAACAGCACGTCC-1,42,6766,218,2306
CTCCAACAGCATACTC-1,1096,184,40,960
CTCCAACAGTCACTCA-1,539,539,36,773
CTCCAACCACTGCGTG-1,1044,19,69,651
CTCCAACGTCCACTCT-1,20355,432,1121,6043
CTCCAACGTGATACCT-1,35,4845,408,1848
CTCCAACGTTATTCCT-1,401,323,19,561
CTCCAACTCACTCCGT-1,546,2437,92,1584
CTCCAACTCACTGTTT-1,24,4137,248,1768
CTCCAACTCATTACGG-1,49,6742,583,2272
CTCCAACTCCGACGGT-1,9,673,13,457
CTCCAACTCCGATAGT-1,43,6472,409,2443
CTCCAACTCGATTTCT-1,406,797,22,860
CTCCAACTCTAGAGCT-1,53,5726,371,2198
CTCCAACTCTCCAATT-1,598,21,16,462
CTCCACAAGTCTGGTT-1,8355,48,365,2831
CTCCACAAGTGTAGAT-1,80,6937,490,2633
CTCCACAAGTTTCAGC-1,11,761,18,500
CTCCACACAACCCTAA-1,162,804,25,669
CTCCACACAACGATCT-1,319,621,10,695
CTCCACACAATCGCAT-1,18,2042,62,961
CTCCACACACGCTGAC-1,93,5952,246,2392
CTCCACACACTGATTG-1,1276,378,30,1160
CTCCACACACTTGACA-1,1451,439,70,1264
CTCCACACACTTGAGT-1,73,9088,623,2937
CTCCACACAGTTTGGT-1,487,151,18,522
CTCCACAGTAACATCC-1,2101,1982,104,2172
CTCCACAGTACTTGTG-1,1703,99,97,992
CTCCACAGTCTGTGTA-1,8134,52,462,3111
CTCCACAGTCTTTCAT-1,13016,62,579,4042
CTCCACAGTGCGACAA-1,11923,87,710,3853
CTCCACAGTGGTCAAG-1,935,250,44,850
CTCCACAGTGTCATGT-1,14934,8815,1278,6129
CTCCACAGTTGGGTTT-1,35,7265,528,2431
CTCCACATCCTCATAT-1,775,686,29,1032
CTCCACATCGACGAGA-1,1218,10,67,778
CTCCACATCGGACAAG-1,5371,9101,870,5012
CTCCATGAGCGCCTAC-1,631,410,44,768
CTCCATGAGGATCATA-1,66,7321,431,2446
CTCCATGAGGTAAGTT-1,35,4586,350,1732
CTCCATGAGTCATGCT-1,543,422,47,735
CTCCATGCACCGTGAC-1,22,629,32,461
CTCCATGCAGCCTATA-1,490,158,16,522
CTCCATGCATACTGTG-1,84,11759,660,3476
CTCCATGCATTCACCC-1,46,8846,489,2751
CTCCATGGTACCGTCG-1,130,975,29,726
CTCCATGGTACTCCCT-1,37,6581,537,2166
CTCCATGGTAGGGTAC-1,56,6643,471,2534
CTCCATGGTCCAGCCA-1,8770,46,491,3316
CTCCATGTCTCGTCAC-1,57,13243,564,3663
CTCCCAAAGAGGCGTT-1,32,5892,402,1975
CTCCCAAAGCAACAGC-1,59,9550,593,3065
CTCCCAAAGCCGAACA-1,293,1141,55,842
CTCCCAAAGCTAGCCC-1,82,9341,728,3099
CTCCCAACAAGCAATA-1,34,1042,41,657
CTCCCAACAAGCCTGC-1,1887,290,131,1334
CTCCCAACACACTTAG-1,73,5552,326,2340
CTCCCAACACAGGATG-1,15168,115,872,4872
CTCCCAACACTTCAGA-1,823,666,62,1011
CTCCCAACACTTGACA-1,157,589,11,555
CTCCCAACAGCGGTTC-1,6197,15,7,1872
CTCCCAAGTGATACAA-1,1714,1686,341,1727
CTCCCAATCTCAAAGC-1,392,111,21,407
CTCCCAATCTGGCTGG-1,11,1050,35,669
CTCCCTCAGACATACA-1,86,11001,553,3461
CTCCCTCAGACCAAAT-1,490,203,20,519
CTCCCTCAGACTAAGT-1,80,14572,781,3956
CTCCCTCAGTTGCTCA-1,30,6224,567,2222
CTCCCTCCAAACGGCA-1,40,7410,477,2509
CTCCCTCCAAAGGGTC-1,33,4674,312,1786
CTCCCTCCACACGTGC-1,13,1125,57,686
CTCCCTCCACATAGCT-1,28,1569,37,864
CTCCCTCCACGGTGTC-1,52,3869,418,1725
CTCCCTCCAGATCCAT-1,59,6775,390,2605
CTCCCTCCATCCGGCA-1,581,18,27,477
CTCCCTCCATGATCTG-1,611,801,64,946
CTCCCTCCATTCTTCA-1,105,12769,614,3943
CTCCCTCGTGAGGATC-1,4187,32,183,1713
CTCCCTCGTTACGGAG-1,67,8371,535,2917
CTCCCTCGTTGCCAAT-1,9022,79,506,3515
CTCCCTCTCCTCACCA-1,392,2437,94,1503
CTCCGATAGCACTAAA-1,1444,34,51,897
CTCCGATAGTGTACCT-1,28,5542,435,1931
CTCCGATAGTTAGAAC-1,82,11431,653,3496
CTCCGATCAGCGAGTA-1,6831,41,558,2768
CTCCGATGTAACATCC-1,5502,63,37,1770
CTCCGATGTAGAGGAA-1,1214,101,108,878
CTCCGATGTCTTGAGT-1,66,9852,689,2928
CTCCGATGTCTTGGTA-1,19,664,37,462
CTCCGATGTGCAGATG-1,10030,155,327,3753
CTCCGATTCAAAGCCT-1,703,134,19,663
CTCCGATTCACTAGCA-1,179,1273,70,830
CTCCGATTCGACCCAG-1,14837,78,592,4404
CTCCGATTCGCCAGTG-1,28,7110,400,2414
CTCCGATTCGCCATAA-1,8252,55,537,3239
CTCCGATTCTACACTT-1,757,578,38,987
CTCCGATTCTATTCGT-1,699,598,72,924
CTCCTCCAGACTGGGT-1,226,1347,55,988
CTCCTCCAGACTTCGT-1,195,510,63,519
CTCCTCCAGCCGTTAT-1,9690,63,453,3515
CTCCTCCAGCTGTTCA-1,855,105,25,683
CTCCTCCAGTCCCAAT-1,1320,1141,46,1541
CTCCTCCAGTTTCGGT-1,240,1509,127,893
CTCCTCCCAACACAGG-1,1425,142,29,1079
CTCCTCCCACTGTGTA-1,142,723,26,605
CTCCTCCCAGAATCGG-1,637,10,59,461
CTCCTCCCAGCCCAGT-1,2586,20,1,1320
CTCCTCCCATAATGCC-1,8371,67,540,3286
CTCCTCCCATCCTCAC-1,53,7565,1009,2910
CTCCTCCGTACGTAGG-1,542,95,20,489
CTCCTCCGTATCATGC-1,593,210,36,628
CTCCTCCGTATTGGCT-1,935,9,13,656
CTCCTCCGTGCTTCAA-1,627,91,18,524
CTCCTCCGTTAAGCAA-1,5349,2961,347,3323
CTCCTCCGTTCCATTT-1,158,869,25,729
CTCCTCCTCACCCTCA-1,22,1681,18,993
CTCCTCCTCCATAGAC-1,80,11965,445,3458
CTCCTCCTCTACGGGC-1,12162,83,535,4216
CTCCTCCTCTCTTGCG-1,64,8644,689,2819
CTCCTCCTCTTCGACC-1,1447,570,38,1307
CTCCTTTAGCTGTGCC-1,46,6630,424,2591
CTCCTTTAGTTCACTG-1,409,158,10,466
CTCCTTTCAATACGAA-1,8982,80,419,3381
CTCCTTTCACCCGTAG-1,164,586,24,570
CTCCTTTCACGGCACT-1,108,456,11,441
CTCCTTTCAGGAGGAG-1,8630,71,673,3269
CTCCTTTCAGGCCTGT-1,32,7855,420,2434
CTCCTTTGTACCGTGC-1,65,7091,445,2250
CTCCTTTGTGCGTGCT-1,321,1314,110,992
CTCCTTTTCACCGGGT-1,34,7369,344,2500
CTCCTTTTCGGACTGC-1,6462,33,354,2438
CTCCTTTTCGGTCGAC-1,740,146,45,649
CTCCTTTTCTCTCGCA-1,3473,551,148,2052
CTCCTTTTCTCTGGTC-1,347,507,17,655
CTCCTTTTCTGTAAGC-1,739,172,27,674
CTCCTTTTCTTCCACG-1,2948,141,40,1740
CTCGAGGAGAGGATGA-1,58,5019,438,1808
CTCGAGGAGAGGTGCT-1,31,5083,346,1920
CTCGAGGAGATGAATC-1,9539,68,659,3253
CTCGAGGCAATCGCGC-1,42,8836,353,2824
CTCGAGGCATTCTGTT-1,985,13,16,660
CTCGAGGCATTCTTCA-1,78,6128,470,2292
CTCGAGGGTGGTCAAG-1,17523,92,1114,4934
CTCGAGGGTGGTCTAT-1,3782,44,876,1852
CTCGAGGTCATGGCCG-1,225,1419,127,1005
CTCGAGGTCTTGCGCT-1,7400,42,274,2774
CTCTCAGAGAACAGGA-1,11762,84,912,3701
CTCTCAGCAAATGCTC-1,14,1187,42,670
CTCTCAGCAAGTACCT-1,158,3346,219,1530
CTCTCAGCAATGTCAC-1,350,1520,58,1046
CTCTCAGCAATTGCCA-1,99,521,13,464
CTCTCAGGTAGCTTTG-1,486,152,57,489
CTCTCAGGTCCGGATC-1,591,18,21,456
CTCTCAGGTGTTACTG-1,44,6365,261,2286
CTCTCAGGTTACACTG-1,9449,65,451,3335
CTCTCAGGTTTCAGAC-1,2163,16,296,1195
CTCTCAGTCAAACCCA-1,38,7117,418,2442
CTCTCAGTCAAGAGGC-1,901,576,58,1003
CTCTCAGTCCGCAGTG-1,22,6869,382,2530
CTCTCAGTCCGGTAAT-1,11918,88,577,3847
CTCTCAGTCGTTACCC-1,18734,98,1053,4998
CTCTCAGTCTGCATGA-1,405,497,36,690
CTCTCGAAGCACTCAT-1,43,6157,503,2172
CTCTCGAAGCTCGACC-1,563,94,26,502
CTCTCGAAGCTGGTGA-1,51,7572,477,2542
CTCTCGACAACGACAG-1,51,9229,364,2971
CTCTCGACAAGTATAG-1,88,10135,580,3408
CTCTCGACACAGAAGC-1,1276,483,97,1134
CTCTCGACACCTGTCT-1,181,586,57,565
CTCTCGACAGACGCTC-1,7733,61,486,3264
CTCTCGACAGCCGTCA-1,44,6141,341,2121
CTCTCGAGTACCTGTA-1,21,7503,346,2668
CTCTCGAGTATTCCTT-1,12,564,22,413
CTCTCGAGTTAGCGGA-1,53,5955,468,2108
CTCTCGATCACCATGA-1,12980,4947,1177,6105
CTCTCGATCGTTCTCG-1,2343,52,136,1141
CTCTGGTAGCGGATCA-1,439,2404,112,1292
CTCTGGTAGGACTTCT-1,46,7895,494,2687
CTCTGGTAGGGAGTTC-1,30,6274,449,2123
CTCTGGTAGGTATAGT-1,1888,28,341,1156
CTCTGGTCAAAGGCAC-1,582,108,34,531
CTCTGGTCAAATGCTC-1,122,1605,63,965
CTCTGGTCAATACCTG-1,91,914,30,647
CTCTGGTCACTAACGT-1,475,328,21,642
CTCTGGTCACTGTTCC-1,1073,153,21,863
CTCTGGTCAGTAACGG-1,710,76,42,579
CTCTGGTCATCCGAGC-1,45,7310,424,2371
CTCTGGTCATCTTAGG-1,30,6091,297,2199
CTCTGGTCATCTTTCA-1,40,1041,37,665
CTCTGGTGTTCAGTAC-1,12021,71,798,4164
CTCTGGTTCAAAGGAT-1,35,4783,331,1815
CTCTGGTTCAAGCTGT-1,445,63,23,399
CTCTGGTTCAGACCCG-1,6,510,29,371
CTCTGGTTCAGTGTGT-1,2420,118,230,1412
CTCTGGTTCATCTACT-1,9728,91,510,3743
CTCTGGTTCCAATGCA-1,579,138,14,555
CTCTGGTTCCCTCGTA-1,14,2525,138,1168
CTCTGGTTCCGCATAA-1,8830,53,420,3207
CTCTGGTTCCTTCAGC-1,277,980,42,832
CTCTGGTTCTACGGGC-1,10,748,31,441
CTCTGGTTCTTAATCC-1,306,1106,40,923
CTGAATGAGCTATCCA-1,1418,406,89,1111
CTGAATGAGGACTGGT-1,57,7560,641,2537
CTGAATGAGGTGCTTT-1,24,3312,307,1460
CTGAATGCATCCTGTC-1,16,1350,78,754
CTGAATGCATGCCGCA-1,332,181,23,431
CTGAATGCATGTTACG-1,359,297,32,539
CTGAATGTCCATTGGA-1,10217,126,563,3905
CTGAATGTCCGCTTAC-1,287,1890,98,1222
CTGAATGTCCTTATGT-1,664,13,18,473
CTGAGCGAGAGAATCT-1,83,9902,716,3115
CTGAGCGAGCGTTACT-1,36,6553,336,2285
CTGAGCGAGCTGGAGT-1,51,5429,612,1837
CTGAGCGAGGGCCTCT-1,9331,3958,1009,4776
CTGAGCGAGTATGCAA-1,11756,57,636,3643
CTGAGCGCAGTAGATA-1,88,4704,297,1933
CTGAGCGCATGTTTGG-1,11769,53,604,3724
CTGAGCGGTAGTTACC-1,24,4183,263,1522
CTGAGCGGTTCTTGTT-1,1654,479,136,1296
CTGAGGCCAAACTGCT-1,31,4508,374,1767
CTGAGGCCAGATACCT-1,37,6181,241,2399
CTGAGGCGTACCAGAG-1,1703,22,38,982
CTGAGGCGTCGGTGTC-1,3319,16,175,1754
CTGAGGCGTTCGCGTG-1,2086,763,262,1459
CTGAGGCTCCGTGCGA-1,55,7313,466,2505
CTGAGGCTCTGAGTCA-1,30,5225,410,2092
CTGAGGCTCTGCGTCT-1,4484,21,249,2039
CTGATCCAGAAGGTAG-1,11865,102,805,3790
CTGATCCAGACAGCGT-1,38,5465,685,1856
CTGATCCAGCACGGAT-1,41,7515,419,2677
CTGATCCAGCATCCCG-1,5808,42,582,2633
CTGATCCCAAACACGG-1,55,9400,464,3091
CTGATCCCAAATACAG-1,438,1775,122,1137
CTGATCCCATAAGCAA-1,26,2588,607,1191
CTGATCCCATTGCTTT-1,44,4213,276,1873
CTGATCCGTCTCTCCA-1,30,5368,371,1977
CTGATCCGTTTACTTC-1,13644,182,797,4397
CTGATCCTCACCACAA-1,55,7881,559,2740
CTGATCCTCCACGTCT-1,24,882,51,564
CTGATCCTCGTAGCCG-1,85,8511,392,2893
CTGCAGGCATCCGATA-1,713,193,23,668
CTGCAGGGTCGCTCGA-1,37,5162,305,2007
CTGCAGGGTCTCAGAT-1,42,5381,488,2033
CTGCAGGGTTTGCAGT-1,24,6656,308,2134
CTGCAGGTCCATCTGC-1,30,4004,430,1673
CTGCAGGTCCCGTTGT-1,61,10840,671,3189
CTGCAGGTCGTAGAGG-1,2770,7,0,792
CTGCATCAGGTTCACT-1,176,1033,22,758
CTGCATCAGTCCCGGT-1,2955,1043,126,2056
CTGCATCAGTTAACGA-1,61,6643,460,2336
CTGCATCCAGAGGTAC-1,47,660,30,480
CTGCATCCAGCGGATA-1,39,5429,507,1866
CTGCATCCAGTCCCGA-1,118,19378,992,4665
CTGCATCGTCACAGTT-1,2656,57,289,1259
CTGCATCGTCACGACC-1,875,376,29,886
CTGCATCGTGACACAG-1,19417,121,1115,5197
CTGCATCTCAGAGCAG-1,925,12,75,629
CTGCATCTCCTCGCAT-1,212,483,15,548
CTGCCATAGAATCTAG-1,106,812,15,608
CTGCCATAGCAATAGT-1,1001,414,63,963
CTGCCATAGGCGTCCT-1,524,10,16,406
CTGCCATAGGGTTAAT-1,2214,88,135,1112
CTGCCATCAATTGAAG-1,62,7061,579,2768
CTGCCATCAGTATACC-1,10118,67,579,3376
CTGCCATCATCCCACT-1,9239,198,585,3396
CTGCCATCATCTCCCA-1,29,4831,306,1938
CTGCCATCATGTCTAG-1,9685,57,518,3620
CTGCCATGTCATGACT-1,64,12760,514,3486
CTGCCATGTCGCCACA-1,1476,255,83,1044
CTGCCATGTGATCATC-1,527,13,15,413
CTGCCATGTTAACAGA-1,7110,49,361,2863
CTGCCATTCGAGATAA-1,1435,18,79,849
CTGCCTAAGATCGCCC-1,1722,462,116,1301
CTGCCTAAGCCGATTT-1,71,10259,717,3244
CTGCCTAAGCCGTTAT-1,51,6977,452,2340
CTGCCTAAGGGTCTTT-1,2190,17,10,1104
CTGCCTAAGTAACGAT-1,31,7237,513,2312
CTGCCTAAGTCTGCGC-1,567,804,73,923
CTGCCTACAAACTAGA-1,576,262,26,648
CTGCCTACAACGGCCT-1,12293,83,664,4071
CTGCCTACACCTCTGT-1,89,855,57,622
CTGCCTACAGACAAGC-1,614,13,29,447
CTGCCTACAGACACCC-1,1461,97,38,917
CTGCCTAGTACTAAGA-1,21,4593,354,1761
CTGCCTAGTCCCTAAA-1,11083,90,541,4063
CTGCCTATCCTGGTCT-1,1558,14,84,868
CTGCCTATCGCGATCG-1,31,3464,178,1605
CTGCCTATCTATGCCC-1,17,1748,101,803
CTGCCTATCTCATGGA-1,841,404,56,889
CTGCCTATCTTCCGTG-1,38,5562,445,2370
CTGCGAGAGGCTGTAG-1,91,11530,864,3504
CTGCGAGCAGCCCACA-1,13,1132,38,649
CTGCGAGCAGCCTATA-1,10793,80,554,3703
CTGCGAGCATAATGCC-1,12419,58,821,3753
CTGCGAGTCCAGCAAT-1,67,8388,502,2880
CTGCGAGTCGACGAGA-1,24,3360,240,1473
CTGCTCAAGGTAAGAG-1,57,5411,577,2096
CTGCTCAAGGTCTACT-1,7898,58,427,3178
CTGCTCACAACTCCAA-1,2234,199,107,1288
CTGCTCACACGACAAG-1,10731,295,512,3705
CTGCTCACATCCCGTT-1,30,2113,73,1008
CTGCTCACATGGCTGC-1,8004,41,404,3040
CTGCTCAGTGGCTTGC-1,131,1431,33,957
CTGCTCATCAGAGCAG-1,45,9324,393,2655
CTGGACGAGATGTTCC-1,42,4898,422,1847
CTGGACGAGCAAGTCG-1,6463,30,512,2822
CTGGACGAGGCATCAG-1,33,5975,384,1949
CTGGACGAGTGGGAAA-1,57,7468,571,2431
CTGGACGCAATACAGA-1,7952,65,421,2920
CTGGACGCACAAGCTT-1,15,760,54,518
CTGGACGCATGGACAG-1,117,18059,1126,4503
CTGGACGGTCTCTCAC-1,131,10376,657,3204
CTGGACGGTGATACAA-1,16378,76,1097,4776
CTGGACGGTGTTGCCG-1,22,6517,465,2380
CTGGACGGTTAGGGAC-1,7931,400,515,3108
CTGGACGGTTCATCGA-1,706,9,38,509
CTGGACGTCACCTTGC-1,530,83,22,483
CTGGACGTCGACGCTG-1,64,9233,817,2908
CTGGCAGAGCAATAGT-1,28,3578,397,1466
CTGGCAGAGGTTCCGC-1,41,9758,440,2973
CTGGCAGCAACCAGAG-1,81,11183,486,3415
CTGGCAGCAACTCCCT-1,2675,467,183,1654
CTGGCAGCACTGGACC-1,216,876,33,716
CTGGCAGCACTGGCGT-1,51,9268,666,2936
CTGGCAGCAGACCTAT-1,1938,363,75,1300
CTGGCAGGTAAGGTCG-1,87,11863,607,3170
CTGGCAGGTATTCTCT-1,11864,81,787,4087
CTGGCAGGTGTGTGGA-1,10040,96,695,3761
CTGGCAGGTTAAGAAC-1,3462,362,290,1890
CTGGCAGGTTAAGTCC-1,53,6918,501,2362
CTGGCAGGTTTGTTCT-1,52,7231,387,2473
CTGGCAGTCGCCTTTG-1,8824,47,615,3078
CTGGTCTAGACCGCCT-1,222,369,37,478
CTGGTCTAGATAGTCA-1,64,10638,956,3430
CTGGTCTCAATCGAAA-1,620,24,23,497
CTGGTCTCACAGTACT-1,62,7322,356,2737
CTGGTCTCAGACCATT-1,66,7583,488,2925
CTGGTCTCAGATGCGA-1,9487,43,527,3212
CTGGTCTCAGCTAACT-1,17,1792,54,928
CTGGTCTCATGTCTAG-1,906,27,278,565
CTGGTCTGTCAGACGA-1,928,218,62,839
CTGGTCTGTCCAAGAG-1,52,11671,667,3222
CTGGTCTGTGGAAATT-1,5790,50,318,2421
CTGGTCTTCACCTACC-1,49,7565,450,2679
CTGGTCTTCCAACCGG-1,12772,73,446,4042
CTGGTCTTCCCTAGGG-1,10714,65,612,3497
CTGGTCTTCTTACACT-1,2556,15,74,1419
CTGTACCCAACCTAAC-1,1663,2341,164,2019
CTGTACCCACCCATAA-1,47,5597,347,2159
CTGTACCCACCGTGCA-1,68,12189,724,3716
CTGTACCCACTCATAG-1,6374,247,368,2730
CTGTACCCATAGGTAA-1,7800,82,445,3193
CTGTACCCATTCAGGT-1,26,5881,366,2009
CTGTACCCATTGTGCA-1,10190,65,733,3547
CTGTACCGTCCCTGAG-1,1541,30,53,912
CTGTACCGTCCCTGTT-1,512,163,50,529
CTGTACCGTTAGAAGT-1,40,5701,266,2239
CTGTACCTCACAGAGG-1,1926,11,3,921
CTGTACCTCACGAGGA-1,10678,81,464,3523
CTGTAGAAGTGATAGT-1,6898,62,346,2755
CTGTAGAGTAACAGTA-1,1159,13,13,706
CTGTAGAGTGCCTGAC-1,10684,57,686,3626
CTGTAGAGTGGAGGTT-1,13296,96,634,4129
CTGTAGAGTTGAGGAC-1,724,8,40,541
CTGTAGATCGTAATGC-1,7622,56,525,3164
CTGTAGATCTCAATCT-1,21040,118,1121,5261
CTGTATTAGAGCAGCT-1,30,4095,229,1673
CTGTATTAGAGGCGGA-1,90,10022,692,3371
CTGTATTAGCAAACAT-1,11,906,46,557
CTGTATTAGGCCCGTT-1,41,4705,298,1859
CTGTATTAGGCGCTCT-1,42,6075,439,2433
CTGTATTAGGGTGGGA-1,27,3576,340,1662
CTGTATTAGTCTCCTC-1,127,451,15,423
CTGTATTCAACGACTT-1,1085,812,297,1149
CTGTATTCATCGCCTT-1,319,1141,55,931
CTGTATTGTAATGCGG-1,11218,84,775,3565
CTGTATTGTATTTCCT-1,330,452,28,613
CTGTATTGTGCGAGTA-1,7194,66,504,2663
CTGTATTTCCAGTTCC-1,443,6824,559,2606
CTGTATTTCGAGTGGA-1,43,6641,564,2271
CTGTATTTCTCCGAGG-1,243,1539,225,875
CTGTCGTAGAGCCTGA-1,41,5661,388,2001
CTGTCGTAGCCGATAG-1,46,8670,400,2818
CTGTCGTAGTCACTCA-1,11895,90,767,3948
CTGTCGTAGTCATACC-1,89,11822,769,3405
CTGTCGTCAAGTCCCG-1,14,1381,116,786
CTGTCGTCAGCTACCG-1,510,88,22,470
CTGTCGTGTACGATGG-1,11,2089,119,1100
CTGTCGTGTATCCTTT-1,17,2633,137,1182
CTGTCGTGTATGTCCA-1,6,1777,130,888
CTGTCGTGTCCGGCAT-1,17,4831,231,1921
CTGTCGTGTCTAGTGT-1,5501,38,235,2472
CTGTCGTGTCTTTATC-1,42,5581,464,2198
CTGTCGTTCACCTCGT-1,16,1971,246,804
CTGTCGTTCAGACCTA-1,598,34,43,455
CTGTCGTTCCATACAG-1,21,3204,153,1354
CTGTCGTTCCGCATAA-1,51,8351,445,2951
CTGTCGTTCGCGGACT-1,127,396,14,421
CTGTCGTTCGGAATGG-1,39,4973,421,1987
CTGTCGTTCTTTGCGC-1,30,3683,336,1621
CTGTGAAAGTGGAAAG-1,1969,12,1,883
CTGTGAACAGTTTCAG-1,450,361,57,609
CTGTGAAGTCATCGCG-1,163,7841,288,2940
CTGTGAAGTCTACATG-1,37,6008,422,2276
CTGTGGGAGATTTGCC-1,61,12283,904,3316
CTGTGGGAGCATATGA-1,9848,95,683,3582
CTGTGGGAGGTATAGT-1,6424,62,878,2903
CTGTGGGCAAATGAGT-1,9576,60,522,3396
CTGTGGGCAAGACCTT-1,549,1608,133,1214
CTGTGGGCACCCAAGC-1,33,9066,419,2797
CTGTGGGGTAGCTTTG-1,1124,48,99,729
CTGTGGGGTATCGTTG-1,13901,104,1261,4602
CTGTGGGGTCGCATGC-1,35,10427,463,3105
CTGTGGGTCCAAGCCG-1,23,4474,237,1908
CTGTGGGTCCTTCAGC-1,686,420,61,821
CTGTGGGTCGCACTCT-1,855,168,86,702
CTGTGGGTCGCATAGT-1,7202,63,503,2820
CTGTGGGTCGGTCTGG-1,1522,6,0,747
CTGTGGGTCTATCGGA-1,78,7884,661,2766
CTGTGGGTCTGCATAG-1,12318,280,762,4084
CTTACCGAGATGTTGA-1,99,11192,778,3515
CTTACCGAGTATGACA-1,656,184,56,626
CTTACCGAGTTGAAAC-1,68,8619,701,2988
CTTACCGAGTTTGCTG-1,945,600,37,1130
CTTACCGCACATGTTG-1,438,477,33,695
CTTACCGCACCAGGTC-1,994,191,28,874
CTTACCGCATGGCCAC-1,11060,80,556,3686
CTTACCGGTAAGTAGT-1,7801,41,456,2865
CTTACCGGTATCGTAC-1,982,11,2,613
CTTACCGGTTCCGCAG-1,63,11251,743,3357
CTTACCGTCAAGTCTG-1,6766,54,420,2753
CTTACCGTCACAAGGG-1,216,399,23,490
CTTACCGTCGACTCCT-1,1027,3098,288,1974
CTTACCGTCTGCGTCT-1,30,5197,293,1810
CTTAGGAAGCTGACCC-1,645,274,49,692
CTTAGGAAGGGTTAAT-1,58,5974,311,2225
CTTAGGAAGTCATCCA-1,66,7287,727,2663
CTTAGGAGTATCATGC-1,1492,1566,131,1699
CTTAGGAGTCACTTCC-1,9147,61,88,3616
CTTAGGAGTCGTAATC-1,450,82,27,423
CTTCAATAGACCGTTT-1,10,1745,194,828
CTTCAATAGACTAAGT-1,346,1494,119,996
CTTCAATAGCCATTCA-1,1708,2190,138,2130
CTTCAATCAAAGCTCT-1,45,5976,248,2178
CTTCAATCAAGTGGCA-1,51,7005,538,2438
CTTCAATCACTGATTG-1,404,1139,41,961
CTTCAATCACTTACAG-1,1078,12,41,681
CTTCAATCATAACCCA-1,8150,69,452,2972
CTTCAATGTAACGTTC-1,79,10373,764,3152
CTTCAATGTCATCACA-1,64,8440,556,2810
CTTCAATGTTCCAAAC-1,1627,14,38,1000
CTTCAATGTTCTCTAT-1,1309,12,68,757
CTTCAATTCATTGGTG-1,34,5624,301,1921
CTTCAATTCCGGCAGT-1,57,9600,640,3052
CTTCAATTCGCAGATT-1,37,5037,318,2022
CTTCCGAAGAAGTCTA-1,53,6974,361,2473
CTTCCGAAGCAAACAT-1,315,399,28,565
CTTCCGAAGTCCCAAT-1,141,573,30,539
CTTCCGACAGGTCTCG-1,233,649,24,671
CTTCCGAGTATGTCCA-1,27,1150,60,650
CTTCCGAGTCTTACAG-1,68,9990,677,3102
CTTCCGAGTTTCCATT-1,7895,73,806,3359
CTTCCGATCAAGTTGC-1,388,1117,76,955
CTTCCGATCATCGCTC-1,69,16577,671,4253
CTTCCGATCCGCCTAT-1,17,1342,74,802
CTTCCGATCCGGCTTT-1,348,444,24,631
CTTCCGATCTGACCCT-1,892,113,48,702
CTTCCTTAGAGCGACT-1,7662,47,564,2924
CTTCCTTAGCACCGTC-1,49,9523,641,2971
CTTCCTTAGCTGGTGA-1,42,4599,338,1735
CTTCCTTAGGACTATA-1,764,238,32,742
CTTCCTTAGTGCTCGC-1,953,1558,204,1367
CTTCCTTAGTTGGCGA-1,8907,65,614,3178
CTTCCTTCAAACCATC-1,356,768,46,774
CTTCCTTCAATCTAGC-1,932,1365,75,1388
CTTCCTTCACGAGAAC-1,734,202,33,682
CTTCCTTCAGTCAACT-1,567,36,9,473
CTTCCTTCATCCTAAG-1,51,5762,373,2153
CTTCCTTGTCGAGCTC-1,9400,57,521,3387
CTTCCTTTCACCGCTT-1,64,8484,460,2900
CTTCCTTTCATCGCCT-1,9318,63,318,3642
CTTCCTTTCATTACGG-1,23,613,29,435
CTTCCTTTCCAGCAAT-1,106,610,31,475
CTTCCTTTCCGACGGT-1,22,4131,257,1773
CTTCCTTTCGACGATT-1,217,903,58,770
CTTCCTTTCGCTTGAA-1,65,6773,386,2839
CTTCCTTTCTACGGTA-1,9396,77,643,3516
CTTCCTTTCTGTACAG-1,8940,66,386,3530
CTTCCTTTCTGTCTCG-1,750,44,20,585
CTTCGGTAGCCTCACG-1,38,7804,954,2279
CTTCGGTAGCGCACAA-1,11574,74,506,3788
CTTCGGTAGTGCACCC-1,1754,128,159,1103
CTTCGGTCAATTCACG-1,14564,83,632,4465
CTTCGGTCACTTGTCC-1,11762,84,705,4067
CTTCGGTCAGTTGTTG-1,41,4214,397,1812
CTTCGGTGTATTCTCT-1,13353,98,707,4191
CTTCGGTGTCTTCAAG-1,122,383,23,396
CTTCGGTGTGATACCT-1,57,8614,594,2930
CTTCGGTGTTGTAGCT-1,40,6347,473,2359
CTTCGGTTCACCATGA-1,8,1054,73,616
CTTCGGTTCCTCAGGG-1,755,405,85,843
CTTCGGTTCTCACCCA-1,10072,79,513,3572
CTTCGGTTCTCGCTTG-1,660,234,38,695
CTTCGGTTCTGATTCT-1,147,1813,175,984
CTTCTAAAGATACATG-1,8868,78,615,3394
CTTCTAAAGCATGCAG-1,12674,83,557,3899
CTTCTAACAACAGCCC-1,769,9,13,582
CTTCTAACACAAATCC-1,635,877,70,980
CTTCTAACAGCATGCC-1,60,7269,459,2497
CTTCTAAGTACTCCGG-1,277,1510,105,1013
CTTCTAAGTCATTCCC-1,366,376,23,593
CTTCTAAGTCCTCATC-1,516,11,7,412
CTTCTAAGTGCATCTA-1,2197,17,282,1006
CTTCTAAGTTCTAAGC-1,30,4174,253,1532
CTTCTAATCACGACTA-1,11,786,25,531
CTTCTAATCAGCCCAG-1,207,582,24,604
CTTCTAATCCTTCGAC-1,564,12,21,421
CTTCTAATCCTTCTGG-1,218,511,29,585
CTTCTAATCTGACAGT-1,513,190,16,542
CTTCTCTAGAAGGCTC-1,44,7369,409,2726
CTTCTCTAGCAACAGC-1,17064,103,649,4687
CTTCTCTAGCATCCTA-1,8,3168,139,1415
CTTCTCTAGCGCCTTG-1,32,4694,334,1863
CTTCTCTAGCTAGATA-1,1106,308,42,924
CTTCTCTAGGTCTACT-1,48,6532,379,2365
CTTCTCTAGGTCTGGA-1,57,5504,443,2090
CTTCTCTAGTACTCGT-1,56,5674,327,2076
CTTCTCTAGTGAGTTA-1,162,340,18,418
CTTCTCTCAGCCCACA-1,87,6496,400,2591
CTTCTCTCAGTAACGG-1,17,2337,458,1229
CTTCTCTCAGTTCCAA-1,11457,114,327,3913
CTTCTCTCATAGGTAA-1,232,700,41,655
CTTCTCTCATCATCCC-1,1197,71,33,875
CTTCTCTCATCTCAAG-1,1345,392,35,1142
CTTCTCTCATTACTCT-1,64,6155,502,2096
CTTCTCTCATTGCTGA-1,513,75,14,483
CTTCTCTGTAAGCGGT-1,1101,27,68,743
CTTCTCTGTAATGATG-1,58,7350,341,2531
CTTCTCTGTCACTGAT-1,47,6294,320,2510
CTTCTCTGTCTACGAT-1,609,3219,143,1900
CTTCTCTGTTATGGTC-1,16997,109,888,4981
CTTCTCTTCACTCGAA-1,36,3601,251,1740
CTTCTCTTCACTGCTC-1,301,1499,39,1118
CTTCTCTTCATCGCAA-1,2324,346,62,1560
CTTCTCTTCCCTGGTT-1,560,763,15,915
CTTCTCTTCGACGACC-1,9430,44,456,3321
CTTCTCTTCGCATTAG-1,967,10,38,647
CTTCTCTTCGCTTGCT-1,2159,423,29,1566
CTTCTCTTCGGACCAC-1,451,227,24,541
CTTCTCTTCTACTATC-1,149,361,10,416
CTTCTCTTCTCTGACC-1,17,1504,58,818
CTTCTCTTCTGGTCAA-1,557,61,18,499
CTTGAGAAGAGAGCGG-1,26,4325,190,1759
CTTGAGAAGCAACAGC-1,351,252,33,487
CTTGAGAAGGTCGCCT-1,604,152,52,575
CTTGAGACACACTGGC-1,14695,79,940,4601
CTTGAGACAGCCTATA-1,120,475,17,449
CTTGAGACAGCGTGCT-1,956,111,89,763
CTTGAGAGTATTGCCA-1,474,92,12,457
CTTGAGATCCCACAGG-1,1319,17,119,757
CTTGAGATCTCAGAAC-1,6316,35,332,2562
CTTGATTAGAGCAACC-1,8355,75,610,3112
CTTGATTAGGAGTACC-1,9053,133,650,3421
CTTGATTAGTTAGTAG-1,30,4144,217,1737
CTTGATTCACGTCGGT-1,6247,34,370,2686
CTTGATTCAGCAGAAC-1,8,1707,122,817
CTTGATTCAGCTGTAT-1,19,2022,133,939
CTTGATTGTCAAAGCG-1,10016,59,334,3588
CTTGATTGTCTTACTT-1,9316,93,394,3677
CTTGATTGTGGAAATT-1,46,6205,333,2227
CTTGATTTCCATACTT-1,80,6524,445,2715
CTTGATTTCCGCGAGT-1,658,7,65,482
CTTGATTTCCGTGACG-1,37,6013,403,2170
CTTGATTTCTAGACAC-1,94,8997,555,3126
CTTGATTTCTGGCCTT-1,10686,62,586,3909
CTTGATTTCTTTGCAT-1,82,2970,279,1392
CTTTCAAAGAACGTGC-1,6810,51,459,2878
CTTTCAAAGCATCAAA-1,21,4521,216,1855
CTTTCAAAGCTTTCCC-1,3086,56,138,2099
CTTTCAAAGTGTTGTC-1,65,7960,503,2642
CTTTCAACAACTCCAA-1,2222,320,123,1526
CTTTCAACAGACATCT-1,1216,820,79,1300
CTTTCAACAGCTTCGG-1,42,4276,198,1784
CTTTCAAGTCATAACC-1,353,549,19,703
CTTTCAAGTCTCAGGC-1,1073,269,46,887
CTTTCAAGTCTTCTAT-1,1074,231,40,885
CTTTCAAGTTCCACGG-1,2581,640,303,1653
CTTTCAATCAGCGTCG-1,27,4373,277,1621
CTTTCAATCCAATCCC-1,10,610,11,417
CTTTCAATCCCGAATA-1,972,346,45,920
CTTTCAATCTAGGCAT-1,1345,496,49,1191
CTTTCAATCTATACGG-1,48,5198,339,2148
CTTTCGGAGTTGGCGA-1,40,1487,438,633
CTTTCGGCATGGAACG-1,49,5468,511,1927
CTTTCGGGTACCACGC-1,44,709,21,528
CTTTCGGGTCGTATTG-1,7223,53,377,2947
CTTTCGGGTGATGAAT-1,59,7301,394,2598
CTTTCGGGTTGTAGCT-1,43,6143,387,2078
CTTTCGGTCCAGGACC-1,11,825,41,512
CTTTCGGTCGATACTG-1,35,4279,296,1801
GAAACCTAGACGCAGT-1,21054,136,1612,5233
GAAACCTCAAAGCTAA-1,11035,78,555,3649
GAAACCTCAGGACTAG-1,13980,89,842,4481
GAAACCTGTAGACACG-1,601,13,37,449
GAAACCTGTAGACGTG-1,12,958,49,572
GAAACCTGTAGCGATG-1,23,2790,140,1299
GAAACCTGTAGCTTTG-1,11564,87,773,3951
GAAACCTGTCGCGTTG-1,39,7771,576,2425
GAAACCTGTCTCTCAC-1,41,5636,264,2241
GAAACCTGTTCCGTTC-1,1194,246,32,892
GAAACCTTCCAAGAGG-1,4632,33,453,1743
GAAACCTTCCAGCCTT-1,1107,327,29,972
GAAATGAAGACTCATC-1,502,348,27,675
GAAATGAAGCTGTGCC-1,84,9698,956,3133
GAAATGAAGGGAGTGG-1,9057,5366,1136,5053
GAAATGAAGGGTCAAC-1,7645,56,355,3132
GAAATGACAACGGCTC-1,66,9718,597,2952
GAAATGACACGGATCC-1,911,509,29,979
GAAATGACAGCCCAGT-1,17301,128,859,5016
GAAATGACATGCCGAC-1,3096,25,133,1513
GAAATGAGTCAATCTG-1,1208,264,68,999
GAAATGAGTGAATGTA-1,7568,74,375,3051
GAAATGAGTTAATGAG-1,35,7083,453,2426
GAAATGAGTTGACTGT-1,866,37,60,590
GAAATGATCAAGAGGC-1,68,7823,436,2535
GAAATGATCATGTCTT-1,7873,60,387,3215
GAAATGATCCTTCAGC-1,7532,42,648,2486
GAAATGATCGACCCAG-1,7762,407,463,3315
GAAATGATCGTTCATT-1,62,7472,521,2578
GAAATGATCTCCATAT-1,51,6785,436,2318
GAAATGATCTCGTCAC-1,50,5685,522,2037
GAAATGATCTTTCTAG-1,15416,63,707,4394
GAACACTCACGGCTAC-1,1411,14,71,893
GAACACTGTCGATTTG-1,20744,86,946,4836
GAACACTGTCGCGTTG-1,447,116,26,449
GAACACTGTGTCCTAA-1,14555,115,691,4413
GAACACTGTTCGGTAT-1,53,4372,120,1966
GAACACTTCTCAATCT-1,361,1445,88,1084
GAACACTTCTGAACGT-1,10303,69,520,3443
GAACGTTCAAGCCATT-1,17,1438,48,802
GAACGTTGTAGGTCAG-1,44,7759,668,2657
GAACGTTGTGCCTTTC-1,49,6392,417,2326
GAACGTTGTTGAGGAC-1,563,8861,509,3400
GAACGTTTCCACTTTA-1,59,9699,484,3149
GAACGTTTCCCATAAG-1,164,778,38,656
GAACGTTTCGAGTGAG-1,1412,184,28,1033
GAACTGTAGCTGTACT-1,344,231,11,472
GAACTGTAGTTACGTC-1,7528,67,473,3023
GAACTGTAGTTCATGC-1,5691,43,612,2324
GAACTGTCACTGTCGG-1,471,2371,303,1395
GAACTGTCAGGACAGT-1,36,5527,461,1941
GAACTGTCAGGGAATC-1,43,5257,459,1990
GAACTGTGTCTCCTGT-1,1048,168,68,835
GAACTGTGTGTGACCC-1,11818,79,737,3874
GAACTGTTCATGCTAG-1,10675,50,442,3513
GAACTGTTCGTTCTGC-1,58,10361,747,3250
GAACTGTTCTGGTTGA-1,44,6712,437,2296
GAAGAATAGAGTTGCG-1,45,5164,460,1889
GAAGAATAGTTTCAGC-1,12430,616,1444,4102
GAAGAATCAACTCCCT-1,66,9591,626,2863
GAAGAATCAGCTAACT-1,94,9273,554,3055
GAAGAATGTGTCTTAG-1,55,5631,363,2131
GAAGAATGTTAGAAGT-1,55,5259,349,1898
GAAGAATGTTGAAGTA-1,6348,36,491,2539
GAAGAATTCTTCACGC-1,599,60,56,527
GAAGCCCAGCTGTACT-1,1148,27,44,756
GAAGCCCAGGGCGAAG-1,40,6785,586,1917
GAAGCCCCAGTCGAGA-1,10439,56,581,3445
GAAGCCCCATTATGCG-1,8349,38,394,2998
GAAGCCCGTATTCCTT-1,123,2056,154,1073
GAAGCCCGTCTTTCAT-1,56,7657,519,2542
GAAGCCCGTGCTTCAA-1,10510,85,618,3643
GAAGCCCGTGGGTATG-1,14009,4009,1093,5996
GAAGCCCTCTGAGATC-1,25,1173,104,668
GAAGCGAAGAAGAACG-1,2154,12,1,1104
GAAGCGACAACCGACC-1,66,11897,645,3215
GAAGCGACATGTCGTA-1,14,1436,1,650
GAAGCGAGTACGGGAT-1,885,155,50,718
GAAGCGAGTGGCTTAT-1,72,2319,506,977
GAAGCGATCAAGGAGC-1,58,9224,518,2952
GAAGCGATCATTTGTC-1,3173,163,1,1443
GAAGCGATCCACGGGT-1,8079,57,404,3201
GAAGCGATCTGCATAG-1,41,7314,535,2347
GAAGGACAGCTGAGCA-1,52,7921,605,2451
GAAGGACAGGCACGAT-1,461,2359,153,1338
GAAGGACCAAGAGGCT-1,1909,155,303,1085
GAAGGACCACCCATAA-1,1589,41,104,941
GAAGGACTCAGCGGAA-1,48,8607,597,2627
GAAGGACTCGAAGCAG-1,21431,144,1280,5038
GAAGGACTCTCTGACC-1,263,387,38,528
GAAGGGTAGACCTCAT-1,90,9917,620,3073
GAAGGGTAGCTCACTA-1,11031,90,623,3561
GAAGGGTCAAGAGTAT-1,316,1596,203,989
GAAGGGTGTCAAAGTA-1,70,8472,611,2669
GAAGGGTTCACCATCC-1,853,777,111,1121
GAAGGGTTCTATCGTT-1,64,6808,533,2073
GAAGTAAAGAAGTCTA-1,40,5173,403,2111
GAAGTAAAGAGAATCT-1,41,6264,528,2144
GAAGTAAAGTACCGGA-1,10,1443,70,640
GAAGTAAAGTCAGAGC-1,8922,68,528,3442
GAAGTAACAAATCCCA-1,666,568,85,919
GAAGTAACAATTGAGA-1,2572,25,1,1089
GAAGTAACACGTCTCT-1,20,2038,137,942
GAAGTAACAGAACTAA-1,67,8051,723,2615
GAAGTAACAGTACTAC-1,52,7721,500,2617
GAAGTAACATCATGAC-1,13627,95,553,4050
GAAGTAACATGGGAAC-1,60,7095,502,2508
GAAGTAATCCTTATCA-1,6905,49,299,3002
GAATAGAAGCGCCCAT-1,16441,100,884,4486
GAATAGAAGCTACTAC-1,380,1159,72,938
GAATAGAAGGACGCAT-1,1368,163,125,977
GAATAGAAGTGGACTG-1,41,6558,458,2305
GAATAGACAAACCACT-1,16784,84,846,4617
GAATAGACACGGTGAA-1,17,4003,372,1638
GAATAGAGTACCACGC-1,821,259,45,776
GAATAGAGTCAACGCC-1,1220,14,80,714
GAATAGAGTCGAACGA-1,48,7489,316,2576
GAATAGAGTGCATCTA-1,5233,30,271,2293
GAATAGAGTGGCTACC-1,38,5153,351,1876
GAATAGATCGCTTTAT-1,12255,109,686,3900
GAATAGATCTAAACGC-1,11755,81,755,3976
GAATCACCAACCACAT-1,1424,342,45,1064
GAATCACCACGTACTA-1,1419,215,58,969
GAATCACCACTGTGTA-1,54,6937,507,2489
GAATCACCAGGAAGTC-1,1006,105,122,717
GAATCACCATAATCGC-1,1108,109,50,761
GAATCACGTCCTACAA-1,1579,13,86,903
GAATCACTCAAGCGTT-1,14123,123,1168,4377
GAATCACTCGCTGACG-1,47,8903,530,2797
GAATCACTCGCTTTAT-1,521,428,21,748
GAATCGTAGCGGACAT-1,29,7636,414,2199
GAATCGTAGGTGAGAA-1,41,4883,474,1955
GAATCGTCAAGGCCTC-1,63,6882,564,2451
GAATCGTCACCGTGGT-1,1439,368,38,1164
GAATCGTCACGGTGCT-1,11968,85,733,4069
GAATCGTTCACAAGAA-1,32,6174,341,2419
GAATCGTTCTAGTACG-1,9082,89,584,3409
GACACGCAGATCGACG-1,9144,54,483,3276
GACACGCAGTTTGTCG-1,49,9005,356,2763
GACACGCGTGAGTTGG-1,10519,51,570,3388
GACACGCGTGTATACC-1,10618,87,741,3168
GACACGCTCAAGCCCG-1,10789,91,664,3895
GACACGCTCACCCATC-1,16745,120,1029,4869
GACACGCTCCAATCCC-1,168,1898,74,1094
GACACGCTCCATTCAT-1,52,9873,505,3131
GACAGCCAGACATGCG-1,30,3648,344,1530
GACAGCCAGACTCATC-1,42,696,27,492
GACAGCCAGAGTCGAC-1,63,6781,662,2407
GACAGCCAGCTACTGT-1,11215,85,523,3651
GACAGCCAGTCCCGAC-1,379,1120,58,967
GACAGCCCACCAGTAT-1,27,1503,153,780
GACAGCCCACGACGAA-1,788,85,52,636
GACAGCCCACGGCTAC-1,77,13112,688,3783
GACAGCCGTATAGCTC-1,60,8446,592,2662
GACAGCCGTCATTGCA-1,893,20,52,613
GACAGCCTCAAGAGGC-1,35,5113,529,1912
GACAGCCTCCTTATAC-1,1214,15,52,694
GACAGCCTCGAGTGGA-1,573,9,1,438
GACAGCCTCGGACCAC-1,205,1794,65,1088
GACATCAAGACGCATG-1,2456,462,237,1451
GACATCAAGCTCCGAC-1,286,1404,67,1029
GACATCACAAATACGA-1,367,737,51,796
GACATCACAAGCCCAC-1,13,1891,82,444
GACATCACACAGCATT-1,1427,602,52,1271
GACATCAGTACCCAGC-1,71,10675,395,3487
GACATCAGTCCTCCAT-1,7490,60,411,3089
GACATCAGTCGAAACG-1,62,10097,525,3067
GACATCAGTTCCGCTT-1,415,116,10,460
GACATCATCAGTGATC-1,9206,74,424,3392
GACCAATCAATTGCGT-1,2883,14,1,1238
GACCAATCAATTTCCT-1,56,8204,375,2939
GACCAATCACACGTGC-1,220,301,23,408
GACCAATCAGCCTTCT-1,497,121,24,487
GACCAATGTTACGATC-1,2352,17,498,1366
GACCAATTCCACGTAA-1,46,6056,289,2554
GACCAATTCCCGAAAT-1,80,8968,772,3065
GACCAATTCCGGCAGT-1,11,1291,49,726
GACCAATTCCTGCCAT-1,9,2143,266,514
GACCAATTCGCCACTT-1,2763,628,156,1764
GACCAATTCGCCGAAC-1,450,1215,77,1040
GACCAATTCGCTATTT-1,66,8396,669,2826
GACCCAGCAACACAAA-1,37,1909,29,864
GACCCAGCACGCGCAT-1,509,587,247,693
GACCCAGCACTAAACC-1,11044,85,584,4030
GACCCAGCACTCCTTG-1,954,18,36,677
GACCCAGCAGCTGCCA-1,3260,77,140,1723
GACCCAGCATAGTCGT-1,14606,92,777,4620
GACCCAGCATTAAGCC-1,164,14465,627,3822
GACCCAGGTGAGTAGC-1,7,683,43,477
GACCCAGGTTACGTAC-1,593,705,53,912
GACCCAGGTTAGGCTT-1,10477,64,474,3422
GACCCAGTCAGTCACA-1,52,7438,432,2489
GACCCAGTCCTTTAGT-1,241,1667,116,1058
GACCCAGTCGCCAACG-1,13484,69,706,3927
GACCCAGTCTACACTT-1,2049,1627,166,2085
GACCCAGTCTACCACC-1,21,897,22,559
GACCCTTAGCCACAAG-1,15,897,22,547
GACCCTTAGGAGAATG-1,1870,22,576,1033
GACCCTTAGTGAATAC-1,46,6741,473,2187
GACCCTTAGTGCGACA-1,4705,55,596,2300
GACCCTTAGTTGTCAC-1,41,5328,373,2149
GACCCTTCAAATTAGG-1,16352,102,654,4575
GACCCTTCAACCAATC-1,1250,15,48,834
GACCCTTCAATCCTAG-1,6744,106,520,2396
GACCCTTCAGGCCCTA-1,20,1668,51,823
GACCCTTCAGGGTCTC-1,64,8419,601,2757
GACCCTTGTCAATGGG-1,36,5551,456,2040
GACCCTTGTCCTATAG-1,61,7412,457,2784
GACCCTTGTCTCAGAT-1,864,7,44,575
GACCCTTGTTAGGACG-1,49,6350,515,1989
GACCCTTGTTCCAAAC-1,106,10833,743,3459
GACCCTTGTTCCGCAG-1,188,2249,297,1020
GACCCTTGTTTACTGG-1,243,1977,176,1077
GACCCTTTCCATAGAC-1,19158,185,857,5566
GACCGTGAGAACTTCC-1,10281,68,454,3667
GACCGTGAGAAGGTAG-1,71,7823,720,2658
GACCGTGAGACTCTTG-1,11315,106,721,3973
GACCGTGAGCAACAGC-1,43,6954,453,2334
GACCGTGAGCCTGTGC-1,456,112,43,464
GACCGTGCAAGCTCTA-1,916,112,84,696
GACCGTGCAAGGATGC-1,77,12033,944,3581
GACCGTGCACCTCAGG-1,24,4955,329,1974
GACCGTGCACGAAAGC-1,772,93,38,635
GACCGTGCACTAACCA-1,60,9949,467,3053
GACCGTGCACTCCCTA-1,14,708,39,441
GACCGTGGTATAGCTC-1,9729,56,510,3333
GACCGTGGTCCCAAAT-1,628,16,40,456
GACCGTGTCCGGACTG-1,4534,41,1155,2092
GACCTTCAGACATACA-1,482,124,5,461
GACCTTCAGATTAGAC-1,1778,1656,206,1867
GACCTTCAGCGCCTCA-1,1969,18,111,978
GACCTTCAGTCACACT-1,65,8877,714,3059
GACCTTCAGTCGTTAC-1,1010,46,68,705
GACCTTCAGTGGAAGA-1,31,5051,411,1984
GACCTTCCAAGCGAGT-1,19957,136,1383,5299
GACCTTCCAATTCACG-1,50,5953,281,2348
GACCTTCCACGCCAGT-1,73,14123,761,4133
GACCTTCCATAGCACT-1,16124,74,839,4547
GACCTTCGTAACGTTC-1,747,74,36,600
GACCTTCGTAAGCGGT-1,921,8,28,649
GACCTTCGTACCTAGT-1,489,290,36,622
GACCTTCGTCGTAATC-1,35,6729,427,2392
GACCTTCGTGGTCAAG-1,44,4527,365,1869
GACCTTCGTTGGAGGT-1,1073,184,27,868
GACCTTCTCAACGTGT-1,673,469,62,810
GACCTTCTCAATCAGC-1,1684,93,67,1028
GACCTTCTCACCCATC-1,62,6235,342,2425
GACCTTCTCACCCTGT-1,12302,46,640,4057
GACCTTCTCAGGAGAC-1,1421,550,142,1226
GACCTTCTCCAGTACA-1,90,10831,494,3459
GACCTTCTCCCACAGG-1,680,787,50,1029
GACCTTCTCCGGTTCT-1,3352,193,137,1729
GACCTTCTCGACATCA-1,55,6685,429,2545
GACGCTGAGAACTCCT-1,1584,382,71,1192
GACGCTGAGAATAACC-1,608,18,25,459
GACGCTGAGGGAGTGG-1,10833,53,697,3495
GACGCTGCACAGTCAT-1,77,10240,775,2947
GACGCTGCAGCGAACA-1,17546,109,729,4845
GACGCTGGTACGTACT-1,13647,91,577,4583
GACGCTGGTCATCAGT-1,49,8010,433,2655
GACGCTGGTGCTCTCT-1,5170,21,5,1640
GACGCTGTCCATTGCC-1,678,1798,112,1376
GACGCTGTCGTGTGGC-1,25,4594,159,2014
GACGCTGTCTGCCCTA-1,7578,61,993,3081
GACGTTAAGGCACTAG-1,190,1189,76,857
GACGTTACAAATCCCA-1,47,5359,262,2290
GACGTTACACGCGTGT-1,12,773,58,493
GACGTTAGTGATCGTT-1,58,8255,701,2588
GACGTTATCAGGGTAG-1,40,5083,418,1778
GACGTTATCATTACCT-1,85,5204,370,2035
GACGTTATCGGTGTTA-1,121,8776,679,2895
GACGTTATCTACACAG-1,13,1945,190,480
GACGTTATCTAGGCCG-1,2358,362,162,1574
GACGTTATCTTCTGGC-1,989,404,43,931
GACTATGAGATGAAGG-1,37,4667,406,1801
GACTATGAGTGTCATC-1,4918,50,313,2035
GACTATGCACCCTAGG-1,13,1137,65,733
GACTATGCACGATTCA-1,41,6822,388,2715
GACTATGCACTATCGA-1,10,2259,89,603
GACTATGCACTTTAGG-1,89,8876,484,3114
GACTATGCAGCAGTGA-1,32,4982,469,1731
GACTATGGTACAGTCT-1,353,2283,130,1320
GACTATGGTATACAGA-1,1755,2390,283,2099
GACTATGGTATCACGT-1,19,1353,71,734
GACTATGGTATGACAA-1,14685,133,920,4426
GACTATGGTGAGGATC-1,8869,87,595,3370
GACTATGGTTCCTAGA-1,10625,86,582,3679
GACTATGGTTTCGACA-1,7780,68,438,3047
GACTATGTCTGAATCG-1,38,5257,629,2039
GACTATGTCTTCCCGA-1,44,5702,414,2206
GACTCAAAGACAGTCG-1,31,5208,347,1874
GACTCAAAGCACTCAT-1,112,2031,133,1061
GACTCAAAGGCACCAA-1,14799,103,778,4533
GACTCAACACAGTATC-1,727,15,58,537
GACTCAACACCCTAGG-1,795,701,64,1022
GACTCAACACCGGCTA-1,1125,423,48,1022
GACTCAACAGAGTAAT-1,7182,44,795,2579
GACTCAACAGCCATTA-1,4650,1254,225,2572
GACTCAACAGTTCACA-1,42,6942,448,2488
GACTCAAGTCACCGCA-1,2378,395,137,1526
GACTCAAGTGCCTGCA-1,2126,124,147,1204
GACTCAAGTGTGTACT-1,59,9726,606,3139
GACTCAATCGAACCAT-1,108,12911,786,3598
GACTCAATCGCGATCG-1,16,3313,284,1336
GACTCTCAGCGGATCA-1,16,3518,8,1343
GACTCTCAGTTCTCTT-1,8,915,36,591
GACTCTCCAGAACTCT-1,16037,102,1168,4586
GACTCTCCAGATCACT-1,69,8135,470,2909
GACTCTCCAGTCTACA-1,1411,574,48,1270
GACTCTCCATCGAACT-1,9723,64,636,3593
GACTCTCGTCCCGCAA-1,15,5282,367,1066
GACTCTCGTGTTGATC-1,30,6535,373,2297
GACTCTCGTTATTCTC-1,107,14453,652,3823
GACTCTCGTTCCTAGA-1,565,6,24,415
GACTCTCGTTCGCGTG-1,12,847,45,537
GACTCTCTCATCGCAA-1,211,574,27,586
GACTCTCTCCGCTAGG-1,74,11579,585,3676
GACTCTCTCCTGCTAC-1,2002,474,96,1476
GACTCTCTCGCCATAA-1,543,593,38,864
GACTCTCTCGTAGGGA-1,978,16,62,612
GACTCTCTCTACTGCC-1,295,643,38,655
GACTCTCTCTCCTGTG-1,479,497,22,739
GACTCTCTCTGCGGAC-1,7698,38,435,3066
GACTCTCTCTGCTGAA-1,942,18,44,628
GACTGATAGACCAGAC-1,674,19,23,493
GACTGATAGGATACAT-1,7954,44,365,3101
GACTGATAGTCAATCC-1,47,5300,435,2097
GACTGATCAAGGCCTC-1,52,11637,393,3101
GACTGATCATCTGTTT-1,139,696,41,599
GACTGATGTTTGATCG-1,23,3609,430,1532
GACTGATTCACCCTCA-1,107,16840,991,4302
GACTGATTCCCGGTAG-1,14212,87,712,3997
GACTGATTCGTGGGTC-1,8252,60,642,3613
GACTGATTCGTTCGCT-1,813,88,25,696
GACTGATTCTTCTGGC-1,15172,108,551,4304
GACTTCCAGAACTGAT-1,8188,62,670,3132
GACTTCCAGCTGACCC-1,30,5502,356,2157
GACTTCCAGGTTGCCC-1,64,7943,534,2957
GACTTCCAGTAACCTC-1,39,1026,83,602
GACTTCCAGTGCAGCA-1,15042,83,822,4029
GACTTCCCACTAACGT-1,1221,150,37,947
GACTTCCCAGCTCTGG-1,1455,310,74,1149
GACTTCCCATCCTGTC-1,15,830,31,551
GACTTCCGTCACAATC-1,2455,18,114,1283
GACTTCCGTGCTCCGA-1,441,475,36,679
GACTTCCGTGTGGTCC-1,569,71,23,494
GACTTCCGTTGCACGC-1,15777,71,783,4330
GACTTCCGTTTCAGAC-1,64,6333,435,2488
GACTTCCTCCACCCTA-1,151,513,13,522
GACTTCCTCCTTCGAC-1,2686,31,161,1403
GACTTCCTCGCTCCTA-1,609,652,20,889
GACTTCCTCGGCCCAA-1,18764,104,1140,5550
GACTTCCTCGTACACA-1,96,11379,778,3566
GACTTCCTCGTTCATT-1,421,272,6,525
GACTTCCTCTCGTTTA-1,10,818,23,557
GAGAAATAGGCGTCCT-1,500,274,51,582
GAGAAATAGGTGGGTT-1,97,10256,658,3291
GAGAAATAGTAGACAT-1,65,6950,534,2219
GAGAAATCAAGCCATT-1,55,976,53,669
GAGAAATCACACCAGC-1,1053,17,21,683
GAGAAATCAGTAACAA-1,58,7417,330,2498
GAGAAATCATGGGTTT-1,59,8419,556,2793
GAGAAATGTCCTGTTC-1,8897,66,388,3228
GAGACCCAGAAGCTGC-1,12999,82,707,3967
GAGACCCAGACGCATG-1,76,14541,911,3844
GAGACCCAGGTTAGTA-1,8442,67,532,3165
GAGACCCAGTCAGCGA-1,18541,114,966,4842
GAGACCCAGTTGTAAG-1,34,5243,424,1825
GAGACCCGTAACAGTA-1,1435,15,75,825
GAGACCCGTACCCAGC-1,26764,162,1689,6414
GAGACCCGTAGCGCTC-1,11919,65,935,3508
GAGACCCGTGGTATGG-1,11768,58,948,3486
GAGACCCTCAGATGCT-1,49,5844,309,2206
GAGACCCTCATTACGG-1,38,6382,542,2380
GAGACCCTCCAGTGTA-1,42,8589,603,3026
GAGACCCTCCATTCAT-1,815,295,40,777
GAGACCCTCCGTGACG-1,397,314,36,573
GAGACCCTCCTGTAAG-1,11616,83,685,3733
GAGACTTAGCAGGCAT-1,668,91,31,549
GAGACTTAGTGGGAAA-1,4731,54,1029,2320
GAGACTTCAAACACGG-1,15,1680,175,721
GAGACTTCAAGCGGAT-1,62,9559,643,2991
GAGACTTCACTTCTCG-1,1170,538,56,1135
GAGACTTGTAGACTGG-1,68,6370,465,2325
GAGACTTGTCGCGGTT-1,20,2567,166,1190
GAGACTTGTCTATGAC-1,11706,91,750,3880
GAGACTTGTGCATGAG-1,53,12291,998,3060
GAGACTTGTTGTCTAG-1,22,1965,193,938
GAGACTTGTTTCGATG-1,37,5052,352,1917
GAGACTTTCACGAACT-1,15396,124,1004,4737
GAGACTTTCCTCTCTT-1,116,851,19,632
GAGAGGTCAATCGAAA-1,183,369,20,440
GAGAGGTCACTTCCTG-1,8129,67,542,3028
GAGAGGTCAGCGGATA-1,36,4554,392,1864
GAGAGGTCATGGAAGC-1,50,7527,524,2524
GAGAGGTGTCCTACAA-1,2755,691,387,1711
GAGAGGTGTTCAAAGA-1,46,5749,496,2121
GAGAGGTGTTGCTGAT-1,36,8601,376,2706
GAGAGGTTCTATCCAT-1,2850,10,1,1399
GAGATGGAGAGGGTAA-1,36,5285,370,2071
GAGATGGCAGGGTCTC-1,539,18,23,449
GAGATGGGTTAGAGTA-1,58,8660,575,2594
GAGATGGTCAGAGTGG-1,32,5965,394,1919
GAGATGGTCTCATTGT-1,34,6344,250,2518
GAGCCTGAGCTCCACG-1,60,9886,654,3396
GAGCCTGAGCTTACGT-1,16104,135,1018,5032
GAGCCTGAGTCTAGCT-1,6428,50,329,2875
GAGCCTGCAACATACC-1,63,9200,743,3111
GAGCCTGCAAGACAAT-1,586,120,21,545
GAGCCTGCATCTAACG-1,35,7094,384,2529
GAGCCTGCATTCAGGT-1,7433,48,479,3048
GAGCCTGTCACATCAG-1,638,98,25,545
GAGCTGCAGACCAGCA-1,76,12679,646,3623
GAGCTGCCACTCCCTA-1,61,13757,679,3556
GAGCTGCCAGAGAAAG-1,301,2016,248,1208
GAGCTGCCAGTAGATA-1,56,4276,346,1722
GAGCTGCCATCTTAGG-1,529,113,15,520
GAGCTGCGTATTGAGA-1,11368,52,509,3841
GAGCTGCTCCCAAGTA-1,351,195,10,471
GAGCTGCTCCGATAGT-1,76,11674,1035,3519
GAGGCAAAGCAAATGT-1,2872,693,227,1843
GAGGCAAAGGGCAGAG-1,16332,150,1064,5136
GAGGCAAAGGTATAGT-1,50,7816,618,2448
GAGGCAAAGGTCACCC-1,713,2210,243,1441
GAGGCAACAAGTAGTA-1,2105,89,3,913
GAGGCAACATGGAACG-1,9,1718,38,413
GAGGCAACATGGGCAA-1,45,8329,531,2647
GAGGCAACATGTGGTT-1,667,2280,160,1604
GAGGCAAGTGTCCTAA-1,2499,51,392,1362
GAGGCAAGTTCGATTG-1,13402,89,880,4331
GAGGCAATCAACCTTT-1,43,4659,419,1796
GAGGCAATCCTGTTGC-1,11,561,23,403
GAGGCAATCTTGGATG-1,64,12842,840,3428
GAGGCCTAGCAAATGT-1,3225,12,0,1236
GAGGCCTAGGACTATA-1,55,7574,612,2723
GAGGCCTCAACTGCTA-1,693,685,41,980
GAGGCCTCACTTGACA-1,1423,379,68,1172
GAGGCCTCAGCCGGTT-1,20630,82,1112,4922
GAGGCCTCATTGACAC-1,285,219,7,424
GAGGCCTGTATCTTCT-1,277,1779,85,1120
GAGGCCTTCTATTGTC-1,7,781,352,367
GAGGCCTTCTCTGAGA-1,395,360,40,598
GAGGGATAGAGGACTC-1,75,11236,624,3458
GAGGGATAGTCCTGCG-1,2693,98,102,1545
GAGGGATCAAGGAGTC-1,40,6092,382,2276
GAGGGATCATCCCGTT-1,49,7588,523,2482
GAGGGATCATGACCCG-1,27,7192,348,2277
GAGGGATGTACTGGGA-1,2248,612,429,1407
GAGGGATTCCAGCAAT-1,9751,72,681,3309
GAGGGATTCGAGAGAC-1,55,7164,624,2616
GAGGGTAAGGTTCACT-1,18068,135,1364,5117
GAGGGTACACTGTGTA-1,12425,78,698,3721
GAGGGTACAGCTCTGG-1,1994,129,130,1267
GAGGGTACATGACGAG-1,25,3482,936,1641
GAGGGTAGTTAACCTG-1,2211,1543,703,1595
GAGGGTAGTTAGGCTT-1,34,7802,377,2453
GAGGGTATCAAGCTGT-1,7012,50,410,2844
GAGGGTATCGCTATTT-1,20,1438,140,755
GAGTCATAGAACAGGA-1,57,7271,596,2322
GAGTCATAGAGATCGC-1,4173,27,218,1861
GAGTCATAGCATCAAA-1,8,1395,329,807
GAGTCATCAAGGCTTT-1,15812,93,694,4364
GAGTCATCACTGCATA-1,20289,168,1617,5275
GAGTCATCATTCCTAT-1,48,4964,298,2108
GAGTCATGTAGTCTTG-1,4294,16,254,1859
GAGTCATGTGATACTC-1,44,6077,435,2108
GAGTCATTCCATCTCG-1,779,15,31,551
GAGTCATTCTAGGCCG-1,1292,35,105,791
GAGTCATTCTTACCGC-1,36,1553,80,895
GAGTCTAAGATGACAT-1,10586,275,857,3978
GAGTCTAAGATGTAGT-1,74,5836,433,2312
GAGTCTAAGGGCTTCC-1,16978,94,1055,4520
GAGTCTAAGTATGACA-1,88,9141,606,2969
GAGTCTACAACAGCCC-1,811,12,57,539
GAGTCTACATCAACCA-1,1071,187,31,896
GAGTCTAGTGTAAATG-1,100,19587,967,4351
GAGTCTATCCCGATCT-1,1409,55,86,885
GAGTCTATCCGACGGT-1,536,1002,46,987
GAGTCTATCCTCACCA-1,60,5707,267,2175
GAGTCTATCCTGGTCT-1,111,492,26,451
GAGTGAGAGCACCCAC-1,48,6210,484,2101
GAGTGAGAGGAATGTT-1,1294,16,2,788
GAGTGAGCACAACATC-1,85,10086,500,2970
GAGTGAGCACCCTGTT-1,1075,13,28,752
GAGTGAGCACCGTCGA-1,6785,53,310,2803
GAGTGAGCATCCTTGC-1,25,1627,33,910
GAGTGAGGTAACGTTC-1,39,7656,534,2612
GAGTGAGGTTCAATCG-1,5728,52,517,2255
GAGTGAGTCTTCTAAC-1,7941,65,765,3029
GAGTGTTAGACGGATC-1,43,5822,285,2248
GAGTGTTAGCCTCAAT-1,58,9908,591,2867
GAGTGTTAGGCCGCTT-1,7714,64,34,3126
GAGTGTTAGGTTCCAT-1,67,6973,322,2308
GAGTGTTAGTCTAGAA-1,49,6455,479,2284
GAGTGTTAGTGCTACT-1,2727,30,699,1367
GAGTGTTGTAACTAAG-1,49,5023,323,1880
GAGTGTTTCATGTCAG-1,9102,75,689,3066
GAGTGTTTCCGAAGGA-1,1952,840,276,1477
GAGTGTTTCCTTCTGG-1,35,6931,468,2519
GAGTGTTTCGGCTTGG-1,26,6056,415,2308
GAGTTACAGGTAAGAG-1,109,10474,678,3346
GAGTTACAGTTGTCAC-1,86,1225,52,743
GAGTTACCAAAGGCAC-1,11001,76,562,3806
GAGTTACCACAGTACT-1,1757,27,88,1035
GAGTTACCAGATACTC-1,12,1162,80,668
GAGTTACGTGGGCTCT-1,50,6492,349,2283
GAGTTACGTTGAGAGC-1,7253,67,429,2821
GAGTTACTCTCTATGT-1,57,6819,422,2336
GAGTTGTAGTAAGACT-1,75,9171,696,3052
GAGTTGTAGTAGGAAG-1,8118,51,400,2872
GAGTTGTCAATTGCGT-1,231,1304,60,909
GAGTTGTCATGACTAC-1,22,3398,438,1625
GAGTTGTGTATGTGTC-1,65,8754,644,2873
GAGTTGTTCAGGCGAA-1,57,11733,684,3365
GAGTTGTTCATCGCTC-1,6845,53,488,2791
GAGTTGTTCATGGCCG-1,80,6932,637,2203
GAGTTGTTCCCAGGCA-1,11431,75,686,3838
GAGTTGTTCCGGACTG-1,1869,15,0,903
GAGTTTGAGATGTTCC-1,8401,42,501,3126
GAGTTTGAGTAAGACT-1,21,2679,321,727
GAGTTTGCAAGGAGTC-1,62,7502,597,2328
GAGTTTGCATAGATGA-1,52,7501,624,2209
GAGTTTGGTTGTGCCG-1,40,7521,418,2614
GAGTTTGTCCTAGAGT-1,2517,327,226,1499
GATAGAACAAAGCACG-1,27,1892,182,846
GATAGAACACATGTTG-1,4514,85,108,2388
GATAGAACATACTTTC-1,1616,511,100,1294
GATAGAACATGTTACG-1,238,1128,69,852
GATAGAAGTAACTAAG-1,42,5313,290,2282
GATAGAAGTACGTACT-1,87,11365,600,3268
GATAGAAGTCGCTTAA-1,35,5810,295,2022
GATAGAAGTGGCACTC-1,2292,1497,407,1888
GATAGAAGTTATTCTC-1,29,4659,214,1831
GATAGCTAGAACGTGC-1,2045,53,204,1171
GATAGCTAGACCATTC-1,207,1419,68,1008
GATAGCTAGTCCTGCG-1,38,9207,561,2710
GATAGCTCACTATCGA-1,1317,12,67,808
GATAGCTCAGACGCTC-1,68,7751,485,2655
GATAGCTCAGAGAATT-1,4110,21,2,1440
GATAGCTGTACTGCCG-1,82,11451,756,3356
GATAGCTGTCATGCAT-1,1049,18,132,635
GATAGCTGTCGACTGC-1,55,6759,490,2548
GATAGCTGTGCATACT-1,2142,18,110,1077
GATAGCTGTTCGAACT-1,174,434,8,473
GATAGCTTCCATTGTT-1,2219,549,66,1617
GATCACAAGGCTATCT-1,373,194,24,470
GATCACAAGTAATCCC-1,8128,61,410,3013
GATCACAAGTTGCTCA-1,23,901,42,578
GATCACACAACAGCCC-1,12354,85,583,4050
GATCACACACAAGCCC-1,69,9571,422,3228
GATCACAGTACGTACT-1,62,10892,457,3109
GATCACAGTGAATGAT-1,69,933,91,618
GATCACATCACCATCC-1,16067,117,831,4923
GATCAGTAGGTTGACG-1,3229,18,3,1390
GATCAGTCACTACCCT-1,269,1372,26,997
GATCAGTCATATAGCC-1,43,6372,390,2368
GATCAGTGTGATACTC-1,53,6858,324,2335
GATCAGTGTTACACTG-1,40,8189,291,2458
GATCAGTTCAAGGCTT-1,1194,75,53,804
GATCAGTTCAAGGTGG-1,10619,73,521,3407
GATCAGTTCAAGTGGG-1,496,58,26,432
GATCAGTTCCCAACTC-1,615,135,6,561
GATCAGTTCGCAGTTA-1,410,124,16,423
GATCAGTTCGTGACTA-1,9209,71,678,3400
GATCAGTTCTAGCCTC-1,21,532,25,374
GATCATGAGAGAACCC-1,2256,178,119,1286
GATCATGAGCAACCAG-1,1055,99,47,773
GATCATGCAAATAAGC-1,471,444,35,704
GATCATGCAAGTTCGT-1,26,5000,391,1890
GATCATGCAGAATCGG-1,43,6695,440,2409
GATCATGCATGAAGGC-1,12152,82,677,4204
GATCATGGTACGGGAT-1,14849,106,1137,4226
GATCATGGTGACCGAA-1,6,2669,273,517
GATCATGGTGCGGCTT-1,53,7540,538,2619
GATCATGGTGCTGTCG-1,5746,5358,662,4520
GATCATGGTGTCCGGT-1,995,1434,157,1358
GATCATGTCACTGATG-1,1000,127,68,744
GATCATGTCTGGCCTT-1,830,454,67,886
GATCCCTAGACCAACG-1,660,108,18,555
GATCCCTAGCATTTCG-1,4275,2067,238,2920
GATCCCTAGCTTCATG-1,1490,17,90,906
GATCCCTAGGAGTATT-1,856,148,64,751
GATCCCTCAATTCTCT-1,1319,35,35,799
GATCCCTCACGTCTCT-1,19,2214,392,1184
GATCCCTCACTTTATC-1,32,6555,336,2561
GATCCCTCAGAACGCA-1,390,1608,232,993
GATCCCTCAGACCATT-1,556,552,58,802
GATCCCTCATTCGGGC-1,63,9692,666,3262
GATCCCTGTAACAAGT-1,20,1516,75,783
GATCCCTGTACCGTGC-1,110,1664,33,907
GATCCCTGTAGATTAG-1,43,4669,334,2024
GATCCCTGTCCAATCA-1,1207,132,53,908
GATCCCTGTTACCTGA-1,12334,133,830,4123
GATCCCTTCAACGCTA-1,603,2386,89,1559
GATCCCTTCAGACCCG-1,7310,54,397,3000
GATCCCTTCATTATCC-1,50,8954,541,2915
GATCCCTTCGCCACTT-1,796,7,15,555
GATCGTAAGCCTAACT-1,24662,197,1135,5929
GATCGTAAGGTATCTC-1,8344,72,501,2979
GATCGTACAAGCGCAA-1,36,5972,446,1972
GATCGTACACTGAGTT-1,59,8911,444,3047
GATCGTACAGCCTATA-1,559,8,32,441
GATCGTAGTCTCGACG-1,83,14386,1150,3880
GATCGTATCAGACCGC-1,7229,6048,803,4969
GATCGTATCCCTTGTG-1,34,4420,312,1736
GATCGTATCGGTATGT-1,29,5600,611,1797
GATCGTATCTTTCCGG-1,11819,87,620,3994
GATGACTAGAAACTAC-1,16,892,43,570
GATGACTAGAGCCGTA-1,1583,308,132,1154
GATGACTAGGCTGTAG-1,9162,104,318,3685
GATGACTCAAGTACCT-1,9497,91,703,3156
GATGACTCACTATGTG-1,9696,80,602,3476
GATGACTCATACTGTG-1,11779,98,540,4337
GATGACTCATTGCCTC-1,18,621,27,427
GATGACTGTACTGCGC-1,12565,85,894,4260
GATGACTGTCCAGCAC-1,63,12270,669,3660
GATGACTGTGTGTCCG-1,4040,24,903,2001
GATGACTGTTGCCATA-1,11471,93,802,4185
GATGACTTCAATCCGA-1,3592,72,342,1724
GATGACTTCGTCGATA-1,54,8734,444,2551
GATGAGGAGAAGTGTT-1,14,2622,351,1020
GATGAGGAGCTACAAA-1,6188,19691,2121,6725
GATGAGGAGCTTAAGA-1,12757,136,905,4578
GATGAGGAGTCACGCC-1,9590,167,704,3565
GATGAGGCAATTTCCT-1,83,12024,681,3574
GATGAGGCACCCTGAG-1,878,3456,192,1930
GATGAGGGTCACCGCA-1,8391,39,473,2974
GATGAGGGTCAGGAGT-1,13138,97,991,3999
GATGAGGGTCCGGCAT-1,31,5650,485,2054
GATGAGGGTTACACAC-1,17015,68,836,4590
GATGAGGTCAACCGAT-1,9539,43,602,3275
GATGAGGTCAGTCATG-1,3889,37,10,1796
GATGAGGTCCCGAGTG-1,42,6231,481,2154
GATGAGGTCGGACGTC-1,1632,13,0,788
GATGAGGTCTGTTCAT-1,11296,91,690,3794
GATGATCAGCCTCTGG-1,791,67,51,593
GATGATCAGCGACAGT-1,1573,234,116,1087
GATGATCAGTATTCCG-1,38,4878,273,1944
GATGATCCAACGACAG-1,2182,17,234,1070
GATGATCCAATGCTCA-1,337,368,18,560
GATGATCCACGTATAC-1,70,9876,676,3155
GATGATCCATGCGGTC-1,5483,31,693,2476
GATGATCCATGCGTGC-1,3050,1282,360,2255
GATGATCGTAACCCGC-1,1368,9,49,785
GATGATCGTAATTAGG-1,31,6131,284,2169
GATGATCTCACTGGTA-1,2003,294,77,1329
GATGATCTCCCTGTTG-1,909,85,97,676
GATGCTAAGCCTGTGC-1,1589,610,185,1335
GATGCTACAATGAAAC-1,497,31,8,401
GATGCTACACTACTTT-1,678,12,41,482
GATGCTACAGATTTCG-1,36,5451,200,2053
GATGCTACAGTCTACA-1,1014,1398,149,1428
GATGCTACATAGAAAC-1,1175,28,24,812
GATGCTAGTAGTGGCA-1,75,9492,565,3048
GATGCTAGTGATAGAT-1,10730,73,1071,3449
GATGCTATCATTATCC-1,30,4192,384,1800
GATGGAGAGGTAAGTT-1,61,7399,678,2513
GATGGAGAGTTTGAGA-1,8476,85,544,3139
GATGGAGCACAATGAA-1,8548,779,538,3472
GATGGAGCACAGCCAC-1,1172,13,78,715
GATGGAGCACCCAAGC-1,1543,14,93,886
GATGGAGGTTTCAGAC-1,24033,184,1811,6231
GATGGAGTCTGCTGAA-1,45,6139,496,2154
GATGTTGAGCCGATCC-1,11,1284,100,704
GATGTTGAGCCTCCAG-1,11175,80,660,4003
GATGTTGAGCCTGCCA-1,744,8,0,512
GATGTTGAGCTAAATG-1,73,7222,496,2519
GATGTTGAGTTGGCGA-1,8196,51,545,3178
GATGTTGCAACACTAC-1,248,2327,181,1250
GATGTTGCAAGTTCGT-1,1047,18,123,692
GATGTTGCAATTGCCA-1,16,3338,246,1259
GATGTTGCACGACCTG-1,2609,14,1,1073
GATGTTGCACGCAGTC-1,50,6782,699,2191
GATGTTGCACTATCGA-1,57,9592,347,2837
GATGTTGCAGGATTCT-1,398,533,46,694
GATGTTGGTCGTTATG-1,1613,30,158,855
GATGTTGGTGCCCGTA-1,8089,62,506,2654
GATGTTGTCCGAAATC-1,15,1629,86,877
GATGTTGTCGAGCCAC-1,741,27,56,530
GATTCGAAGAATTCAG-1,4217,55,517,2091
GATTCGACAATGCTCA-1,1428,18,51,834
GATTCGACACTGCGAC-1,442,1815,70,1207
GATTCGAGTCGTATGT-1,11632,102,769,3890
GATTCGAGTGAATATG-1,987,6193,376,2926
GATTCGATCAACCTCC-1,15,1067,100,600
GATTCGATCACTCACC-1,44,5634,365,2230
GATTCGATCTACTCAT-1,1033,14,23,683
GATTCGATCTTAGTTC-1,1032,16,37,669
GATTCTTAGTGCGCTC-1,1362,11,82,814
GATTCTTCAATTGCCA-1,7849,49,293,3005
GATTCTTGTGCCGTTG-1,165,1384,66,884
GATTCTTGTGGTCCCA-1,28,5702,357,1992
GATTCTTGTGTGATGG-1,7327,47,415,2810
GATTCTTTCGTAACTG-1,10,632,32,457
GATTGGTAGACCTCAT-1,45,6870,274,2371
GATTGGTAGCGCAATG-1,27,5499,431,1931
GATTGGTAGTGATTCC-1,6298,44,285,2505
GATTGGTCAGGACTTT-1,1593,45,68,998
GATTGGTCAGGCCTGT-1,18702,105,745,4754
GATTGGTCAGGTTTAC-1,198,308,25,420
GATTGGTCATTGGATC-1,40,5720,427,1944
GATTGGTGTAAGAACT-1,870,17,67,589
GATTGGTGTAATTAGG-1,11019,73,625,3418
GATTGGTGTCATCCCT-1,6395,84,1186,2891
GATTGGTGTGCAACAG-1,44,7775,405,2571
GATTGGTTCTAGCCTC-1,233,806,34,705
GATTGGTTCTTCGTGC-1,1002,28,29,694
GATTTCTAGCCATTTG-1,1388,2434,248,1947
GATTTCTAGTCGGCAA-1,1141,119,254,792
GATTTCTCAGCTACAT-1,656,18,28,487
GATTTCTCATCACGGC-1,37,6702,549,2446
GATTTCTGTACTCCCT-1,20248,119,913,5281
GATTTCTGTCGACTTA-1,7139,41,316,2798
GATTTCTGTGCATACT-1,73,8876,582,3113
GATTTCTGTGGAAGTC-1,8223,57,421,3112
GATTTCTGTGGACTGA-1,31,4468,273,1711
GATTTCTGTGTGAATA-1,17789,132,952,5102
GATTTCTGTGTTATCG-1,6873,47,336,2776
GATTTCTGTTCCTACC-1,16726,82,741,4871
GATTTCTGTTTCGATG-1,28,4194,286,1535
GATTTCTTCACCTTAT-1,37,5981,296,2225
GATTTCTTCGCCAACG-1,354,185,10,458
GATTTCTTCGGCATTA-1,38,4073,208,1793
GATTTCTTCTATGCCC-1,1446,31,71,873
GCAACATAGAACTTCC-1,440,369,15,645
GCAACATAGAGTCGAC-1,7772,65,435,3026
GCAACATAGCGAGTAC-1,35,5420,497,1946
GCAACATAGGGTCACA-1,10591,70,511,3652
GCAACATAGTTCCAGT-1,1519,283,106,1101
GCAACATCACCGTGGT-1,12772,66,620,3966
GCAACATCACTCCTGT-1,1874,234,65,1218
GCAACATCACTGTCCT-1,9715,66,359,3348
GCAACATCATCGGTTA-1,47,4674,285,2048
GCAACATCATGAATCC-1,961,12,20,683
GCAACATGTTAAGACA-1,16070,120,710,4775
GCAACATTCAGACATC-1,209,704,41,669
GCAACATTCGAGTCCG-1,7702,51,359,2919
GCAACATTCGCATGAT-1,538,4388,392,2038
GCAACATTCGCGCTGA-1,116,14615,828,3750
GCAACATTCGCTAATG-1,1631,708,99,1430
GCAACCGAGCTCACTA-1,11618,88,682,4119
GCAACCGAGGAGAGTA-1,43,7194,564,2469
GCAACCGAGTGAGGTC-1,267,1676,59,972
GCAACCGAGTGCAGGT-1,38,7102,413,2464
GCAACCGAGTTTCAGC-1,724,222,56,696
GCAACCGCAATCTCTT-1,46,10240,618,3252
GCAACCGCAATGACCT-1,77,12368,537,3605
GCAACCGCAATGGGTG-1,98,23048,1801,4189
GCAACCGCACACCTAA-1,5937,34,436,2117
GCAACCGCACGATAGG-1,96,13373,1182,3933
GCAACCGCAGCGATTT-1,16,1511,66,843
GCAACCGCATAATCGC-1,38,6652,495,2227
GCAACCGGTAACAGGC-1,43,10751,789,3227
GCAACCGGTCGATTAC-1,20,5578,248,1978
GCAACCGGTCTCAGAT-1,510,218,14,601
GCAACCGGTGACTGTT-1,9670,72,632,3577
GCAACCGGTTAACAGA-1,4035,224,373,1953
GCAACCGGTTAGCGGA-1,57,9939,760,2985
GCAACCGTCAGCGCAC-1,1421,864,146,1502
GCAACCGTCCCTCGAT-1,99,13404,907,3863
GCAACCGTCCTGGCTT-1,2031,657,144,1506
GCAACCGTCGTACCTC-1,575,6,18,429
GCACATACAAACTCGT-1,308,662,25,704
GCACATACAACCAACT-1,21,1150,29,658
GCACATACAACCCTCT-1,401,929,32,875
GCACATACACACCTAA-1,421,564,28,733
GCACATACACGATTCA-1,3591,1536,283,2382
GCACATACACGGGTAA-1,140,2223,125,1107
GCACATAGTATCGTGT-1,11095,86,559,3790
GCACATAGTCTGATAC-1,662,652,22,935
GCACATAGTGTTGACT-1,12561,84,709,4305
GCACATAGTGTTTACG-1,8510,53,513,3117
GCACATAGTTGCTCAA-1,59,8680,413,3020
GCACATATCCCTCTCC-1,529,920,67,1021
GCACATATCCGAACGC-1,16902,111,570,4811
GCACATATCGCTTACC-1,3753,586,360,2057
GCACATATCTCAACCC-1,28,741,35,521
GCACATATCTTAAGGC-1,1203,11,50,788
GCACGGTAGAGACAAG-1,93,12409,1015,3439
GCACGGTAGCTGTGCC-1,371,147,7,435
GCACGGTCAGATTCGT-1,17,6319,664,1940
GCACGGTCATAACGGG-1,58,12772,1019,3341
GCACGGTCATCCAACA-1,12561,600,718,4300
GCACGGTGTAAGCAAT-1,13,1542,0,649
GCACGGTTCAATGCAC-1,9359,46,388,3545
GCACGGTTCCGAGAAG-1,11709,79,770,3795
GCACGGTTCGGACCAC-1,51,11003,458,2902
GCACGGTTCTATTGTC-1,2844,10,1,915
GCACGTGAGGGAGAAT-1,95,11752,799,3291
GCACGTGCAAAGGGCT-1,7577,51,521,2935
GCACGTGCACTAGTAC-1,12433,79,864,4038
GCACGTGCAGTAGGAC-1,15112,87,682,4215
GCACGTGCATCATCCC-1,1119,181,31,927
GCACGTGGTACAATAG-1,72,7461,487,2566
GCACGTGGTACGTGTT-1,502,140,27,502
GCACGTGGTCTGTCCT-1,5716,15,7,1642
GCACGTGGTTGCATAC-1,1988,13,3,882
GCACGTGGTTTCTTAC-1,28,8513,639,2722
GCACGTGTCATGGCCG-1,8588,71,750,3488
GCACTAAAGATTGCGG-1,45,6183,343,2380
GCACTAAAGGGACTGT-1,80,12085,687,3555
GCACTAACAAATGATG-1,760,11,69,485
GCACTAACAAGTGATA-1,174,753,58,648
GCACTAACAATGGCAG-1,3391,462,288,1855
GCACTAACACAGCCTG-1,65,9199,584,2972
GCACTAACATCGCTAA-1,368,196,6,460
GCACTAAGTATCAGGG-1,71,9460,595,2831
GCACTAAGTCACTCGG-1,37,8956,521,2805
GCACTAAGTTGCCGAC-1,10221,57,696,3534
GCACTAATCAGGAAGC-1,49,6299,441,2218
GCACTAATCGACCAAT-1,1057,10,46,684
GCACTAATCGGTAACT-1,121,1203,53,791
GCACTAATCTTACCGC-1,59,7657,421,2727
GCAGCCAAGCTGCGAA-1,34,2076,197,966
GCAGCCAAGGCGATAC-1,59,6098,484,2292
GCAGCCAAGGCGCTTC-1,1472,9563,622,3826
GCAGCCAAGGCTATCT-1,7533,55,387,2900
GCAGCCACACATATCG-1,1442,2472,167,1911
GCAGCCACAGCACGAA-1,22956,143,1692,5504
GCAGCCACAGCGTTTA-1,19,2276,1,675
GCAGCCACATGAAAGT-1,28,2635,191,1279
GCAGCCAGTAGAAACT-1,16,1514,103,804
GCAGCCAGTCTTGCGG-1,41,8533,484,2819
GCAGCCAGTGAGCCAA-1,60,1500,77,731
GCAGCCAGTGGAACAC-1,52,6161,523,2337
GCAGCCAGTTTCACTT-1,10,1435,74,482
GCAGCCATCCACAGGC-1,400,869,92,820
GCAGCCATCCTACCGT-1,842,204,13,786
GCAGCCATCGATTCCC-1,623,473,31,822
GCAGCCATCTGCACCT-1,972,27,41,652
GCAGCCATCTTGGCTC-1,5654,28,312,2771
GCAGCTGAGATCCCAT-1,913,346,51,875
GCAGCTGAGGCGCTCT-1,29,1545,95,518
GCAGCTGAGGGAGTTC-1,10031,77,768,3600
GCAGCTGCAAAGCTCT-1,101,15926,1212,4222
GCAGCTGCATCGTTCC-1,29,7069,441,2241
GCAGCTGGTGAGGCAT-1,33,5794,425,2309
GCAGCTGGTTCAAGTC-1,26,6188,447,2239
GCAGCTGGTTCGTAAC-1,24398,154,956,5781
GCAGCTGTCAACCGAT-1,687,2206,178,1456
GCAGCTGTCCTTCGAC-1,1879,299,157,1271
GCAGGCTCAAGAATAC-1,64,10353,450,3314
GCAGGCTCACTACACA-1,21990,154,1114,5518
GCAGGCTCAGAGGCTA-1,58,11446,682,3389
GCAGGCTCATCTTTCA-1,11309,61,758,3611
GCAGGCTGTACTCCGG-1,38,6645,487,2251
GCAGGCTGTCCAGCAC-1,90,16552,915,4166
GCAGGCTTCACCCTCA-1,3824,18,2,1490
GCAGGCTTCATTCACT-1,1726,19,67,1049
GCAGGCTTCCCGATCT-1,10848,90,782,3681
GCAGGCTTCGCTTGCT-1,11501,90,359,4248
GCAGGCTTCTATCACT-1,13288,104,573,4381
GCAGGCTTCTTACCAT-1,9672,372,467,3863
GCAGTTAAGAATGTTG-1,12708,107,1004,3252
GCAGTTAAGACGCATG-1,15591,110,926,4693
GCAGTTACAACGGGTA-1,11676,92,1031,3827
GCAGTTACACCGTCTT-1,26,876,38,560
GCAGTTACATGCACTA-1,285,1502,148,1028
GCAGTTACATGGGTTT-1,1098,126,43,830
GCAGTTACATTCACAG-1,108,13983,947,4032
GCAGTTAGTAAGGCTG-1,9851,83,996,3423
GCAGTTAGTATCGATC-1,69,1131,85,713
GCAGTTAGTTAACAGA-1,17524,127,1021,4809
GCAGTTAGTTACGCCG-1,59,13934,770,3567
GCAGTTAGTTATTCTC-1,77,9221,568,3099
GCAGTTAGTTGCCATA-1,23,3242,176,1455
GCAGTTAGTTGCTGAT-1,1020,148,95,807
GCAGTTATCATTTGGG-1,30,1415,105,762
GCAGTTATCCACGGGT-1,1110,154,94,878
GCAGTTATCTTAGCCC-1,283,624,42,658
GCATCGGAGCTCGACC-1,2603,13,15,1171
GCATCGGAGTTGGGAC-1,10,879,83,538
GCATCGGCAACAAGAT-1,3284,608,247,1887
GCATCGGCAGGAGGTT-1,9293,61,562,3357
GCATCGGGTGACCTGC-1,506,170,50,542
GCATCGGGTGAGATTA-1,13268,80,898,3996
GCATCGGTCCAGCTCT-1,3797,302,583,1693
GCATCGGTCTACTCAT-1,270,301,23,453
GCATCTCAGACCGCCT-1,1347,10,42,827
GCATCTCAGCCTCACG-1,35,6311,444,2342
GCATCTCAGCTAGCCC-1,6077,33,306,2385
GCATCTCCAAGGGCAT-1,111,2409,402,1127
GCATCTCCACAAGTGG-1,60,7501,470,2617
GCATCTCCACATCCCT-1,34,6847,296,2430
GCATCTCCACGCCACA-1,45,8102,654,2630
GCATCTCCAGCACGAA-1,51,12495,586,3522
GCATCTCGTACAGTAA-1,12175,71,399,3616
GCATCTCGTATCGTAC-1,1128,14,46,754
GCATCTCGTTTGGGTT-1,48,7729,544,2887
GCATCTCTCACGGGCT-1,1458,43,46,925
GCATCTCTCTTGCGCT-1,68,8619,549,2928
GCATGATAGACCGTTT-1,197,1525,150,962
GCATGATAGATCACCT-1,23,2133,88,1056
GCATGATAGCTGGCCT-1,10154,75,671,3905
GCATGATCAGACCTAT-1,36,6421,460,2223
GCATGATCATGGAAGC-1,2957,280,80,1454
GCATGATGTACAATAG-1,136,12262,738,3472
GCATGATGTCACGTGC-1,1458,11,116,822
GCATGATGTCAGATTC-1,10106,72,479,3629
GCATGATGTCCACGCA-1,32,6844,512,2341
GCATGATTCGTTATCT-1,1271,15,100,808
GCATTAGAGATGGCGT-1,59,9069,587,2813
GCATTAGAGCGTCAAG-1,8421,44,747,2978
GCATTAGAGTAGGAAG-1,49,6253,563,2118
GCATTAGCAGGCCCTA-1,59,8865,741,2875
GCATTAGGTCACTCAA-1,415,207,22,502
GCATTAGGTCCAATCA-1,43,7484,398,2639
GCATTAGGTCTGATCA-1,52,9256,667,3090
GCATTAGGTGGCATCC-1,11874,75,784,3949
GCATTAGGTGGGTTGA-1,652,388,102,765
GCATTAGGTGTACATC-1,9123,87,335,3361
GCATTAGGTTCCCACT-1,636,161,26,615
GCATTAGTCAAGTGGG-1,11528,72,596,3888
GCCAACGCACTACACA-1,601,11,11,455
GCCAACGCAGGTGGAT-1,280,349,51,500
GCCAACGGTACGTTCA-1,10,725,32,453
GCCAACGTCAAGTCTG-1,736,14,100,488
GCCAACGTCACCTCGT-1,71,8989,640,2766
GCCAACGTCCATCTAT-1,1085,1082,87,1359
GCCAACGTCCCATAGA-1,59,6985,434,2639
GCCAACGTCTAATTCC-1,397,180,15,465
GCCAGCACAAACTCTG-1,60,9362,639,2917
GCCAGCACATTATGCG-1,587,1252,81,1175
GCCAGCAGTAGTGGCA-1,2125,640,230,1481
GCCAGCAGTATACCCA-1,13314,111,718,4083
GCCAGCATCATCGCTC-1,14,1717,82,826
GCCAGCATCCCATTTA-1,28,566,13,417
GCCAGCATCCGATCTC-1,1111,18,42,737
GCCAGCATCCTATTTG-1,771,14,33,580
GCCAGCATCCTGGCTT-1,117,979,48,728
GCCAGCATCTGGACCG-1,386,1933,199,1254
GCCAGGTAGAAATTGC-1,5096,15,0,1722
GCCAGGTAGCATGTTC-1,6327,48,426,2735
GCCAGGTCACAGCCTG-1,12949,71,880,4027
GCCAGGTCAGCATTGT-1,14209,91,740,4288
GCCAGGTGTACTGACT-1,19,569,7,413
GCCAGGTGTTATGTGC-1,56,9665,630,2879
GCCAGGTGTTGTCATG-1,29,6876,272,2173
GCCAGGTGTTTCTTAC-1,73,7539,504,2878
GCCAGGTTCATTCCTA-1,75,10759,519,3376
GCCAGGTTCCATCTAT-1,671,343,57,750
GCCAGGTTCGATACGT-1,49,7878,409,2723
GCCAGGTTCTATTGTC-1,804,388,55,861
GCCAGTGAGGCATCTT-1,46,7163,458,2235
GCCAGTGAGGCATGGT-1,58,9587,373,3044
GCCAGTGAGGTCACAG-1,36,4790,288,1847
GCCAGTGAGGTTACAA-1,47,7665,504,2620
GCCAGTGGTAGTTCCA-1,691,90,37,591
GCCAGTGGTTTCGTAG-1,66,10108,717,2998
GCCAGTGTCTCTTCAA-1,731,10,42,526
GCCATGGAGAAATGGG-1,854,237,25,782
GCCATGGAGCGATGAC-1,11793,90,690,3776
GCCATGGCAGCCCACA-1,13634,116,607,4250
GCCATGGCAGTTGTTG-1,74,9414,635,3090
GCCATGGCATATGAAG-1,15787,94,1013,4413
GCCATGGCATGACAAA-1,41,5956,370,1995
GCCATGGCATGGCTAT-1,7591,41,546,3115
GCCATGGGTATGTGTC-1,8303,69,483,3212
GCCATGGGTGCGCTCA-1,682,19,57,480
GCCATGGGTGTCTCCT-1,7921,39,532,3125
GCCATGGGTTATAGCC-1,56,10487,552,3113
GCCATGGTCGTTCCTG-1,26,4589,324,1710
GCCATGGTCTCATTTG-1,47,6398,411,2375
GCCATTCAGGACGCAT-1,2537,17,80,1378
GCCATTCCAATGCTCA-1,77,12321,902,3601
GCCATTCCACACAGAG-1,666,333,34,742
GCCATTCCATCGGATT-1,35,8740,332,2924
GCCATTCGTACCATAC-1,2084,212,132,1275
GCCATTCGTGAGACGT-1,65,10312,712,3265
GCCATTCGTGAGCGAT-1,74,11873,934,3462
GCCATTCTCCAGTTCC-1,12,904,17,563
GCCATTCTCGTGGCGT-1,6749,57,421,2502
GCCATTCTCTAGACAC-1,873,359,43,854
GCCCAGAAGCTTACGT-1,14127,72,709,4134
GCCCAGAAGGTGAGAA-1,6627,78,505,2681
GCCCAGAAGTGCACCC-1,639,3380,269,1837
GCCCAGACAGAGTAAT-1,51,9013,664,3089
GCCCAGACAGCGTTGC-1,21821,113,849,5353
GCCCAGACAGGTTCAT-1,41,515,56,367
GCCCAGAGTTAAACAG-1,1662,27,70,984
GCCCAGAGTTGATCGT-1,8164,70,505,3248
GCCCAGATCAGAGCGA-1,11024,63,638,3657
GCCCAGATCAGCCTTC-1,9,1671,99,558
GCCCAGATCGGTCGGT-1,32,4323,288,1833
GCCCGAAAGCATTGTC-1,47,8481,543,2687
GCCCGAAAGCTATCCA-1,91,10125,592,3174
GCCCGAAAGGAACGAA-1,1625,1829,212,1827
GCCCGAAAGGGCCTCT-1,86,10454,668,3470
GCCCGAAAGTAACGAT-1,7,520,15,379
GCCCGAACACATTGTG-1,66,10617,597,2984
GCCCGAACAGACCTAT-1,38,8846,335,2806
GCCCGAACAGAGTTCT-1,42,10208,667,3141
GCCCGAACATGGGTCC-1,1123,240,58,921
GCCCGAAGTCATCCGG-1,15,1447,80,809
GCCCGAAGTCGTACAT-1,1111,7,0,619
GCCCGAAGTCTTTCAT-1,517,564,30,780
GCCCGAAGTTGTGGCC-1,10631,56,978,3685
GCCCGAATCGTGGGAA-1,57,7250,664,2295
GCCCGAATCTCGTTTA-1,607,11,18,444
GCCGATGAGGGCATGT-1,14676,100,857,4267
GCCGATGAGTAACGTA-1,74,10060,730,3146
GCCGATGCAACTACGT-1,17,1130,22,661
GCCGATGCACCATTCC-1,1335,983,41,1492
GCCGATGCACGATTCA-1,700,166,37,641
GCCGATGCATCTAGAC-1,8321,75,221,2727
GCCGATGGTCAACGCC-1,9183,62,484,3641
GCCGATGGTTGGAGAC-1,7413,51,529,3020
GCCGATGTCAACTGGT-1,43,7169,392,2380
GCCGATGTCAAGTCGT-1,3467,233,292,1613
GCCGATGTCACTTGGA-1,47,6455,650,2229
GCCGATGTCCTACTGC-1,10886,87,768,3628
GCCGATGTCTGCTTAT-1,1348,403,123,1111
GCCGATGTCTTAGGAC-1,66,6874,399,2612
GCCGTGAAGAGTCAAT-1,22,3101,221,1366
GCCGTGAAGATTCGAA-1,9126,38,579,3208
GCCGTGAAGCTAATGA-1,26,4674,202,1828
GCCGTGAAGGCCATAG-1,17,3194,187,1401
GCCGTGACACAACCGC-1,785,13,0,514
GCCGTGACACTACTTT-1,81,12612,724,3682
GCCGTGACATCGTCCT-1,44,1871,219,863
GCCGTGAGTCCCGCAA-1,58,8183,433,2765
GCCGTGAGTCGAACAG-1,18,2661,210,1251
GCCGTGAGTCGGATTT-1,58,11042,506,3152
GCCGTGATCTCAGTCC-1,17,1411,80,729
GCCTGTTAGATCCGAG-1,14,1723,153,850
GCCTGTTAGGAGAGGC-1,7032,71,562,2914
GCCTGTTCACTTGAAC-1,9589,65,557,3709
GCCTGTTCAGAGTGAC-1,792,110,99,620
GCCTGTTCATCGTGCG-1,204,882,30,763
GCCTGTTCATTCCTCG-1,658,241,46,642
GCCTGTTGTCCAGCCA-1,10742,63,788,3898
GCCTGTTGTCCAGCGT-1,8192,54,630,3251
GCCTGTTGTCTGCCTT-1,41,7758,391,2514
GCCTGTTGTGGTCTAT-1,742,20,41,530
GCCTGTTTCCAATCCC-1,26,3611,444,1624
GCCTGTTTCCCAGTGG-1,14,1445,80,740
GCCTGTTTCCGTGCGA-1,752,532,72,847
GCCTGTTTCTCATGCC-1,15070,108,739,4741
GCCTGTTTCTCTCTTC-1,1355,15,43,882
GCGAGAAAGCGCTTCG-1,29,6223,304,2104
GCGAGAAAGGGACAGG-1,16093,122,1474,4409
GCGAGAACACCTATCC-1,59,10248,657,3179
GCGAGAACACTCAAGT-1,202,7875,555,2876
GCGAGAATCTACGGGC-1,26923,185,1685,6165
GCGAGAATCTTGGTGA-1,382,149,17,444
GCGATCGAGGCACAAC-1,13728,64,698,3900
GCGATCGAGGCAGCTA-1,9263,39,575,3030
GCGATCGAGGGCCTCT-1,34,5483,456,1950
GCGATCGCAACACGTT-1,1281,67,84,823
GCGATCGCAACCCTCT-1,29,5405,369,2067
GCGATCGCAATATCCG-1,966,332,23,896
GCGATCGGTACATACC-1,31,5346,267,2027
GCGATCGGTCACTACA-1,42,7739,364,2766
GCGATCGTCCGAGAAG-1,42,5360,485,1942
GCGATCGTCGGTCGAC-1,5559,46,348,2504
GCGGAAACAAGCCTGC-1,42,7002,381,2378
GCGGAAACACTCCTTG-1,9249,42,642,3114
GCGGAAACATAGGTTC-1,74,8455,475,2824
GCGGAAACATTCGATG-1,1418,2253,550,1717
GCGGAAAGTCCTCATC-1,26,1258,16,683
GCGGAAAGTCGTATTG-1,39,5928,368,2011
GCGGAAAGTGAGATAT-1,27,3297,209,942
GCGGAAATCACAATGC-1,33,5620,387,2464
GCGGAAATCAGTGTTG-1,7236,51,458,2945
GCGGAAATCCCTTCCC-1,680,14018,840,4194
GCGGAAATCGTCTAAG-1,3861,155,472,1547
GCGGAAATCTCTTAAC-1,36,6007,542,2196
GCGGAAATCTGCTTAT-1,698,13,34,487
GCGGATCAGCTGTTAC-1,8434,51,508,3161
GCGGATCAGGAGAATG-1,31,5805,792,2058
GCGGATCCACCCTAGG-1,2117,944,243,1653
GCGGATCCACTCCACT-1,2857,303,144,1635
GCGGATCCAGTAGTTC-1,7100,34,586,2533
GCGGATCCATTCTCCG-1,11,2139,1,817
GCGGATCGTACCCACG-1,907,8,55,595
GCGGATCGTGGCATCC-1,2202,292,183,1334
GCGGATCGTTCGGTCG-1,36,5625,295,1895
GCGTGCAAGACCTTTG-1,55,7008,497,2428
GCGTGCAAGATGATTG-1,597,7,73,420
GCGTGCACAGTGGCTC-1,522,2174,235,1358
GCGTGCAGTAGACAGC-1,48,6737,420,2370
GCGTGCAGTCAACATC-1,23,6220,292,2163
GCGTGCAGTGAGAACC-1,8037,47,502,2813
GCGTGCATCTGCCTCA-1,127,8395,404,3046
GCGTTTCAGAGGATCC-1,211,312,25,448
GCGTTTCAGGTTTACC-1,559,61,27,481
GCGTTTCCAATCTAGC-1,39,6936,444,2366
GCGTTTCCACAGCCAC-1,3284,36,289,1875
GCGTTTCCACATCCCT-1,37,6554,393,2467
GCGTTTCCACCCTGAG-1,7095,26,423,2890
GCGTTTCGTGTCCCTT-1,31,5464,391,1998
GCGTTTCGTTAGGACG-1,8662,50,220,3871
GCGTTTCTCAGGGATG-1,66,11585,866,3187
GCGTTTCTCAGTCATG-1,1035,210,51,845
GCGTTTCTCCGGTAGC-1,1666,33,117,974
GCTACAAAGCCATCCG-1,922,21,52,642
GCTACAAAGCCTGTCG-1,6613,39,748,2544
GCTACAACAACCGATT-1,18844,137,324,5446
GCTACAACATATCTCT-1,271,1638,117,1039
GCTACAAGTAACATAG-1,4019,171,248,1879
GCTACAAGTAGCTGAG-1,6051,57,370,2757
GCTACAAGTATCCCTC-1,12032,84,610,4130
GCTACAAGTGACATCT-1,1590,958,97,1574
GCTACAAGTGGCTGAA-1,150,946,69,723
GCTACAATCCATCTAT-1,249,341,18,485
GCTACCTAGACCAGCA-1,33,5200,312,2213
GCTACCTAGATACGAT-1,9181,106,553,3252
GCTACCTAGTACAACA-1,39,6020,293,2104
GCTACCTCACCACATA-1,2573,23,84,1480
GCTACCTCACGACAGA-1,307,1217,92,958
GCTACCTGTAGAAACT-1,94,17643,977,4342
GCTACCTGTCTACACA-1,691,40,15,548
GCTACCTGTTCTCCAC-1,11174,86,663,3893
GCTACCTGTTGGAGGT-1,48,6168,408,2220
GCTACCTGTTTGTTCT-1,1030,23,29,781
GCTACCTTCAAAGCCT-1,822,801,63,1087
GCTACCTTCACGGTCG-1,812,7,34,562
GCTACCTTCATCACAG-1,933,202,52,804
GCTACCTTCCCATAAG-1,51,6156,484,2168
GCTACCTTCGATGCTA-1,2087,111,91,1262
GCTACCTTCGCCATAA-1,9707,62,535,3377
GCTACCTTCTACCACC-1,14236,107,747,4615
GCTCAAACAAAGTGTA-1,42,4970,417,1881
GCTCAAACAACCCTAA-1,78,1081,37,716
GCTCAAACACACTTAG-1,620,274,31,680
GCTCAAACAGCCCAGT-1,682,42,40,525
GCTCAAAGTCGTGCCA-1,44,9203,401,2816
GCTCAAAGTGAGTAAT-1,3044,316,180,1705
GCTCAAAGTTACCCTC-1,1062,158,39,836
GCTCAAAGTTCTAACG-1,217,1184,71,901
GCTCAAATCACTTTGT-1,145,510,20,507
GCTCAAATCAGTCTTT-1,646,28,48,483
GCTCAAATCATCCTAT-1,1308,373,48,1087
GCTCAAATCCGCTTAC-1,535,25,15,425
GCTCAAATCGCACTCT-1,12790,90,643,3753
GCTCAAATCTTGCAGA-1,4077,2069,579,2692
GCTGAATAGGTTCAGG-1,11517,106,866,3853
GCTGAATAGTTGCATC-1,443,185,15,511
GCTGAATCAATCGCAT-1,49,5533,395,2047
GCTGAATCACACACTA-1,17,2475,2,814
GCTGAATCACAGTATC-1,51,9948,373,2880
GCTGAATCACCTCTAC-1,6082,19,0,2024
GCTGAATCAGGTCTCG-1,2317,32,256,1410
GCTGAATCAGTCAGAG-1,48,6955,379,2383
GCTGAATGTAGCTTAC-1,540,335,44,656
GCTGAATGTATCGCAT-1,764,72,42,595
GCTGAATGTCTTGCTC-1,40,6043,432,2189
GCTGAATGTGTACGCC-1,36,6200,563,2042
GCTGAATTCATTTGTC-1,13485,101,798,4446
GCTGAATTCCCGTTCA-1,2567,13,9,1201
GCTGAATTCCTACCAC-1,38,6696,465,2389
GCTGAATTCGCCACTT-1,51,1820,74,1009
GCTGAATTCTCTCTTC-1,934,482,43,1037
GCTGCAGAGAATTCAG-1,13541,98,660,4347
GCTGCAGCATGGGAAC-1,35,6882,532,2151
GCTGCAGCATGTTACG-1,713,134,27,649
GCTGCAGCATTCTCCG-1,591,439,25,785
GCTGCAGGTCTAGGCC-1,5765,35,523,2591
GCTGCAGGTGTTCCAA-1,62,13823,528,3649
GCTGCAGGTTGGCCGT-1,88,8960,887,2685
GCTGCAGTCAATCAGC-1,14133,108,803,4705
GCTGCAGTCCATCGTC-1,375,1399,75,1073
GCTGCAGTCCGATGCG-1,319,1681,104,1104
GCTGCAGTCGCTACAA-1,11494,68,629,3987
GCTGCAGTCTGTAACG-1,43,8305,456,2784
GCTGGGTAGTAGCAAT-1,481,95,79,435
GCTGGGTAGTGCTCGC-1,12207,77,758,4102
GCTGGGTCACCCAACG-1,4296,20,20,1821
GCTGGGTCAGATTAAG-1,55,8162,512,2958
GCTGGGTCATATACCG-1,297,1221,61,927
GCTGGGTGTACCAATC-1,59,7962,583,2774
GCTGGGTGTAGCTGAG-1,14700,108,674,4665
GCTGGGTGTTCAAGGG-1,84,10443,986,3348
GCTGGGTTCAGCAGAG-1,17665,93,1137,4617
GCTGGGTTCATTTCCA-1,74,11052,522,3478
GCTGGGTTCCCTCGAT-1,8638,49,547,3496
GCTGGGTTCCTGTTGC-1,88,911,38,652
GCTTCACAGCATACTC-1,349,183,14,465
GCTTCACAGTCATGGG-1,4101,131,420,1834
GCTTCACCAAAGACGC-1,19,966,26,569
GCTTCACCAATTCGTG-1,61,10524,698,3329
GCTTCACGTAGCACGA-1,411,997,66,923
GCTTCACGTCCTCAGG-1,14,566,38,419
GCTTCACTCATAGACC-1,13,820,118,520
GCTTCACTCCACGGGT-1,874,224,35,769
GCTTGGGAGCACTGGA-1,56,8004,562,2650
GCTTGGGAGGGTTTCT-1,32,3713,231,1611
GCTTGGGAGTCCCTAA-1,74,8902,492,2816
GCTTGGGCACTGCGAC-1,444,210,15,525
GCTTGGGGTCACAGTT-1,7,633,43,441
GCTTGGGGTCCAGTTA-1,37,7083,443,2498
GCTTGGGGTTCCGTTC-1,743,1020,116,1144
GCTTGGGTCCTTTGAT-1,58,7130,445,2808
GCTTGGGTCTAACGCA-1,933,182,40,777
GCTTTCGAGAGGGCGA-1,1499,130,101,973
GCTTTCGAGCTAAATG-1,38,4523,483,1669
GCTTTCGCAAATGGCG-1,6252,39,209,2699
GCTTTCGGTACGTTCA-1,40,6761,235,2503
GCTTTCGGTGAGGCAT-1,46,8341,742,2763
GCTTTCGGTGTCATCA-1,54,7644,598,2588
GCTTTCGGTTGGATCT-1,46,10342,629,3103
GCTTTCGTCCTCTCTT-1,106,1265,31,792
GCTTTCGTCGGCCCAA-1,103,18563,895,4343
GGAACCCCAAATCAAG-1,9506,69,500,3028
GGAACCCCAACGTTAC-1,705,32,14,531
GGAACCCCACGGCCAT-1,15971,91,742,4378
GGAACCCCAGGGTTGA-1,14446,90,884,4453
GGAACCCCATGAATAG-1,6738,46,371,2538
GGAACCCCATGTACGT-1,68,7501,554,2419
GGAACCCGTACAATAG-1,1350,15,75,792
GGAACCCTCCACATAG-1,27,2114,136,996
GGAACCCTCTTCGCTG-1,25,8246,422,2829
GGAAGTGAGTTACTCG-1,63,10671,555,2989
GGAAGTGCACTTTAGG-1,2463,30,224,1344
GGAAGTGCAGTAGGAC-1,35,7009,352,2303
GGAAGTGCATGGTGGA-1,9374,72,402,3288
GGAAGTGGTAATTAGG-1,5258,42,445,2451
GGAAGTGGTCAACATC-1,21456,999,1499,5349
GGAAGTGGTCTCCCTA-1,52,5672,378,2032
GGAAGTGGTTCTTGCC-1,4048,34,678,2001
GGAAGTGTCACTGCTC-1,12,1824,2,714
GGAAGTGTCAGACTGT-1,10972,79,600,3654
GGAAGTGTCTGATTCT-1,77,7236,459,2466
GGAATCTAGCCAGTAG-1,1039,93,80,787
GGAATCTAGCCTCACG-1,1333,17,76,854
GGAATCTAGGTGCTAG-1,12479,82,773,4034
GGAATCTCAAGGGCAT-1,54,7937,634,2429
GGAATCTCACGTTGGC-1,25,5102,277,1940
GGAATCTCACTCTAGA-1,250,1554,96,1020
GGAATCTCACTTCAAG-1,948,13,24,682
GGAATCTGTCAGGTGA-1,30,4737,317,1854
GGAATCTGTCGGTGAA-1,5736,29,226,2428
GGAATCTGTCTCTCCA-1,5456,653,528,2651
GGAATCTGTTATGTGC-1,8118,61,466,3243
GGAATCTGTTCCTTGC-1,4841,34,274,1951
GGAATCTGTTTAGTCG-1,11561,72,734,3942
GGAATCTTCCATTGCC-1,10,845,37,525
GGAATCTTCTCATTAC-1,28,1777,193,744
GGAATGGCAACACGTT-1,8779,65,797,3186
GGAATGGCATAGGCGA-1,13,1762,93,936
GGAATGGGTGCCGTAC-1,914,7,109,574
GGAATGGGTTTCCATT-1,10674,76,563,3479
GGAATGGTCAGCGCGT-1,16,1740,144,904
GGAATGGTCGTCTACC-1,38,8106,877,2511
GGACGTCAGCGTGTCC-1,72,11742,792,3495
GGACGTCCAACATCGT-1,5071,18,1,1705
GGACGTCCACAACCGC-1,226,1533,78,999
GGACGTCCACCTTCCA-1,95,19265,773,4540
GGACGTCCACGAAAGC-1,15,2490,240,1095
GGACGTCCATATCTGG-1,7722,9869,1301,6219
GGACGTCCATCGGCCA-1,10,1597,83,840
GGACGTCGTGAAGCTG-1,1313,9,87,769
GGACGTCTCAGCTTCC-1,267,869,57,745
GGAGAACAGGAAAGGT-1,26,4856,335,1871
GGAGAACAGTAACCTC-1,50,5985,371,2186
GGAGAACAGTGTTGAA-1,48,6140,484,2153
GGAGAACCAATTGCGT-1,90,12199,1002,3509
GGAGAACCACACCGCA-1,45,6530,404,2384
GGAGAACGTTGTAGCT-1,43,4458,447,1708
GGAGAACTCCAGTTCC-1,11626,69,731,3873
GGAGAACTCCCTGGTT-1,24792,167,1621,6001
GGAGAACTCGCGAAGA-1,445,595,29,769
GGAGAACTCTTACCGC-1,499,1446,94,1123
GGAGATGAGAAGCTCG-1,56,8246,547,2545
GGAGATGCAACGACAG-1,78,14260,1024,3682
GGAGATGCACTTCTCG-1,67,9015,723,2834
GGAGATGCAGAATCGG-1,13536,102,986,3997
GGAGATGGTCACGACC-1,42,6168,250,2237
GGAGATGTCACTTGTT-1,2997,41,589,1568
GGAGATGTCTGGCCTT-1,68,8734,796,2913
GGAGCAAAGGCTCCCA-1,1852,29,282,973
GGAGCAAAGGCTGTAG-1,86,8926,635,2902
GGAGCAACAAATAGCA-1,53,5236,389,1946
GGAGCAACACAACATC-1,15,565,57,428
GGAGCAACACGGTCTG-1,2209,201,126,1399
GGAGCAACAGCTTCGG-1,60,9676,735,2934
GGAGCAACAGTAGAAT-1,3528,219,476,1709
GGAGCAACATCGATAC-1,27,4899,140,1723
GGAGCAAGTGAATGAT-1,2359,213,365,1275
GGAGCAAGTTCAATCG-1,5450,11,1,1599
GGAGCAATCCATTTGT-1,2088,106,162,1204
GGAGCAATCCTATGGA-1,972,19,99,653
GGAGCAATCGCAATTG-1,431,1500,141,1046
GGAGCAATCGTACACA-1,40,5441,367,1821
GGAGGATAGAATTGCA-1,57,6570,596,2465
GGAGGATAGCAAGGAA-1,8319,68,444,3280
GGAGGATAGTTTGCTG-1,72,12615,811,3564
GGAGGATCAATCGCCG-1,12634,83,805,4010
GGAGGATCAGTAGAGC-1,37,7049,607,2448
GGAGGATCATAAGATG-1,54,6377,451,2310
GGAGGATCATGACACT-1,5686,412,744,2157
GGAGGATGTGCTCTTC-1,8551,55,467,3078
GGAGGATTCCAAGGGA-1,89,13430,803,3791
GGAGGATTCTAAACGC-1,36,5729,527,2010
GGAGGATTCTGAATGC-1,2447,124,220,1407
GGAGGTAAGCAGTACG-1,42,9014,671,2674
GGAGGTAAGGACAAGA-1,12738,80,1003,3699
GGAGGTAGTAGATTGA-1,8722,93,512,3533
GGAGGTAGTGCTTCAA-1,356,149,26,430
GGAGGTATCACTGAAC-1,99,17251,920,3974
GGAGGTATCGGCAGTC-1,54,10605,867,3142
GGAGGTATCGTTGTTT-1,31,8634,500,2651
GGATCTAAGCACCTGC-1,11,1203,59,683
GGATCTAAGGCCATAG-1,59,5918,445,2136
GGATCTAAGTAGGCCA-1,52,7175,476,2526
GGATCTAAGTGGTTGG-1,48,2688,250,1330
GGATCTACAAGAGTAT-1,25,4729,156,1698
GGATCTACAAGCTGCC-1,49,8702,437,2793
GGATCTACAAGTTCCA-1,9230,71,621,3582
GGATCTACAATCCTAG-1,30,4788,415,1808
GGATCTACAGCTATTG-1,1188,3068,470,1895
GGATCTACAGCTGTGC-1,13962,83,706,4196
GGATCTACATCTAGAC-1,24,3239,176,1514
GGATCTACATGATCTG-1,56,7883,579,2655
GGATCTACATGGCTAT-1,30,588,39,431
GGATCTAGTACCATAC-1,52,8616,621,2760
GGATCTAGTCGCTTAA-1,4761,33,485,2076
GGATCTAGTCGCTTGG-1,36,5779,286,2030
GGATCTAGTGCATCTA-1,10553,72,487,3433
GGATCTAGTGGGAGAG-1,32,4340,283,1605
GGATCTAGTTGGGATG-1,48,6075,516,1989
GGATCTATCAGGGTAG-1,21,6298,407,2095
GGATGTTCACACGGTC-1,8240,54,574,3225
GGATGTTCACTAGTAC-1,14159,66,645,3952
GGATGTTGTACTAACC-1,75,6591,491,2445
GGCACGTAGATGAATC-1,24917,183,1372,6022
GGCACGTAGCCATATC-1,98,11830,744,3456
GGCACGTAGCTGACCC-1,2941,145,111,1410
GGCACGTAGGTCATTC-1,10041,67,667,3540
GGCACGTAGTAGACCG-1,37,7345,435,2498
GGCACGTAGTCATGCT-1,53,7844,460,2411
GGCACGTCAAGGCGTA-1,66,12862,969,3483
GGCACGTCACAGCTTA-1,18,1646,123,777
GGCACGTCACGTCTCT-1,7036,18,2,1846
GGCACGTCATAGACTC-1,18,1791,112,904
GGCACGTGTCCGAAAG-1,75,10379,693,3070
GGCACGTGTCCGCAGT-1,53,8242,691,2697
GGCACGTTCAGTGATC-1,27,5678,303,2071
GGCACGTTCCTCGATC-1,9,1454,103,244
GGCACGTTCGTCCTCA-1,1180,137,57,843
GGCACGTTCTCCGCAT-1,84,11340,700,3521
GGCAGTCAGTCCTGTA-1,8140,500,648,3386
GGCAGTCCACGGTGAA-1,1346,33,46,814
GGCAGTCCATACGCAT-1,55,5595,307,2208
GGCAGTCGTATACCTG-1,12,771,30,496
GGCAGTCGTGCACAAG-1,246,6754,526,2271
GGCAGTCTCATGCGGC-1,77,14657,1077,3874
GGCAGTCTCCTAGCGG-1,55,7528,551,2405
GGCAGTCTCTCGGGAC-1,40,8986,532,2971
GGCGTCAAGAACCCGA-1,6151,68,622,2830
GGCGTCAAGTTGCTGT-1,98,13407,873,3415
GGCGTCACAAGATGTA-1,7963,69,697,3232
GGCGTCACACGTCATA-1,40,9604,739,2983
GGCGTCAGTAGATTAG-1,4939,30,0,1940
GGCGTCATCCGATTAG-1,19,2883,148,1254
GGCGTCATCGGACAAG-1,13098,81,965,3780
GGCTGTGCAAGTAGTA-1,10962,107,454,4081
GGCTGTGCACGGCTAC-1,35,6145,354,2115
GGCTGTGGTCAGACTT-1,22838,150,1809,5495
GGCTGTGGTTCTCCTG-1,682,46,48,537
GGCTGTGGTTGGGACA-1,47,8102,690,2516
GGCTGTGTCAGAGCAG-1,2300,1180,276,1798
GGCTGTGTCGCCATAA-1,34,6021,539,2310
GGCTGTGTCTGTCGTC-1,9238,83,682,3325
GGCTGTGTCTTGGAAC-1,43,5816,448,1970
GGCTTGGCAACGGTAG-1,87,12093,670,3374
GGCTTGGCAACTCGAT-1,14736,101,1001,4453
GGCTTGGCACCCTGTT-1,16858,123,854,5023
GGCTTGGCACTCAAGT-1,822,215,60,742
GGCTTGGCAGGACTAG-1,20,4074,344,1608
GGCTTGGCATCTCCCA-1,90,430,12,418
GGCTTGGCATGGCGCT-1,68,9512,638,3117
GGCTTGGGTGTTTGCA-1,549,14,23,420
GGCTTGGGTTACCCTC-1,69,15325,897,3975
GGCTTGGGTTGGCTAT-1,43,5140,475,1935
GGCTTGGTCAGAACCT-1,52,7269,443,2534
GGCTTGGTCAGACCTA-1,9809,83,367,3704
GGCTTGGTCCTCGATC-1,117,2279,196,1169
GGCTTGGTCGTAATGC-1,160,989,79,737
GGCTTTCAGACGGATC-1,12115,59,619,3442
GGCTTTCAGCGTGAGT-1,62,9244,720,2877
GGCTTTCAGGTTAGTA-1,760,110,55,611
GGCTTTCAGTCGAGGT-1,47,6666,471,2419
GGCTTTCAGTGCACCC-1,304,353,20,517
GGCTTTCCACGACGAA-1,664,34,30,528
GGCTTTCCATCCCACT-1,40,5608,313,2029
GGCTTTCGTAGGCTCC-1,26,5353,433,2036
GGCTTTCGTATCGCAT-1,28,5245,412,2027
GGCTTTCGTATTTCGG-1,4506,52,403,2134
GGCTTTCGTCATAAAG-1,64,9993,357,3174
GGCTTTCGTCGGCCTA-1,9627,6336,998,5894
GGCTTTCGTGGATCAG-1,45,7071,450,2408
GGCTTTCGTGGTGATG-1,30,5663,413,2023
GGCTTTCGTTGCCAAT-1,65,10150,597,2951
GGCTTTCTCATACGAC-1,878,11,21,566
GGCTTTCTCATTTCGT-1,2367,482,89,1544
GGCTTTCTCCCTTGGT-1,726,483,32,851
GGCTTTCTCGACGCTG-1,28,1829,123,982
GGCTTTCTCGGTCATA-1,6,925,60,544
GGGAAGTAGCTACAAA-1,15972,108,1148,4178
GGGAAGTAGGGACACT-1,13659,97,832,3805
GGGAAGTAGTGCAGCA-1,34,5780,483,2079
GGGAAGTCACTACACA-1,1856,434,118,1379
GGGAAGTCAGAATGTA-1,68,8561,638,2955
GGGAAGTTCCCAAGTA-1,7727,121,375,3001
GGGAAGTTCGACACCG-1,978,34,62,635
GGGAAGTTCGACTCCT-1,79,10435,572,3126
GGGAAGTTCTACACAG-1,101,18421,772,4229
GGGAAGTTCTCCTGAC-1,758,9,23,506
GGGACAACACTTCCTG-1,633,122,33,568
GGGACAACAGATTAAG-1,2721,9,12,1278
GGGACAATCCAGGACC-1,264,396,34,519
GGGACAATCCATCTGC-1,1186,208,46,943
GGGACAATCGGCATCG-1,114,13800,769,3759
GGGACCTAGACACACG-1,921,39,46,652
GGGACCTAGAGCACTG-1,14,1724,142,541
GGGACCTAGAGTCACG-1,128,1522,140,902
GGGACCTAGCATCCCG-1,17236,75,775,4700
GGGACCTAGGATGTTA-1,10236,77,595,3453
GGGACCTAGTCACACT-1,2004,13,116,994
GGGACCTCAAGAGCTG-1,5451,36,261,2301
GGGACCTCAATCACGT-1,164,21393,1303,4942
GGGACCTCAGTTGAAA-1,53,6739,379,2310
GGGACCTGTACAGTCT-1,2121,55,170,1088
GGGACCTGTATGCAAA-1,595,320,33,705
GGGACCTGTCAAAGTA-1,94,10745,679,3587
GGGACCTGTCTTTCTA-1,33,523,19,378
GGGACCTTCAATCGGT-1,7125,41,319,2965
GGGACCTTCCAGTGCG-1,2383,16,172,1199
GGGACCTTCCATTTGT-1,785,12,23,580
GGGACTCAGCAAACAT-1,64,9321,433,3110
GGGACTCAGCGTGCCT-1,83,16166,923,4086
GGGACTCCAACCCTAA-1,13267,82,843,4147
GGGACTCCATTCTTCA-1,69,10043,652,3205
GGGACTCGTAACGATA-1,65,13364,479,3409
GGGACTCGTAAGGTCG-1,2381,30,8,961
GGGACTCGTCCGGTGT-1,25,3810,401,1489
GGGACTCGTGCAAGAC-1,47,9611,656,2933
GGGAGATAGAGTCACG-1,46,5844,487,2192
GGGAGATAGCACTGGA-1,1561,36,85,938
GGGAGATAGCCTGACC-1,63,8777,609,2743
GGGAGATCAGCACCCA-1,50,6786,419,2345
GGGAGATGTACCTTCC-1,6476,35,1,2010
GGGAGATGTACGCGTC-1,30,5407,545,1768
GGGAGATTCGTAGGAG-1,43,5482,385,2045
GGGAGTAAGAACCCGA-1,1962,388,109,1278
GGGAGTAAGATACGAT-1,79,7886,493,2766
GGGAGTAAGTCTAACC-1,1960,18,204,1010
GGGAGTACAGCGGTTC-1,36,4409,408,1566
GGGAGTACATCGATGT-1,54,7235,415,2505
GGGAGTAGTATCTTCT-1,7307,60,520,3313
GGGAGTAGTGACTCGC-1,14039,96,976,4652
GGGAGTAGTGCTGCAC-1,931,18,72,638
GGGAGTAGTGGTCTAT-1,10997,92,612,4101
GGGAGTAGTTCTTGCC-1,829,268,32,779
GGGAGTATCATGCATG-1,8,1072,66,617
GGGAGTATCCGGCAAC-1,10991,161,761,3828
GGGAGTATCGATACAC-1,1994,221,125,1271
GGGATCCAGGCTCTCG-1,1865,10,76,1100
GGGATCCAGTCACGCC-1,668,225,19,674
GGGATCCCAAAGTATG-1,582,108,20,525
GGGATCCCAGGCATTT-1,123,5375,360,2034
GGGATCCCAGGTCTCG-1,576,152,43,572
GGGATCCCATGCCGAC-1,9977,82,632,3580
GGGATCCCATGGGCAA-1,55,5768,455,2042
GGGATCCGTCGTCAGC-1,34,6517,412,2498
GGGATCCGTGAAGCTG-1,13,1150,116,684
GGGATCCGTGGCAACA-1,8695,64,398,3288
GGGATCCGTGTGATGG-1,30,4442,439,1699
GGGATCCTCACGTCCT-1,40,7235,395,2459
GGGATCCTCCACACAA-1,266,1272,87,926
GGGATGAAGCTCCGAC-1,48,10532,596,3186
GGGATGAAGTCACGCC-1,10874,93,652,3803
GGGATGACACAAGTTC-1,9438,72,504,3364
GGGATGACACCTGCAG-1,2636,22,2,1361
GGGATGAGTAGAAACT-1,187,873,53,688
GGGATGAGTATAGCTC-1,18894,121,862,4866
GGGATGAGTTCTCCCA-1,42,4961,271,1969
GGGCCATAGAAGCCTG-1,41,6495,551,2347
GGGCCATAGCCTTTCC-1,32,5191,416,1974
GGGCCATCATATCTGG-1,971,9,0,632
GGGCCATGTTTCGATG-1,87,10160,620,3316
GGGCCATTCAAGAAAC-1,52,6548,595,2501
GGGCCATTCTCAACCC-1,45,5321,327,2046
GGGCGTTAGTCTGTAC-1,56,7159,493,2550
GGGCGTTCACCACTGG-1,18,3275,238,1368
GGGCGTTCACTAGTAC-1,2384,30,4,1119
GGGCGTTCATGGAACG-1,35,6928,385,2184
GGGCGTTGTACATACC-1,63,5908,418,2140
GGGCGTTGTGGTCAAG-1,433,115,18,423
GGGCTACAGAAGATCT-1,72,10044,602,3153
GGGCTACAGACTCAAA-1,51,6092,466,2217
GGGCTACCAAGACTGG-1,42,6022,486,2111
GGGCTACCACATAGCT-1,18246,103,675,4745
GGGCTACCACCATAAC-1,371,5963,546,2333
GGGCTACCATCGAGCC-1,40,10110,474,3085
GGGCTACCATGGCGCT-1,7,1456,161,745
GGGCTACGTCAAAGTA-1,585,13,11,449
GGGCTACGTGATAGAT-1,31,5183,489,1855
GGGCTACTCCTATTTG-1,8000,51,383,3019
GGGCTACTCCTTATAC-1,13916,101,686,4476
GGGCTACTCGGAACTT-1,33,6174,409,2031
GGGCTACTCGTTCGCT-1,60,7440,634,2752
GGGCTACTCTAGTACG-1,47,4810,457,1918
GGGCTACTCTTCTAAC-1,99,664,30,543
GGGCTCAAGACCTGGA-1,339,1637,69,1032
GGGCTCAAGGATCACG-1,4569,43,493,2009
GGGCTCAAGGGCTTCC-1,1240,14,34,842
GGGCTCAAGGTGCCTC-1,88,1377,63,767
GGGCTCACAGGATTCT-1,367,434,51,618
GGGCTCACATTCTGTT-1,11,1485,101,808
GGGCTCAGTACCGTCG-1,1887,28,126,1044
GGGCTCAGTAGCTGTT-1,571,39,41,453
GGGCTCAGTGGTAACG-1,1272,289,206,974
GGGCTCATCACCTTAT-1,9,541,23,389
GGGCTCATCGAGAGAC-1,36,6702,495,2312
GGGCTCATCGCGCCAA-1,9,2331,84,1102
GGGCTCATCTGAGGCC-1,23,6704,628,2152
GGGCTCATCTGGGATT-1,57,6292,486,2347
GGGTAGAAGAGAGTTT-1,604,8,51,441
GGGTAGAAGATAACAC-1,46,7589,348,2756
GGGTAGAAGCTGCCTG-1,9271,73,850,3405
GGGTAGAAGGGACAGG-1,26,4503,200,1900
GGGTAGACACAAATCC-1,70,10482,736,3124
GGGTAGACACACCGCA-1,61,9871,775,2940
GGGTAGACACACCTGG-1,44,5766,242,1966
GGGTAGACATCGCTAA-1,35,7084,455,2211
GGGTAGATCAAGTAAG-1,9473,5232,865,5353
GGGTATTAGACGTCCC-1,7775,61,632,3013
GGGTATTAGCACTCAT-1,61,5973,485,2348
GGGTATTAGCGTCTCG-1,63,8214,649,2722
GGGTATTAGGAGGCAG-1,44,6000,421,2097
GGGTATTAGGCCTGCT-1,620,10,0,466
GGGTATTCAATAGAGT-1,1047,16,88,665
GGGTATTCAATGAACA-1,1441,232,116,1038
GGGTATTCAGCAATTC-1,57,6448,412,2354
GGGTATTCAGGCCTGT-1,51,6517,316,2447
GGGTATTGTCAGTCCG-1,16069,121,946,4862
GGGTATTGTCGAAGCA-1,39,6906,492,2263
GGGTATTGTTCGGCTG-1,6466,71,354,2711
GGGTATTTCGCGTGAC-1,22,4808,475,1690
GGGTCACCACCTGTCT-1,44,3599,489,1659
GGGTCACGTGTCGCTG-1,23,4683,368,1850
GGGTCACGTTGTCAGT-1,43,7579,563,2337
GGGTCACTCAACTACG-1,7095,73,480,3179
GGGTCACTCCGTCCTA-1,1709,3210,403,2313
GGGTCTGAGAGGCTGT-1,58,9380,491,2844
GGGTCTGAGCATCGAG-1,753,8,69,509
GGGTCTGAGTGTGTTC-1,65,9043,667,2964
GGGTCTGGTAGCTTGT-1,83,9672,632,3047
GGGTCTGGTCAGTTTG-1,54,8067,498,2863
GGGTCTGGTTTACACG-1,3136,115,226,1684
GGGTCTGTCTACGCGG-1,9059,60,588,3115
GGGTGAAAGGTGCGAT-1,14,1570,42,694
GGGTGAACAGAGTGTG-1,1194,21,1,603
GGGTGAAGTAAGTAGT-1,11836,90,729,3748
GGGTGAAGTGGACAGT-1,13593,79,879,4121
GGGTGAAGTGTGAATA-1,86,8413,521,2823
GGGTGAATCCATTTAC-1,1216,11,104,760
GGGTGAATCCGCACTT-1,1583,19,486,867
GGGTGTCAGCTTTCTT-1,26,4161,271,1674
GGGTGTCAGTGTCATC-1,31,7208,823,2152
GGGTGTCCAACCGTAT-1,8126,47,526,2936
GGGTGTCCACACAGAG-1,47,8807,651,2723
GGGTGTCCACCGTGCA-1,10505,55,571,3431
GGGTGTCCATCTGCGG-1,6646,34,523,2509
GGGTGTCGTACTCAAC-1,2470,30,215,1259
GGGTGTCGTCTACGAT-1,44,8782,434,2489
GGGTGTCGTGTGTACT-1,10757,55,909,3841
GGGTGTCTCACCGACG-1,286,6750,372,2426
GGGTGTCTCGAAACAA-1,774,109,90,623
GGGTGTCTCGCATTAG-1,6551,59,735,2810
GGGTGTCTCTCAATCT-1,56,4692,365,1874
GGGTTATCAAATGCGG-1,254,8562,553,2943
GGGTTATCACAGCCTG-1,602,169,58,579
GGGTTATCACATGACT-1,9384,77,509,3574
GGGTTATCACTACGGC-1,482,164,19,539
GGGTTATCAGACGCTC-1,186,1741,101,1063
GGGTTATGTCCTGGGT-1,46,5356,419,2089
GGGTTATTCATCCCGT-1,105,10542,376,3302
GGGTTTAAGAGATTCA-1,48,5629,378,2088
GGGTTTACAAGATCCT-1,3717,33,228,1648
GGGTTTACAATAGAGT-1,1097,51,231,741
GGGTTTACACCGCTGA-1,38,7859,280,2550
GGGTTTAGTTGGAGAC-1,1398,202,136,977
GGGTTTATCCATTTAC-1,7920,79,513,3221
GGGTTTATCCGCTTAC-1,51,9391,628,3165
GGTAACTAGTGCAGCA-1,22,4618,509,1492
GGTAACTAGTTGAAGT-1,9711,97,567,3527
GGTAACTCAAGCGAGT-1,44,6599,674,2375
GGTAACTCAATACAGA-1,9,562,14,393
GGTAACTCACCGTCTT-1,1091,19,57,772
GGTAACTCAGATCACT-1,617,10,26,457
GGTAACTCATGGAGAC-1,12564,104,646,4256
GGTAACTGTGGAAGTC-1,183,6860,667,2491
GGTAACTGTGTGGTCC-1,1210,281,133,1022
GGTAACTTCACTACGA-1,93,9100,703,2988
GGTAACTTCGGAGTAG-1,41,5782,475,2122
GGTAACTTCGTGGAAG-1,7254,61,491,2872
GGTAACTTCGTGGGTC-1,82,11453,727,3592
GGTAATCCAACCGACC-1,857,454,36,925
GGTAATCCAAGCACAG-1,726,14,50,504
GGTAATCCACAGCATT-1,91,9899,486,3261
GGTAATCCACCGTGCA-1,6461,220,275,2560
GGTAATCCACGAGGAT-1,733,11,51,520
GGTAATCCAGAGGACT-1,63,7000,497,2472
GGTAATCGTAAGGCTG-1,368,300,78,514
GGTAATCTCACTGGTA-1,41,8028,434,2702
GGTAATCTCGTTATCT-1,7931,59,307,3220
GGTAATCTCTGGACTA-1,548,12,20,430
GGTAGAGAGACCTTTG-1,89,12942,894,3557
GGTAGAGAGATGCTTC-1,18105,191,1311,5261
GGTAGAGAGCACTAAA-1,10882,78,704,3586
GGTAGAGAGCTCCACG-1,27,5316,419,2067
GGTAGAGCACCCAATA-1,10157,92,764,3672
GGTAGAGCATGGAAGC-1,9118,65,623,3212
GGTAGAGGTCCCTGTT-1,16,1131,65,642
GGTAGAGGTGCAACAG-1,1299,144,103,921
GGTAGAGTCTTGTTAC-1,54,6342,376,2267
GGTCACGAGATACATG-1,41,5634,363,2130
GGTCACGAGCCTGAAG-1,3648,20,554,1609
GGTCACGCAAGTGATA-1,49,6467,536,2254
GGTCACGCAATACCCA-1,13489,89,821,4366
GGTCACGCAATAGTAG-1,14795,140,1183,4696
GGTCACGCACGACGTC-1,183,1108,48,790
GGTCACGCAGGTTCGC-1,58,9874,555,2951
GGTCACGGTCAACACT-1,49,7345,440,2657
GGTCACGGTGTCCAAT-1,31,6075,210,2389
GGTCACGTCAATCAGC-1,19,948,52,560
GGTCACGTCGATGCTA-1,30,4213,358,1705
GGTCACGTCTACTTCA-1,626,153,15,597
GGTCACGTCTCCCATG-1,13993,298,529,3871
GGTCTGGAGACATAAC-1,7249,65,481,2829
GGTCTGGAGGTGCATG-1,7702,47,534,2834
GGTCTGGAGTAGCTCT-1,2664,16,0,1112
GGTCTGGCAATCCAGT-1,1140,1225,121,1475
GGTCTGGCATGGGTTT-1,30,8747,368,2809
GGTCTGGGTCTGATAC-1,5770,25,390,2125
GGTCTGGGTTAGTCGT-1,17310,90,1576,5027
GGTCTGGGTTCTCCCA-1,32,6186,435,2124
GGTCTGGTCAAGCCCG-1,10029,57,364,3326
GGTGAAGAGCTCCCTT-1,27,4524,241,1742
GGTGAAGAGGAGTCTG-1,17260,160,1098,4777
GGTGAAGCAATCGTCA-1,44,7315,395,2304
GGTGAAGCAGAGTCTT-1,103,8697,514,2504
GGTGAAGCAGGCAATG-1,54,10873,570,3375
GGTGAAGCATGAAGCG-1,66,5836,579,2173
GGTGAAGGTACTCGTA-1,2549,12,602,1184
GGTGAAGTCAGCGGAA-1,27,5032,427,1971
GGTGAAGTCCAACTGA-1,9001,34,598,2953
GGTGATTAGGGCGAAG-1,10352,61,812,3431
GGTGATTAGGTCGTCC-1,8457,44,454,2807
GGTGATTCAGCACGAA-1,692,9,24,522
GGTGATTCATCATCTT-1,10,828,55,534
GGTGATTGTACAAAGT-1,80,10658,511,3211
GGTGATTGTATTAAGG-1,303,389,57,543
GGTGATTGTGGTCCCA-1,53,6763,390,2486
GGTGATTTCGGACGTC-1,7407,50,515,2836
GGTGATTTCTGTGCTC-1,1443,23,88,933
GGTGGCTAGAACTTCC-1,20,2753,199,1203
GGTGGCTAGACTGTTC-1,80,11706,766,3624
GGTGGCTAGAGTCTGG-1,11,2149,165,624
GGTGGCTAGCCATCCG-1,724,13,0,491
GGTGGCTAGCTCGACC-1,12741,78,775,4164
GGTGGCTAGGAGGCAG-1,23,757,715,71
GGTGGCTAGGGCAGAG-1,13827,95,754,4320
GGTGGCTCACGTCGGT-1,9,2151,169,501
GGTGGCTCAGGTCTCG-1,89,13389,882,3690
GGTGGCTGTTCAAACC-1,1142,23,37,708
GGTGGCTTCAGAGTTC-1,19,923,46,582
GGTGGCTTCGTTATCT-1,34,4884,376,1907
GGTGGCTTCGTTGTTT-1,66,11821,973,3423
GGTGGCTTCTGCACCT-1,51,10775,518,3236
GGTGTCGAGGTAAGGA-1,54,11243,686,3334
GGTGTCGCACAGCCAC-1,780,9,22,539
GGTGTCGCATCTCGTC-1,32,9467,502,3131
GGTGTCGGTGCCGTTG-1,59,7370,463,2655
GGTGTCGGTGCCTGAC-1,772,436,37,857
GGTGTCGGTGGAACCA-1,37,7558,405,2301
GGTGTTACAAACGTGG-1,1672,16,110,901
GGTGTTACAAACTCTG-1,1148,179,109,902
GGTGTTACATGAATCC-1,1668,14,120,931
GGTGTTAGTAATCAAG-1,39,4172,317,1798
GGTGTTAGTGGAAATT-1,148,6004,455,2304
GGTGTTAGTGTCACAT-1,36,5365,447,1914
GGTGTTATCCCTTGGT-1,6860,67,612,3101
GGTGTTATCCGACAGC-1,12,2206,245,857
GGTGTTATCTCGACCT-1,308,387,29,539
GGTTAACAGCTGACCC-1,69,8225,666,2668
GGTTAACAGTATAGGT-1,7646,43,414,2714
GGTTAACAGTCACTCA-1,344,481,30,625
GGTTAACCACGGGTAA-1,8226,42,384,3290
GGTTAACCACGGTAGA-1,7065,4215,635,4432
GGTTAACCACTCCTTG-1,64,7808,532,2649
GGTTAACCATCGTCCT-1,681,674,42,958
GGTTAACGTACGAGTG-1,16353,552,1102,5273
GGTTAACGTAGTATAG-1,1376,2990,314,2144
GGTTAACGTGCCTATA-1,287,504,50,594
GGTTAACTCATATGGC-1,1821,226,99,1174
GGTTAACTCGATTGAC-1,8351,80,485,3542
GGTTCTCAGCAGCACA-1,18,1131,73,667
GGTTCTCAGGAAAGTG-1,48,7336,517,2459
GGTTCTCAGTGGTTAA-1,65,10967,428,3150
GGTTCTCCAAACGAGC-1,2784,28,179,1501
GGTTCTCCATGGACAG-1,50,7545,563,2497
GGTTCTCGTAAGAACT-1,38,6412,488,2076
GGTTCTCGTCGCTCGA-1,66,8961,703,3086
GGTTCTCGTTTCACAG-1,72,10382,599,3369
GGTTCTCTCGGAATGG-1,846,90,34,642
GGTTGTAAGACTAAGT-1,19210,153,1249,5294
GGTTGTAAGGAAGTAG-1,466,207,33,525
GGTTGTAAGTCGCCAC-1,32,4959,269,2141
GGTTGTAAGTGGTTCT-1,63,8497,580,2939
GGTTGTACAAAGGGTC-1,8913,57,384,2854
GGTTGTACAGGTTCCG-1,1180,273,94,958
GGTTGTAGTCCTGAAT-1,57,7761,592,2827
GGTTGTAGTGCCTAAT-1,65,9074,562,2909
GGTTGTATCCGATAAC-1,13733,4608,1492,5940
GGTTGTATCCGATGCG-1,71,12451,727,3263
GGTTGTATCCGCTGTT-1,584,43,34,476
GGTTGTATCCGGTTCT-1,549,1118,96,1098
GGTTGTATCCGTGGGT-1,40,7362,427,2490
GGTTGTATCCTTATAC-1,14693,111,829,4252
GTAACACAGCCATATC-1,49,6346,363,2186
GTAACACAGCGAAACC-1,53,11720,637,3453
GTAACACCAAATACAG-1,48,5479,334,1919
GTAACACCAACCGCCA-1,1337,44,50,869
GTAACACCACCTGATA-1,1548,39,91,904
GTAACACCAGCAGGAT-1,5370,904,430,2573
GTAACACGTCTCAAGT-1,606,1758,159,1335
GTAACACGTGAATAAC-1,40,6028,438,2202
GTAACACGTGGCCACT-1,1275,78,54,886
GTAACACTCCCTCGTA-1,1570,42,58,993
GTAACACTCCCTGGTT-1,14,697,26,453
GTAACACTCCTTCTTC-1,2131,37,88,1157
GTAACACTCTACCTTA-1,933,97,36,714
GTAACACTCTAGACCA-1,80,9501,478,3035
GTAACACTCTCGCAGG-1,45,10509,503,3178
GTAACCAAGCCTAACT-1,8,756,53,497
GTAACCACACAATGCT-1,901,2369,211,1665
GTAACCACACTGCGTG-1,51,15011,768,3834
GTAACCACAGTGTGGA-1,693,5235,1063,1996
GTAACCACATTGCCTC-1,2222,544,73,1554
GTAACCAGTTACACTG-1,9681,67,609,3204
GTAACCAGTTGTATGC-1,11016,58,665,3366
GTAACCAGTTTGTTCT-1,55,7729,474,2615
GTAACCATCAAGGACG-1,3230,212,187,1719
GTAACCATCCGTCACT-1,38,7711,268,2317
GTAACCATCGAGAAAT-1,40,4504,374,1683
GTAACCATCGCATAGT-1,80,9439,509,3070
GTAAGTCAGGTACAAT-1,2311,884,315,1609
GTAAGTCGTATGTGTC-1,55,6437,434,2074
GTAAGTCGTCTCTCCA-1,9254,48,789,3343
GTAAGTCGTGAGAGGG-1,11825,83,705,4118
GTAAGTCGTGCCTATA-1,11873,3090,1058,5031
GTAAGTCGTTTCTATC-1,69,9004,666,3187
GTAAGTCTCACCACAA-1,12647,96,713,4099
GTAATCGAGCGATGCA-1,6641,375,599,2850
GTAATCGAGTACTCGT-1,35,6229,284,2043
GTAATCGCAAATACGA-1,13,3420,137,1382
GTAATCGCAAGTGTCT-1,13606,97,938,4187
GTAATCGGTCCACATA-1,5355,40,665,2334
GTAATCGGTCCTGGGT-1,26,850,714,138
GTAATCGGTTTCGTAG-1,4975,177,111,1998
GTAATCGTCCATACTT-1,19,2285,340,868
GTAATCGTCCTCTCTT-1,469,715,44,866
GTAATGCCAACCGTGC-1,2115,740,173,1540
GTAATGCCACCCATAA-1,7631,56,434,2933
GTAATGCGTGGATTTC-1,13003,80,787,3927
GTAATGCGTGTCCACG-1,7241,46,396,2734
GTAATGCGTGTTAACC-1,55,6246,457,2219
GTAATGCGTTGCGAAG-1,25,5755,428,2130
GTAATGCTCAAAGACA-1,14,2242,250,1160
GTAATGCTCCTAGCTC-1,106,623,17,513
GTAATGCTCTGAATCG-1,34,3938,277,1691
GTACAACAGCAGGCTA-1,78,8708,861,2690
GTACAACAGTATGAGT-1,23651,132,1278,5017
GTACAACCAAATGGTA-1,12750,88,1043,4032
GTACAACCACGGATCC-1,33,3121,510,1467
GTACAACCAGATCCAT-1,2140,7,1,978
GTACAACGTACCGTCG-1,49,8195,501,2541
GTACAACGTGTCTTGA-1,922,15,1,578
GTACAACTCAGCCTCT-1,1051,668,92,1117
GTACAACTCATGGGAG-1,14497,203,807,4379
GTACAACTCCGGGACT-1,887,132,25,760
GTACAACTCGTAACTG-1,1197,21,95,752
GTACAGTAGACCAGAC-1,66,9715,628,3159
GTACAGTAGAGAACCC-1,324,351,19,550
GTACAGTAGATCACTC-1,617,81,28,520
GTACAGTAGTCGAATA-1,8208,62,361,3241
GTACAGTAGTGCAGGT-1,232,1930,370,987
GTACAGTCAGCGACCT-1,558,1487,106,1245
GTACAGTCATAATCGC-1,59,7510,593,2837
GTACAGTCATGGGTTT-1,2225,1265,119,1864
GTACAGTGTATGCAAA-1,6068,45,353,2549
GTACAGTGTCATACCA-1,785,62,50,604
GTACAGTGTTCGGTAT-1,58,7915,522,2724
GTACAGTGTTTAAGGA-1,47,5135,388,1935
GTACAGTTCCTGGCTT-1,50,4901,293,2035
GTACAGTTCGCTACGG-1,531,4,0,405
GTACAGTTCTCATGCC-1,655,20,13,512
GTAGAAAAGCGCAATG-1,7485,63,288,3378
GTAGAAAAGGCTCCCA-1,58,675,53,502
GTAGAAAAGTCCCTAA-1,12709,78,581,3866
GTAGAAACAGCTCCTT-1,1565,817,146,1483
GTAGAAAGTAGACGTG-1,63,5615,471,2094
GTAGAAAGTCACCTTC-1,768,19,20,576
GTAGAAATCTTGGATG-1,46,4916,329,1985
GTAGAGGAGAAGTCCG-1,53,8569,600,2779
GTAGAGGAGCGGTAAC-1,6151,59,430,2761
GTAGAGGAGGCAATGC-1,990,11,97,648
GTAGAGGAGTTCATCG-1,7687,62,566,3095
GTAGAGGGTGCATCTA-1,6177,64,440,2577
GTAGAGGTCTGTTGGA-1,41,4957,413,1676
GTAGATCAGGCAGGTT-1,11518,99,940,3816
GTAGATCAGTAAGCAT-1,35,5116,367,1706
GTAGATCAGTCCGCCA-1,31,7868,358,2544
GTAGATCGTTCCGCGA-1,14,1782,197,815
GTAGATCTCTCCTACG-1,8950,81,559,3545
GTAGCTAAGAGTGGCT-1,48,4256,430,1800
GTAGCTAAGCACCAGA-1,1306,169,70,940
GTAGCTAAGTAGGGTC-1,62,7819,521,2714
GTAGCTACATTGAGGG-1,4414,9,0,1513
GTAGCTAGTAGCGATG-1,13177,5924,981,5818
GTAGCTAGTCACGCTG-1,8493,55,482,3152
GTAGCTAGTCACTTCC-1,36,6284,436,2392
GTAGCTAGTCCGTACG-1,42,6141,398,2294
GTAGCTATCTACGGTA-1,75,8578,564,2916
GTAGGAGCAAATGCGG-1,9930,59,546,3156
GTAGGAGCACCATATG-1,7000,42,256,2808
GTAGGAGCACCTGCAG-1,8735,67,503,3205
GTAGGAGCAGTTTCGA-1,8483,57,502,3168
GTAGGAGCATACCATG-1,11916,64,701,3945
GTAGGAGGTCTGCAAT-1,9104,77,640,3192
GTAGGAGTCATGCCAA-1,464,109,17,452
GTAGGAGTCCACGAAT-1,39,4384,358,1742
GTAGGAGTCTTCGTAT-1,39,5216,408,1904
GTAGGTTAGAACAGGA-1,84,10842,690,3320
GTAGGTTAGACAGTCG-1,38,7924,502,2547
GTAGGTTAGGCTGTAG-1,11523,75,860,3733
GTAGGTTAGGTACAGC-1,51,7995,344,2573
GTAGGTTCAGTCACGC-1,1023,703,102,1163
GTAGGTTCAGTGGTGA-1,1093,510,93,1060
GTAGGTTGTCATAACC-1,16,1914,233,891
GTAGGTTGTCCCTGTT-1,13398,102,788,4234
GTAGGTTTCACATACG-1,9313,84,658,3340
GTAGGTTTCGGAATGG-1,46,6662,420,2317
GTAGTACAGCTAGAAT-1,1918,243,110,1229
GTAGTACAGGGAGGCA-1,7001,8898,1069,6048
GTAGTACAGTCATCCA-1,1013,134,49,784
GTAGTACCAAATGCGG-1,37,7905,415,2493
GTAGTACCAGAACGCA-1,3831,11,10,1500
GTAGTACCATTCCTCG-1,5534,33,328,2616
GTAGTACGTACAGGTG-1,9323,73,748,3388
GTAGTACGTTAGGGTG-1,8,770,17,493
GTAGTACTCGGACCAC-1,16248,125,742,4599
GTATTGGAGCAAATGT-1,28,5437,207,1976
GTATTGGAGCAGCCCT-1,1928,12,297,986
GTATTGGGTGGATTTC-1,1344,195,59,948
GTATTGGTCAGGAAGC-1,81,7625,613,2660
GTATTGGTCGTTCAGA-1,8269,67,619,3336
GTATTGGTCTTCTAAC-1,59,7085,608,2707
GTATTTCCAAGACCGA-1,12,1916,113,934
GTATTTCCAATTCACG-1,7427,104,580,3109
GTATTTCCAGTTGTTG-1,6748,51,498,2365
GTATTTCGTATACAGA-1,48,5567,293,2260
GTATTTCGTATGTCTG-1,23,924,50,585
GTATTTCGTCCGGTGT-1,30,3518,245,1590
GTATTTCGTCCTCCAT-1,52,8663,535,2966
GTATTTCTCAGGAAAT-1,10663,56,616,3187
GTATTTCTCATCCTGC-1,592,79,25,506
GTATTTCTCGGATACT-1,1130,8400,420,3284
GTATTTCTCTACCACC-1,11990,13595,1070,7315
GTATTTCTCTACGGTA-1,7331,65,523,2969
GTATTTCTCTCTGGTC-1,9,760,51,494
GTCAAACAGAAGCTGC-1,38,8143,654,2628
GTCAAACAGACGTCGA-1,44,6083,415,2186
GTCAAACAGATTGATG-1,9631,3952,1141,4657
GTCAAACAGGATGAGA-1,11012,80,666,3765
GTCAAACAGGTAACTA-1,99,10420,893,3423
GTCAAACCACCGTGCA-1,7,1907,47,710
GTCAAACCAGGTGTTT-1,683,390,31,780
GTCAAACGTATAATGG-1,11024,71,741,3706
GTCAAACGTCAAATCC-1,2269,299,56,1498
GTCAAACGTTACAGCT-1,21685,169,1036,5791
GTCAAACGTTCATCGA-1,8033,41,368,3021
GTCAAACTCATACAGC-1,628,152,30,577
GTCAAACTCGCGCCAA-1,1126,274,42,926
GTCAAACTCGGATAAA-1,1491,1746,215,1749
GTCAAGTAGCGGTAAC-1,55,7214,257,2542
GTCAAGTAGCTCTATG-1,1448,14,99,821
GTCAAGTAGGGTTAAT-1,729,136,66,642
GTCAAGTAGTCATCGT-1,41,5497,513,1889
GTCAAGTCAAAGAACT-1,61,6477,637,2141
GTCAAGTCAATGCAAA-1,33,6730,386,2278
GTCAAGTGTAACATAG-1,494,59,22,426
GTCAAGTGTATCGCGC-1,7832,61,549,3295
GTCAAGTGTTGTCATG-1,54,7592,560,2484
GTCAAGTTCATGCCAA-1,775,13,26,565
GTCAAGTTCCATCTAT-1,2652,20,162,1244
GTCACGGAGGCCCACT-1,3057,162,156,1530
GTCACGGAGTCTTGGT-1,37,5514,567,1838
GTCACGGAGTGTAGAT-1,12042,80,983,3715
GTCACGGGTAACTGCT-1,86,479,14,415
GTCACGGGTACGTGAG-1,17559,114,816,4785
GTCACGGGTCATTCCC-1,1503,384,127,1159
GTCACGGGTTCTGACA-1,771,18,55,568
GTCACGGGTTGGCTAT-1,47,10706,570,3115
GTCACGGGTTGGGCCT-1,31745,139,2712,6210
GTCACGGTCACCGACG-1,9628,703,826,3650
GTCACTCAGACAACTA-1,81,9169,533,3088
GTCACTCAGAGGTCGT-1,8742,40,509,3024
GTCACTCAGGATGAGA-1,39,4940,253,1928
GTCACTCCAGGTGTTT-1,533,1264,122,1131
GTCACTCCATTCACCC-1,9371,6409,1158,5843
GTCACTCGTACCTAAC-1,181,1914,106,1051
GTCACTCGTCACCACG-1,25,4743,290,1815
GTCACTCGTCATCGCG-1,6484,33,354,2612
GTCACTCGTCCTGGTG-1,540,15,10,417
GTCACTCGTGTCGCTG-1,57,9070,648,2865
GTCACTCGTTCGAACT-1,10335,75,493,4022
GTCACTCGTTGTACGT-1,63,7498,356,2814
GTCACTCTCCACGGGT-1,283,420,35,570
GTCACTCTCCCTTGGT-1,382,449,28,647
GTCACTCTCGAAGCCC-1,25,7659,473,2498
GTCACTCTCTTAGCTT-1,972,246,38,819
GTCAGCGAGAAATTCG-1,43,6766,542,2503
GTCAGCGAGGGTCACA-1,26,5046,275,1880
GTCAGCGAGGTCACAG-1,7155,6810,1308,5358
GTCAGCGCAGCAATTC-1,11043,64,526,3603
GTCAGCGGTAGGACCA-1,560,580,63,817
GTCAGCGGTTCCGTTC-1,801,518,68,896
GTCAGCGTCCGCGATG-1,12467,63,743,3773
GTCATCCAGCAATTAG-1,33,4515,408,1795
GTCATCCAGCCGAACA-1,42,779,20,533
GTCATCCAGGTACCTT-1,551,9,25,418
GTCATCCAGTCCCTAA-1,1634,434,77,1272
GTCATCCCACATATCG-1,75,10863,589,3177
GTCATCCCAGATACTC-1,56,1433,203,656
GTCATCCCATGTTTGG-1,14813,87,545,4534
GTCATCCGTAATACCC-1,7144,2173,352,3682
GTCATCCGTACGCTTA-1,473,154,21,508
GTCATCCGTCAAAGAT-1,6810,50,560,2797
GTCATCCGTCACCGAC-1,21580,136,863,5686
GTCATCCGTTACAGCT-1,375,2731,116,1528
GTCATCCGTTGCATTG-1,8346,57,442,3154
GTCATCCTCATGTCTT-1,97,818,41,588
GTCATCCTCGTTCTCG-1,53,11039,559,3360
GTCATGAAGAGGATCC-1,1288,86,213,831
GTCATGAAGCATTGAA-1,7690,60,457,3014
GTCATGAAGCCTGTCG-1,12279,75,675,4096
GTCATGAAGGTGGTTG-1,4052,21,567,1942
GTCATGACAATGAACA-1,66,10902,523,3158
GTCATGACACTTACAG-1,2756,310,328,1460
GTCATGAGTAAGATAC-1,47,4818,400,1892
GTCATGAGTGATACCT-1,4681,23,10,1631
GTCATGAGTTGCAACT-1,464,352,24,629
GTCATGATCAGCTAGT-1,32,6911,440,2260
GTCATGATCGAAGAAT-1,85,13170,869,3457
GTCATTTAGCGCTGCT-1,1077,19,56,690
GTCATTTAGTTGTAGA-1,84,9188,551,3074
GTCATTTCAAGCACCC-1,408,169,23,465
GTCATTTCAGTTTCGA-1,18768,110,937,4876
GTCATTTGTAACACGG-1,67,7848,422,2955
GTCATTTGTCAACGCC-1,77,11523,486,3558
GTCATTTGTCCTGTCT-1,37,5027,217,1894
GTCATTTGTGATACCT-1,9387,79,507,3464
GTCATTTGTTTACGAC-1,42,6439,504,2395
GTCATTTTCATTCTTG-1,1289,81,71,876
GTCATTTTCCCGATCT-1,2319,19,0,951
GTCATTTTCGATAACC-1,431,1654,163,1104
GTCCACTAGACCCTTA-1,22,1778,68,990
GTCCACTAGGCGACAT-1,636,302,52,692
GTCCACTAGGTATAGT-1,342,170,24,427
GTCCACTCACAGGATG-1,67,7006,415,2515
GTCCACTGTGTCGATT-1,29,5068,220,1935
GTCCACTGTTGTGCCG-1,644,270,39,670
GTCCACTTCATGCCAA-1,14616,83,662,4239
GTCCACTTCCGCCTAT-1,1893,233,55,1195
GTCCACTTCCTCTAGC-1,526,1112,61,1029
GTCCACTTCTGTCCCA-1,485,15,12,371
GTCCCATAGCTGTACT-1,363,2853,49,1405
GTCCCATCAACGGCCT-1,32,8577,735,2705
GTCCCATCAATGAAAC-1,8844,55,406,3133
GTCCCATCAGCCTACG-1,7954,31,450,2901
GTCCCATCATCCTAAG-1,448,224,21,525
GTCCCATGTACTTGTG-1,12520,7906,1569,6684
GTCCCATGTGAGCAGT-1,920,2648,140,1586
GTCCTCAAGACCAACG-1,28,5435,374,2078
GTCCTCAAGGCACAAC-1,49,8617,558,2920
GTCCTCACAATTAGGA-1,52,4986,333,2061
GTCCTCAGTTCCATTT-1,41,5113,340,1872
GTCCTCATCCTGGCTT-1,911,12,3,630
GTCCTCATCGTAGCCG-1,25762,158,1810,5830
GTCCTCATCGTCAGAT-1,624,8,28,503
GTCCTCATCGTGCATA-1,60,5748,382,2036
GTCGAATAGGGTACAC-1,55,10591,696,3261
GTCGAATCAAACCACT-1,65,6597,388,2337
GTCGAATCAATTCTTC-1,631,79,26,520
GTCGAATCACAGCCAC-1,9124,77,372,3596
GTCGAATCACTTGAAC-1,786,13,38,534
GTCGAATCATTGGCAT-1,9034,74,644,3362
GTCGAATGTATCGAGG-1,48,6516,359,2342
GTCGAATGTCCCGCAA-1,677,606,49,907
GTCGAATGTGCAACAG-1,14152,82,654,4043
GTCGAATTCCAAGCTA-1,12395,109,930,4200
GTCGAATTCGATCCAA-1,24,1073,69,619
GTCGAATTCTATTTCG-1,19,3535,361,1384
GTCGCGAAGTCCGCCA-1,33,5074,316,1984
GTCGCGAAGTTGCCTA-1,37,5827,424,1970
GTCGCGACAACCTAAC-1,10261,60,577,3673
GTCGCGACACTTCCTG-1,10135,58,468,3638
GTCGCGACACTTTATC-1,6846,29,340,2756
GTCGCGATCATCTATC-1,9021,43,496,3288
GTCGCGATCCCGTTCA-1,32,6180,466,2128
GTCGCGATCTCGACCT-1,12,2202,57,477
GTCGTAAAGATTGAGT-1,22,3000,216,1369
GTCGTAAAGGAGCTGT-1,39,5163,377,2049
GTCGTAACAGCCATTA-1,56,8049,450,2566
GTCGTAACAGTTTCAG-1,7296,5084,855,4794
GTCGTAACATGTGACT-1,16,2714,404,1334
GTCGTAACATTCTCCG-1,38,4114,279,1900
GTCGTAAGTCCACATA-1,7085,68,605,2931
GTCGTAAGTCGGCACT-1,45,5749,518,1784
GTCGTAAGTGCTGATT-1,47,7422,520,2597
GTCGTTCAGCCGTCGT-1,10,4269,161,1621
GTCGTTCCAAGACTGG-1,25,5071,335,1952
GTCGTTCCACACCGCA-1,742,180,28,694
GTCGTTCCATTCTGTT-1,11334,83,661,3672
GTCGTTCGTGGCCTCA-1,47,8464,573,2805
GTCGTTCTCCCTTGGT-1,61,4387,265,1858
GTCGTTCTCTCATGCC-1,13420,86,726,4246
GTCTACCAGCAATTCC-1,48,7467,455,2422
GTCTACCAGGGTTGCA-1,11281,59,617,3765
GTCTACCAGTAACGTA-1,586,11,44,438
GTCTACCAGTAGTCTC-1,315,2112,52,1236
GTCTACCAGTCAGGGT-1,12224,127,905,4108
GTCTACCAGTGATTCC-1,13392,85,443,4093
GTCTACCAGTGGTGGT-1,9,769,43,512
GTCTACCCACGGCACT-1,5083,231,481,2049
GTCTACCGTAGTCCTA-1,36,4874,241,1873
GTCTACCGTGTCCTAA-1,2189,123,108,1399
GTCTACCGTTCAGCTA-1,11476,90,649,3867
GTCTACCGTTCGTAAC-1,13037,89,583,4005
GTCTACCGTTGCCTAA-1,11,588,26,420
GTCTACCTCCAAACCA-1,11,1315,102,737
GTCTACCTCCCACAGG-1,11622,79,427,3763
GTCTACCTCCGGCAGT-1,1427,12,120,819
GTCTACCTCCTTACCG-1,44,7896,505,2724
GTCTACCTCGTCACCT-1,57,5451,330,2293
GTCTAGAAGGCTGAAC-1,8791,57,486,3498
GTCTAGAAGGGTTAGC-1,56,7707,420,2659
GTCTAGACAATAGGGC-1,44,9074,443,2931
GTCTAGACACGACGCT-1,99,1016,12,717
GTCTAGACATGAGTAA-1,1674,515,145,1301
GTCTAGATCAGACAAA-1,1307,132,116,877
GTCTAGATCCCACAGG-1,31,5139,392,1794
GTCTAGATCTTGAGCA-1,40,4424,390,1827
GTCTCACAGACGGAAA-1,8973,72,571,3333
GTCTCACAGAGCATAT-1,86,11825,674,3452
GTCTCACAGGATACGC-1,53,5776,409,2237
GTCTCACCAGGCATTT-1,14149,96,791,4408
GTCTCACCATTGCAAC-1,3334,287,234,1831
GTCTCACGTATGGGAC-1,10507,74,907,3667
GTCTCACGTCATGCAT-1,7695,55,375,2973
GTCTCACGTTCTCCTG-1,694,5,38,494
GTCTCACGTTTAGTCG-1,38,4606,237,1799
GTCTCACTCACGGGAA-1,7386,39,359,2913
GTCTCACTCCTAGCCT-1,10571,89,815,4022
GTCTCACTCGCCTCTA-1,35,6030,341,2457
GTCTGTCAGTTGCGAG-1,546,1408,107,1198
GTCTGTCAGTTGCTCA-1,26,3654,215,1443
GTCTGTCCAAGCGCTC-1,203,1832,217,902
GTCTGTCCAAGTCCCG-1,36,4953,389,1682
GTCTGTCCATAGATCC-1,891,12,59,594
GTCTGTCGTAGAATAC-1,83,10887,790,3428
GTCTGTCGTGCGAACA-1,7722,36,826,2821
GTCTGTCTCGCCCAGA-1,7164,40,462,2873
GTCTGTCTCGCGTAGC-1,20,5053,312,1946
GTCTGTCTCTGAGTCA-1,6718,28,372,3011
GTCTGTCTCTTCGGAA-1,59,9245,721,2922
GTCTTTAAGCTGTTAC-1,611,376,29,741
GTCTTTACACATACTG-1,7445,61,374,3042
GTCTTTACACTGGATT-1,873,7,48,580
GTCTTTACAGAGTTCT-1,37,4291,294,1802
GTCTTTACAGATACCT-1,448,112,31,452
GTCTTTAGTAACTGCT-1,296,653,33,694
GTCTTTAGTTCCATTT-1,364,185,16,440
GTCTTTATCATCTATC-1,1040,499,43,1059
GTCTTTATCCAATCTT-1,989,197,47,822
GTCTTTATCCACCTCA-1,939,5,1,599
GTCTTTATCGAATCCA-1,13464,97,764,4381
GTGACGCAGATAGCAT-1,23821,155,1065,5760
GTGACGCAGGGTACGT-1,13461,79,689,4209
GTGACGCAGTCCGTCG-1,70,12059,745,3420
GTGACGCAGTGCTAGG-1,8868,46,650,3135
GTGACGCCAAATTGCC-1,250,2032,228,1147
GTGACGCCACATTACG-1,3216,14360,944,5215
GTGACGCCATCTCCCA-1,98,12072,722,3722
GTGACGCGTAGGGTAC-1,6741,50,433,2502
GTGACGCGTCGAACGA-1,8121,40,477,2991
GTGACGCGTCTGGTTA-1,6849,83,394,2650
GTGACGCTCAAACTGC-1,2848,22,192,1366
GTGACGCTCAACGCTA-1,56,11332,513,3241
GTGACGCTCCGATCTC-1,37,6326,723,2143
GTGACGCTCCGGTAGC-1,78,9524,688,3048
GTGAGCCAGACTCTTG-1,30,4039,312,1800
GTGAGCCAGCCAGAGT-1,25,2839,312,699
GTGAGCCAGCGTCGAA-1,53,6213,434,2100
GTGAGCCAGGATGCGT-1,73,12883,542,3495
GTGAGCCAGGTGCTAG-1,54,7827,696,2568
GTGAGCCCAACTGATC-1,17418,98,941,4465
GTGAGCCCACAATTCG-1,99,20211,1049,4401
GTGAGCCCACCAATTG-1,372,197,23,464
GTGAGCCCAGCTTTCC-1,1069,1244,64,1423
GTGAGCCCATGTTCGA-1,597,66,38,505
GTGAGCCGTGAGGAAA-1,36,7967,439,2589
GTGAGCCTCGAATCCA-1,575,977,92,1012
GTGAGCCTCTATCACT-1,69,7496,467,2542
GTGAGGAAGATCGACG-1,1897,9,1,897
GTGAGGAAGGTTGAGC-1,382,8643,473,2944
GTGAGGAAGTGCAGGT-1,96,10496,653,3322
GTGAGGAAGTTAGAAC-1,367,1717,243,991
GTGAGGACACAAATAG-1,29,3700,348,1549
GTGAGGACACGCTATA-1,24,1309,76,707
GTGAGGACAGCAATTC-1,10218,12829,1420,6932
GTGAGGACATCGGAGA-1,46,5606,421,1993
GTGAGGAGTCAACACT-1,4438,55,252,2020
GTGAGGATCAAACGAA-1,1439,46,55,937
GTGAGGATCCGACATA-1,10285,86,830,3601
GTGAGGATCGCTTACC-1,10498,68,675,3748
GTGAGGATCGGAGTAG-1,5735,41,432,2346
GTGAGTTAGATTAGAC-1,48,8279,381,2581
GTGAGTTAGCAACCAG-1,16078,124,999,4783
GTGAGTTAGCCGATAG-1,211,1940,123,1129
GTGAGTTAGGGCCAAT-1,2274,68,222,1152
GTGAGTTAGTGCTCAT-1,53,7976,710,2523
GTGAGTTCAAAGGCTG-1,8965,75,638,3428
GTGAGTTCAGAGATTA-1,4659,55,690,2333
GTGAGTTCAGCAGACA-1,17740,134,865,5024
GTGAGTTCAGGCACAA-1,25,3369,276,1635
GTGAGTTGTACCTTCC-1,44,5753,441,2349
GTGAGTTGTAGGACTG-1,24,2089,92,1057
GTGATGTAGACTACGG-1,30,4896,312,1895
GTGATGTAGTGCACTT-1,45,7146,411,2331
GTGATGTCAGCGTGAA-1,59,8487,730,2786
GTGATGTGTCCGGTGT-1,56,7967,590,2550
GTGATGTGTTTAGACC-1,7900,50,580,2743
GTGATGTTCAGTCACA-1,3871,1089,214,2283
GTGATGTTCATTGTTC-1,732,323,42,778
GTGATGTTCCTTACCG-1,11602,79,500,3638
GTGCACGAGACCACGA-1,697,9,31,486
GTGCACGAGCAACTTC-1,54,9694,633,3130
GTGCACGAGGCGCTCT-1,16747,93,1201,4584
GTGCACGCAAAGCAAT-1,2631,707,246,1809
GTGCACGCAAAGGGTC-1,45,12795,663,3288
GTGCACGCACAAAGCG-1,591,1425,167,1126
GTGCACGCACGCCACA-1,884,13,45,662
GTGCACGCAGAGCGTA-1,15292,134,862,4701
GTGCACGGTAGGAAAG-1,11099,59,782,3554
GTGCACGGTCTGCGCA-1,11,1328,69,742
GTGCACGTCCATTGGA-1,510,13,12,387
GTGCACGTCCCAGTGG-1,14139,81,476,4461
GTGCACGTCCCATACC-1,1473,17,59,838
GTGCACGTCCCTGTTG-1,53,8108,677,2586
GTGCACGTCGTCTCAC-1,63,9240,715,2944
GTGCAGCAGGATCACG-1,9775,68,686,3468
GTGCAGCAGGTGCTAG-1,804,461,41,937
GTGCAGCAGTCTTCGA-1,182,5127,850,1832
GTGCAGCCACGGCCAT-1,53,9941,567,3219
GTGCAGCCACTACACA-1,32,8003,624,2454
GTGCAGCCAGCTTTGA-1,38,9356,386,2769
GTGCAGCGTACTCGCG-1,163,1198,94,830
GTGCAGCTCACCATCC-1,120,1053,49,724
GTGCAGCTCACTGATG-1,9073,46,517,3309
GTGCGTGAGCTGGTGA-1,47,4937,315,1917
GTGCGTGAGGTGCCTC-1,356,1606,130,1069
GTGCGTGCATGCCGGT-1,10166,57,671,3340
GTGCGTGTCCGAAATC-1,9220,58,678,3419
GTGCTGGAGGCAGGTT-1,34,6513,591,2303
GTGCTGGCAAGTTGGG-1,30,9742,397,2849
GTGCTGGCACGGTGTC-1,2036,1016,204,1628
GTGCTGGGTCTTCGAA-1,2033,31,96,1140
GTGCTGGGTGTCCTAA-1,70,8686,763,2789
GTGCTGGGTGTTGCCG-1,4519,21,248,1761
GTGCTGGGTTCTTCAT-1,54,6750,358,2631
GTGCTGGGTTGACTAC-1,65,9552,743,2939
GTGCTTCCACTGGCGT-1,44,7945,571,2688
GTGCTTCCAGCAGGAT-1,14580,85,1000,4207
GTGCTTCCATCCGTGG-1,18,1740,1,644
GTGCTTCGTAGACAAT-1,45,5120,339,1862
GTGCTTCTCACCTCAC-1,7587,126,390,2938
GTGCTTCTCGATAACC-1,1329,1458,266,1320
GTGCTTCTCGTTAGTG-1,133,21557,1235,4667
GTGCTTCTCTTGGGCG-1,1220,67,177,784
GTGGAAGAGACTCTTG-1,17462,129,1292,4830
GTGGAAGAGTGAGTGC-1,7046,37,697,2376
GTGGAAGCAGCGATTT-1,11260,71,789,3719
GTGGAAGCATGTGGCC-1,7906,28,664,2744
GTGGAAGGTACCGGCT-1,11939,70,752,3599
GTGGAAGGTAGATTAG-1,12924,133,810,4057
GTGGAAGTCCAAAGGG-1,54,8295,599,2669
GTGGAAGTCTATCCAT-1,553,10,13,393
GTGGAAGTCTTCGACC-1,2165,600,209,1537
GTGGAGAAGCATGATA-1,804,1478,255,1265
GTGGAGAAGGTGAGCT-1,120,1953,284,904
GTGGAGAAGTAGCAAT-1,45,6157,473,2449
GTGGAGACAAGTGGCA-1,6559,15,1,1993
GTGGAGACACTCTAGA-1,27,5530,464,1931
GTGGAGACAGCTATTG-1,49,6770,606,2224
GTGGAGACAGGCATTT-1,11877,83,770,3875
GTGGAGAGTAAGAACT-1,22,2134,163,1016
GTGGAGAGTAGAGATT-1,86,8893,496,2804
GTGGAGAGTAGGACTG-1,35,5887,477,2091
GTGGAGAGTCGCTCGA-1,56,15271,1023,3838
GTGGAGAGTCTACACA-1,17,1669,183,426
GTGGAGAGTGAGTTTC-1,49,5524,496,2040
GTGGAGATCCGATGTA-1,99,5456,631,2042
GTGGAGATCCGTATGA-1,10600,82,494,3613
GTGGAGATCGAAGTGG-1,12862,100,778,4077
GTGGAGATCGATAACC-1,6287,52,509,2560
GTGGAGATCGCATGAT-1,46,8401,321,2558
GTGGAGATCGCCAGAC-1,9103,72,597,3293
GTGGAGATCTGGCCTT-1,3417,153,236,1844
GTGGCGTAGCATCCTA-1,235,1560,73,998
GTGGCGTAGCCGCTTG-1,11785,75,955,3932
GTGGCGTAGGCCCGTT-1,11,3066,201,799
GTGGCGTCACAATGCT-1,2158,260,127,1313
GTGGCGTCAGGTTTAC-1,45,6534,371,2302
GTGGCGTGTACCGTGC-1,6406,82,526,2606
GTGGCGTGTACGACTT-1,76,10252,706,3110
GTGGCGTGTACTGACT-1,8,1625,57,458
GTGGCGTTCGGCCAAC-1,16139,85,1160,4705
GTGGGAAAGTCCGCGT-1,44,7716,670,2391
GTGGGAACAAAGGCTG-1,79,13756,639,3427
GTGGGAACAACAAGTA-1,811,224,74,736
GTGGGAATCCGAGATT-1,40,3592,512,1523
GTGGGAATCTACTTCA-1,5878,7517,884,5254
GTGGTTAAGAAACCAT-1,9626,90,653,3257
GTGGTTAAGCCGGATA-1,9147,54,535,3157
GTGGTTAAGTGTTCCA-1,611,81,68,519
GTGGTTACACCATAAC-1,2502,3734,238,2993
GTGGTTACACGCGTGT-1,29,3986,190,1842
GTGGTTACAGGCTATT-1,17,544,22,402
GTGGTTAGTGTGTGGA-1,67,8806,504,2699
GTGGTTAGTTACTCAG-1,77,4977,500,1759
GTGGTTATCATTTGGG-1,9097,65,631,3342
GTGTAACCACGCGGTT-1,781,9,24,548
GTGTAACCATCGGCCA-1,2161,658,144,1518
GTGTAACCATTCATCT-1,6899,26,458,2622
GTGTAACGTAGAGACC-1,38,6690,611,2074
GTGTCCTAGTTCCTGA-1,50,5047,428,1848
GTGTCCTCAATTGAAG-1,47,6570,351,2412
GTGTCCTCAGGCGAAT-1,9939,78,768,3487
GTGTCCTCAGGTCTCG-1,88,3413,393,1648
GTGTCCTGTAGACTGG-1,14,2511,133,1102
GTGTCCTGTCGCATCG-1,44,6711,398,2433
GTGTCCTGTGCTGCAC-1,14283,79,933,4382
GTGTCCTGTGGAACAC-1,747,30,62,549
GTGTCCTGTTAGAGTA-1,37,4491,286,1815
GTGTCCTGTTCAGTAC-1,928,11,25,592
GTGTCCTGTTGGAGGT-1,28,4296,254,1828
GTGTCCTTCATGCTAG-1,366,1486,179,1061
GTGTCCTTCCTCCACA-1,1072,48,49,739
GTGTCCTTCGCAATTG-1,12625,88,852,3963
GTGTGATAGGCTCTAT-1,48,6166,315,2341
GTGTGATAGGTGCCAA-1,44,4407,337,1695
GTGTGATGTAGCTAAA-1,7807,81,526,3185
GTGTGATGTCGAGTGA-1,7625,54,336,2968
GTGTGATTCCATCCGT-1,8516,64,494,3119
GTGTGATTCGGTCAGC-1,9841,96,558,3678
GTGTGGCAGAGTCTTC-1,18815,125,1152,5334
GTGTGGCAGTGATAGT-1,8037,60,531,2855
GTGTGGCCACGAGGAT-1,72,11639,525,3382
GTGTGGCCAGCGGATA-1,9811,70,657,3398
GTGTGGCCAGTTCCAA-1,1504,17,3,791
GTGTGGCGTAGGGAGG-1,12842,87,914,3893
GTGTGGCTCACGGGAA-1,69,12861,715,3465
GTGTGGCTCTCATGGA-1,10773,103,724,3685
GTGTTAGAGCTAGAAT-1,76,8707,660,2909
GTGTTAGCAATGCAGG-1,101,13965,1308,3838
GTGTTAGCACACGGTC-1,6162,38,510,2548
GTGTTAGCAGAGGCTA-1,55,6206,496,2207
GTGTTAGCATATCTCT-1,6159,48,452,2625
GTGTTAGCATGCCGGT-1,32,6761,352,2327
GTGTTAGGTATGTCCA-1,1693,57,102,1060
GTGTTAGTCCTATTGT-1,7747,80,566,2955
GTGTTAGTCTCCGAAA-1,47,4220,282,1879
GTGTTCCAGCCATTGT-1,119,8078,592,2938
GTGTTCCAGCGTGTCC-1,7143,39,458,2830
GTGTTCCAGCTGGCCT-1,8269,58,618,2846
GTGTTCCAGCTTTCTT-1,9959,36,519,3058
GTGTTCCAGGGCAGGA-1,41,4105,448,1581
GTGTTCCCACTGATTG-1,1171,5,38,744
GTGTTCCCAGGCCCTA-1,2430,436,170,1537
GTGTTCCGTCCAAGAG-1,6259,35,460,2450
GTGTTCCTCGAGAAGC-1,11480,76,681,3646
GTGTTCCTCGTAGAGG-1,44,7076,410,2583
GTGTTCCTCTAGCCAA-1,50,4880,555,1768
GTTACAGAGACTTGTC-1,28,5409,386,1988
GTTACAGAGCGAAACC-1,26,5562,467,1937
GTTACAGAGGTGGTTG-1,60,5943,586,2215
GTTACAGAGTAAGCAT-1,836,176,48,712
GTTACAGAGTGGTTGG-1,34,5059,389,1920
GTTACAGCAACCGATT-1,11460,100,761,3892
GTTACAGCAAGCTGCC-1,51,7148,509,2410
GTTACAGCACGCAGTC-1,7171,52,405,3170
GTTACAGCAGGTGAGT-1,492,11,26,375
GTTACAGCATCTCGTC-1,162,8755,522,2981
GTTACAGCATGCCGCA-1,12523,298,635,3989
GTTACAGGTAAGATAC-1,985,150,106,785
GTTACAGGTCGGATTT-1,6697,31,318,2399
GTTACAGGTCTCTCTG-1,3586,139,318,1636
GTTACAGTCCTTCACG-1,1114,62,39,746
GTTACAGTCCTTTAGT-1,38,6472,281,2226
GTTACAGTCTTACCGC-1,8,760,34,504
GTTACAGTCTTTGCAT-1,416,907,39,936
GTTACCCAGATGCTTC-1,37,5449,343,2151
GTTACCCAGCAACAGC-1,12039,86,584,3903
GTTACCCAGCCACAAG-1,59,10410,622,2915
GTTACCCAGCGTGTTT-1,315,1527,127,937
GTTACCCGTCACTAGT-1,1053,1173,108,1442
GTTACCCGTCCCTGTT-1,42,7124,431,2531
GTTACCCTCACACCGG-1,59,6068,479,1991
GTTACCCTCGAGTCCG-1,136,539,20,513
GTTACCCTCTACCACC-1,501,24,4,399
GTTACCCTCTCGAGTA-1,283,475,47,595
GTTACGAAGGCCACCT-1,1005,11,61,630
GTTACGACAAGAAACT-1,76,8806,588,2910
GTTACGACACCGTGCA-1,9660,4794,860,5189
GTTACGACATGCACTA-1,21,2085,159,962
GTTACGAGTCTACAGT-1,10810,69,609,3817
GTTACGATCCAGCACG-1,8022,51,550,2900
GTTACGATCCCGGTAG-1,49,6668,591,2271
GTTACGATCTTGGAAC-1,35,4843,543,1772
GTTAGACAGCCAGAGT-1,53,4999,448,1827
GTTAGACAGGAGGCAG-1,5278,15,6,1667
GTTAGACCAACCCTAA-1,9245,70,537,3365
GTTAGACGTAACCCGC-1,425,1360,76,1084
GTTAGACGTAGACGTG-1,1631,151,142,1000
GTTAGACTCATGGAGG-1,11755,84,851,3711
GTTAGACTCGACCACG-1,49,9033,917,2740
GTTAGACTCTTAGCAG-1,48,1596,81,847
GTTAGTGAGCAAATCA-1,862,65,48,658
GTTAGTGAGCAGTCTT-1,76,7790,503,2651
GTTAGTGCACCAAATC-1,126,20577,1440,4640
GTTAGTGCATGAAAGT-1,40,6956,366,2401
GTTAGTGCATGAGATA-1,44,6848,520,2347
GTTAGTGGTGAGAACC-1,46,5582,313,2049
GTTAGTGGTGATTAGA-1,47,5795,438,2051
GTTAGTGGTGCCTTTC-1,1736,14,108,953
GTTAGTGGTGTCCGGT-1,12122,80,956,3910
GTTAGTGGTTACGATC-1,11661,81,702,3629
GTTAGTGTCAACTACG-1,43,5519,502,1816
GTTAGTGTCGGCTCTT-1,1815,15,115,923
GTTATGGCAGATCCTA-1,115,1549,230,742
GTTATGGCATGTTTGG-1,22,5228,359,1971
GTTATGGGTCATATGC-1,61,8937,638,2911
GTTATGGGTGGCAACA-1,22206,5001,1922,7486
GTTATGGGTTAAGTCC-1,39,4421,273,1729
GTTATGGTCAAGCCTA-1,69,8160,553,2949
GTTATGGTCGCCTATC-1,1216,85,30,787
GTTATGGTCGCCTTTG-1,32,6844,477,2301
GTTCATTAGCATGATA-1,748,35,36,554
GTTCATTAGCGGTAGT-1,752,16,36,539
GTTCATTAGTAGGGTC-1,50,4979,403,1906
GTTCATTAGTCACGCC-1,530,9,6,436
GTTCATTCAGTGTGCC-1,742,93,12,581
GTTCATTCATTGTGCA-1,15043,98,816,4579
GTTCATTGTTTCGTTT-1,869,593,37,1019
GTTCATTTCAAATGCC-1,1025,474,72,1022
GTTCATTTCCTACCAC-1,13,1099,39,621
GTTCCGTAGGAAAGTG-1,24,3868,236,1469
GTTCCGTAGGTCATTC-1,2060,139,168,1263
GTTCCGTCAACAGCTT-1,10879,78,168,4089
GTTCCGTCACATACGT-1,1747,929,96,1565
GTTCCGTCACGTCGGT-1,39,5949,413,2090
GTTCCGTCACTTACAG-1,692,21,31,530
GTTCCGTCAGAGGACT-1,166,555,23,548
GTTCCGTGTCACCGCA-1,12,1092,57,653
GTTCCGTGTTGAGAGC-1,7772,4211,910,4667
GTTCCGTTCAAACCTG-1,232,1302,96,897
GTTCCGTTCAACTACG-1,1480,353,132,1132
GTTCCGTTCACTCACC-1,82,13785,690,4206
GTTCCGTTCACTGCTC-1,485,64,20,452
GTTCCGTTCTAAGGAA-1,8776,58,442,2967
GTTCGCTAGATAGGGA-1,56,9446,710,2693
GTTCGCTAGATCCTAC-1,13843,81,716,4124
GTTCGCTAGCGCCTCA-1,1228,213,38,952
GTTCGCTAGGGTAGCT-1,63,8131,697,2794
GTTCGCTAGTGCGTCC-1,42,8396,610,2749
GTTCGCTAGTTGGCTT-1,1155,248,95,930
GTTCGCTCAACCAGAG-1,277,442,28,560
GTTCGCTCAACTCGAT-1,13,598,24,433
GTTCGCTCACTGGCCA-1,352,676,21,726
GTTCGCTCAGGTTTAC-1,29,5193,335,2025
GTTCGCTCATCAGCTA-1,39,6551,475,2305
GTTCGCTGTAACATAG-1,9904,84,407,3627
GTTCGCTGTAGCCCTG-1,5601,28,519,2182
GTTCGCTGTGCGTTTA-1,1154,783,76,1262
GTTCGCTGTTCAAGGG-1,66,8198,690,2663
GTTCGCTGTTGCTTGA-1,714,8,1,496
GTTCGCTTCAGAATAG-1,54,6670,390,2272
GTTCGCTTCATGAAAG-1,3150,42,520,1577
GTTCGCTTCCATAGGT-1,1775,113,98,1068
GTTCGCTTCCTGTTGC-1,69,933,22,680
GTTCGCTTCCTTCAGC-1,510,176,19,527
GTTCGCTTCTTCGACC-1,31,9796,521,2979
GTTCTATAGACATAAC-1,9005,71,636,3307
GTTCTATAGAGGGCGA-1,927,119,121,686
GTTCTATAGCCGGATA-1,8650,73,463,3321
GTTCTATAGGACTAAT-1,20,3526,192,1564
GTTCTATCAAACACGG-1,34,5863,291,2164
GTTCTATCAACACAGG-1,707,15,34,526
GTTCTATCAACGAGGT-1,25,4161,381,1771
GTTCTATCATCATGAC-1,14,664,17,455
GTTCTATGTACTGCGC-1,769,7,38,534
GTTCTATGTAGTGATA-1,39,5599,343,1992
GTTCTATGTGCTGATT-1,10485,87,656,3918
GTTCTATTCGTTAGTG-1,15735,148,1150,4977
GTTCTATTCTCAATCT-1,7407,65,492,2978
GTTCTATTCTCGCCTA-1,45,5600,291,2207
GTTCTATTCTTGGTGA-1,20,2638,460,1368
GTTCTATTCTTTGCGC-1,5630,50,343,2397
GTTGAACAGAGGCCAT-1,12601,99,647,4275
GTTGAACCACACCAGC-1,61,6960,427,2361
GTTGAACCACGTACTA-1,688,113,14,572
GTTGAACCAGACACCC-1,42,6369,459,2530
GTTGAACCATGTCGTA-1,1959,331,113,1382
GTTGAACCATTCATCT-1,96,13695,779,3758
GTTGAACGTACATTGC-1,281,1395,79,987
GTTGAACGTCTACGAT-1,73,11911,789,3230
GTTGAACGTGCAGTGA-1,12081,86,657,4134
GTTGAACGTGCTTCAA-1,45,6433,395,2125
GTTGAACGTTCACCGG-1,7783,68,903,3212
GTTGAACGTTCGGCTG-1,7650,63,585,2779
GTTGAACGTTTCGTAG-1,26,2920,407,1214
GTTGAACTCTCAAAGC-1,228,1139,73,888
GTTGAACTCTCTCTAA-1,60,5430,233,2277
GTTGCGGCAGGTGTGA-1,14217,73,791,4130
GTTGCGGCATAGTCGT-1,11277,72,783,3781
GTTGCGGGTCGATGCC-1,4123,39,414,1990
GTTGCGGGTGGCATCC-1,14067,100,1033,4212
GTTGCGGTCACCCATC-1,42,6954,450,2643
GTTGCGGTCATCGTAG-1,40,4892,490,1841
GTTGCGGTCCCTGGTT-1,26274,155,1256,5831
GTTGCTCAGAGCAACC-1,109,15240,727,4085
GTTGCTCAGCCTATTG-1,741,76,25,600
GTTGCTCAGGTTCCAT-1,839,417,32,869
GTTGCTCAGTTGTAGA-1,16169,125,1226,4869
GTTGCTCCAACCGTAT-1,16,589,41,416
GTTGCTCCACGACAAG-1,58,9977,656,3182
GTTGCTCCACTCAAGT-1,55,7069,493,2865
GTTGCTCCAGAGTCTT-1,12380,72,495,4253
GTTGCTCCAGCGTAGA-1,299,425,73,568
GTTGCTCCATCGGCCA-1,109,14791,886,4363
GTTGCTCCATGTAACC-1,105,9815,913,3070
GTTGCTCGTACGAGCA-1,4250,50,645,1978
GTTGCTCGTCCTATAG-1,15,1165,67,675
GTTGCTCGTCGAGCAA-1,10,1476,80,753
GTTGCTCGTGAAGCTG-1,64,9802,528,2860
GTTGCTCGTTTACTTC-1,48,9927,466,2974
GTTGCTCTCGCTATTT-1,21,1233,36,703
GTTGCTCTCGTCCTCA-1,40,6227,413,2161
GTTGTAGAGACAGCTG-1,104,5982,449,2140
GTTGTAGAGGGAGTTC-1,8395,77,598,3199
GTTGTAGAGTAGGCCA-1,63,6212,538,2111
GTTGTAGCAACGATTC-1,378,1940,242,1092
GTTGTAGGTCGTCTCT-1,945,292,71,896
GTTGTAGTCGGCTGAC-1,12974,60,917,3860
GTTGTCCAGACTTCCA-1,7765,58,426,3162
GTTGTCCAGCCGCTTG-1,22,2102,81,1011
GTTGTCCAGGATGAGA-1,9432,62,708,3236
GTTGTCCAGGGTGAAA-1,40,7190,434,2461
GTTGTCCAGTAAGACT-1,61,5634,487,2078
GTTGTCCAGTGTTGAA-1,52,9629,459,2929
GTTGTCCCAGGCTCTG-1,84,12225,877,3392
GTTGTCCGTACCTAAC-1,21,5156,416,1910
GTTGTCCGTCACGTGC-1,14275,64,986,4033
GTTGTCCGTGCGGATA-1,33,5464,497,2048
GTTGTCCGTTGAATCC-1,4259,29,271,2041
GTTGTCCGTTGTGGCC-1,2022,11,11,897
GTTGTCCTCATGCCGG-1,16,792,49,503
GTTGTCCTCGATTCCC-1,41,6887,386,2205
GTTGTCCTCGTTCCCA-1,816,320,41,835
GTTGTCCTCTGTGCTC-1,64,6010,541,2173
GTTGTGAAGAAACCCG-1,41,8261,400,2723
GTTGTGAAGAATCGAT-1,55,6731,565,2432
GTTGTGAAGGCACTCC-1,96,11930,954,3490
GTTGTGACACTAGGTT-1,7,3084,371,695
GTTGTGACACTTCCTG-1,373,1586,196,1031
GTTGTGACAGATCCAT-1,50,5808,567,2027
GTTGTGACATCATCTT-1,190,2080,135,1027
GTTGTGAGTCCGGTGT-1,8302,48,784,2848
GTTGTGAGTGTCCCTT-1,62,8646,602,2925
GTTGTGATCCTAGCGG-1,4647,53,480,2214
GTTTACTAGCACTTTG-1,13372,227,769,4503
GTTTACTAGCCTCACG-1,110,833,68,628
GTTTACTAGGAACTAT-1,59,6096,342,2222
GTTTACTAGGCCACCT-1,596,16,27,447
GTTTACTAGGGACAGG-1,8884,82,638,3111
GTTTACTAGGGTACGT-1,4391,27,333,2038
GTTTACTAGGGTGAGG-1,13,1020,109,607
GTTTACTAGTTGCTGT-1,62,9296,604,3127
GTTTACTCAAAGGTTA-1,1048,53,24,686
GTTTACTCAAGTGCAG-1,1288,15,625,610
GTTTACTCATGCAGGA-1,7435,52,259,2785
GTTTACTGTCTTACAG-1,36,5952,359,2188
GTTTACTGTGCACAAG-1,68,8745,550,3205
GTTTACTTCATTTACC-1,534,11,11,397
GTTTACTTCGCTGTCT-1,627,142,23,587
GTTTACTTCTCAGAAC-1,7884,8260,862,5885
GTTTGGAGTTCTCCTG-1,2452,15,0,1097
GTTTGGAGTTGCAACT-1,470,773,58,865
TAACACGAGAGGCGTT-1,44,5126,452,1701
TAACACGAGCCAAGTG-1,1309,386,112,1076
TAACACGAGGTTGCCC-1,14247,110,776,4266
TAACACGAGTGTAGTA-1,8,1542,183,485
TAACACGAGTTTGAGA-1,7553,57,562,2900
TAACACGCACTTTATC-1,13,647,29,418
TAACACGCAGAAGTTA-1,718,94,58,605
TAACACGCAGACCCGT-1,10,1761,132,775
TAACACGCAGAGGTTG-1,46,10394,301,2895
TAACACGCAGTACTAC-1,13695,99,745,4428
TAACACGCAGTCACGC-1,18,1598,92,782
TAACACGCATGACACT-1,9539,617,750,3480
TAACACGGTAGCTGAG-1,2101,149,154,1323
TAACACGGTCCCACGA-1,1008,377,79,933
TAACACGGTCCCTCAT-1,142,10278,519,3490
TAACACGGTCCGGACT-1,732,97,38,609
TAACACGGTCTACAGT-1,397,663,48,754
TAACACGTCCTTCACG-1,49,13191,472,3387
TAACACGTCGGCCTTT-1,1446,21,2,806
TAACACGTCTCCCATG-1,71,9886,625,2950
TAACCAGAGAATGTTG-1,58,8114,505,2816
TAACCAGAGTAGAATC-1,52,7282,279,2417
TAACCAGAGTATGATG-1,23,3205,246,1330
TAACCAGCACCCTGTT-1,1613,505,127,1277
TAACCAGCACCCTTAC-1,85,11797,693,3444
TAACCAGGTAATACCC-1,106,11077,578,3766
TAACCAGGTACAGTCT-1,288,295,30,470
TAACCAGGTCTCAGGC-1,611,333,35,716
TAACCAGGTTGCGGCT-1,3236,147,325,1480
TAACCAGTCACCATCC-1,796,207,26,718
TAACCAGTCCAATCCC-1,49,8503,555,2843
TAACCAGTCCACAGGC-1,626,7,29,458
TAACCAGTCCTTATGT-1,8047,44,292,3169
TAACCAGTCGCCTTGT-1,10297,65,580,3641
TAACCAGTCGGTAACT-1,33,6809,524,2151
TAACCAGTCTGGACCG-1,376,4007,433,1846
TAACGACAGCTAATGA-1,2145,11,1,959
TAACGACAGGAAAGGT-1,1003,10,90,642
TAACGACAGGCCACCT-1,46,6962,553,2330
TAACGACAGGGCCTCT-1,16,632,22,464
TAACGACAGTCTCGTA-1,1535,4,7,749
TAACGACAGTTGAAAC-1,3013,21,174,1509
TAACGACCAATGAACA-1,36,5341,452,1988
TAACGACCACGCTGAC-1,77,9628,867,2934
TAACGACGTAGACACG-1,8698,72,555,3305
TAACGACGTATCAGCT-1,23,5536,422,2230
TAACGACGTGATACTC-1,52,8458,512,2590
TAACGACGTTCAAGTC-1,34,7217,358,2528
TAACGACTCGCGGACT-1,9289,45,423,3202
TAACGACTCTCATGCC-1,1941,261,87,1263
TAACTTCAGAGTGTGC-1,16514,96,1125,4598
TAACTTCAGCCATTCA-1,2246,20,111,1197
TAACTTCAGGAACGAA-1,49,5167,622,1906
TAACTTCAGGTACATA-1,639,6,30,466
TAACTTCCAGCCTTCT-1,13467,91,315,4583
TAACTTCCATGCTGCG-1,8353,64,545,3041
TAACTTCGTGATTGGG-1,26,6429,401,2148
TAACTTCGTGGTCAAG-1,33,5916,403,2033
TAACTTCTCAACGCTA-1,251,622,26,643
TAACTTCTCACCATAG-1,1210,641,67,1217
TAACTTCTCATGCATG-1,316,607,29,694
TAACTTCTCCAAGGGA-1,63,10093,503,3128
TAACTTCTCGACCCAG-1,333,210,6,447
TAACTTCTCTGCTCTG-1,19,4391,234,1709
TAACTTCTCTGTGCAA-1,7646,60,491,3149
TAAGCACAGCCGATCC-1,200,306,19,422
TAAGCACAGCTCGCAC-1,22,6073,296,2222
TAAGCACAGTCATGAA-1,74,8380,450,2837
TAAGCACCAACCGACC-1,8021,12230,776,6435
TAAGCACCAGAGTCTT-1,15201,115,678,4522
TAAGCACGTGCGCTCA-1,33,5326,364,2095
TAAGCACTCAGGACGA-1,8302,29,509,2728
TAAGCACTCGAAGTGG-1,938,31,61,644
TAAGCCAAGAGAGCGG-1,30,5711,395,1942
TAAGCCAAGTTTGGCT-1,14,1567,92,850
TAAGCCACAACCACGC-1,318,226,13,440
TAAGCCACAATACAGA-1,1392,249,53,1061
TAAGCCACACACCAGC-1,94,559,31,477
TAAGCCACACCATATG-1,9336,58,531,3387
TAAGCCACACTGTTCC-1,2147,15,2,951
TAAGCCACAGCGGATA-1,525,9,10,435
TAAGCCAGTCCCTGTT-1,12951,93,664,4060
TAAGCCAGTGTGGTCC-1,12319,106,580,4047
TAAGCCAGTTGCTCAA-1,27,4426,293,1739
TAAGCCATCAAGCCTA-1,17507,592,1066,5437
TAAGCCATCATTCTTG-1,14569,108,458,4293
TAAGCCATCCACGTCT-1,99,545,19,483
TAAGCCATCCATGATG-1,31,7093,370,2281
TAAGCCATCCTCGCAT-1,2617,3291,130,2814
TAAGCCATCGCGTTTC-1,239,1800,347,923
TAAGCCATCGTCACCT-1,61,1118,68,739
TAAGCGTAGACATGCG-1,6422,64,346,2764
TAAGCGTAGGTCCCGT-1,7924,58,465,2141
TAAGCGTCACTGCATA-1,9,1038,54,597
TAAGCGTCAGTCTTCC-1,47,7062,521,2293
TAAGCGTCAGTGCCTG-1,69,9315,623,3185
TAAGCGTGTACTCGTA-1,21,4917,351,1847
TAAGCGTGTATGTCAC-1,12982,105,911,3967
TAAGCGTGTCTTGGTA-1,8640,59,527,3133
TAAGCGTGTTTGGAGG-1,15,1635,649,712
TAAGCGTTCAGCACCG-1,680,30,36,510
TAAGCGTTCATCGCCT-1,2073,333,126,1417
TAAGCGTTCGGTCTAA-1,1949,18,0,940
TAAGCGTTCTACTGAG-1,42,4588,439,1754
TAAGCGTTCTATACGG-1,9145,50,459,2975
TAAGTCGAGAGTTGAT-1,35,5643,217,2117
TAAGTCGAGGTCGCCT-1,8354,45,153,3244
TAAGTCGAGTCATGGG-1,10408,90,569,3819
TAAGTCGCAAATGATG-1,30,5236,462,2094
TAAGTCGCAATTGCGT-1,53,8819,448,2782
TAAGTCGCACCAATTG-1,492,95,34,477
TAAGTCGCACCATATG-1,865,19,35,599
TAAGTCGCAGGTCCCA-1,2586,21,141,1250
TAAGTCGCATAAGCGG-1,12117,74,749,3718
TAAGTCGGTAACACCT-1,26023,178,1381,6109
TAAGTCGTCACCCTGT-1,31,5116,381,1925
TAAGTCGTCACTCGAA-1,7312,40,364,2907
TAAGTCGTCACTGAAC-1,9735,69,559,3231
TAAGTCGTCCTAGCCT-1,47,6767,340,2296
TAAGTCGTCGGACTGC-1,9599,63,551,3385
TAAGTCGTCTAACGCA-1,10740,68,522,3621
TAAGTCGTCTGAGCAT-1,10132,85,529,3631
TAATCTCAGGACGCTA-1,32,4926,269,1939
TAATCTCAGTACAGAT-1,11012,99,696,3970
TAATCTCAGTGATTCC-1,9240,56,560,3378
TAATCTCAGTGCACCC-1,10451,52,503,3407
TAATCTCCAAAGCTCT-1,1559,770,107,1429
TAATCTCCAAGAGCTG-1,6105,62,335,2759
TAATCTCCAAGGCAAC-1,129,1435,84,854
TAATCTCCAAGGGTCA-1,991,462,77,988
TAATCTCCACAGCTGC-1,45,6896,313,2548
TAATCTCCACCGTCTT-1,1047,140,82,771
TAATCTCCACGTAACT-1,175,966,34,766
TAATCTCCAGCTCCTT-1,1501,13,44,988
TAATCTCGTAACGGTG-1,6472,41,447,2580
TAATCTCGTTCGAGCC-1,1713,500,125,1307
TAATCTCTCACCCTGT-1,59,6100,456,2232
TAATCTCTCACGTAGT-1,40,659,13,489
TAATTCCAGGCTGGAT-1,44,5229,289,2143
TAATTCCAGGTATCTC-1,12817,92,819,4202
TAATTCCAGGTTCCAT-1,52,5903,374,1991
TAATTCCCAATGAGCG-1,47,3816,340,1453
TAATTCCCACTCCTGT-1,87,3003,259,1258
TAATTCCCAGATAAAC-1,31,4613,247,1699
TAATTCCCATGGGAAC-1,54,6135,481,2327
TAATTCCGTAATACCC-1,89,11611,664,3380
TAATTCCGTCTACGTA-1,67,11718,731,3492
TAATTCCGTGGTTTGT-1,62,9975,813,3046
TAATTCCGTTCGGTCG-1,1905,310,234,1175
TAATTCCTCACCTCAC-1,169,1787,58,1029
TAATTCCTCCAATGCA-1,129,509,18,474
TAATTCCTCGACGCGT-1,6474,64,440,2852
TAATTCCTCGTGGACC-1,13,1246,40,721
TAATTCCTCGTTGCCT-1,14063,82,735,4397
TAATTCCTCTACACAG-1,142,650,37,553
TAATTCCTCTGTCTCG-1,49,6947,441,2624
TAATTCCTCTTTCCGG-1,31,4947,216,1963
TACAACGAGAATTCAG-1,1335,13,113,805
TACAACGAGACCAGCA-1,2817,259,138,1466
TACAACGAGCGTGTTT-1,7469,42,463,2645
TACAACGAGGATAATC-1,710,183,45,640
TACAACGAGGTTCTAC-1,65,8919,404,2843
TACAACGAGTTAGTGA-1,50,7140,475,2333
TACAACGCAAGCAATA-1,54,8194,528,2725
TACAACGCAGACTCTA-1,61,10371,459,3124
TACAACGGTATGTCTG-1,39,6750,310,2341
TACAACGGTTATCTTC-1,984,19,35,731
TACAACGGTTTACGAC-1,1398,1816,154,1719
TACAACGTCACTTTGT-1,4897,4516,738,3769
TACAACGTCCCGAGTG-1,16,671,29,471
TACAACGTCGAAACAA-1,13847,124,727,4301
TACACCCAGCGCCGTT-1,10594,76,666,3716
TACACCCAGCTAAACA-1,13,1784,106,908
TACACCCAGCTGGCCT-1,631,620,60,899
TACACCCAGTCACGAG-1,87,13378,894,3678
TACACCCCAAGACGAC-1,448,130,16,461
TACACCCCAGAAGTTA-1,227,2177,70,1298
TACACCCCATGGTGGA-1,11367,86,1010,3854
TACACCCGTACATACC-1,837,22,17,616
TACACCCGTACTCCGG-1,13670,91,1089,4265
TACACCCGTATTTCGG-1,2601,440,275,1583
TACACCCGTCGACTTA-1,74,7774,669,2799
TACACCCGTCGTACAT-1,18,687,17,468
TACACCCGTTATGGTC-1,56,6068,474,2251
TACACCCTCCGTGTCT-1,3720,544,159,2139
TACACCCTCGTAGGAG-1,24,5773,431,2052
TACAGGTAGAAGTCCG-1,12318,92,798,4064
TACAGGTCAACCAATC-1,214,301,7,445
TACAGGTCAAGGTTGG-1,9102,4546,1708,5486
TACAGGTCACAGCTTA-1,30,5769,482,2165
TACAGGTGTAGATCGG-1,11,3411,250,1279
TACAGGTGTATCACGT-1,815,13,38,556
TACAGGTGTATCTTCT-1,19,2302,407,1185
TACAGGTGTCCATCTC-1,18,632,28,465
TACAGGTGTTCAGCTA-1,12092,102,882,4014
TACAGGTGTTGCTCCT-1,65,7060,313,2477
TACAGGTGTTTACACG-1,33,7012,431,2267
TACAGGTTCCGTGGCA-1,1292,5200,396,2646
TACAGGTTCGCCCAGA-1,58,7382,502,2572
TACAGGTTCTACTCAT-1,562,8,49,418
TACAGGTTCTCGAACA-1,7144,50,355,2987
TACAGGTTCTGCCTCA-1,1240,229,56,981
TACAGGTTCTTAAGGC-1,74,10868,637,3379
TACATTCAGAATCTAG-1,9537,64,651,3312
TACATTCAGCCTCTCT-1,937,400,29,914
TACATTCAGCTTTCCC-1,1368,121,40,950
TACATTCAGGGCCCTT-1,459,779,29,850
TACATTCAGGGCTTCC-1,11184,90,792,4175
TACATTCCAAGCCCAC-1,528,169,16,536
TACATTCCACAGCGCT-1,519,13,19,402
TACATTCCATCACGGC-1,61,10245,731,3443
TACATTCGTCCACTCT-1,122,619,27,526
TACATTCGTCTGCCTT-1,1229,17,50,808
TACATTCGTTCGTACA-1,131,625,27,569
TACATTCTCGTACCTC-1,214,654,25,630
TACATTCTCGTCTCAC-1,15543,94,580,4415
TACATTCTCTACGGTA-1,92,9814,477,3505
TACCCACAGCAGGCTA-1,1269,23,72,785
TACCCACAGGAATCGC-1,7293,60,501,2867
TACCCACAGGACTATA-1,1224,13,45,776
TACCCACAGTCCCAAT-1,1051,64,21,720
TACCCACCAAGGAGTC-1,43,6775,257,2400
TACCCACCACACACTA-1,16,1099,11,670
TACCCACCACCCTTGT-1,9542,66,584,3600
TACCCACCAGCAGTAG-1,2511,542,103,1838
TACCCACCAGTATACC-1,22,2245,23,1056
TACCCACGTATCCCAA-1,10670,67,631,3769
TACCCACGTTCCTTGC-1,12592,80,812,4169
TACCCACTCACGACTA-1,489,1602,56,1224
TACCCACTCATTGGTG-1,56,10236,549,3056
TACCCACTCGGCTTCT-1,32,7893,408,2562
TACCCACTCGTTCGCT-1,545,541,39,790
TACCCACTCTGATTCT-1,478,157,17,516
TACCCGTAGAAACTAC-1,49,6076,443,2458
TACCCGTAGACTACGG-1,52,7384,461,2495
TACCCGTAGCGTGTTT-1,14,5492,315,1902
TACCCGTAGGGTCAAC-1,4080,29,267,2029
TACCCGTAGGTGAGAA-1,51,6503,492,2041
TACCCGTCACTCACTC-1,567,117,16,537
TACCCGTCAGGACTAG-1,714,117,37,604
TACCCGTGTACCCGAC-1,8649,47,598,3333
TACCCGTGTCGCGTTG-1,9111,49,710,3265
TACCCGTGTGTCTAAC-1,33,4529,388,1836
TACCCGTTCCAGCTCT-1,494,561,34,745
TACCCGTTCCATCAGA-1,12,1314,1,678
TACCCGTTCGGTCTGG-1,609,333,55,693
TACCCGTTCGTCCTCA-1,92,11309,682,3581
TACCCGTTCGTCCTTG-1,16,1828,123,902
TACCCGTTCTAGATCG-1,28,4657,409,1738
TACCCGTTCTCGTCGT-1,15,2037,230,944
TACCCGTTCTCTCGCA-1,985,315,31,870
TACCGAAAGACGCTCC-1,548,7,9,420
TACCGAAAGAGCAGTC-1,14310,74,741,4328
TACCGAAAGCCGATTT-1,1184,23,68,701
TACCGAAAGCTAGAGC-1,13793,99,1068,4207
TACCGAAAGGGTTGCA-1,37,7304,521,2409
TACCGAACAAACTAAG-1,830,137,86,669
TACCGAACAATCTCTT-1,16,2909,192,1243
TACCGAACAGACGCTC-1,51,2566,107,1193
TACCGAACATCGCCTT-1,504,12,23,376
TACCGAACATTCGATG-1,40,4708,276,2209
TACCGAATCAAATAGG-1,46,4363,366,1734
TACCGAATCCTACGAA-1,56,4826,302,1989
TACCGAATCCTTCTAA-1,45,7365,418,2578
TACCGGGAGATGAACT-1,19774,95,1089,4951
TACCGGGCAAGCGCTC-1,13984,82,949,4065
TACCGGGCACATACGT-1,545,20,10,406
TACCGGGCATAGAGGC-1,562,9,27,421
TACCGGGGTAGTGTGG-1,56,9973,639,3174
TACCGGGGTATTCCGA-1,22010,108,1310,5405
TACCGGGGTGTGCTTA-1,61,8802,548,2838
TACCGGGTCTCCACTG-1,136,2132,63,1100
TACCTCGAGAACTCCT-1,463,2428,122,1481
TACCTCGAGCAAATGT-1,32,4482,360,1711
TACCTCGAGCGGTAGT-1,29,5570,284,2070
TACCTCGAGTGCAGGT-1,30,5788,435,2163
TACCTCGCACAATGCT-1,29,729,12,509
TACCTCGCACGCGTCA-1,67,9508,678,3019
TACCTCGCAGCGTATT-1,30,7041,406,2289
TACCTCGCAGTTGTCA-1,47,5901,353,2137
TACCTCGCATTGCCGG-1,11,1309,45,692
TACCTCGGTTAGGACG-1,25,4309,188,1830
TACCTCGTCAACCGAT-1,36,5941,535,2279
TACCTCGTCGTTAGTG-1,6548,49,531,2593
TACCTCGTCTTTCCAA-1,22,4459,265,1726
TACCTGCAGACTCTAC-1,42,6947,320,2549
TACCTGCAGCAATTCC-1,31,1266,50,740
TACCTGCAGGTCCCGT-1,867,18,0,586
TACCTGCAGGTGCTAG-1,918,292,53,846
TACCTGCAGTCACTCA-1,770,222,19,738
TACCTGCAGTCTGTAC-1,59,6429,454,2168
TACCTGCCACGTACAT-1,889,400,35,902
TACCTGCCACTGCACG-1,21,4476,380,1719
TACCTGCCAGGTGGAT-1,8,537,35,374
TACCTGCGTATGGAGC-1,20,3467,179,1415
TACCTGCGTCTGCAAT-1,25,5472,441,1755
TACCTGCGTCTTACAG-1,873,7700,670,3086
TACCTGCGTGTTACTG-1,7710,37,422,2623
TACCTGCGTTCTAACG-1,17832,91,1009,4683
TACCTGCTCAGCTGAT-1,115,10519,820,3481
TACCTGCTCCCATTTA-1,79,9659,623,3007
TACCTGCTCGCAGTGC-1,20062,149,1103,5432
TACCTGCTCGCCTTTG-1,6,579,15,426
TACGCTCAGGGTCTTT-1,38,5067,247,2123
TACGCTCAGGTTGGAC-1,157,1451,92,903
TACGCTCCACCTTCCA-1,1542,14,206,800
TACGCTCCACTATCCC-1,3415,675,132,2087
TACGCTCCAGCGGATA-1,27,7493,253,2321
TACGCTCGTAAGTTGA-1,25,4265,307,1688
TACGCTCGTCATAAAG-1,8768,74,713,3563
TACGCTCGTCTAGTGT-1,897,43,30,651
TACGCTCGTGCTCTTC-1,394,227,22,505
TACGCTCTCAAATGAG-1,1963,205,236,1144
TACGCTCTCAGCAGAG-1,563,436,44,738
TACGCTCTCATCGCTC-1,15392,87,939,4819
TACGCTCTCCGCACTT-1,53,8086,495,2667
TACGCTCTCGACCCAG-1,1404,38,72,854
TACGCTCTCTAGGCCG-1,414,694,33,816
TACGCTCTCTGATTCT-1,876,592,82,1010
TACGGGCCAACTGATC-1,1959,751,69,1378
TACGGGCCACCGTCGA-1,935,13,61,619
TACGGGCCACTCCGAG-1,13657,64,937,4054
TACGGGCCAGACGATG-1,553,126,25,536
TACGGGCCAGCAGTCC-1,38,10054,642,3028
TACGGGCCAGTGACCC-1,14693,124,609,4637
TACGGGCCATAATCGC-1,578,491,31,784
TACGGGCCATCGGAGA-1,287,528,59,614
TACGGGCGTACCCGCA-1,800,8,43,559
TACGGGCGTCGATTCA-1,42,4144,385,1517
TACGGGCGTGCCCACA-1,47,9297,639,2928
TACGGGCTCACAGTGT-1,11194,79,729,3810
TACGGGCTCCAATGCA-1,7806,55,715,2879
TACGGGCTCGAAACAA-1,6990,59,904,2919
TACGGGCTCTATACTC-1,2218,996,159,1855
TACGGTAAGACTGTTC-1,1784,274,108,1167
TACGGTAAGAGCTGCA-1,8227,52,367,3056
TACGGTAAGTACGTCT-1,39,6048,263,2271
TACGGTAAGTTGTCGT-1,13355,100,1072,4110
TACGGTACACTCTAGA-1,151,364,29,433
TACGGTACAGCCGTTG-1,17,4463,446,1728
TACGGTACATGGATCT-1,5198,46,285,2047
TACGGTAGTAGCGTCC-1,5881,26,368,2517
TACGGTAGTTGCATAC-1,35,7307,457,2439
TACGGTATCACTTGTT-1,9396,52,728,3289
TACGGTATCCGGACTG-1,74,8584,639,2799
TACGGTATCTCTCTAA-1,24,945,30,590
TACGTCCAGACTTCCA-1,75,6632,450,2438
TACGTCCAGGCTTTCA-1,1018,279,57,932
TACGTCCAGGGAGGTG-1,12387,69,617,3971
TACGTCCCAGGGATAC-1,285,1865,61,1172
TACGTCCCAGTATACC-1,939,300,30,867
TACGTCCGTCCAACGC-1,15,2694,140,1146
TACGTCCGTGGAACAC-1,52,8137,518,2692
TACGTCCTCCTACCAC-1,81,11831,848,3803
TACGTCCTCCTATTGT-1,2410,238,99,1405
TACGTCCTCGAGGCAA-1,431,561,19,743
TACTGCCAGAAGCGGG-1,17,1774,213,826
TACTGCCAGGAAAGTG-1,9627,58,672,3376
TACTGCCAGGCTCTAT-1,62,7036,314,2728
TACTGCCAGGTCGCCT-1,69,8262,490,2549
TACTGCCAGTAAACAC-1,8539,38,421,3173
TACTGCCCACTGTCCT-1,644,374,27,758
TACTGCCCATTCTCCG-1,535,86,7,449
TACTGCCGTAGCCCTG-1,48,7428,776,2424
TACTGCCGTGGACTGA-1,31,5979,387,1895
TACTGCCGTTGGAGGT-1,34,6671,577,2307
TACTGCCTCCATCACC-1,90,13050,752,3831
TACTGCCTCCTGTAGA-1,1186,431,75,1100
TACTGCCTCGCAATTG-1,45,6948,538,2510
TACTGCCTCGTTGTTT-1,2351,11,278,1106
TACTGCCTCTCAGGCG-1,13527,97,807,3956
TACTGCCTCTGACAGT-1,170,495,22,501
TACTGCCTCTGAGCAT-1,2451,15,148,1232
TACTTACAGTGATAAC-1,709,601,32,911
TACTTACCAACCGACC-1,1234,18,72,571
TACTTACCAAGTATCC-1,1070,999,47,1288
TACTTACCACATGAAA-1,9163,74,577,3238
TACTTACCACCTATCC-1,43,5916,321,2158
TACTTACCAGGCTACC-1,26302,201,1163,6205
TACTTACCATAACAGA-1,7909,75,508,3162
TACTTACGTATACCTG-1,20,1791,58,911
TACTTACGTATCGAAA-1,9849,100,642,3315
TACTTACGTCAGTTTG-1,65,11096,409,3326
TACTTACGTCGTACAT-1,12150,82,702,3872
TACTTACTCAGGTGTT-1,447,310,57,576
TACTTACTCGACGACC-1,636,2448,59,1519
TACTTCAAGGCCTTCG-1,2337,398,112,1546
TACTTCAAGTGGAATT-1,13,1512,224,671
TACTTCACAACTGGTT-1,1788,103,112,1105
TACTTCACACGCCACA-1,17278,117,700,5325
TACTTCACAGCTCATA-1,259,4028,370,1781
TACTTCACATAGATGA-1,46,8089,579,2630
TACTTCACATATGGCT-1,29,5607,560,2142
TACTTCAGTGGCACTC-1,10,1485,40,797
TACTTCAGTGTCCGGT-1,38,4741,514,1801
TACTTCAGTTCTCGTC-1,613,14,21,472
TACTTCAGTTGCCAAT-1,8,1459,145,375
TACTTCATCACCGACG-1,690,19,25,512
TACTTCATCGGCCCAA-1,51,6259,507,2340
TACTTCATCGTCACCT-1,14,1133,45,670
TACTTCATCGTCTAAG-1,42,6363,446,2395
TACTTCATCTAGGCAT-1,708,227,24,666
TACTTGTAGGTCATTC-1,725,720,42,964
TACTTGTCAACGTATC-1,8,1550,49,808
TACTTGTCAAGACCGA-1,555,12,29,425
TACTTGTCATAGGAGC-1,845,14,85,583
TACTTGTCATGTGGCC-1,446,196,35,505
TACTTGTGTAAGCGGT-1,1384,184,48,909
TACTTGTGTACTGAGG-1,9277,81,563,3388
TACTTGTGTCAGGTGA-1,905,20,34,594
TACTTGTGTCTTTATC-1,41,5473,270,2150
TACTTGTGTTACCCAA-1,11006,2955,976,5070
TACTTGTGTTAGGGTG-1,10,2407,58,682
TACTTGTTCACTAGCA-1,81,7733,451,2741
TAGACCAAGACGCTCC-1,21,1653,192,799
TAGACCAAGGCAGGTT-1,17813,129,3627,4438
TAGACCAAGTGTTGAA-1,79,7011,566,2554
TAGACCACAACCAGAG-1,78,7621,487,2807
TAGACCACAATCAAGA-1,107,12042,683,3718
TAGACCACACAGCTGC-1,7742,3061,1006,4536
TAGACCAGTATACGGG-1,2236,13,170,1128
TAGACCAGTCCACTCT-1,23172,197,900,6164
TAGACCAGTCGCCTAG-1,732,18,52,523
TAGACCAGTGTTAAAG-1,32,6382,398,2073
TAGACCAGTTGGATCT-1,75,11027,581,3214
TAGACTGAGAGAGCCT-1,60,8339,634,2794
TAGACTGAGCAACAAT-1,7281,50,571,2860
TAGACTGAGCCTAACT-1,37,4174,352,1731
TAGACTGCAACTACGT-1,34,6272,233,2437
TAGACTGCAAGCACCC-1,9270,50,480,3356
TAGACTGCACCAAATC-1,12,1256,56,657
TAGACTGCACCGTACG-1,2341,744,134,1738
TAGACTGGTAGGAGGG-1,110,1730,127,913
TAGACTGGTCACTGAT-1,1417,236,70,1047
TAGACTGGTCATGACT-1,49,4701,406,1838
TAGACTGGTTCTTAGG-1,1175,437,73,1064
TAGACTGGTTGTCATG-1,206,520,27,546
TAGACTGGTTTACCAG-1,12,1274,58,711
TAGACTGTCAGTCTTT-1,1075,112,20,775
TAGACTGTCTTACACT-1,142,541,13,522
TAGAGTCAGTGAGGCT-1,27,3335,305,1303
TAGAGTCAGTTCTACG-1,35,4303,607,1681
TAGAGTCCAACGGCTC-1,49,7816,543,2681
TAGAGTCCACGGTGTC-1,32,4606,424,1638
TAGAGTCCATAGGCGA-1,12,2689,154,1171
TAGAGTCCATATGCGT-1,52,8183,516,2716
TAGAGTCCATCCTCAC-1,73,8817,476,2939
TAGAGTCGTCACATTG-1,28,4760,252,1717
TAGAGTCTCCATACAG-1,141,407,7,428
TAGAGTCTCCTCGATC-1,42,9946,475,2983
TAGAGTCTCGTAGCCG-1,3399,26,16,1307
TAGAGTCTCGTTATCT-1,786,13,71,536
TAGAGTCTCTATACTC-1,203,405,35,479
TAGATCGAGACAACTA-1,53,6099,419,2212
TAGATCGCAACATACC-1,4118,17,11,1558
TAGATCGCAATCGCAT-1,70,8631,549,2856
TAGATCGCATGTTCGA-1,5029,3405,728,3357
TAGATCGGTAACGATA-1,9189,61,609,3213
TAGATCGGTTTACCTT-1,927,132,47,717
TAGATCGTCGACCCAG-1,26,4278,308,1622
TAGATCGTCGCTAATG-1,41,6539,440,2271
TAGATCGTCTCGTGAA-1,28,6749,512,2194
TAGCACAAGCTCATAC-1,539,307,32,654
TAGCACAAGCTTCATG-1,30,7875,303,2518
TAGCACAAGGGAACAA-1,38,5053,338,1963
TAGCACACACCAAATC-1,55,5655,449,2143
TAGCACACAGGGAATC-1,607,8,25,450
TAGCACACATGGATCT-1,73,9464,511,2945
TAGCACAGTGACCGTC-1,13077,56,658,3911
TAGCACAGTGCATTAC-1,12520,90,603,3916
TAGCACAGTTTACGAC-1,962,1485,138,1440
TAGCACATCTAGGCCG-1,116,13337,958,3877
TAGGAGGCAACTTCTT-1,53,9890,383,3271
TAGGAGGCACGCTGTG-1,47,7575,537,2168
TAGGAGGCAGTCCGTG-1,8731,62,581,3183
TAGGAGGCATGAGAAT-1,710,5814,583,2537
TAGGAGGGTTCAATCG-1,49,7010,643,2513
TAGGAGGTCGATGCAT-1,13704,73,1003,3934
TAGGAGGTCGCACTCT-1,6094,54,382,2375
TAGGGTTCATGAGAAT-1,9,1354,88,713
TAGGGTTGTCATAGTC-1,41,6044,447,2078
TAGGGTTGTCTCCTGT-1,2356,336,127,1516
TAGGGTTTCGACCAAT-1,88,952,38,649
TAGGGTTTCGTAACAC-1,1415,91,68,960
TAGGGTTTCGTTGTAG-1,11431,74,667,3369
TAGGTACCAAATCAAG-1,32,3993,251,1786
TAGGTACCATCATGAC-1,1794,21,66,1048
TAGGTACGTACTAAGA-1,45,5165,337,1954
TAGGTACGTCAACATC-1,38,8447,379,2557
TAGGTACGTGCCCAGT-1,227,994,61,798
TAGGTACGTTCTCGTC-1,12059,87,495,3804
TAGGTACTCCGCGGAT-1,69,11183,610,3349
TAGGTACTCTAACGCA-1,47,1998,260,520
TAGGTACTCTTCGACC-1,45,7198,533,2290
TAGGTACTCTTCTCAA-1,195,411,12,491
TAGGTTGAGACTTGTC-1,7150,39,314,2689
TAGGTTGAGTCGTTAC-1,7483,72,522,2795
TAGGTTGCAAGAGATT-1,48,7059,572,2593
TAGGTTGCAATAACCC-1,37,5403,379,2048
TAGGTTGCATAAGCAA-1,2693,20,178,1305
TAGGTTGCATATCGGT-1,569,4,9,426
TAGGTTGGTGGGTTGA-1,8044,48,388,3083
TAGGTTGTCAACGCTA-1,81,9871,633,3218
TAGGTTGTCGGCTGAC-1,13,2487,1,821
TAGTGCAAGAGCCCAA-1,626,100,39,545
TAGTGCAAGGGCTAAC-1,12478,112,699,4188
TAGTGCACATCGAGCC-1,64,10720,628,3083
TAGTGCACATGACGGA-1,11493,70,690,3892
TAGTGCAGTTCCTAGA-1,41,5458,381,2184
TAGTGCAGTTTCACTT-1,12970,90,617,4057
TAGTGCATCCACGAAT-1,18,2133,227,976
TATACCTAGCAGGCTA-1,8193,82,426,3177
TATACCTAGGCACCAA-1,61,6448,494,2441
TATACCTCAACTACGT-1,798,70,16,619
TATACCTCATGACGTT-1,228,3649,382,1645
TATACCTCATTCTCCG-1,635,16,20,484
TATACCTGTAGACGGT-1,28,1640,289,743
TATACCTGTAGAGGAA-1,8731,68,465,3329
TATACCTTCACGAACT-1,1286,18,31,786
TATACCTTCACTGTTT-1,2269,15,442,1223
TATACCTTCGATACAC-1,361,206,43,477
TATACCTTCGCGTGCA-1,36,7074,504,2421
TATATCCAGACCCGCT-1,744,420,47,850
TATATCCAGATGTAGT-1,2774,83,287,1378
TATATCCAGCCAGAGT-1,10320,89,628,3513
TATATCCAGCCTCTGG-1,23,4750,334,1924
TATATCCAGCGCGTTC-1,10,1142,69,649
TATATCCAGTAGGTTA-1,44,4967,293,1830
TATATCCCAACTTGGT-1,109,8416,456,2691
TATATCCCATACACCA-1,815,165,28,696
TATATCCCATCCGTGG-1,9,561,9,397
TATATCCCATGACTCA-1,53,8434,490,2615
TATATCCGTAACAAGT-1,760,362,55,802
TATATCCGTACGTACT-1,40,6010,473,2092
TATATCCGTAGCGTCC-1,66,8673,714,2886
TATATCCGTCGCCACA-1,1571,22,35,954
TATATCCGTGATTGGG-1,44,5539,520,2120
TATATCCGTGTTCAGT-1,10,675,7,423
TATATCCTCAACCCGG-1,15,1381,51,762
TATATCCTCACTGTCC-1,5281,1169,482,2914
TATATCCTCAGCACCG-1,488,183,30,541
TATATCCTCAGCGCAC-1,794,238,31,750
TATATCCTCATCTACT-1,2141,440,176,1444
TATATCCTCATGCAGT-1,75,13337,623,3564
TATATCCTCCGATCTC-1,561,14,15,422
TATATCCTCGTTATCT-1,51,7771,449,2503
TATCAGGAGGCCACCT-1,42,9473,479,3058
TATCAGGAGTGTTCAC-1,32,3581,259,1451
TATCAGGCACCCTATC-1,153,422,10,458
TATCAGGCAGTAGTGG-1,61,8416,562,2767
TATCAGGCATCTAGAC-1,13940,93,921,4175
TATCAGGGTATAATGG-1,450,55,12,392
TATCAGGGTCCGGATC-1,14,2398,320,1308
TATCAGGGTGGCTACC-1,44,5154,521,1907
TATCAGGGTGTTTGCA-1,6543,50,496,2701
TATCAGGGTTACCTTT-1,807,4,15,548
TATCAGGGTTCAGCTA-1,40,4521,393,1661
TATCAGGTCTCCCAAC-1,46,6846,415,2563
TATCCTAAGAGTTGTA-1,9224,83,560,3173
TATCCTAAGCGAAACC-1,34,5709,536,1984
TATCCTAAGGCTCTCG-1,51,9262,427,2875
TATCCTAAGTGGACGT-1,15,3435,294,1482
TATCCTACATTCCTCG-1,51,9790,493,3088
TATCCTAGTACTCCCT-1,832,14,21,593
TATCCTAGTCGCACGT-1,3038,74,197,1516
TATCCTAGTGATGTAA-1,40,4094,316,1590
TATCCTATCATTGTGG-1,10616,86,142,3706
TATCCTATCTAACACG-1,1652,19,101,860
TATCCTATCTTTGCAT-1,381,641,26,734
TATCGCCAGAGCCATG-1,72,9978,486,3199
TATCGCCAGCCTATTG-1,1167,86,37,840
TATCGCCAGCTGACCC-1,12,1741,86,872
TATCGCCAGGGACACT-1,771,158,79,689
TATCGCCAGTAGGCCA-1,1024,221,59,830
TATCGCCCACATATCG-1,33,4459,371,1846
TATCGCCCACCAAATC-1,2023,399,54,1342
TATCGCCGTGGGAGAG-1,6123,51,427,2802
TATCGCCTCATGCATG-1,584,9,7,437
TATCGCCTCCGGCTTT-1,1462,15,29,833
TATCGCCTCCGTAATG-1,2147,319,93,1426
TATCGCCTCCTCAGAA-1,1788,576,46,1396
TATCGCCTCTTTGCAT-1,8,920,60,567
TATCTGTAGCCATGCC-1,7724,62,407,3128
TATCTGTAGCCTGAAG-1,4144,9,1,1686
TATCTGTAGTAGCAAT-1,65,8143,588,2728
TATCTGTCACAACCGC-1,39,6186,513,2354
TATCTGTCACCATTCC-1,11,979,20,600
TATCTGTGTGCAACGA-1,6841,58,412,2750
TATCTGTTCATTACCT-1,13,1171,56,707
TATCTGTTCTTCGTGC-1,11,2267,357,1127
TATCTTGAGCGCCTAC-1,7829,57,599,2897
TATCTTGAGTGCTAGG-1,8037,73,490,2944
TATCTTGCAAGCGAAC-1,52,7140,544,2316
TATCTTGCAATTGCGT-1,83,4531,281,1821
TATCTTGGTAGGAGGG-1,35,6291,506,2331
TATCTTGGTATATGGA-1,4008,76,251,1891
TATGTTCAGGGATGTC-1,61,5696,486,2296
TATGTTCCAACGGGTA-1,758,223,35,732
TATGTTCCACTGGAAG-1,9040,72,620,3391
TATGTTCCAGCCGTCA-1,1940,18,48,1203
TATGTTCGTAGTCTGT-1,61,7508,508,2675
TATGTTCGTCGTGGTC-1,25,3449,286,1391
TATGTTCGTGTTACTG-1,24,3787,233,1427
TATGTTCGTGTTTACG-1,6529,49,399,2604
TATGTTCGTTGCTCAA-1,125,405,37,418
TATGTTCTCATCGCCT-1,1698,249,85,1261
TATGTTCTCATGCCCT-1,67,11385,716,3396
TATGTTCTCGCAGAGA-1,102,1609,130,861
TATTCCAAGAGTATAC-1,34,5410,194,2143
TATTCCAAGCCATCCG-1,1066,376,48,987
TATTCCAAGCGAGAAA-1,517,71,25,457
TATTCCAAGGAGGGTG-1,7790,55,508,2730
TATTCCAAGGTCGCCT-1,166,1416,97,872
TATTCCAAGGTTCCAT-1,45,6933,219,2420
TATTCCAAGTCATGCT-1,55,8650,527,2915
TATTCCACACGTTGGC-1,19,1516,32,848
TATTCCACAGGTCCGT-1,194,1157,114,757
TATTCCAGTATCCTCC-1,32,5816,383,2077
TATTCCAGTCATAACC-1,22,653,19,477
TATTCCAGTGGGACAT-1,18,2072,64,1047
TATTCCAGTGGTGATG-1,2235,27,18,1318
TATTCCATCATGCCGG-1,6703,51,409,3067
TATTCCATCCGTACGG-1,9,1948,65,955
TATTCCATCCGTAGTA-1,27400,169,1797,6347
TATTCCATCTGCACCT-1,10887,88,422,3897
TATTGCTAGGATTTGA-1,82,9221,637,3073
TATTGCTCACGCTGTG-1,7763,59,433,3101
TATTGCTCATGAAAGT-1,56,8691,446,2961
TATTGCTGTACGTACT-1,50,6198,345,2329
TATTGCTGTCTTCATT-1,10028,75,503,3656
TATTGCTGTGCATTAC-1,49,6517,374,2231
TATTGCTGTGGCCTCA-1,777,221,49,753
TATTGCTGTGTCCAAT-1,155,476,25,483
TATTGCTTCAACTGAC-1,46,5136,457,1780
TATTGCTTCACCCTGT-1,180,471,30,507
TATTGGGAGTCAGCCC-1,59,10007,709,3403
TATTGGGCATGACAGG-1,41,6229,614,2001
TATTGGGGTAGGACTG-1,28,5740,303,1845
TATTGGGGTGACCGAA-1,62,10676,804,3177
TATTGGGGTTATTCTC-1,10,1544,165,735
TATTGGGGTTTACTTC-1,955,9,0,596
TATTGGGTCCGCACTT-1,543,1,14,414
TATTGGGTCGAGGCAA-1,42,5869,316,2213
TATTGGGTCGAGTGGA-1,55,8031,581,2661
TATTTCGCAATCCTAG-1,2210,140,218,1218
TATTTCGCAGCTGTAT-1,276,505,182,525
TATTTCGCAGTGTGCC-1,28,5178,279,1956
TATTTCGCATACTGAC-1,1209,181,41,926
TATTTCGCATCCGAAT-1,72,11599,575,3354
TATTTCGGTGAATGAT-1,1479,45,76,859
TATTTCGGTTTGTTGG-1,8,1855,243,491
TATTTCGTCTAGTACG-1,26,5037,239,1945
TATTTCGTCTCACCCA-1,104,13151,512,3886
TCAAGACAGGGCTTCC-1,59,7733,553,2467
TCAAGACCAACCGCTG-1,213,1056,55,831
TCAAGACCAATTGCGT-1,15540,101,707,4703
TCAAGACGTAACACCT-1,31,913,25,604
TCAAGACGTAGGTAGC-1,36,5641,333,2096
TCAAGACGTCAACATC-1,39,5554,426,2076
TCAAGACGTCGGCCTA-1,63,10357,586,2877
TCAAGACGTTGGCCGT-1,18,3093,397,1656
TCAAGACTCCCTGTTG-1,1368,139,56,949
TCAAGACTCTGAGGTT-1,85,837,24,607
TCAAGCAAGCTTGTTG-1,8595,36,473,2985
TCAAGCACAAGCCTGC-1,256,1333,49,924
TCAAGCACACATACGT-1,83,10561,726,3246
TCAAGCACAGCTGCCA-1,990,219,40,838
TCAAGCACATACCAGT-1,9393,59,575,3438
TCAAGCACATGGCCAC-1,77,20737,929,4663
TCAAGCATCACGAGGA-1,723,2125,157,1551
TCAAGCATCCCGATCT-1,1258,142,48,923
TCAAGCATCCGATCGG-1,58,8885,582,2607
TCAAGCATCCGGCTTT-1,49,7035,501,2616
TCAAGCATCGATCCAA-1,11877,97,729,3846
TCAAGCATCGGTATGT-1,1234,13,32,762
TCAAGCATCTGGGCGT-1,36,5298,345,2007
TCAAGTGAGAGCAGCT-1,34,6886,474,2171
TCAAGTGAGCACGGAT-1,8295,51,292,2968
TCAAGTGAGTAACCTC-1,1012,27,70,689
TCAAGTGAGTTTCTTC-1,90,9809,822,3114
TCAAGTGCAACACGTT-1,11932,61,695,3611
TCAAGTGCAATCTGCA-1,5839,34,231,2435
TCAAGTGCACGTACAT-1,4366,49,460,2134
TCAAGTGCACTAAACC-1,46,7902,421,2735
TCAAGTGCACTATGTG-1,64,6956,553,2402
TCAAGTGCATGGACAG-1,7298,51,625,2832
TCAAGTGCATTATGCG-1,24315,186,1889,6305
TCAAGTGTCGGACTGC-1,69,11533,667,3248
TCAATCTAGGCAGCTA-1,75,8007,516,2801
TCAATCTCAATTGCCA-1,477,84,19,445
TCAATCTCACTTGTCC-1,43,1415,25,783
TCAATCTCAGCAGTCC-1,1845,59,69,1056
TCAATCTCATGCAGGA-1,12423,101,904,4136
TCAATCTGTAACCCTA-1,8612,69,510,3424
TCAATCTGTAGTTACC-1,614,237,18,628
TCAATCTGTATGCGGA-1,32,6129,563,2042
TCAATCTGTGTCTAAC-1,879,16,35,579
TCAATCTTCGGACAAG-1,10442,76,615,3559
TCAATTCAGATCACTC-1,256,989,58,827
TCAATTCAGATGCTGG-1,47,7096,469,2385
TCAATTCAGCTGAGCA-1,2858,40,445,1622
TCAATTCCACGACGCT-1,436,319,6,577
TCAATTCCAGATACCT-1,6664,54,477,2748
TCAATTCCAGTCGCTG-1,12178,80,527,4049
TCAATTCCATGAAAGT-1,36,5403,461,1840
TCAATTCGTACCCACG-1,237,7005,460,2686
TCAATTCGTGATAGTA-1,15515,105,682,4432
TCAATTCGTGGTCTAT-1,51,4938,190,1932
TCAATTCTCGTGTGGC-1,44,8805,429,2725
TCAATTCTCTCCTGAC-1,13957,4877,1151,6716
TCACAAGCAACCAGAG-1,348,321,33,532
TCACAAGCAAGGCCTC-1,595,119,22,570
TCACAAGCACAACATC-1,3159,46,132,1546
TCACAAGGTACCCAGC-1,49,6981,502,2661
TCACAAGGTGAGTGAC-1,952,11,1,583
TCACAAGGTTCCCACT-1,894,932,38,1165
TCACAAGGTTCGAAGG-1,8713,40,534,3128
TCACAAGGTTTCACTT-1,963,17,36,643
TCACAAGTCAGGGTAG-1,64,6866,502,2556
TCACAAGTCCCGAACG-1,61,8345,606,3128
TCACAAGTCCTCTGCA-1,3882,34,702,1886
TCACAAGTCGTGGTAT-1,75,9884,792,2998
TCACACCAGAGCCATG-1,2809,24,226,1173
TCACACCAGATACAGT-1,16,1287,53,653
TCACACCAGATGCTTC-1,13,1488,36,808
TCACACCAGCAGATAT-1,464,463,29,732
TCACACCAGCCTCTTC-1,1803,49,29,1111
TCACACCAGGTGCTGA-1,527,539,51,803
TCACACCAGTAGGCCA-1,22,3598,93,1465
TCACACCAGTAGTCAA-1,545,225,25,601
TCACACCCAGACCAAG-1,12,1672,365,895
TCACACCCAGATCCAT-1,34,7278,255,2524
TCACACCCAGATTTCG-1,33,877,30,578
TCACACCGTGGAATGC-1,12415,97,719,4310
TCACACCTCCGGCAAC-1,830,1402,82,1352
TCACACCTCTAGCAAC-1,33,5160,255,2129
TCACATTAGCAGTAAT-1,41,5177,317,2029
TCACATTAGCCAGACA-1,154,608,22,578
TCACATTAGTAGAATC-1,1335,760,103,1291
TCACATTCAAAGGGTC-1,4711,36,336,2267
TCACATTCAACTGCCG-1,677,495,37,840
TCACATTCAGCTGTAT-1,770,432,44,868
TCACATTGTAAGCGGT-1,1387,190,138,955
TCACATTGTAGAATGT-1,27,5168,387,1860
TCACATTGTCGAGTGA-1,4870,36,365,2199
TCACATTGTCGTCAGC-1,1708,10,5,841
TCACATTGTCTAACTG-1,963,427,39,972
TCACATTGTTTACACG-1,8615,65,504,3416
TCACATTTCCTTGAAG-1,4936,25,6,1793
TCACATTTCGCGAAGA-1,9736,65,434,3203
TCACATTTCGCTTTAT-1,1489,19,47,949
TCACATTTCTTGCGCT-1,721,189,18,671
TCACGCTAGCAACCAG-1,15,986,33,606
TCACGCTAGCTCTGTA-1,200,1164,39,856
TCACGCTAGTCAAGCG-1,369,2311,209,1371
TCACGCTAGTGCTCAT-1,14524,103,918,4226
TCACGCTAGTTTCAGC-1,824,55,25,627
TCACGCTCAAACCACT-1,19573,147,953,5468
TCACGCTCAAGTGTCT-1,822,25,50,573
TCACGCTCAGGCACTC-1,698,433,33,837
TCACGCTCATGATAGA-1,949,10,45,619
TCACGCTCATGCCGAC-1,16,1676,33,958
TCACGCTGTACAGTCT-1,442,1482,53,1099
TCACGCTGTACTGCCG-1,214,335,15,442
TCACGCTGTAGACAAT-1,1218,45,50,819
TCACGCTGTAGTACGG-1,47,6176,509,2382
TCACGCTGTATCACCA-1,218,523,6,562
TCACGCTGTCAAAGCG-1,21,1470,12,759
TCACGCTGTCTACAGT-1,44,6272,375,2576
TCACGCTGTTCCTACC-1,890,119,26,707
TCACGCTTCACGAACT-1,469,1582,49,1220
TCACGCTTCATCTATC-1,44,9516,434,3081
TCACGCTTCCGTCCTA-1,2613,534,34,1771
TCACGCTTCGTAATGC-1,7,2288,258,533
TCACGGGAGCGTGTTT-1,51,1560,549,625
TCACGGGAGGTAGACC-1,8835,53,430,3202
TCACGGGCAAACAGGC-1,872,105,35,688
TCACGGGCAAGATGTA-1,83,10625,699,3333
TCACGGGCATCCGAGC-1,544,12,30,407
TCACGGGGTATACCTG-1,9398,72,540,3309
TCACGGGGTATGTGTC-1,10867,56,574,3626
TCACGGGGTCCTACAA-1,452,142,10,483
TCACGGGTCGACACCG-1,786,18,45,578
TCACGGGTCGCGAAGA-1,13476,86,980,4062
TCACGGGTCGCGTTTC-1,2552,21,201,1211
TCACTATAGTGCCGAA-1,52,6112,427,2176
TCACTATCAAGGCAAC-1,985,14,42,641
TCACTATCAAGTTCCA-1,9100,76,593,3545
TCACTATCATAACGGG-1,6432,58,367,2788
TCACTATCATGGGCAA-1,61,6944,409,2575
TCACTATGTAAGTTGA-1,15,818,63,529
TCACTATGTCGCGGTT-1,10286,52,342,3464
TCACTATGTCTCGACG-1,93,11712,760,3493
TCACTATGTGGAAATT-1,50,6597,399,2328
TCACTATGTTCCGCTT-1,407,272,22,539
TCACTATTCACTCGAA-1,888,715,61,1059
TCACTATTCCCGTTGT-1,438,126,8,462
TCACTATTCGTTGTAG-1,32,7014,354,2262
TCACTATTCGTTTACT-1,48,7325,668,2534
TCACTATTCTCACCCA-1,10386,96,572,3803
TCACTCGAGACGCTCC-1,460,214,12,560
TCACTCGAGATCGCCC-1,8108,58,509,3163
TCACTCGCAGCATACT-1,843,1207,81,1283
TCACTCGCAGTCTGGC-1,22,8051,598,2598
TCACTCGCATAAGCAA-1,12256,103,557,4028
TCACTCGCATAGAAAC-1,1048,10,19,695
TCACTCGTCATCTGTT-1,11536,72,729,4007
TCACTCGTCCACCTGT-1,671,734,44,978
TCACTCGTCCACGTAA-1,55,7890,411,2921
TCACTCGTCGAACGCC-1,11789,83,686,3914
TCACTCGTCGCTGACG-1,944,142,63,760
TCAGCAAAGAGAGTTT-1,7086,32,613,2530
TCAGCAAAGAGTGGCT-1,27,7027,362,2256
TCAGCAAAGATGAATC-1,35,4881,326,1882
TCAGCAAAGTAGATCA-1,40,5878,409,2274
TCAGCAACAACAGATA-1,660,39,25,509
TCAGCAACAAGGCGTA-1,63,9566,778,2920
TCAGCAACACTCCCTA-1,89,11213,659,3538
TCAGCAACACTTGGCG-1,57,8415,657,2929
TCAGCAACAGTTCACA-1,2649,218,129,1530
TCAGCAAGTATTCCGA-1,36,5226,496,1912
TCAGCAAGTCATAACC-1,57,6730,393,2394
TCAGCAAGTGTTTGCA-1,4660,10,0,1477
TCAGCAATCCGCAAAT-1,1207,441,52,1114
TCAGCCTAGATGCCGA-1,10651,689,678,4031
TCAGCCTAGCAATAAC-1,214,394,10,491
TCAGCCTCACAGCATT-1,11,1212,88,653
TCAGCCTCATTGACCA-1,109,2017,61,1130
TCAGCCTGTAACGATA-1,453,413,13,656
TCAGCCTGTTCCGCGA-1,3007,1314,120,2216
TCAGCCTGTTCTCGTC-1,549,8,20,424
TCAGCCTGTTGCTCCT-1,535,75,14,495
TCAGCCTTCATCCTAT-1,276,291,10,439
TCAGCCTTCCAACACA-1,87,14616,531,4082
TCAGCCTTCCACCTGT-1,695,1434,52,1299
TCAGCCTTCCTCGCAT-1,647,39,28,524
TCAGCCTTCTAGCAAC-1,663,132,16,607
TCAGCCTTCTATCGCC-1,475,584,35,773
TCAGGGCAGCATATGA-1,1364,470,72,1205
TCAGGGCCACCCTTGT-1,1727,1576,216,1661
TCAGGGCCACGCGTCA-1,12446,96,607,4073
TCAGGGCCACTACAGT-1,12239,1351,1045,4405
TCAGGGCCACTCCTTG-1,57,5897,372,2145
TCAGGGCCAGAAGCGT-1,32,4749,323,1717
TCAGGGCCAGCTTTGA-1,417,1812,95,1250
TCAGGGCCAGTAGATA-1,8287,36,67,2904
TCAGGGCCATTGACAC-1,85,13186,636,3684
TCAGGGCTCACCTCAC-1,32,6203,264,2571
TCAGGGCTCCCGTGAG-1,41,6346,456,2292
TCAGGGCTCCGTAGTA-1,53,6518,402,2376
TCAGGGCTCGATACGT-1,50,7740,480,2909
TCAGGTAAGATGCAGC-1,16486,132,1239,4829
TCAGGTAAGTCACAGG-1,1284,15,123,756
TCAGGTACAACCACGC-1,1002,203,45,803
TCAGGTACAAGGTTGG-1,12,1637,135,867
TCAGGTACACCCTAAA-1,2327,1435,139,2056
TCAGGTACAGTTTGGT-1,196,370,21,448
TCAGGTACATAATGCC-1,68,6636,395,2717
TCAGGTAGTGACTATC-1,14,1650,55,854
TCAGGTATCCACGGGT-1,9866,83,329,3648
TCAGGTATCCCTCTCC-1,68,9833,523,3407
TCAGTCCAGACGCCAA-1,603,16,25,454
TCAGTCCAGAGCCATG-1,443,72,28,408
TCAGTCCAGGAACGCT-1,49,5459,277,2071
TCAGTCCAGGATGGCT-1,16031,88,994,4338
TCAGTCCAGTAGTCCT-1,1190,136,44,879
TCAGTCCAGTCACACT-1,70,859,21,621
TCAGTCCAGTGTAGTA-1,187,1084,82,796
TCAGTCCAGTTTCGGT-1,19,5288,252,2120
TCAGTCCCAAACCATC-1,85,11293,631,3603
TCAGTCCCACATGACT-1,2397,504,112,1503
TCAGTCCCAGCTGTTA-1,891,881,55,1172
TCAGTCCGTCGAATGG-1,387,206,45,490
TCAGTCCGTGACAACG-1,1406,12,0,753
TCAGTCCGTGAGACGT-1,7230,35,3,1976
TCAGTCCTCACACGAT-1,347,488,12,663
TCAGTCCTCATTTCGT-1,5343,37,444,2062
TCAGTCCTCCTCATAT-1,617,120,8,559
TCAGTCCTCTACGCGG-1,1978,6458,618,3106
TCAGTCCTCTCGGCTT-1,684,122,26,601
TCAGTGAAGACCTGGA-1,10807,82,676,3656
TCAGTGAAGCCTCAAT-1,2448,452,147,1513
TCAGTGAAGCGTATAA-1,4160,24,20,1448
TCAGTGAAGGATAATC-1,842,245,63,752
TCAGTGAAGTGACACG-1,9400,73,793,3514
TCAGTGAAGTGAGTGC-1,72,10401,738,3312
TCAGTGACAAAGCTAA-1,9623,88,619,3671
TCAGTGACACCTATCC-1,13754,109,616,4581
TCAGTGACACGTACTA-1,592,2209,208,1494
TCAGTGACAGCGAGTA-1,23,574,34,407
TCAGTGATCCTGGTCT-1,46,9134,427,2900
TCAGTGATCGCTACGG-1,26,5905,428,2237
TCAGTTTAGACCTGGA-1,50,5401,383,1850
TCAGTTTAGTAGGCCA-1,14249,103,911,4198
TCAGTTTCACAAAGTA-1,57,6352,420,2596
TCAGTTTGTCGTCATA-1,48,1066,58,653
TCAGTTTGTCTCTCTG-1,558,10,25,429
TCAGTTTGTCTGTGGC-1,9517,61,541,3551
TCAGTTTGTGACAGCA-1,5977,30,237,2652
TCAGTTTGTTGCGTAT-1,11,1612,109,813
TCAGTTTGTTGCTTGA-1,1996,72,217,1098
TCAGTTTTCAGGAGAC-1,106,12320,997,3803
TCAGTTTTCGCTTACC-1,12,716,21,465
TCAGTTTTCTCACCCA-1,311,786,42,759
TCAGTTTTCTCTGGTC-1,2317,562,194,1561
TCAGTTTTCTGTCAGA-1,925,12,54,655
TCATACTAGGTCGTAG-1,958,14,164,553
TCATACTCACCGCTGA-1,305,424,22,560
TCATACTCAGCCATTA-1,15,2435,178,1187
TCATACTCAGCCCACA-1,32,4584,391,1987
TCATACTCATCAGCTA-1,3884,2099,578,2555
TCATACTGTCCAAAGG-1,14814,108,573,4510
TCATACTGTCCTTGTC-1,600,362,16,742
TCATACTGTCGCAACC-1,15973,100,847,4571
TCATACTGTGAGTCAG-1,49,8563,495,2653
TCATACTGTTAGAGTA-1,4531,39,184,2166
TCATACTGTTGCAACT-1,315,769,29,774
TCATACTTCAAAGCCT-1,14150,122,1023,4521
TCATACTTCAACCTTT-1,58,5104,306,2253
TCATACTTCTGCCTCA-1,695,22,33,514
TCATATCAGCTGCCTG-1,19,1008,46,643
TCATATCAGGCATGCA-1,681,10,20,499
TCATATCCACAGGATG-1,949,678,86,1067
TCATATCCACATAGCT-1,749,16,40,532
TCATATCCACCAAATC-1,37,5880,370,2200
TCATATCCACCATAAC-1,12,794,13,526
TCATATCCAGACTGCC-1,11746,68,789,3869
TCATATCCAGCTACCG-1,813,30,23,582
TCATATCCATGCCGAC-1,550,1773,84,1336
TCATATCGTCGCGTTG-1,40,5364,391,2002
TCATATCGTTAGGGAC-1,1154,70,41,794
TCATATCGTTCTCACC-1,31,1595,12,920
TCATATCTCAATCCGA-1,1416,28,56,805
TCATATCTCATTACCT-1,531,14,23,426
TCATATCTCCACACCT-1,500,229,16,567
TCATATCTCCACATAG-1,32,5170,383,1880
TCATATCTCCCTCGAT-1,9931,72,455,3846
TCATATCTCCGCCTAT-1,597,1429,21,1185
TCATATCTCGCCAGTG-1,10220,87,603,3738
TCATATCTCTATTGTC-1,13,1346,86,673
TCATATCTCTCGAGTA-1,36,6974,531,2328
TCATATCTCTTCGTGC-1,3240,1222,213,2172
TCATCATAGGCCTGCT-1,151,15257,1520,4713
TCATCATAGGGAGTTC-1,8099,215,379,3458
TCATCATAGTGCACCC-1,73,11085,532,3505
TCATCATAGTGCCTCG-1,6959,11015,940,6091
TCATCATCAACTGGTT-1,670,187,30,652
TCATCATCACCAACAT-1,12,3279,262,948
TCATCATCAGCAGTCC-1,8897,46,419,3413
TCATCATCAGGATCTT-1,288,412,26,557
TCATCATCAGGCTATT-1,2403,20,81,1308
TCATCATGTCGAGATG-1,19,6295,258,2141
TCATCATGTGAGTAGC-1,45,4285,419,1775
TCATCATGTTAGGACG-1,31,6991,390,2532
TCATCATGTTCTGAGT-1,30,5477,349,2256
TCATCATGTTGGACTT-1,9,881,23,563
TCATCATTCCAAATGC-1,11,671,18,473
TCATCATTCCCGAATA-1,709,251,21,667
TCATCATTCTAGACAC-1,834,79,17,642
TCATCATTCTTCTTCC-1,195,561,28,556
TCATCCGCAACTGCCG-1,335,509,22,640
TCATCCGCACGTCGGT-1,4,1798,186,573
TCATCCGGTAGCGTTT-1,34,6131,251,2230
TCATCCGGTAGTATAG-1,47,5277,455,2047
TCATCCGGTAGTGATA-1,1390,15,233,742
TCATCCGGTGGTCCCA-1,361,173,13,459
TCATCCGGTTGTCAGT-1,31,3927,285,1664
TCATCCGTCAAATAGG-1,566,16,17,458
TCATCCGTCGACCCAG-1,9799,61,479,3375
TCATCCGTCGGAGATG-1,115,1103,32,759
TCATCCGTCTCACGAA-1,4766,46,696,2445
TCATGAGAGAGGTATT-1,1098,104,105,771
TCATGAGAGTGACCTT-1,68,4951,99,2611
TCATGAGGTAGCTGCC-1,44,6228,414,2086
TCATGAGGTTGAGTCT-1,13,1200,336,651
TCATGAGTCACTGAAC-1,6212,69,350,2731
TCATGAGTCATTGGTG-1,341,1497,243,1038
TCATGAGTCCAACCAA-1,532,10,18,417
TCATGAGTCTATACTC-1,505,54,13,429
TCATGCCAGACCACGA-1,120,1827,71,1088
TCATGCCAGCACCGAA-1,1443,18,43,891
TCATGCCAGGGCAATC-1,56,7513,684,2415
TCATGCCAGGGTGAGG-1,69,11376,863,3126
TCATGCCAGTCAAGCG-1,134,1355,99,882
TCATGCCAGTGACCTT-1,667,42,19,526
TCATGCCCAAGGTACG-1,726,6,13,551
TCATGCCCAATACAGA-1,6919,1353,565,3010
TCATGCCCAGCGTTTA-1,11,562,9,398
TCATGCCCATTAAGCC-1,15,664,24,460
TCATGCCGTCCGTACG-1,1152,163,69,908
TCATGCCGTGATAGTA-1,64,8708,601,3139
TCATGCCGTTCGAGCC-1,904,198,77,759
TCATGCCTCACTGTTT-1,1020,219,19,861
TCATGCCTCACTTGGA-1,7115,52,525,2797
TCATGCCTCAGAACCT-1,29,6132,316,2250
TCATGCCTCCACAGGC-1,6422,53,460,2894
TCATGCCTCTAGAGCT-1,448,199,33,529
TCATGGAAGAAGCTCG-1,3315,32,360,1738
TCATGGACAAGGACAC-1,909,106,17,733
TCATGGACAGATGCGA-1,9955,74,605,3646
TCATGGACAGCACAGA-1,64,7154,454,2736
TCATGGACAGCCTTCT-1,17,2407,2,900
TCATGGAGTGGCTTGC-1,22,3646,279,1434
TCATGGATCTCTGGTC-1,37,6086,402,2142
TCATGTTAGAGCCGTA-1,39,7009,567,2369
TCATGTTAGCGAAACC-1,43,4962,314,1867
TCATGTTAGTATTGCC-1,54,2778,178,1415
TCATGTTAGTGAGGCT-1,42,4143,354,1666
TCATGTTAGTTCATGC-1,633,6,22,466
TCATGTTCAGGAGGTT-1,3384,133,231,1632
TCATGTTCATCGCTCT-1,10,718,15,457
TCATGTTGTAACTGCT-1,162,522,18,507
TCATGTTGTACGATGG-1,32,5177,282,2000
TCATGTTGTACTGTTG-1,240,337,22,465
TCATGTTGTCTTTCAT-1,748,67,68,584
TCATGTTTCAGTCCGG-1,25,4350,206,1808
TCATGTTTCATCGCTC-1,10,1111,53,618
TCATGTTTCCGTTTCG-1,286,339,34,477
TCATTACAGCTCCATA-1,591,311,19,699
TCATTACAGGAAGTGA-1,10002,100,804,3531
TCATTACCAAACCGGA-1,12115,108,822,4383
TCATTACCAATACGAA-1,446,72,16,422
TCATTACCATGACTCA-1,16,1422,80,814
TCATTACGTGACTAAA-1,9303,76,434,3242
TCATTACGTGTGGTCC-1,17,1393,120,706
TCATTACGTTCGTTCC-1,52,7836,458,3033
TCATTACTCACTTCTA-1,2433,776,236,1705
TCATTACTCTGGCCGA-1,980,5764,370,2613
TCATTCAAGTACAGAT-1,9347,89,625,3633
TCATTCACAATAACCC-1,3626,25,4,1544
TCATTCACAGAAATCA-1,16,2358,195,1148
TCATTCACAGCTAACT-1,4410,26,9,1871
TCATTCAGTATCGCTA-1,128,8794,515,3196
TCATTCAGTTGGAGGT-1,24,3692,369,1546
TCATTCATCAATCAGC-1,144,613,24,531
TCATTCATCACACCCT-1,2495,1790,290,1956
TCATTCATCCTGGTCT-1,16514,122,606,4969
TCATTCATCTGTGCTC-1,1090,171,22,906
TCATTCATCTTTGCTA-1,97,12569,599,3702
TCATTGTAGAAACACT-1,79,9452,424,2901
TCATTGTAGAACAGGA-1,38,3962,297,1900
TCATTGTAGTAAACAC-1,733,8,23,506
TCATTGTAGTGTTGAA-1,10460,88,571,3230
TCATTGTCAAAGAACT-1,843,17,27,586
TCATTGTCAAGTACCT-1,52,7327,276,2602
TCATTGTCACAGCTGC-1,786,1391,64,1334
TCATTGTCAGCACACC-1,1170,13,21,801
TCATTGTCAGCCATTA-1,438,328,22,603
TCATTGTCAGCTGTGC-1,831,82,41,665
TCATTGTCATTACGGT-1,965,37,33,687
TCATTGTGTGATAGTA-1,9,1284,120,667
TCATTGTTCCAGGACC-1,650,271,30,706
TCATTGTTCCCAAGCG-1,682,60,43,540
TCATTGTTCGTTTACT-1,1925,10,42,1109
TCATTGTTCTGGCCTT-1,8805,75,307,3731
TCATTGTTCTGTACAG-1,6,1089,55,677
TCATTTGAGTAGCAAT-1,58,5677,477,1912
TCATTTGAGTTGGAAT-1,8102,67,521,3175
TCATTTGCAGCTCTGG-1,6,1155,35,663
TCATTTGCAGTCAGCC-1,42,1577,66,865
TCATTTGCATCGATGT-1,11,2113,110,727
TCATTTGGTACAGAGC-1,24,6734,505,2307
TCATTTGGTAGAAACT-1,18,1346,53,728
TCATTTGGTCATATGC-1,366,1464,68,1082
TCATTTGGTCCGATCG-1,41,6865,486,2351
TCATTTGGTGCCTGAC-1,1479,410,73,1174
TCATTTGTCAACTGAC-1,11607,919,730,4493
TCATTTGTCACCTGGG-1,1218,382,34,1055
TCATTTGTCATTGTGG-1,77,8022,583,2982
TCATTTGTCGACCACG-1,1174,14,76,720
TCATTTGTCGGTCACG-1,26,2662,762,1215
TCATTTGTCTATACTC-1,10,1255,55,697
TCCACCAAGACCATTC-1,13733,76,776,4335
TCCACCAAGATTAGAC-1,93,8149,646,2855
TCCACCAAGCACTAAA-1,944,255,64,873
TCCACCAAGCGTTACT-1,11,1331,170,626
TCCACCAAGTCACGCC-1,43,5481,383,2089
TCCACCAAGTCCCTAA-1,48,6836,521,2371
TCCACCACAAACCACT-1,83,9010,502,2931
TCCACCACAAGCGATG-1,6698,47,299,2705
TCCACCACACGCTGAC-1,1672,644,57,1415
TCCACCAGTAGATTAG-1,492,10,13,376
TCCACCAGTCACGTGC-1,289,1856,86,1170
TCCACCAGTCCAGCGT-1,58,8835,691,2885
TCCACCAGTCGAACGA-1,53,8962,504,2910
TCCACCAGTTCCTACC-1,60,9239,479,3020
TCCACCATCACATTGG-1,9182,54,663,3495
TCCACCATCCTTGACC-1,524,952,38,979
TCCACCATCTCGTGAA-1,46,6033,388,2154
TCCACGTAGAAGTCTA-1,34,3776,359,1612
TCCACGTAGACCAACG-1,1268,631,121,1145
TCCACGTAGAGGTCGT-1,37,5781,458,2031
TCCACGTAGCACTAAA-1,410,497,32,679
TCCACGTCAAGATCCT-1,2638,22,624,1405
TCCACGTCACAACCGC-1,32,9488,370,2866
TCCACGTCACACCTAA-1,56,7797,420,2680
TCCACGTCACGTAACT-1,43,7301,492,2397
TCCACGTCATACCGTA-1,8192,57,475,3293
TCCACGTCATCAGTCA-1,10587,60,545,3659
TCCACGTCATGTGACT-1,456,173,38,505
TCCACGTGTTACCTGA-1,680,175,40,655
TCCACGTTCATTGCTT-1,123,1114,30,810
TCCACGTTCCACACAA-1,2494,669,96,1754
TCCACGTTCCCGAAAT-1,31,5604,236,2224
TCCACGTTCGTTACCC-1,4106,712,252,2344
TCCACGTTCTGGTGCG-1,24,5658,410,2029
TCCACGTTCTGTCGCT-1,328,222,30,435
TCCACGTTCTTGGGCG-1,17,926,60,601
TCCAGAAAGAGTTCGG-1,26,5678,381,1840
TCCAGAAAGCTGTTAC-1,111,13789,745,4084
TCCAGAACACTCATAG-1,38,8083,263,2618
TCCAGAACATGGTGGA-1,8968,48,581,3070
TCCAGAAGTAACGTTC-1,7844,43,397,3013
TCCAGAAGTCTACAAC-1,226,961,21,755
TCCAGAATCAAGTTGC-1,43,6921,333,2330
TCCAGAATCAGCATTG-1,407,154,30,474
TCCAGAATCATCGCCT-1,35,5452,457,1882
TCCATCGAGAAACCCG-1,3469,28,218,1580
TCCATCGAGGTCGTCC-1,6796,43,335,2355
TCCATCGCAAAGGAGA-1,38,5195,536,1948
TCCATCGCAACGGGTA-1,17,2891,283,1180
TCCATCGCACACACGC-1,40,6270,310,2386
TCCATCGCACTACCCT-1,15076,124,891,4824
TCCATCGCAGCCGTCA-1,68,11485,893,3472
TCCATCGCATTACTCT-1,21834,127,1325,5361
TCCATCGGTACAAGCG-1,29,5287,372,2108
TCCATCGGTCCTGGGT-1,15133,104,867,4623
TCCATCGGTTCCGTTC-1,8658,59,288,3404
TCCATCGGTTTACCAG-1,9456,66,642,3342
TCCATCGTCCGTAGTA-1,1234,15,106,734
TCCATCGTCTCCACTG-1,13,2663,217,752
TCCATGCAGCGCCTCA-1,45,6844,615,2402
TCCATGCCACCAACAT-1,11,880,11,618
TCCATGCCACCAGCTG-1,2405,10,4,968
TCCATGCCACTCAGAT-1,16,885,57,547
TCCATGCCAGTCTACA-1,56,7326,642,2632
TCCATGCCAGTTAAAG-1,573,153,10,558
TCCATGCCATCACAGT-1,586,123,14,589
TCCATGCCATCCTTCG-1,1287,543,110,1196
TCCATGCGTCATCCGG-1,1687,413,106,1256
TCCATGCTCACCTGTC-1,1992,156,97,1223
TCCATGCTCCCATTCG-1,198,1696,70,1132
TCCATGCTCCGGTAGC-1,30,8187,761,2511
TCCATGCTCTATACGG-1,160,901,54,677
TCCCACAAGAGATTCA-1,10,3258,265,733
TCCCACACAACAAGTA-1,46,7717,607,2585
TCCCACACAAGGATGC-1,319,760,47,738
TCCCACACACCCTGTT-1,1291,165,69,914
TCCCACACACCTCTGT-1,500,517,48,766
TCCCACACATCAACCA-1,50,1624,178,878
TCCCACACATCTTTCA-1,223,493,7,540
TCCCACAGTGTCTTCC-1,12,1155,67,680
TCCCACAGTTCCTAAG-1,426,919,55,908
TCCCACAGTTGCAACT-1,119,917,22,689
TCCCACATCCAACTGA-1,13259,103,502,4609
TCCCACATCGAGTCCG-1,20699,137,1170,5483
TCCCACATCTATCCAT-1,767,656,33,950
TCCCAGTAGATCGCTT-1,308,510,25,609
TCCCAGTAGCGTCTGC-1,1091,97,48,782
TCCCAGTAGGCATCTT-1,1072,454,48,1010
TCCCAGTAGGGCCCTT-1,1254,1819,171,1704
TCCCAGTCACAAGGTG-1,8354,22,23,2300
TCCCAGTCACACCGAC-1,9325,44,546,3627
TCCCAGTCACGTCGTG-1,13,3456,218,1458
TCCCAGTCATACTGAC-1,28,5875,407,2157
TCCCAGTCATCCTTGC-1,9988,38,443,3410
TCCCAGTGTCACTGAT-1,10429,73,734,3516
TCCCAGTTCCGATAAC-1,61,6574,179,2545
TCCCAGTTCGTTCGCT-1,655,573,57,849
TCCCATGAGAAACTCA-1,59,8962,589,2905
TCCCATGAGATGCTTC-1,464,265,38,568
TCCCATGAGTAGGAAG-1,32,6206,452,2185
TCCCATGCAACTGGTT-1,85,10872,717,3268
TCCCATGGTAGCGAGT-1,49,7409,532,2622
TCCCATGTCACACGAT-1,20,4165,333,1614
TCCCATGTCACCTTGC-1,2861,29,112,1317
TCCCATGTCACGGGCT-1,41,7926,450,2232
TCCCATGTCACTGATG-1,11388,70,815,3685
TCCCATGTCCCGGTAG-1,49,10448,463,3071
TCCGAAAAGCCGATCC-1,212,752,30,677
TCCGAAAAGCTCCACG-1,60,7218,346,2907
TCCGAAAAGCTGGTGA-1,486,299,39,604
TCCGAAAAGTGTCATC-1,53,7867,532,2499
TCCGAAACAACCGACC-1,435,206,21,508
TCCGAAACACATATCG-1,71,9451,459,3152
TCCGAAAGTAAGATCA-1,46,573,37,433
TCCGAAAGTCAAGGCA-1,10746,66,869,3798
TCCGAAAGTCGTCTCT-1,35,7644,413,2500
TCCGAAAGTTAGAAGT-1,14412,82,800,4255
TCCGAAATCCACCTCA-1,37,5114,422,1883
TCCGAAATCCCAAGCG-1,1240,11,66,756
TCCGATCAGAAGGGAT-1,27,4649,273,1798
TCCGATCAGCCTCTTC-1,7458,4624,622,4938
TCCGATCAGCTTACGT-1,55,10214,805,2973
TCCGATCAGTAAGCAT-1,16233,82,857,4487
TCCGATCAGTCATGCT-1,12518,94,499,4133
TCCGATCCAAGACCGA-1,1015,83,107,704
TCCGATCCAGCCTATA-1,27568,171,1471,6287
TCCGATCCAGTTCTAG-1,2735,20,1,1355
TCCGATCGTACACTCA-1,7652,59,356,3308
TCCGATCGTCTAACGT-1,7197,40,309,2834
TCCGATCTCAACACCA-1,11404,94,545,4146
TCCGATCTCAACTACG-1,1655,19,114,961
TCCGATCTCCGGTAAT-1,1494,17,127,910
TCCGATCTCGACGATT-1,2080,2438,238,2322
TCCGATCTCTCGGTCT-1,9402,66,507,3467
TCCGATCTCTTCCAGC-1,8848,63,436,3100
TCCGGGAAGGTTTGAA-1,48,12149,632,3243
TCCGGGACACATCATG-1,44,8458,455,2621
TCCGGGACACCCTATC-1,13148,84,904,4018
TCCGGGACACTGATTG-1,1221,2105,194,1808
TCCGGGACAGTTGTCA-1,912,13,97,593
TCCGGGAGTAGCTGTT-1,579,174,68,582
TCCGGGATCATGAGTC-1,48,7058,529,2397
TCCGGGATCCTATTGT-1,94,6442,546,2252
TCCGGGATCGCTTTAT-1,221,1514,172,911
TCCGTGTCACGAGAAC-1,9648,66,788,3649
TCCGTGTGTACGGTTT-1,16,1638,182,273
TCCGTGTGTTCCTAAG-1,36,5193,359,1918
TCCGTGTTCAAGAATG-1,54,6154,483,2215
TCCGTGTTCATGCGGC-1,99,13617,1465,3811
TCCGTGTTCCAACTAG-1,630,86,46,550
TCCGTGTTCTACCACC-1,38,6596,394,2281
TCCTAATAGGAAAGGT-1,1315,185,96,931
TCCTAATAGGATAATC-1,1262,124,66,875
TCCTAATAGGTCCCGT-1,268,417,22,534
TCCTAATAGTAAGCAT-1,15,1833,42,851
TCCTAATCACGACGTC-1,21,1017,42,612
TCCTAATCATCCTGTC-1,17,1039,40,610
TCCTAATCATGAGTAA-1,631,12,34,475
TCCTAATGTATGAAAC-1,336,263,22,485
TCCTAATGTCACTTCC-1,1302,384,64,1066
TCCTAATGTGAGAACC-1,765,108,22,634
TCCTAATGTGATACAA-1,169,1622,69,852
TCCTAATGTTGCATAC-1,8984,71,325,3553
TCCTAATTCACCCTGT-1,314,366,13,509
TCCTAATTCCACGTGG-1,27,7553,422,2506
TCCTAATTCCCTCAAC-1,36,3418,88,1572
TCCTAATTCCGTTTCG-1,55,6327,272,2545
TCCTAATTCTCCCTAG-1,81,656,15,519
TCCTAATTCTCTCGAC-1,844,9882,526,3614
TCCTCCCAGATTAGCA-1,1419,176,21,1069
TCCTCCCAGGCTCACC-1,2318,2093,242,2131
TCCTCCCCAACGATTC-1,648,8,25,502
TCCTCCCCAACTGCCG-1,3632,576,407,1897
TCCTCCCCAAGCTCTA-1,50,9003,432,2758
TCCTCCCCACCTGAAT-1,16,4174,307,1699
TCCTCCCCAGAACATA-1,8,926,41,575
TCCTCCCGTAACATGA-1,175,781,26,634
TCCTCCCGTATCGCGC-1,9,1770,146,417
TCCTCCCGTCGTGCCA-1,23,5551,429,1960
TCCTCCCGTCTGCAAT-1,1031,19,20,751
TCCTCCCGTTGAGAGC-1,15264,81,1023,4603
TCCTCCCTCATTCGTT-1,885,1089,56,1232
TCCTCCCTCCGAAATC-1,34,1812,95,869
TCCTCCCTCGGCGATC-1,2133,532,140,1460
TCCTCCCTCGTGTGAT-1,41,6830,288,2522
TCCTCGAAGCTGTTCA-1,44,6948,402,2147
TCCTCGAAGGACACTG-1,6409,35,404,2749
TCCTCGAAGTAGCTCT-1,829,13,83,555
TCCTCGACAATAACCC-1,14397,86,712,4826
TCCTCGACACACGGTC-1,5,615,17,401
TCCTCGACAGCTCATA-1,60,2414,87,1015
TCCTCGACATGTTCAG-1,90,1503,77,793
TCCTCGAGTATGACAA-1,1461,118,99,998
TCCTCGAGTTCCATTT-1,14,675,19,436
TCCTCGAGTTTGAAAG-1,12052,53,661,3678
TCCTCGATCACTACGA-1,1332,12,66,848
TCCTCGATCAGAATAG-1,55,4898,327,1991
TCCTCTTAGAAGAACG-1,32,5090,203,1989
TCCTCTTAGGATTCCT-1,589,337,19,702
TCCTCTTAGTCGCGAA-1,21,6108,461,1901
TCCTCTTCAAACCATC-1,41,7287,418,2617
TCCTCTTCACCCAACG-1,690,562,30,865
TCCTCTTCAGTCACGC-1,271,663,8,686
TCCTCTTCATTCCTAT-1,3140,734,107,1973
TCCTCTTGTCAGGAGT-1,525,1435,163,1079
TCCTCTTGTCCTCCAT-1,39,5393,413,2079
TCCTCTTGTCTACACA-1,54,7630,486,2711
TCCTCTTGTCTTTATC-1,144,932,18,729
TCCTCTTGTGAATAAC-1,45,6012,235,2446
TCCTCTTTCATTACGG-1,35,7059,276,2592
TCCTCTTTCATTGCCC-1,325,494,7,622
TCCTCTTTCCACGGGT-1,1076,81,28,806
TCCTCTTTCGCTATTT-1,652,536,20,849
TCCTGCAAGAACTTCC-1,1518,757,89,1311
TCCTGCAAGCACTCAT-1,57,7674,543,2605
TCCTGCAAGGCCCAAA-1,65,10476,481,3013
TCCTGCACAGCTTTCC-1,3364,902,115,2132
TCCTGCACATCTCCCA-1,6171,4903,249,4356
TCCTGCAGTAACTTCG-1,11533,60,752,4001
TCCTGCAGTCAACGCC-1,153,964,25,706
TCCTGCAGTCCAGCAC-1,48,6267,454,2495
TCCTGCAGTCCATAGT-1,6717,53,432,2550
TCCTGCAGTGTGTCGC-1,34,6494,432,2160
TCCTGCAGTTAAGACA-1,103,647,15,528
TCCTGCAGTTCGAACT-1,9,621,24,427
TCCTGCAGTTCGGCGT-1,471,56,34,438
TCCTGCATCAAGTAAG-1,287,5516,388,2427
TCCTGCATCCACACCT-1,634,544,26,822
TCCTGCATCCACCCTA-1,17,1772,1,582
TCCTGCATCCATATGG-1,59,8583,412,3034
TCCTGCATCCTTACCG-1,340,223,18,468
TCCTGCATCGTTCAGA-1,7763,55,422,3254
TCCTGCATCTGGTGGC-1,933,63,38,661
TCCTTCTAGGCCCAAA-1,105,1334,26,880
TCCTTCTCAACTGAAA-1,15,1239,61,714
TCCTTCTCAAGCAATA-1,4,1097,57,618
TCCTTCTCAATTGCTG-1,22,733,27,512
TCCTTCTCATACACCA-1,25,995,27,603
TCCTTCTCATGGCCAC-1,12377,97,555,4392
TCCTTCTGTGGTTTGT-1,12,726,46,488
TCCTTCTTCAACACCA-1,395,537,5,689
TCCTTCTTCACACGAT-1,480,1593,42,1083
TCCTTCTTCCCGAGAC-1,12,775,33,529
TCCTTCTTCGCTCCTA-1,32,2981,264,560
TCCTTCTTCTCTGACC-1,28,2494,56,1240
TCCTTCTTCTGAGGCC-1,10,555,18,399
TCCTTCTTCTGTCCCA-1,6567,232,223,2765
TCCTTTCAGATAGCAT-1,185,1669,124,972
TCCTTTCAGATGAACT-1,34,6205,395,2266
TCCTTTCAGGATCACG-1,8959,65,507,3317
TCCTTTCAGTATGGAT-1,8,630,26,435
TCCTTTCAGTCTGCGC-1,22,2585,118,1308
TCCTTTCAGTGTTCAC-1,77,10578,623,3418
TCCTTTCAGTTGTCAC-1,10,590,23,367
TCCTTTCCACCGTCTT-1,616,549,16,852
TCCTTTCCACCTCTGT-1,29,572,14,456
TCCTTTCCAGAGAAAG-1,893,17,60,590
TCCTTTCCAGGAATAT-1,26,1019,30,695
TCCTTTCGTACTGACT-1,2264,23,44,1258
TCCTTTCGTAGCTGCC-1,2244,30,39,1274
TCCTTTCGTTGTACGT-1,9,1627,1,658
TCCTTTCTCACCTCTG-1,613,3106,122,1794
TCCTTTCTCGGCTGTG-1,2071,25,110,1095
TCCTTTCTCGGTGTTA-1,17,1223,2,654
TCCTTTCTCGTCTACC-1,1554,563,63,1377
TCCTTTCTCTAACGCA-1,8409,83,393,3428
TCCTTTCTCTGCCTGT-1,16,625,18,442
TCCTTTCTCTGGAGAG-1,6809,54,486,2793
TCGAACACAACTGATC-1,89,11694,838,3452
TCGAACACAAGGTCAG-1,29,3733,291,1663
TCGAACACAATTGCTG-1,1376,51,42,904
TCGAACACACTGAGGA-1,17471,117,1313,4922
TCGAACACAGTTAAAG-1,11089,77,677,3631
TCGAACAGTCCACTTC-1,7118,20,1,2186
TCGAACAGTGAGTTTC-1,60,5537,320,2194
TCGAACAGTTATAGCC-1,13228,70,651,3900
TCGAAGTCAGGAATAT-1,58,6667,445,2356
TCGAAGTCATTAGGAA-1,252,263,21,438
TCGAAGTGTAATTAGG-1,11164,78,765,3766
TCGAAGTGTAGCGTAG-1,2498,37,308,1203
TCGAAGTGTGGAACAC-1,33,5515,383,2003
TCGAAGTTCACTGATG-1,34,5864,325,2127
TCGAAGTTCATTTCCA-1,8665,54,367,3467
TCGAAGTTCGGATAAA-1,8649,100,481,3022
TCGACCTAGACGCTCC-1,529,16,11,427
TCGACCTAGCCTCAGC-1,1584,516,133,1315
TCGACCTAGTACCGGA-1,1059,12,107,694
TCGACCTAGTGCGTCC-1,15,3704,319,1529
TCGACCTCAAATCGTC-1,6238,33,342,2927
TCGACCTCACGGTCTG-1,1021,210,36,831
TCGACCTCAGACCGCT-1,865,8,10,598
TCGACCTCAGCTACAT-1,839,234,44,787
TCGACCTGTACGAGCA-1,25,3605,307,1585
TCGACCTGTGCTAGCC-1,8668,31,398,3152
TCGACCTTCAAAGAAC-1,49,8053,324,2788
TCGACCTTCCGTACGG-1,14,1416,74,784
TCGACCTTCCGTTGGG-1,489,176,23,539
TCGACCTTCGCGTAGC-1,25,5479,311,2156
TCGACCTTCTAGACAC-1,236,620,37,614
TCGACGGAGAACTCCT-1,33,5668,286,2183
TCGACGGCAAGTATCC-1,59,8287,632,2728
TCGACGGCAGCGCGTT-1,428,133,58,447
TCGACGGGTCTTCAAG-1,11908,52,722,3754
TCGACGGGTTCAAAGA-1,55,6513,447,2303
TCGACGGGTTTAAGGA-1,31,4832,311,1863
TCGACGGTCCGGCAAC-1,719,294,56,702
TCGACGGTCGACTCCT-1,1515,17,86,910
TCGACGGTCTTCCCAG-1,39,6657,395,2217
TCGATTTAGCATCGAG-1,85,3590,621,1761
TCGATTTAGTTGCTCA-1,836,448,64,905
TCGATTTCAATCAAGA-1,5381,50,403,2205
TCGATTTCACGGTCTG-1,31,4040,393,1532
TCGATTTCATCCGATA-1,744,918,63,1123
TCGATTTCATGGCACC-1,652,21,25,499
TCGATTTGTCACGTGC-1,7817,59,439,3152
TCGATTTTCCTCGATC-1,7817,62,734,3054
TCGATTTTCGAACCAT-1,1402,241,119,1013
TCGATTTTCTCTCCGA-1,672,10,25,504
TCGCACTCAGCCTACG-1,7263,53,684,2897
TCGCACTCAGGTCTCG-1,13,506,33,391
TCGCACTCAGTTGGTT-1,6507,48,300,2758
TCGCACTGTAGGAGTC-1,28,4628,335,1782
TCGCACTGTCGTCAGC-1,1178,15,40,765
TCGCACTGTCTTGCTC-1,80,1918,307,951
TCGCACTTCGTCGACG-1,65,1123,62,688
TCGCACTTCTTCACAT-1,13419,111,623,4738
TCGCAGGAGACTTCAC-1,17,826,50,528
TCGCAGGCAGGACGAT-1,39,6513,477,2161
TCGCAGGGTCACAGAG-1,10105,6004,821,5541
TCGCAGGTCCACAGGC-1,27,4992,508,1914
TCGCTCAAGCACACCC-1,895,1243,64,1349
TCGCTCAAGCCATTCA-1,8886,59,457,3356
TCGCTCAAGTTTCGAC-1,15,4274,238,1487
TCGCTCACAAACACCT-1,434,759,29,787
TCGCTCACAACTGCCG-1,9796,3837,860,5249
TCGCTCACAATCACGT-1,148,1764,85,1032
TCGCTCACACCCTTGT-1,625,668,51,892
TCGCTCACACGTAGTT-1,353,636,38,692
TCGCTCACATAATCCG-1,42,6688,380,2486
TCGCTCAGTCAAAGAT-1,46,1439,164,451
TCGCTCAGTCCACAGC-1,656,8,17,457
TCGCTCAGTGTGCTTA-1,30,4461,381,1656
TCGCTCATCAAGCTGT-1,684,140,21,607
TCGCTCATCAGTCATG-1,8901,59,554,3128
TCGCTCATCGGTCTGG-1,31,4621,282,1644
TCGCTCATCTCCCAAC-1,506,1292,59,1137
TCGCTCATCTCGGTCT-1,520,11,21,402
TCGCTTGAGACTACGG-1,5276,29,374,2374
TCGCTTGCAACTCGTA-1,9183,39,292,3333
TCGCTTGCATAGTCAC-1,9500,34,458,3265
TCGCTTGGTATTCCGA-1,619,611,158,851
TCGCTTGGTGTAGGAC-1,7972,37,310,3048
TCGCTTGTCCAACTAG-1,6,935,55,514
TCGCTTGTCCAATCTT-1,1960,1074,91,1766
TCGCTTGTCCTAAGTG-1,13082,76,846,4044
TCGGATAAGACCAAAT-1,2281,3301,413,2314
TCGGATACACACCTAA-1,15,1662,64,765
TCGGATAGTATCAAGA-1,6367,72,357,2790
TCGGATAGTATCGGTT-1,155,1791,321,853
TCGGATAGTTCGTACA-1,67,13176,674,3492
TCGGATATCGAAGTGG-1,34,5519,495,1737
TCGGGACAGAACTCCT-1,22,3815,310,1587
TCGGGACAGCCGTTGC-1,25,7932,483,2484
TCGGGACAGCCTTTGA-1,317,1482,166,978
TCGGGACAGCTCGTGC-1,4215,33,255,2018
TCGGGACAGTTCATGC-1,7120,77,483,2907
TCGGGACCAGCGAACA-1,90,12160,995,3295
TCGGGACCATTGAAAG-1,785,106,42,632
TCGGGACGTAGTCGTT-1,11375,52,755,3417
TCGGGACGTCCCTAAA-1,12601,79,789,3947
TCGGGACGTGTCCATA-1,8814,1870,908,3944
TCGGGACGTTGCATTG-1,19,5330,387,1831
TCGGGCAAGGCGAAGG-1,36,7120,575,2254
TCGGGCAAGGTACAAT-1,12269,64,492,3793
TCGGGCAAGGTCGAGT-1,1954,14,118,1205
TCGGGCACACGAGGTA-1,600,9,43,465
TCGGGCAGTCCACTTC-1,5,586,34,406
TCGGGCAGTGTGAGCA-1,68,8434,602,3179
TCGGGCAGTTCAGTAC-1,53,7587,541,2656
TCGGGCAGTTCGAGCC-1,90,7949,694,2441
TCGGGCAGTTCGGCGT-1,10,1564,73,848
TCGGGCATCAACTTTC-1,1139,190,81,869
TCGGGCATCAGAGCGA-1,11106,44,797,3291
TCGGGCATCTCTTGCG-1,8034,33,474,2972
TCGGGCATCTTTCAGT-1,10233,4840,1188,5374
TCGGGTGAGAACAGGA-1,4374,32,226,1910
TCGGGTGAGACCAACG-1,2813,28,74,1463
TCGGGTGAGATAACGT-1,14142,121,921,4430
TCGGGTGAGATGCGAC-1,30,5836,304,2126
TCGGGTGAGCCTCTTC-1,7287,67,576,3083
TCGGGTGAGTGCACAG-1,14477,88,1085,4230
TCGGGTGCACCGGAAA-1,57,13346,712,3716
TCGGGTGGTAGTGGCA-1,50,7159,483,2274
TCGGGTGGTGCAGTGA-1,39,5507,322,2031
TCGGTCTAGTATCCTG-1,1570,140,60,1091
TCGGTCTCAGACATCT-1,148,370,32,455
TCGGTCTCATAACAGA-1,38,3742,367,1548
TCGGTCTGTCGGTGTC-1,11380,56,653,3445
TCGGTCTTCCGCCTAT-1,9977,59,487,3702
TCGGTCTTCTAGACAC-1,94,12852,817,3917
TCGTAGAAGAGGCTGT-1,10949,98,786,3770
TCGTAGAAGCACTCAT-1,6637,31,406,2578
TCGTAGAAGTGGGAAA-1,8018,75,436,2836
TCGTAGACACCGTGAC-1,57,8589,652,2773
TCGTAGACAGTCTTCC-1,45,7339,645,2471
TCGTAGAGTCGGATTT-1,59,7914,476,2498
TCGTAGAGTTTCAGAC-1,8942,76,378,3346
TCGTAGATCAGAACCT-1,70,9633,556,2927
TCGTAGATCCAACTGA-1,45,5895,413,2018
TCGTAGATCCTCACTG-1,5732,45,423,2663
TCGTAGATCTGTGCTC-1,1397,10,53,834
TCGTCCACAACCCTAA-1,50,7579,635,2468
TCGTCCAGTAAGTTAG-1,39,3997,391,1677
TCGTCCAGTCATATGC-1,8305,57,448,3283
TCGTCCAGTCCCTGAG-1,35,6442,343,1981
TCGTCCATCACCATCC-1,498,430,42,698
TCGTCCATCCTCCACA-1,503,953,47,927
TCGTGCTAGTCAGAGC-1,13,2915,280,1227
TCGTGCTCATCCTATT-1,19,1915,179,948
TCGTGCTGTCCTCATC-1,1013,15,29,636
TCGTGCTTCTTGAGCA-1,29,6288,343,2237
TCGTGGGAGGGACAGG-1,9581,83,560,3260
TCGTGGGAGTTCCGGC-1,30,4605,294,1807
TCGTGGGCAACTACGT-1,6037,36,460,2457
TCGTGGGCATATGGCT-1,4923,29,258,2059
TCGTGGGGTGTAGCAG-1,24,3824,299,1414
TCGTGGGTCTAGTGTG-1,5354,36,326,2359
TCTAACTAGGGACACT-1,55,6561,277,2557
TCTAACTCACTAGGCC-1,720,1333,66,1251
TCTAACTCAGCATTGT-1,892,1064,90,1198
TCTAACTCAGTCGAGA-1,7720,62,507,2920
TCTAACTCATCATCTT-1,357,1467,47,973
TCTAACTGTAACGATA-1,543,25,13,418
TCTAACTGTCCGGTCA-1,162,1101,20,787
TCTAACTGTGAGTCAG-1,40,5893,324,2203
TCTAACTGTGCGCTCA-1,545,11,26,448
TCTAACTGTGTCTCCT-1,14,1162,77,652
TCTAACTGTGTCTTGA-1,12,1147,102,657
TCTAACTTCAACCCGG-1,1030,1900,107,1635
TCTAACTTCACTTATC-1,497,527,24,767
TCTAACTTCCATCTGC-1,676,162,23,648
TCTACATAGAAATTGC-1,29,2964,423,1670
TCTACATAGACCATAA-1,9620,95,775,3665
TCTACATAGCCTCAAT-1,31,7006,232,2266
TCTACATAGGATGCGT-1,563,242,51,601
TCTACATAGTAGACAT-1,9846,68,564,3389
TCTACATCAACGTATC-1,10301,75,657,3813
TCTACATCAATCTAGC-1,173,616,35,570
TCTACATCACTGAATC-1,1318,123,44,871
TCTACATCAGTTCCAA-1,87,1723,70,887
TCTACATCATTGGGAG-1,53,7244,606,2508
TCTACATGTAGGGTAC-1,26,5086,323,1923
TCTACATGTCTCACAA-1,70,11263,462,3141
TCTACATGTTCGTGCG-1,120,7248,391,2215
TCTACATTCAAACGTC-1,14,1124,62,646
TCTACATTCATGCAGT-1,1626,283,49,1090
TCTACATTCCATACAG-1,622,7,28,475
TCTACATTCCCTTCCC-1,3687,72,433,1900
TCTACATTCGTCCTCA-1,3664,46,370,1949
TCTACATTCTAGATCG-1,9384,84,657,3431
TCTACATTCTTCGGAA-1,38,6114,396,2142
TCTACCGAGACGACGT-1,58,6660,554,2342
TCTACCGAGGTGTGAC-1,28,5951,416,2084
TCTACCGAGTACTCGT-1,1319,1677,200,1672
TCTACCGAGTATCTGC-1,48,7919,498,2615
TCTACCGCAATTCTCT-1,40,1342,21,802
TCTACCGCACAGAAGC-1,636,175,31,614
TCTACCGCACTGCATA-1,55,7387,447,2505
TCTACCGCAGCGTGCT-1,8913,53,342,3458
TCTACCGGTAACCCTA-1,80,13104,677,3674
TCTACCGGTGAAAGTT-1,40,6543,546,2562
TCTACCGGTTCGTGCG-1,27,4634,335,1862
TCTACCGGTTGCCGAC-1,12,1039,39,584
TCTACCGGTTGGGAAC-1,1855,103,241,1090
TCTACCGTCAACTGGT-1,9,861,37,554
TCTACCGTCTACCCAC-1,529,409,23,709
TCTACCGTCTTACCGC-1,775,287,38,782
TCTATACAGCGTTACT-1,1200,144,34,857
TCTATACAGGGAGGTG-1,6296,56,436,2794
TCTATACAGTAATACG-1,7293,2986,726,3961
TCTATACAGTGAGTTA-1,14,1624,106,828
TCTATACCAACCGACC-1,45,7075,461,2564
TCTATACCAACCGCTG-1,21,1092,46,655
TCTATACCATAGGTTC-1,76,9999,619,3163
TCTATACGTACTCGTA-1,64,5069,477,2049
TCTATACGTCATCGGC-1,491,141,36,486
TCTATACTCACTCCGT-1,2056,444,87,1525
TCTATACTCCCTTGTG-1,566,104,28,502
TCTATACTCCGACGGT-1,1343,484,108,1160
TCTATACTCCTTCACG-1,840,148,16,679
TCTATACTCGAGAATA-1,11159,118,706,4015
TCTATACTCGGCTATA-1,812,13,40,586
TCTATACTCTAGGCAT-1,255,2013,111,1215
TCTATACTCTGACAGT-1,42,4645,350,1788
TCTATACTCTGCTAGA-1,177,2484,181,1217
TCTATACTCTTACCAT-1,261,873,13,744
TCTATCAAGAGTCTTC-1,35,5957,228,2257
TCTATCAAGGGCCTCT-1,1857,7,1,859
TCTATCAAGGTAAGAG-1,32,5280,244,1891
TCTATCAAGGTACAGC-1,44,5524,398,1989
TCTATCAAGTATTGCC-1,691,12,14,504
TCTATCACAGATGCGA-1,5401,33,273,2393
TCTATCACATTCCTAT-1,407,1465,57,1160
TCTATCAGTAACACGG-1,137,1060,71,774
TCTATCAGTACAAGCG-1,17119,4610,1220,6378
TCTATCAGTAGCGAGT-1,3027,26,262,1528
TCTATCAGTCAACCTA-1,3241,1024,191,2212
TCTATCAGTGAGTAGC-1,63,6479,392,2294
TCTATCAGTGCCCACA-1,630,789,50,951
TCTATCAGTTGTCAGT-1,54,5596,286,2109
TCTATCATCAACCTCC-1,1190,1008,87,1361
TCTATCATCGCTTACC-1,442,216,16,506
TCTATCATCTCATTAC-1,77,513,15,438
TCTCACGAGACGAAGA-1,9933,74,503,3393
TCTCACGAGCCTCCAG-1,37,6132,472,2335
TCTCACGAGTTGAAAC-1,8560,55,586,3437
TCTCACGAGTTTCAGC-1,1095,541,62,1064
TCTCACGAGTTTGCTG-1,32,5720,354,2055
TCTCACGCAAGACGAC-1,1048,10,31,704
TCTCACGCAATTTCCT-1,64,6529,458,2483
TCTCACGCACGCCAGT-1,549,29,7,429
TCTCACGCAGCTCTGG-1,176,690,35,609
TCTCACGCATCACAGT-1,78,11010,368,3340
TCTCACGCATCCTGTC-1,55,9191,550,3337
TCTCACGGTCCAGCGT-1,31,6165,539,2243
TCTCACGGTCGGAAAC-1,275,1439,99,951
TCTCACGGTTCTAACG-1,26,6787,347,2542
TCTCAGCAGCACCCAC-1,110,15046,937,4268
TCTCAGCAGCTCTTCC-1,18,1016,40,611
TCTCAGCAGTCTTGGT-1,8187,188,458,3012
TCTCAGCCACGGCGTT-1,12383,65,747,3883
TCTCAGCCACGTACTA-1,16,1742,50,943
TCTCAGCCATACATCG-1,10785,67,717,3521
TCTCAGCCATCGAACT-1,843,13,20,601
TCTCAGCGTACATTGC-1,28,4546,411,1810
TCTCAGCGTGAGACGT-1,18,4175,247,1642
TCTCAGCGTTTGTTGG-1,8387,60,1398,3432
TCTCAGCTCCTACGAA-1,36,1009,96,610
TCTCAGCTCTACACAG-1,44,6343,458,2281
TCTCAGCTCTCTATGT-1,8448,83,522,3479
TCTCAGCTCTCTTAAC-1,693,145,25,621
TCTCAGCTCTTGGCTC-1,14329,92,720,4372
TCTCCGAAGAAGCCTG-1,34,3739,391,1550
TCTCCGAAGCTACAAA-1,33,3396,175,1622
TCTCCGAAGTCAGCCC-1,7441,47,436,2844
TCTCCGAAGTCGCCCA-1,20412,128,1328,4991
TCTCCGACACCAGCGT-1,375,940,82,860
TCTCCGACACGATTCA-1,780,6,16,563
TCTCCGACACTACCCT-1,525,244,18,582
TCTCCGACAGACTCTA-1,3994,26,244,1925
TCTCCGACAGGCTCTG-1,7130,50,474,2846
TCTCCGACATGGGATG-1,9208,36,366,3122
TCTCCGACATTCTTCA-1,17,1999,238,1004
TCTCCGAGTACATACC-1,786,23,41,556
TCTCCGAGTATGAGGC-1,19,1267,104,691
TCTCCGAGTATTCCTT-1,46,10962,555,3257
TCTCCGAGTCCGACGT-1,54,8990,548,3042
TCTCCGATCACGACTA-1,1105,13,47,678
TCTCCGATCAGATGCT-1,51,7793,582,2801
TCTCCGATCATTCGGA-1,1006,237,32,897
TCTCCGATCCGTATGA-1,12543,67,663,4041
TCTCCGATCCTTCTTC-1,2307,1022,80,1903
TCTCTGGAGGGACCAT-1,4663,30,331,2258
TCTCTGGAGTGTAGTA-1,28,3869,335,1573
TCTCTGGCAAATGGCG-1,1674,1637,190,1829
TCTCTGGCACACGCCA-1,114,1645,84,915
TCTCTGGCAGTAGTTC-1,57,8997,569,2803
TCTCTGGCATGACTAC-1,39,7251,247,2460
TCTCTGGGTGAATGAT-1,16,3229,160,1340
TCTCTGGGTGGAGGTT-1,56,8978,391,2759
TCTCTGGGTTATAGAG-1,30,6156,428,2222
TCTCTGGGTTGGGTTT-1,23,3885,385,1499
TCTCTGGTCCACGGAC-1,36,6665,374,2503
TCTCTGGTCGGTAGAG-1,5370,35,397,2344
TCTCTGGTCTAGCAAC-1,28,4167,240,1863
TCTCTGGTCTGCTTAT-1,149,2739,114,1475
TCTGCCAAGAAACACT-1,42,5354,492,1897
TCTGCCACAATCTCTT-1,1288,582,59,1172
TCTGCCACATCAACCA-1,2646,409,57,1708
TCTGCCAGTAAGTTGA-1,321,1802,109,1175
TCTGCCAGTGAGACCA-1,48,9114,523,2728
TCTGCCAGTGGGTATG-1,9274,62,589,3382
TCTGCCAGTTCAACGT-1,6428,50,472,2767
TCTGCCATCCCTTTGG-1,10616,60,590,3756
TCTGCCATCCGTGCGA-1,15496,67,690,4398
TCTGCCATCCGTGTAA-1,29,5847,390,2047
TCTGGCTAGAAGTGTT-1,41,8544,500,2560
TCTGGCTAGCAGAAAG-1,57,12589,712,3218
TCTGGCTCACATAACC-1,10,850,13,521
TCTGGCTCATCACGGC-1,9091,65,555,3447
TCTGGCTCATGGAAGC-1,36,6729,457,2348
TCTGGCTCATTCGATG-1,966,570,117,1007
TCTGGCTGTACCGTGC-1,922,632,84,1014
TCTGGCTGTATTGGCT-1,14,841,28,519
TCTGGCTGTCATATGC-1,1136,23,24,739
TCTGGCTTCAGATGCT-1,83,8253,462,3127
TCTGGCTTCGGACGTC-1,60,13194,876,3488
TCTGGCTTCTTTCCGG-1,251,1056,34,812
TCTGTCGAGGGAGAAT-1,2248,16,187,1067
TCTGTCGAGTAATCCC-1,8633,63,468,3043
TCTGTCGCAAGTGCTT-1,24,5469,523,1847
TCTGTCGCACAGTACT-1,37,6037,494,2385
TCTGTCGCATGGAGAC-1,266,1252,94,936
TCTGTCGTCTACTCAT-1,54,7228,465,2483
TCTGTCGTCTATGCCC-1,633,21,62,474
TCTTAGTAGTATTCCG-1,12,1061,47,652
TCTTAGTAGTGGCAGT-1,47,6285,516,1981
TCTTAGTCAAATGATG-1,65,9728,531,3117
TCTTAGTCAAGAATGT-1,884,58,82,664
TCTTAGTCAAGTCCAT-1,9287,70,496,3575
TCTTAGTCACAAAGCG-1,9999,56,474,3530
TCTTAGTCACCGGTCA-1,352,184,12,453
TCTTAGTCATATTCGG-1,6903,28,261,2533
TCTTAGTCATGCCGAC-1,350,1183,59,947
TCTTAGTGTATCGTAC-1,60,7563,459,2762
TCTTAGTGTCAACCAT-1,9950,77,667,3498
TCTTAGTGTCAACGCC-1,11067,72,632,3664
TCTTAGTTCAAACGTC-1,11733,67,535,3813
TCTTAGTTCAGACAAA-1,144,2348,151,1128
TCTTAGTTCCCTCTTT-1,65,8873,478,3030
TCTTAGTTCTTACTGT-1,1483,21,38,1051
TCTTCCTAGAATTGCA-1,505,388,26,680
TCTTCCTAGCCAACCC-1,2204,1277,225,1773
TCTTCCTAGCCTCAAT-1,62,5372,457,1796
TCTTCCTAGGTCACCC-1,272,375,5,509
TCTTCCTAGTTCACTG-1,55,6101,315,2338
TCTTCCTCAAAGAACT-1,2602,351,153,1709
TCTTCCTCAAATTAGG-1,581,504,54,795
TCTTCCTCAACAAGTA-1,95,8040,541,3056
TCTTCCTCAACTGTGT-1,802,1318,35,1355
TCTTCCTCAAGCCCAC-1,502,25,7,406
TCTTCCTCACTTTAGG-1,402,199,18,494
TCTTCCTCAGGGAATC-1,387,154,15,438
TCTTCCTGTACTAACC-1,30,4584,226,2011
TCTTCCTGTCATAGTC-1,15,923,56,543
TCTTCCTGTCCGACGT-1,1618,508,48,1322
TCTTCCTGTGACTGAG-1,18097,111,829,5335
TCTTCCTGTTTCGATG-1,30,4644,400,1893
TCTTCCTTCCATTGCC-1,436,3867,126,1923
TCTTCCTTCCGTAATG-1,613,481,38,806
TCTTCCTTCCTTCTTC-1,15,667,32,487
TCTTCCTTCGTTCATT-1,452,160,11,483
TCTTGCGAGGCACAAC-1,27,5465,264,2372
TCTTGCGAGTAGACCG-1,56,6829,599,2554
TCTTGCGCACGTATAC-1,1087,115,62,796
TCTTGCGCATACGCAT-1,14,1826,80,968
TCTTGCGCATTCACCC-1,16,496,12,369
TCTTGCGGTAAGGTCG-1,21,4771,483,1650
TCTTGCGGTCGTGCCA-1,20,5236,364,2006
TCTTGCGGTCTACACA-1,12489,4495,1025,5795
TCTTGCGGTCTCCTGT-1,507,8,28,384
TCTTGCGGTGACAGGT-1,51,5937,583,2388
TCTTGCGGTTAGTTCG-1,7,2026,59,685
TCTTGCGTCATTGTGG-1,29,5441,483,1904
TCTTTGAAGCGGCTCT-1,46,5236,434,1911
TCTTTGACAAGGTCAG-1,864,17,53,575
TCTTTGACACTGGAAG-1,14,3049,215,1296
TCTTTGACAGGTGACA-1,1269,436,98,1096
TCTTTGACATCGCTAA-1,841,381,51,877
TCTTTGAGTCTACTGA-1,10665,119,2295,4048
TCTTTGATCCTACCGT-1,3592,14,315,1603
TGAACGTAGTCTCTGA-1,74,7725,475,2812
TGAACGTAGTGGTTCT-1,53,7181,581,2418
TGAACGTAGTTACGTC-1,3380,90,201,1697
TGAACGTCAATCTCTT-1,772,369,31,833
TGAACGTCAATGAGCG-1,26,3947,390,1444
TGAACGTCACTCTGCT-1,1057,11,51,664
TGAACGTGTCCTATAG-1,32,5574,381,2042
TGAACGTTCCCTCTCC-1,582,748,39,920
TGAACGTTCGGACTGC-1,34,5716,314,2007
TGAACGTTCGGTCGGT-1,35,7494,455,2599
TGAACGTTCTACACAG-1,11193,91,737,3686
TGAACGTTCTTGGGCG-1,5180,46,744,2317
TGAATCGAGAGCATCG-1,4502,105,265,2100
TGAATCGAGCAGTCTT-1,6760,57,274,2894
TGAATCGAGGACACTG-1,53,10910,697,3149
TGAATCGAGGCCTTCG-1,7717,54,666,3081
TGAATCGAGGGCGAGA-1,10319,68,643,3677
TGAATCGCAAGACGAC-1,45,8824,553,2785
TGAATCGCACTAACCA-1,386,1845,142,1157
TGAATCGCAGGTTCCG-1,33,6888,380,2362
TGAATCGGTGAATATG-1,53,6363,506,2132
TGAATCGGTTAAGGAT-1,45,6140,375,2318
TGAATGCAGCACGGAT-1,61,9366,804,2897
TGAATGCAGCGTATAA-1,631,110,22,551
TGAATGCAGGCAGTCA-1,11246,82,740,3862
TGAATGCCAAGCCTGC-1,73,14845,777,4169
TGAATGCCAATAGTAG-1,108,1342,105,806
TGAATGCCACTTCTCG-1,9236,70,626,3337
TGAATGCCAGTAACCT-1,805,176,58,702
TGAATGCCATCAGCAT-1,195,1291,77,865
TGAATGCGTATCGCTA-1,2818,1718,337,2355
TGAATGCTCACAGTGT-1,7800,54,462,2844
TGAATGCTCAGACTGT-1,109,5231,373,2036
TGAATGCTCAGGAGAC-1,85,891,59,625
TGAATGCTCCGACGGT-1,269,710,45,695
TGAATGCTCTCGGCTT-1,14,509,15,377
TGAATGCTCTCTATAC-1,14,1272,43,734
TGACAGTCAACTTGGT-1,668,182,25,645
TGACAGTCAAGTGGGT-1,21,1712,181,860
TGACAGTCACTGGACC-1,40,6942,559,2413
TGACAGTCATCTTCGC-1,1933,166,87,1218
TGACAGTCATTGGATC-1,10021,71,736,3738
TGACAGTGTAACAGTA-1,74,10880,533,3250
TGACAGTGTAAGATAC-1,61,10016,848,3082
TGACAGTGTTCAGCGC-1,69,10659,572,3331
TGACCCTAGCCTGAAG-1,2578,54,110,1292
TGACCCTAGCTAGTTC-1,4131,33,376,1770
TGACCCTAGTCCGCGT-1,1209,16,86,750
TGACCCTCACAGTCCG-1,2045,12,82,1116
TGACCCTCAGCAAGAC-1,63,10124,581,3233
TGACCCTGTATGTCAC-1,824,168,49,720
TGACCCTGTGTCACAT-1,143,482,19,490
TGACCCTGTTTACGTG-1,23,4668,280,1971
TGACCCTGTTTCTTAC-1,1423,15,75,849
TGACCCTTCACCTCAC-1,10023,71,453,3726
TGACCCTTCAGATGCT-1,37,4517,356,1689
TGACCCTTCGTAACTG-1,70,8326,421,2768
TGACGCGAGAAGCTCG-1,1306,9,78,765
TGACGCGAGTCAATCC-1,54,8796,411,3065
TGACGCGCAAGGGTCA-1,324,1833,180,1093
TGACGCGCACCTGATA-1,374,171,27,435
TGACGCGCAGCGACCT-1,293,979,52,806
TGACGCGCAGGTTCGC-1,43,7001,281,2530
TGACGCGCATTGCTTT-1,10625,65,416,3750
TGACGCGGTATTTCTC-1,12,2644,157,522
TGACGCGTCACTTGTT-1,73,1527,131,810
TGACGCGTCATAGAGA-1,57,5610,491,2329
TGACGCGTCCTTCAGC-1,33,4002,386,1559
TGACTCCAGCACCGTC-1,1051,22,54,707
TGACTCCAGGGCCCTT-1,810,8,33,558
TGACTCCCAAGACGAC-1,47,7121,355,2535
TGACTCCCAAGCTGTT-1,78,14454,759,4109
TGACTCCCACGAAAGC-1,11,1135,62,625
TGACTCCCAGCACAGA-1,407,619,23,764
TGACTCCCATTCACCC-1,45,5327,419,2031
TGACTCCGTAGACACG-1,78,1496,68,901
TGACTCCGTATGAAAC-1,2128,154,124,1216
TGACTCCGTGCACGCT-1,1303,1712,147,1579
TGACTCCGTTTCGACA-1,845,10,12,663
TGACTCCTCCTGCCAT-1,1212,352,64,969
TGACTCCTCGTTCTAT-1,2969,290,83,1693
TGACTCCTCTCAGAAC-1,860,221,48,787
TGACTCCTCTCGTTTA-1,12234,134,781,4243
TGAGACTAGGACGCAT-1,103,6302,615,2208
TGAGACTAGGAGTCTG-1,67,8587,518,3037
TGAGACTAGGGTTGCA-1,45,6515,523,2246
TGAGACTCACCTCTAC-1,18030,122,864,4935
TGAGACTTCAGACCCG-1,61,6705,599,2327
TGAGACTTCAGATGCT-1,390,1205,41,1044
TGAGACTTCCTCTGCA-1,10164,73,429,3719
TGAGACTTCTTCTGTA-1,72,6322,464,2409
TGAGCATAGTCATTGC-1,798,85,37,599
TGAGCATCAATGAACA-1,383,1884,110,1156
TGAGCATCAGACAAAT-1,55,5423,511,1987
TGAGCATGTACAGCGA-1,12,1739,20,603
TGAGCATGTACATTGC-1,12,1173,98,668
TGAGCATGTCGAGTGA-1,568,62,2,442
TGAGCATTCCCAGCGA-1,42,7875,859,2363
TGAGCGCAGAAATTCG-1,11,555,31,394
TGAGCGCAGCTCATAC-1,39,8061,481,2601
TGAGCGCGTCGTCATA-1,2089,15,193,1210
TGAGCGCTCAAGCCCG-1,17076,106,1280,4739
TGAGCGCTCCAAGCAT-1,9869,93,1003,3904
TGAGGAGAGAGCACTG-1,42,5876,444,1859
TGAGGAGCAATGTTGC-1,9968,84,636,3484
TGAGGAGCACGTTGGC-1,10589,60,652,3511
TGAGGAGCACTGCATA-1,33,7066,476,2296
TGAGGAGCAGCTAACT-1,3266,11,67,1276
TGAGGAGCAGTCGGAA-1,10961,76,817,3921
TGAGGAGCATGTGGTT-1,10852,101,583,3668
TGAGGAGGTAGTAAGT-1,874,227,61,784
TGAGGAGGTCACTTCC-1,4557,7,1,1666
TGAGGAGGTCTCTCAC-1,15523,120,1499,4425
TGAGGAGGTGATAGTA-1,13827,115,613,4144
TGAGGAGGTTTAAGGA-1,43,6302,381,2420
TGAGGAGTCCATCCGT-1,16,2311,251,1067
TGAGGAGTCCCTCATG-1,27,2297,210,1001
TGAGGAGTCGGCATCG-1,723,15,1,470
TGAGGGAAGATGCGAC-1,42,5675,422,2103
TGAGGGAAGCGCCGTT-1,55,9775,597,2871
TGAGGGAAGCTGAAAT-1,47,5275,536,1928
TGAGGGACAAATGAGT-1,45,8319,639,2545
TGAGGGACAAGTCCCG-1,547,1705,132,1178
TGAGGGACAGATTAAG-1,1597,78,221,922
TGAGGGACATCGATCA-1,6798,43,451,2853
TGAGGGACATGGCGCT-1,12112,85,639,3949
TGAGGGAGTATAGGAT-1,16784,111,1246,4786
TGAGGGAGTCTCAGAT-1,59,8927,712,2931
TGAGGGAGTTGGCCTG-1,10606,51,619,3284
TGAGGGATCACTAGCA-1,58,9378,727,3024
TGAGGGATCCATTTGT-1,745,134,25,661
TGAGGGATCGCCAGTG-1,27,1886,571,957
TGAGGGATCTTACCGC-1,2674,23,201,1281
TGAGGTTAGAAACTAC-1,10710,84,518,3819
TGAGGTTAGACCCGCT-1,45,6299,519,2168
TGAGGTTCAACTCGAT-1,19,1602,308,958
TGAGGTTCAAGTACCT-1,121,14191,809,4233
TGAGGTTCACCGGAAA-1,56,7437,508,2499
TGAGGTTCACCTTCGT-1,9084,72,643,3424
TGAGGTTCACTCCGAG-1,34,5174,377,1949
TGAGGTTGTGACGTCC-1,17,1702,246,695
TGAGGTTGTGCATTAC-1,8810,73,612,3128
TGAGGTTTCCGGACTG-1,13121,67,778,3984
TGAGGTTTCGGTCTGG-1,25,4542,314,1777
TGAGTCAAGCCTCTTC-1,8,891,17,541
TGAGTCAAGCTCACTA-1,553,761,42,903
TGAGTCACAAACCATC-1,46,9792,551,3022
TGAGTCACAAGTTTGC-1,36,5014,216,1913
TGAGTCACACATCCCT-1,808,528,63,936
TGAGTCAGTACGGATG-1,9077,56,735,3322
TGAGTCATCATTTGTC-1,40,6467,527,2262
TGAGTCATCGCCTATC-1,937,196,29,794
TGAGTCATCTACTGCC-1,8831,80,469,3358
TGATCAGAGGGCGAAG-1,7445,27,691,2424
TGATCAGAGTTTAGGA-1,31,5589,269,2091
TGATCAGCAGATACTC-1,15,815,48,510
TGATCAGCAGCACGAA-1,54,8135,581,2585
TGATCAGGTGTCTCCT-1,3065,452,162,1821
TGATCAGGTTGCCTAA-1,18721,116,1187,5015
TGATCAGTCCCTGTTG-1,7691,46,566,3119
TGATCAGTCGAGAATA-1,45,7961,667,2629
TGATCAGTCGAGAGCA-1,5212,38,179,2405
TGATCAGTCTACGGTA-1,6677,9257,1372,5747
TGATCTTAGCTATCCA-1,38,6517,495,2265
TGATCTTAGGGTATAT-1,530,7,0,422
TGATCTTCACAAACGG-1,4,893,38,579
TGATCTTCATCAGTGT-1,8363,52,570,2947
TGATCTTCATCTTCGC-1,2520,915,76,1879
TGATCTTGTAGATTGA-1,1056,14,96,682
TGATCTTGTAGTTCCA-1,1626,18,138,906
TGATCTTGTCGGTACC-1,29,5159,298,1881
TGATCTTGTGGGTTGA-1,54,7413,512,2534
TGATCTTTCAACCTCC-1,7988,62,431,3384
TGATCTTTCACTTCTA-1,10775,76,785,3857
TGATCTTTCCACGGAC-1,34,5681,453,1988
TGATCTTTCGCTGACG-1,1833,9,185,1015
TGATCTTTCGTGCACG-1,1123,655,76,1173
TGATCTTTCTGTCGTC-1,204,310,31,426
TGATCTTTCTTAAGGC-1,1961,22,142,947
TGATGCAAGAAACCAT-1,12389,95,700,3854
TGATGCACAATAACGA-1,69,8377,578,2781
TGATGCACACGGTCTG-1,1563,12,82,904
TGATGCACAGACACCC-1,8832,72,530,3293
TGATGCACATAATCGC-1,238,609,30,622
TGATGCACATAGAGGC-1,28,6477,698,2178
TGATGCAGTACAGTAA-1,60,7328,568,2714
TGATGCAGTACGATTC-1,10942,87,810,3733
TGATGCAGTCAACACT-1,1254,192,38,985
TGATGCAGTCTCAAGT-1,1534,15,130,878
TGATGCAGTGGGCTCT-1,18483,143,1069,5081
TGATGCAGTGTAGCAG-1,1959,14,189,1046
TGATGCAGTTATGACC-1,1102,661,74,1179
TGATGCAGTTCCGCTT-1,79,1119,69,732
TGATGCATCAACGTGT-1,905,96,66,697
TGATGCATCACCCTCA-1,77,16360,713,4088
TGATGCATCTATTCGT-1,385,977,46,918
TGATGCATCTGCGATA-1,107,7905,665,2930
TGATGCATCTGTCGCT-1,32,4408,448,1704
TGATGGTAGACAGTCG-1,48,5956,571,2218
TGATGGTAGAGAACCC-1,18231,133,1230,4705
TGATGGTAGCCTGAGA-1,53,8658,605,2854
TGATGGTAGCTTTGTG-1,13079,90,938,4008
TGATGGTAGGACTTCT-1,78,7920,570,2878
TGATGGTAGTGCCCGT-1,623,6,37,425
TGATGGTCAAATACAG-1,31,5352,478,2008
TGATGGTCACAGTCGC-1,8823,193,473,3844
TGATGGTCAGAGGTAC-1,45,6529,364,2326
TGATGGTGTCTGTCCT-1,39,5806,538,1902
TGATGGTTCCACGAAT-1,50,8098,571,2605
TGATGGTTCCGAGGCT-1,24,4221,281,1677
TGATGGTTCCTAACAG-1,451,353,33,627
TGATGGTTCGGTAGGA-1,27,4623,371,1633
TGATTCTAGAACTGAT-1,43,6696,543,2158
TGATTCTAGACATAAC-1,570,304,23,672
TGATTCTAGATCGACG-1,35,4384,451,1491
TGATTCTAGCAGGCAT-1,5783,45,268,2253
TGATTCTAGCCTAACT-1,1686,530,98,1356
TGATTCTAGCGTGCCT-1,61,7708,500,2845
TGATTCTAGGAGTATT-1,7870,52,520,2375
TGATTCTAGGTGCCTC-1,16,1084,105,612
TGATTCTCAAGCAATA-1,14644,90,914,4054
TGATTCTCACCATAAC-1,17,2176,77,986
TGATTCTCAGCTGCCA-1,642,24,9,486
TGATTCTCATCAGCAT-1,6731,68,528,2780
TGATTCTCATCCAACA-1,52,5107,322,2143
TGATTCTGTAAGTAGT-1,595,6,26,447
TGATTCTGTAGCTTGT-1,66,6858,432,2261
TGATTCTGTATGATCC-1,7042,178,318,2777
TGATTCTGTCAGTTTG-1,46,7842,391,2563
TGATTCTGTCCACGCA-1,18,961,42,637
TGATTCTGTTCCGCAG-1,12356,89,762,4165
TGATTCTTCACCTTGC-1,1671,2276,137,2054
TGATTCTTCCTCATAT-1,73,7312,516,2718
TGATTCTTCCTTATGT-1,274,572,25,636
TGATTCTTCGAACACT-1,154,1336,107,883
TGATTTCAGCAAGGAA-1,8051,5842,985,4951
TGATTTCAGGCCACTC-1,548,401,63,686
TGATTTCAGGTCTACT-1,50,5679,438,1992
TGATTTCAGGTGAGCT-1,6088,42,424,2341
TGATTTCCAACCCTCT-1,2193,1018,102,1756
TGATTTCCAAGCCCAC-1,12,802,30,534
TGATTTCCACAGTCGC-1,36,5352,335,1998
TGATTTCCACTCTAGA-1,608,28,23,489
TGATTTCCAGCACAAG-1,237,1349,91,940
TGATTTCCAGCTTTCC-1,8942,93,370,3545
TGATTTCGTGGCTGCT-1,385,1078,41,953
TGATTTCGTTAAGCAA-1,914,12,50,616
TGATTTCTCCACGTCT-1,7283,60,385,3094
TGCACGGAGCTTGTTG-1,50,6912,743,2123
TGCACGGAGTACCGGA-1,36,6649,553,2269
TGCACGGCAAGACAAT-1,9997,43,722,3301
TGCACGGCACAGTATC-1,1258,12,110,822
TGCACGGCACCGAATT-1,14662,79,853,4372
TGCACGGCAGAGTAAT-1,18444,113,1308,4786
TGCACGGCAGCCATTA-1,54,9144,393,2849
TGCACGGCAGGCACAA-1,94,7617,451,2478
TGCACGGCATTGCTTT-1,277,1138,48,901
TGCACGGGTCTCGGAC-1,4420,92,581,2199
TGCACGGTCCGGGACT-1,10863,104,564,3902
TGCACGGTCGATACAC-1,193,814,33,700
TGCACGGTCTAAACGC-1,1778,1494,216,1776
TGCACGGTCTAATTCC-1,9398,90,760,2764
TGCACGGTCTCGGGAC-1,3768,16,0,1333
TGCAGATAGACGTCCC-1,10712,248,462,3639
TGCAGATAGAGGTCGT-1,36,5732,333,2081
TGCAGATAGGAGATAG-1,10730,77,816,3635
TGCAGATCAGAACGCA-1,79,8242,621,2679
TGCAGATCAGCACCCA-1,35,4975,366,2028
TGCAGATGTCATCAGT-1,4321,19,1,1217
TGCAGATGTGCGACAA-1,25,6407,346,2144
TGCAGATGTTGGTAGG-1,8221,62,448,3261
TGCAGATTCCGCTGTT-1,491,3348,315,1778
TGCAGGCAGAATAGTC-1,583,178,45,577
TGCAGGCAGATCCTAC-1,866,291,39,808
TGCAGGCAGTAGACCG-1,15163,70,499,4368
TGCAGGCAGTCACTCA-1,98,18619,1093,4142
TGCAGGCCAGCCGTCA-1,433,133,22,463
TGCAGGCCATTCGATG-1,12004,77,398,4018
TGCAGGCCATTCTGTT-1,850,11,0,579
TGCAGGCGTAACACCT-1,46,8509,425,2832
TGCAGGCGTACCGCGT-1,43,10493,576,2957
TGCAGGCGTCATCGGC-1,10020,74,701,3696
TGCAGTAAGGAGCTGT-1,101,15602,988,3768
TGCAGTAAGGAGGGTG-1,13396,97,576,4367
TGCAGTACAAGTAGTA-1,372,349,23,577
TGCAGTACACATGACT-1,25,1024,366,467
TGCAGTACACGTCATA-1,61,9067,423,2949
TGCAGTACAGTCTGGC-1,38079,179,1762,6323
TGCAGTACATCCCACT-1,739,467,38,842
TGCAGTAGTAAGCGGT-1,2587,18,488,1136
TGCAGTAGTCTCGACG-1,883,256,40,805
TGCAGTAGTGGCGTAA-1,44,7554,412,2448
TGCAGTAGTTCTAAGC-1,11980,92,610,3926
TGCAGTATCACTCGAA-1,1623,184,120,1083
TGCAGTATCCTACACC-1,291,420,17,560
TGCAGTATCGCCAGTG-1,6266,34,388,2511
TGCAGTATCGCCTCTA-1,1591,104,71,1078
TGCATCCAGAGCCGAT-1,33,3882,359,1627
TGCATCCAGAGGCCAT-1,82,9852,539,3266
TGCATCCAGAGTGTTA-1,44,6073,505,2073
TGCATCCAGTACCCTA-1,7282,50,344,3057
TGCATCCCAACCGCCA-1,1025,1356,37,1398
TGCATCCCAATGAACA-1,53,7924,363,2727
TGCATCCCAATGTGGG-1,9,1237,53,687
TGCATCCCACACGGAA-1,3870,24,4,1726
TGCATCCCACCTCTGT-1,66,8514,376,2883
TGCATCCCACCTGTCT-1,1424,568,61,1327
TGCATCCGTAAGCGGT-1,74,9654,737,3194
TGCATCCGTCCGATCG-1,2061,18,87,1128
TGCATCCGTGGGTCAA-1,8,554,23,406
TGCATCCGTTCGAAGG-1,16,742,52,496
TGCATCCTCAACACGT-1,50,7945,489,2796
TGCATCCTCGCGAAGA-1,29,6801,428,2130
TGCATCCTCGTTCTAT-1,38,5245,455,2057
TGCATGAAGAGCAACC-1,28,3529,304,1600
TGCATGAAGCATTGAA-1,19,650,14,421
TGCATGACAGGCTACC-1,14201,158,613,4209
TGCATGAGTATGGAAT-1,5874,53,398,2530
TGCATGAGTTTACTGG-1,44,6282,435,2365
TGCATGATCAAGGAGC-1,40,4504,362,1647
TGCATGATCACACCCT-1,26,2101,101,1127
TGCATGATCAGCTCTC-1,9385,61,514,3184
TGCATGATCAGGAAAT-1,7495,51,420,2798
TGCATGATCCTTCTGG-1,595,719,62,929
TGCCGAGAGCTCTGTA-1,46,5900,457,1984
TGCCGAGAGGAGTACC-1,32,8189,617,2667
TGCCGAGCAAGCCTGC-1,1196,11,62,740
TGCCGAGCATCCTTCG-1,14,1695,204,426
TGCCGAGGTGTAGTGG-1,31,3369,284,1411
TGCCGAGGTTAGTTCG-1,12273,62,745,3830
TGCCGAGTCAGCATTG-1,84,1317,99,827
TGCCGAGTCCGAGATT-1,11130,80,846,3745
TGCCGAGTCCTCACCA-1,11,743,15,541
TGCCGAGTCGATTGAC-1,6317,51,326,2836
TGCGACGAGGTCCAGA-1,77,10506,906,2914
TGCGACGCAGGACGAT-1,41,9161,844,2657
TGCGACGCAGTAGAAT-1,338,1550,247,1030
TGCGACGGTAGCGCCT-1,2728,5156,1141,3490
TGCGACGGTAGTTAGA-1,36,5951,483,2353
TGCGACGGTATCGCAT-1,351,14951,1160,4307
TGCGACGGTCGAAACG-1,10458,66,571,3749
TGCGACGGTCTGTTAG-1,67,9270,496,2697
TGCGATAAGCCGTTAT-1,33,1347,78,766
TGCGATAAGCGACTTT-1,1006,13,53,654
TGCGATAAGGCAGGTT-1,47,3656,372,1387
TGCGATAAGGCATCTT-1,61,11940,601,3518
TGCGATACAAACTAGA-1,6182,63,259,2926
TGCGATACAACTGCTA-1,10436,80,572,3734
TGCGATACAAGACCGA-1,46,5948,400,1869
TGCGATACACTGCACG-1,13592,77,823,4231
TGCGATAGTACCTAGT-1,40,4115,331,1741
TGCGATAGTATGAGCG-1,34,4322,395,1655
TGCGATAGTCCAGAAG-1,1289,14,55,847
TGCGATAGTGACATCT-1,17554,113,1124,4591
TGCGATATCAGACATC-1,16,1059,80,662
TGCGATATCCGATCGG-1,10423,72,775,3738
TGCGATATCGCTCTCA-1,2385,290,63,1604
TGCGGCAAGAAACACT-1,31,7079,401,2322
TGCGGCAAGGATTACA-1,8886,77,483,3489
TGCGGCAAGGGAGTTC-1,12641,6403,927,5872
TGCGGCAAGGGATCTG-1,72,10477,1050,3036
TGCGGCACAAATCCCA-1,607,10,28,451
TGCGGCACACTGCACG-1,1982,13,2,1033
TGCGGCACATAATGAG-1,6544,6185,725,4944
TGCGGCAGTAGAATGT-1,10201,75,574,3757
TGCGGCAGTCACTACA-1,51,8837,702,2783
TGCGGCAGTTCGGCCA-1,328,721,33,751
TGCGGCATCAGCGCGT-1,36,4747,354,1894
TGCGGCATCAGGAACG-1,4,674,76,435
TGCGGCATCATGAAAG-1,36,4818,271,1892
TGCGGCATCCATTGTT-1,47,6652,287,2444
TGCGGCATCGCACGAC-1,84,14912,774,4058
TGCGGGTAGCCTCTCT-1,10838,6780,1510,6328
TGCGGGTAGTAGATCA-1,53,5662,461,2004
TGCGGGTCACGGATCC-1,178,347,26,423
TGCGGGTCAGGACAGT-1,46,7704,487,2746
TGCGGGTCAGTTGTCA-1,10742,82,641,3815
TGCGGGTCAGTTGTTG-1,62,10232,444,3012
TGCGGGTCATCCTCAC-1,36,8980,573,2433
TGCGGGTCATGGACAG-1,1463,251,106,1099
TGCGGGTCATTCTCTA-1,353,11872,1047,3373
TGCGGGTGTAACACCT-1,11196,74,577,3454
TGCGGGTGTACGATCT-1,28,6731,501,2274
TGCGGGTGTCAGGAGT-1,10278,74,792,3662
TGCGGGTGTCTTTATC-1,46,4161,168,2000
TGCGGGTTCACTCACC-1,4601,47,0,1792
TGCGGGTTCAGCCTTC-1,31,7695,423,2513
TGCGGGTTCCATTGTT-1,41,10636,591,2963
TGCGGGTTCCCTTGTG-1,158,626,47,566
TGCGGGTTCGCCGAGT-1,4809,34,896,2150
TGCGGGTTCTCCCTAG-1,28,2205,179,1043
TGCTCCAAGATTAGTG-1,44,6158,558,2105
TGCTCCAAGCATGTTC-1,48,4455,356,1731
TGCTCCACAATCCTTT-1,696,391,33,793
TGCTCCACATATGCGT-1,166,485,41,501
TGCTCCACATATTCGG-1,714,56,49,535
TGCTCCAGTATATGGA-1,29,6497,349,2085
TGCTCCAGTATGTCAC-1,16,2364,142,1116
TGCTCCAGTCACCACG-1,281,840,38,748
TGCTCCAGTGTACGCC-1,10,761,51,484
TGCTCCAGTTCTGACA-1,19,1428,57,828
TGCTCCATCCGGCTTT-1,10975,70,725,3502
TGCTCCATCTTGGATG-1,16464,120,685,4845
TGCTCGTCAAAGACTA-1,27,1522,86,769
TGCTCGTCAAAGGGTC-1,20,2738,169,1253
TGCTCGTCAAGTACCT-1,11259,79,769,3704
TGCTCGTCACAATGTC-1,140,677,16,596
TGCTCGTCACTGTGTA-1,15195,86,464,4714
TGCTCGTCATGACAGG-1,4284,49,721,1995
TGCTCGTGTGCCTGAC-1,18,2003,154,567
TGCTCGTGTTCTCACC-1,50,6344,415,2430
TGCTCGTGTTGTGTAC-1,33,4049,418,1625
TGCTCGTTCATCACAG-1,91,13527,723,3762
TGCTCGTTCGGCTCTT-1,552,76,20,482
TGCTCGTTCTGTCCGT-1,1208,212,57,936
TGCTGAAAGAAGCCTG-1,722,59,36,561
TGCTGAACACAAGCAG-1,48,6738,636,2238
TGCTGAAGTAACGTTC-1,17017,109,1008,4720
TGCTGAAGTAATGCTC-1,19,1240,48,686
TGCTGAAGTAGAATGT-1,9454,61,407,3398
TGCTGAAGTATTAAGG-1,409,124,21,444
TGCTGAAGTGAGTTTC-1,6586,59,458,2462
TGCTGAAGTTCTAACG-1,35,5910,261,2214
TGCTGAAGTTTCACTT-1,10628,85,649,3785
TGCTGAATCCACGGAC-1,68,11122,595,3348
TGCTGAATCCCGTTCA-1,10,856,31,547
TGCTGAATCTATTTCG-1,9674,79,346,3564
TGCTTCGAGAGGGTAA-1,11658,65,574,3315
TGCTTCGAGATGAATC-1,773,1882,258,1413
TGCTTCGAGCCACAAG-1,43,6848,431,2334
TGCTTCGAGCCATTCA-1,809,199,43,749
TGCTTCGCACATTGTG-1,1045,5375,361,2734
TGCTTCGCACTGGACC-1,64,11124,618,3367
TGCTTCGCAGACCCGT-1,18536,109,896,4876
TGCTTCGCAGTTTCAG-1,11050,6340,904,5974
TGCTTCGGTAAGATCA-1,75,11843,1362,3593
TGCTTCGGTCGCATTA-1,8770,5222,1061,5107
TGCTTCGGTCTCAAGT-1,8293,82,622,3374
TGCTTCGGTGAGATTA-1,1445,21,1,808
TGCTTCGGTGGAGGTT-1,32,6637,597,2274
TGCTTCGGTTACGATC-1,148,2921,92,1334
TGCTTCGTCAAATGAG-1,46,7802,410,2430
TGCTTCGTCTGCATGA-1,1831,21,224,937
TGCTTGCAGACATATG-1,129,425,18,432
TGCTTGCAGTGATGGC-1,70,9879,632,2877
TGCTTGCCACAAATGA-1,17462,113,1249,4847
TGCTTGCCACCAGCGT-1,2119,621,129,1551
TGCTTGCCATGTACGT-1,6982,33,634,2676
TGCTTGCCATTGACCA-1,62,9624,622,2936
TGCTTGCGTACAAGTA-1,44,5411,587,1835
TGCTTGCGTATTTCCT-1,201,391,8,476
TGCTTGCGTCTCGGGT-1,12888,83,831,4134
TGCTTGCGTCTTGGTA-1,9722,68,809,3231
TGCTTGCGTGGCAACA-1,574,48,41,459
TGCTTGCGTTACCGTA-1,65,8495,669,2990
TGCTTGCTCATCTGTT-1,101,13281,691,3781
TGCTTGCTCCGCGAGT-1,2723,16,1364,904
TGCTTGCTCGTGTGGC-1,1939,9,122,1031
TGCTTGCTCTCATTTG-1,795,1010,61,1189
TGGAACTAGCTAAGTA-1,54,6131,313,2382
TGGAACTCAACTGGTT-1,12,1778,174,514
TGGAACTCAACTGTGT-1,3943,28,2,1572
TGGAACTCACCTATCC-1,9444,21,0,2274
TGGAACTCACTGTGTA-1,3025,413,344,1623
TGGAACTGTAATACCC-1,98,12719,865,3600
TGGAACTGTCATCCGG-1,10,2446,209,1099
TGGAACTTCCGTGCGA-1,621,200,35,616
TGGAACTTCGTCCTCA-1,53,11165,520,3366
TGGAACTTCTCAGAAC-1,89,8878,618,3031
TGGAGAGAGTCCTACA-1,70,6761,592,2381
TGGAGAGCATCGATGT-1,28,4171,370,1597
TGGAGAGCATTCACCC-1,438,198,8,524
TGGAGAGGTACGGCAA-1,8102,57,382,3055
TGGAGAGGTAGCACGA-1,43,5273,297,2314
TGGAGAGGTTACCCAA-1,526,13,21,409
TGGAGAGTCGGACAAG-1,641,12,1,429
TGGAGAGTCTCACCCA-1,17,1671,104,567
TGGAGGAAGAGAGCGG-1,28,5688,427,1904
TGGAGGAAGCACTGGA-1,99,10415,622,3214
TGGAGGAAGCCGATCC-1,366,148,42,427
TGGAGGAAGGTTCCGC-1,38,5015,324,2216
TGGAGGAAGTGATCGG-1,11071,75,762,3578
TGGAGGAGTCAGGAGT-1,93,11460,766,3467
TGGAGGAGTCGTCATA-1,2253,2880,345,2357
TGGAGGAGTCGTGCCA-1,9308,5522,936,5083
TGGAGGAGTTAGAAGT-1,230,1917,385,941
TGGAGGATCAATCAGC-1,32,8021,706,2447
TGGAGGATCCTCGATC-1,1096,411,58,1010
TGGAGGATCGAACGGA-1,9206,68,781,3382
TGGAGGATCTGTTCAT-1,33,5626,399,2051
TGGAGGATCTTCACAT-1,6682,59,439,2737
TGGATCAAGAAATTGC-1,11001,76,668,3582
TGGATCAAGCCATCCG-1,253,1751,66,1145
TGGATCACACGTATAC-1,1054,15,54,670
TGGATCACAGACCTGC-1,75,12082,612,3817
TGGATCACAGATCCTA-1,7937,42,317,3076
TGGATCACAGGGATAC-1,82,2767,387,1076
TGGATCACATAAGCAA-1,56,8680,773,2759
TGGATCAGTAGAATGT-1,4565,37,709,2090
TGGATCAGTCGCTCGA-1,11845,115,738,4092
TGGATCAGTGAGGAAA-1,10452,49,364,3374
TGGATCAGTGGTCAAG-1,90,5577,493,1958
TGGATCAGTGTGAATA-1,8175,45,618,2808
TGGATCATCCGCACGA-1,55,757,51,548
TGGATCATCGTGCATA-1,43,5744,422,1995
TGGATCATCTGGCCAG-1,73,11816,617,3548
TGGATGTAGCATGCAG-1,1405,289,106,1077
TGGATGTAGCGCTTCG-1,7510,52,347,3052
TGGATGTCAATAGTCC-1,44,7347,493,2448
TGGATGTCACGCAGTC-1,13929,73,1051,4108
TGGATGTCAGCGACCT-1,7270,23,617,2665
TGGATGTCATGAGGGT-1,63,9547,470,2976
TGGATGTGTACGCTTA-1,57,7422,655,2303
TGGATGTGTAGTGCGA-1,43,5723,608,1979
TGGATGTTCACTTATC-1,68,7433,641,2612
TGGCGTGAGCAGCGAT-1,68,10338,639,3075
TGGCGTGAGCCTATTG-1,1161,132,72,834
TGGCGTGAGGTAAAGG-1,101,12448,682,3639
TGGCGTGAGGTTGCCC-1,396,1775,241,1107
TGGCGTGAGTGCCCGT-1,60,8954,574,2728
TGGCGTGCAGGACATG-1,17,3043,820,1409
TGGCGTGGTCACTCAA-1,9110,67,496,3104
TGGCGTGGTGAAGCGT-1,7334,45,543,2644
TGGCGTGGTTCGGTTA-1,15726,105,982,4632
TGGCGTGTCCACAGGC-1,8857,45,553,3080
TGGCGTGTCGCCGAAC-1,16445,74,908,4248
TGGGAAGAGACAAGCC-1,7995,33,359,2768
TGGGAAGAGGGCATGT-1,52,8449,728,2882
TGGGAAGCAATAACGA-1,73,11914,606,3384
TGGGAAGCAGAATTCC-1,11688,71,679,3745
TGGGAAGCAGGACTTT-1,3667,103,599,2049
TGGGAAGGTCAGACGA-1,28,5104,356,1859
TGGGAAGGTCTAGATC-1,35,7049,405,2201
TGGGAAGTCCGTGTGG-1,8593,5657,930,4922
TGGGAAGTCTTTACAC-1,37,5008,294,1720
TGGGAGACAAATGGCG-1,54,8760,531,2655
TGGGAGAGTACCACGC-1,59,6881,397,2597
TGGGAGAGTATCGCGC-1,151,5690,592,2099
TGGGAGAGTGACTGTT-1,9012,62,481,3098
TGGGAGAGTGTAAACA-1,7611,79,439,2950
TGGGAGAGTTGGCCTG-1,63,7859,647,2547
TGGGAGAGTTGGTAGG-1,8179,44,497,2965
TGGGAGAGTTTGGGTT-1,40,5735,563,2100
TGGGAGATCAGAGCAG-1,487,322,42,623
TGGGAGATCCTCATAT-1,8343,61,469,3012
TGGGAGATCCTTCAGC-1,42,6192,387,2275
TGGGAGATCTTCTTCC-1,124,448,30,442
TGGGATTAGCAAGTCG-1,11873,65,668,3721
TGGGATTAGCTTTGTG-1,4668,26,273,1824
TGGGATTAGGCATCTT-1,47,6611,496,2148
TGGGATTAGGCTAAAT-1,28,3849,126,1567
TGGGATTCACCTGCTT-1,653,51,55,506
TGGGATTCACTGCACG-1,3182,104,406,1542
TGGGATTCAGAAATCA-1,1293,13,84,767
TGGGATTGTCGTCGGT-1,362,1528,121,1027
TGGGATTGTCTCTCAC-1,75,7511,503,2800
TGGGATTGTGGCTACC-1,97,12075,853,3486
TGGGATTGTGTATCCA-1,7985,93,594,3243
TGGGATTGTTATCTTC-1,7623,76,410,3155
TGGGATTGTTCACCGG-1,25,932,66,599
TGGGATTGTTTGACAC-1,430,107,15,438
TGGGATTTCCACGTAA-1,1149,16,65,774
TGGGATTTCTTACGGA-1,8341,51,400,3131
TGGGCGTAGGACTTCT-1,6318,32,728,2491
TGGGCGTAGGATGAGA-1,33,4980,229,1973
TGGGCGTGTAATTAGG-1,9692,81,718,3338
TGGGCGTGTATGAGCG-1,52,7364,472,2333
TGGGCGTGTATGCTTG-1,7784,60,483,2906
TGGGCGTGTCCCGGTA-1,7496,30,563,2658
TGGGCGTGTCGTTATG-1,1422,23,181,805
TGGGCGTGTTTCCATT-1,14,3728,11,1289
TGGGCGTTCAACGCTA-1,6207,31,223,2566
TGGGCGTTCACAAGGG-1,29,4742,310,1787
TGGGCTGAGACAGCGT-1,18,863,53,559
TGGGCTGAGAGCCGAT-1,10359,65,732,3284
TGGGCTGAGTGAACAT-1,9669,103,560,3621
TGGGCTGCACTGTGAT-1,15766,122,1140,4676
TGGGCTGCAGTCAACT-1,735,4,51,531
TGGGCTGCATCGCCTT-1,11845,64,709,3995
TGGGCTGCATCGGTTA-1,39,6670,491,2350
TGGGCTGCATCTCCCA-1,2004,543,178,1397
TGGGCTGGTGATACTC-1,35,4603,299,1742
TGGGCTGTCAACTTTC-1,12491,138,905,4337
TGGGCTGTCGGCTCTT-1,9439,56,486,3455
TGGGCTGTCTACCCAC-1,82,12669,695,3605
TGGGTTAAGCCTGCCA-1,402,186,31,495
TGGGTTACATGTGGCC-1,12734,69,496,4290
TGGGTTAGTCTCGGAC-1,13,678,45,488
TGGGTTAGTGTCCTAA-1,33,6431,521,2044
TGGGTTATCCACCTGT-1,275,660,39,676
TGGGTTATCCCGAGTG-1,1884,404,147,1323
TGGGTTATCCGACAGC-1,54,5533,267,2151
TGGGTTATCCTCTGCA-1,815,314,59,824
TGGTACAAGGCTAAAT-1,57,5959,478,2067
TGGTACAAGTGATAAC-1,271,256,17,439
TGGTACACAATCGAAA-1,7653,51,402,3081
TGGTACAGTACAGAGC-1,37,6298,514,2077
TGGTACAGTCTAACGT-1,67,14194,873,3854
TGGTACAGTGCAATAA-1,114,13607,941,3779
TGGTACAGTTCGTTCC-1,12,514,35,386
TGGTACATCATCTCTA-1,14230,110,992,4101
TGGTACATCCCTCTAG-1,44,5955,432,2202
TGGTACATCGACATTG-1,1209,30,180,663
TGGTACATCTATCGCC-1,67,7992,528,2637
TGGTAGTCAGCATACT-1,12557,85,665,4013
TGGTAGTGTACTGAGG-1,9612,95,163,2871
TGGTAGTGTCCCAAAT-1,73,11519,793,3365
TGGTAGTTCCTCACTG-1,69,8782,496,2853
TGGTAGTTCTAGACAC-1,67,5773,385,2245
TGGTAGTTCTGAATCG-1,34,6747,422,2178
TGGTGATAGCTAGAAT-1,78,8835,701,3017
TGGTGATAGTATGACA-1,48,6517,408,2480
TGGTGATAGTGAATAC-1,10523,61,715,3178
TGGTGATCAAGAGAGA-1,8069,53,532,2934
TGGTGATCATAATCGC-1,8540,66,490,3276
TGGTGATGTTCTGAGT-1,7926,65,697,3317
TGGTGATTCAAGAATG-1,2314,10,162,1173
TGGTGATTCACGGGCT-1,53,9269,588,2904
TGGTGATTCTCACCCA-1,968,189,57,786
TGGTGATTCTTCTGGC-1,43,9870,465,3076
TGGTTAGAGACGAGCT-1,8495,50,246,3189
TGGTTAGAGCACTCAT-1,80,7213,437,2653
TGGTTAGAGCCAGACA-1,7634,53,520,2901
TGGTTAGAGCTTCGTA-1,37,7837,454,2614
TGGTTAGAGGGATCAC-1,8750,62,403,3121
TGGTTAGAGGGTCACA-1,943,1579,211,1402
TGGTTAGCAAGTCCAT-1,1807,15,0,892
TGGTTAGCAGCACCCA-1,1489,63,72,858
TGGTTAGGTGCTGTCG-1,1629,24,55,1056
TGGTTAGGTGGTCTAT-1,13322,85,496,4241
TGGTTAGGTGTCTCCT-1,42,4893,351,1925
TGGTTAGGTTGACTAC-1,23,1103,87,660
TGGTTAGTCACCCATC-1,43,1046,52,645
TGGTTAGTCCACCTCA-1,2055,654,85,1589
TGGTTAGTCGCTAAAC-1,610,194,91,619
TGGTTAGTCTCTGAGA-1,10560,71,543,3557
TGTAACGAGCCAAGTG-1,49,9957,729,2892
TGTAACGCACGACGCT-1,5152,47,361,2276
TGTAACGCAGAAGTGC-1,8614,78,537,3115
TGTAACGGTAGTTCCA-1,8865,59,652,3403
TGTAACGGTTCCGTTC-1,4117,18,33,1536
TGTAACGGTTCGAAGG-1,7670,41,370,2968
TGTAACGTCATATGGC-1,278,2658,345,1314
TGTAACGTCCCTGTTG-1,101,8790,736,2881
TGTAACGTCTTGAGCA-1,109,5343,364,2010
TGTAAGCAGAAGAACG-1,44,7111,400,2381
TGTAAGCAGGGTATAT-1,9846,87,1016,3658
TGTAAGCCACGACAGA-1,36,6755,548,2380
TGTAAGCGTGCCTTCT-1,48,5934,472,2218
TGTAAGCGTGTTCATG-1,68,8023,590,2797
TGTAAGCGTTGGACCC-1,33,6922,454,2348
TGTAAGCTCATGCGGC-1,10374,86,660,3285
TGTAAGCTCCTGTTGC-1,10692,63,656,3419
TGTAAGCTCGGAAGGT-1,37,3779,280,1656
TGTAAGCTCGGTTAGT-1,6949,38,385,2586
TGTACAGAGATCGCTT-1,1046,247,35,880
TGTACAGAGCAATTAG-1,95,9384,586,2999
TGTACAGCACCCTAAA-1,48,4948,431,1929
TGTACAGCAGAGACTG-1,10716,83,755,3763
TGTACAGCAGGTACGA-1,35,7175,338,2416
TGTACAGGTAATGCGG-1,522,462,68,733
TGTACAGGTAATTAGG-1,12211,65,736,3681
TGTACAGGTGGATGAC-1,38,6095,465,2360
TGTACAGTCGCAGTGC-1,50,6247,568,2096
TGTACAGTCGCCAGAC-1,644,1626,269,1224
TGTACAGTCGGAGTAG-1,1903,20,138,982
TGTAGACAGTTCGGTT-1,3374,37,340,1581
TGTAGACCAAGGTTGG-1,8272,76,715,3107
TGTAGACCACCTAAAC-1,8565,52,420,3161
TGTAGACCAGAGATGC-1,351,1587,187,1016
TGTAGACCATGTAACC-1,3142,27,872,1533
TGTAGACCATTCACAG-1,34,6997,394,2138
TGTAGACGTCACAATC-1,1062,11,80,670
TGTAGACGTGCGACAA-1,6071,26,304,2171
TGTAGACGTGTCCCTT-1,44,5956,463,2025
TGTAGACTCAGTGTGT-1,292,649,85,671
TGTAGACTCCGATCTC-1,47,5091,308,1957
TGTAGACTCGATACAC-1,44,2869,246,1204
TGTAGACTCGTGGCGT-1,90,6368,523,2166
TGTCAGAAGATTTGCC-1,28,3940,430,1465
TGTCAGAAGGTACAAT-1,6788,732,496,3042
TGTCAGAAGTAATCCC-1,6325,55,416,2552
TGTCAGAAGTATAGGT-1,30,3431,311,1511
TGTCAGACACTATCCC-1,8221,57,457,3146
TGTCAGACACTTCTCG-1,39,4944,335,1896
TGTCAGAGTCCACACG-1,12843,72,690,3730
TGTCAGAGTCGAACGA-1,7138,40,201,2482
TGTCAGATCAAATAGG-1,15061,88,757,4435
TGTCAGATCCTTCTTC-1,48,5589,451,2114
TGTCAGATCTAACGCA-1,15,861,2,528
TGTCCACAGAGGTTTA-1,1671,312,114,1191
TGTCCACAGCATGTTC-1,8382,80,512,3082
TGTCCACAGGCTATCT-1,63,9274,630,2849
TGTCCACCAAGCAGGT-1,377,234,13,484
TGTCCACCACTGTTCC-1,18714,148,2958,4892
TGTCCACCAGCATGCC-1,9220,51,488,3296
TGTCCACGTATCCTCC-1,18,8005,433,2700
TGTCCACGTATGAGAT-1,8536,60,594,3342
TGTCCACGTCCCAAAT-1,95,9719,728,3209
TGTCCACGTCTACACA-1,14128,152,818,4100
TGTCCACGTGTGGACA-1,27,2568,457,1286
TGTCCACTCAAAGACA-1,2683,28,126,1309
TGTCCACTCAAGCCGC-1,29,5970,649,2010
TGTCCACTCTGGGCGT-1,16,1606,271,659
TGTCCCAAGGCTAGCA-1,44,6221,407,2193
TGTCCCACAGAACTAA-1,201,1721,109,983
TGTCCCACAGAGACTG-1,33,3329,203,1462
TGTCCCACAGCAGTGA-1,2779,17,641,1519
TGTCCCACAGTGTGGA-1,7826,45,444,2816
TGTCCCAGTAGTGATA-1,16378,118,795,4750
TGTCCCAGTATGAAAC-1,11574,85,503,3590
TGTCCCAGTCTTAGTG-1,101,12428,858,3618
TGTCCCAGTGCCAAGA-1,7877,41,390,3029
TGTCCCAGTGGTCTTA-1,10484,53,674,3360
TGTCCCAGTTGATCGT-1,26,3156,232,1324
TGTCCCATCTACGGGC-1,13824,61,654,4041
TGTCCTGAGAAGCGAA-1,55,5640,420,2169
TGTCCTGGTGGACTAG-1,34,6768,607,2413
TGTCCTGGTGTCGCTG-1,2018,100,359,1037
TGTCCTGTCACTTATC-1,29,4660,430,1773
TGTGAGTAGACGCTCC-1,67,6873,380,2450
TGTGAGTAGCCTGCCA-1,4835,53,847,2171
TGTGAGTAGTAGTGCG-1,6659,74,520,2784
TGTGAGTCAAGCACCC-1,17,1246,84,697
TGTGAGTCATCCAATG-1,49,6199,395,2211
TGTGAGTGTCGTAATC-1,11598,62,640,3748
TGTGAGTGTGTGCTTA-1,46,6134,157,2198
TGTGAGTGTTACACTG-1,7578,53,569,2864
TGTGAGTGTTTCACAG-1,69,7026,348,2562
TGTGAGTTCCGCGATG-1,45,4097,305,1624
TGTGATGAGATGAATC-1,31,4290,276,1643
TGTGATGCAATGTCAC-1,112,13301,755,3753
TGTGATGCATGTGGTT-1,101,10242,651,3436
TGTGATGGTACTCGAT-1,1570,244,33,1169
TGTGATGGTCCAATCA-1,10451,72,586,3472
TGTGATGGTCGATTTG-1,48,8484,522,2627
TGTGATGGTTCTCAGA-1,723,17,35,518
TGTGCGGAGAACCGCA-1,16,4868,284,1915
TGTGCGGAGACATACA-1,4738,44,347,2168
TGTGCGGAGCAGTAAT-1,38,5860,282,2088
TGTGCGGAGTAAAGCT-1,73,8395,773,2709
TGTGCGGCAAACTGCT-1,32,4988,309,2029
TGTGCGGCAACGGTAG-1,2962,19,184,1187
TGTGCGGCAAGTTCGT-1,498,1944,354,1140
TGTGCGGCACCATAAC-1,39,5426,319,2074
TGTGCGGCACCTCTAC-1,70,11268,790,3398
TGTGCGGCATCCGGTG-1,37,7138,605,2337
TGTGCGGCATGACGTT-1,42,7730,440,2468
TGTGCGGGTATCGTGT-1,6157,48,409,2585
TGTGCGGGTGCATGTT-1,7576,21,6,1978
TGTGCGGTCCCATTCG-1,10758,65,724,3550
TGTGCGGTCGCTAGCG-1,14088,77,389,3867
TGTGCGGTCGGCTTGG-1,27,5642,406,2183
TGTGGCGGTATAGGGC-1,31,5488,334,1853
TGTGGCGGTATGGTTC-1,342,1766,263,1092
TGTGGCGGTCTTGGTA-1,28,6678,565,2264
TGTGGCGGTGCCTGAC-1,208,4947,708,1870
TGTGGCGGTGGGATTG-1,8445,51,461,2873
TGTGTGAAGACTCGAG-1,197,1841,124,1002
TGTGTGAAGCTGTTAC-1,7734,48,401,2648
TGTGTGAAGGGATCGT-1,1229,1501,360,1452
TGTGTGACAACCGTAT-1,7463,60,540,2873
TGTGTGACACAATCTG-1,67,7610,594,2592
TGTGTGACACGAGGAT-1,55,8924,604,2596
TGTGTGACACTGCGAC-1,1101,11,66,687
TGTGTGATCTTCCACG-1,65,12832,926,3440
TGTGTGATCTTTCAGT-1,6502,305,397,2867
TGTTACTAGCTGCCAC-1,59,7576,426,2544
TGTTACTCAAAGGCGT-1,8377,7512,1331,5720
TGTTACTCAACTACGT-1,8650,63,633,3079
TGTTACTCAAGTGGCA-1,123,1087,62,758
TGTTACTCACAAGTTC-1,53,7820,336,2661
TGTTACTGTACAGGTG-1,24,4459,288,1716
TGTTACTGTGGCATCC-1,6315,50,422,2660
TGTTACTGTGTTGAGG-1,24,5893,572,1978
TGTTACTGTTCAAGGG-1,32,8447,591,2526
TGTTACTTCACCTGTC-1,9689,73,721,3668
TGTTACTTCGCAGTTA-1,15,1940,142,910
TGTTACTTCTGGCCAG-1,32,4440,337,1848
TGTTCATAGAAGTGTT-1,38,4111,388,1600
TGTTCATAGAGTGAAG-1,8536,65,594,3344
TGTTCATAGGGTTAAT-1,10230,111,542,3359
TGTTCATAGTCCTGCG-1,10550,56,530,3399
TGTTCATCAGAATTCC-1,8072,69,577,3011
TGTTCATGTACGGGAT-1,51,8806,554,2785
TGTTCATGTAGTGCGA-1,12,956,77,625
TGTTCATGTATGAAAC-1,39,5373,343,2001
TGTTCATGTCCAGGTC-1,35,4955,329,1898
TGTTCATTCACGGAGA-1,6743,10345,1171,5602
TGTTCCGAGACAACTA-1,55,6736,306,2075
TGTTCCGCAATTAGGA-1,27,7857,423,2433
TGTTCCGCATGACCCG-1,41,9680,497,2777
TGTTCCGTCGACGCGT-1,11264,61,700,3938
TGTTCTAAGATGCTTC-1,7299,45,518,2703
TGTTCTAAGGCCGCTT-1,13434,59,908,3818
TGTTCTAAGTAATTGG-1,8644,69,557,3187
TGTTCTAAGTGACCTT-1,6272,68,648,2773
TGTTCTAAGTGGAAGA-1,60,6544,430,2278
TGTTCTACAGATCACT-1,6764,82,467,2985
TGTTCTACATAAGCAA-1,8868,75,327,2952
TGTTCTACATCCAACA-1,53,3615,267,1400
TGTTCTATCGCGCCAA-1,11009,53,538,3830
TGTTGAGAGACTCATC-1,113,13171,994,4031
TGTTGAGAGCCTGACC-1,6955,56,143,2674
TGTTGAGAGGGTACGT-1,2992,800,260,2009
TGTTGAGCATCGCTGG-1,10448,92,553,3983
TGTTGAGGTGTGAGCA-1,14527,82,933,4047
TGTTGAGTCAGATGCT-1,318,250,27,469
TGTTGAGTCTTCTTCC-1,14,873,28,558
TGTTGGACACTGGAAG-1,2743,24,189,1487
TGTTGGACATAGACTC-1,19,3328,172,1377
TGTTGGAGTCCCAAAT-1,39,4845,387,1940
TGTTGGAGTGTAGTGG-1,34,7013,442,2192
TGTTGGATCAGAGCAG-1,4504,35,355,2027
TGTTTGTAGCACCAGA-1,66,10545,617,3112
TGTTTGTAGCATTTGC-1,87,10293,710,3232
TGTTTGTAGGGAGATA-1,6946,65,469,2743
TGTTTGTAGTGGACTG-1,7530,72,478,3149
TGTTTGTAGTTGTCGT-1,39,4907,421,2025
TGTTTGTCAATTGAGA-1,8451,59,437,2956
TGTTTGTCAGAGGGTT-1,6413,53,329,2864
TGTTTGTGTTCTCACC-1,55,5457,372,2264
TGTTTGTTCCGCGGAT-1,73,6665,425,2537
TGTTTGTTCGCTTACC-1,9175,65,524,3461
TTAATCCAGATTTGCC-1,1183,17,18,719
TTAATCCAGCAATTCC-1,1388,1036,86,1488
TTAATCCAGCGCATCC-1,5,922,21,581
TTAATCCAGCGTTCCG-1,2889,24,181,1501
TTAATCCAGGATTTGA-1,2061,21,1,954
TTAATCCAGTATCTGC-1,371,130,10,421
TTAATCCAGTGCACTT-1,58,9148,596,2885
TTAATCCAGTGTCATC-1,56,6937,505,2640
TTAATCCCAAATCCCA-1,116,620,36,546
TTAATCCCAGGATCTT-1,112,10210,659,3337
TTAATCCCAGGCATGA-1,649,58,35,519
TTAATCCCATAGATCC-1,354,1629,70,1101
TTAATCCGTCGTCAGC-1,1938,278,105,1248
TTAATCCGTGAGTTGG-1,1052,7302,403,2935
TTAATCCGTTGACTGT-1,880,383,74,899
TTAATCCTCCAAAGGG-1,500,45,15,417
TTAATCCTCGCTAATG-1,7962,64,564,3241
TTACAGGAGAGCATCG-1,10724,63,678,3920
TTACAGGCAAGCAATA-1,1162,275,102,930
TTACAGGCAAGCTCTA-1,148,5864,508,1984
TTACAGGCAAGTACCT-1,3818,43,137,1964
TTACAGGCACTGCATA-1,215,2197,169,1127
TTACAGGGTAATGCGG-1,33,3970,325,1682
TTACAGGGTGTAGCAG-1,19,4056,186,1589
TTACAGGGTTAGGAGC-1,17075,106,539,4309
TTACAGGTCATCACTT-1,885,251,32,760
TTACAGGTCGACATTG-1,195,1595,133,880
TTACAGGTCTAAGCGT-1,1255,269,84,996
TTACCATAGACATCCT-1,34,4265,309,1901
TTACCATAGCCTCAGC-1,369,775,60,802
TTACCATCAGCATACT-1,13571,124,652,4518
TTACCATGTCCACAGC-1,38,6911,325,2431
TTACCATGTCTTGCTC-1,7402,61,460,2976
TTACCATGTTAACCTG-1,50,6329,485,2252
TTACCATGTTCCACGG-1,15839,91,736,4575
TTACCATGTTCGAACT-1,89,6529,245,2346
TTACCATGTTTGTGGT-1,27,6264,288,2462
TTACCATTCAATCCAG-1,15,1811,66,1007
TTACCATTCCAGTTCC-1,1745,1795,153,1863
TTACCATTCCGATAAC-1,3402,183,397,2034
TTACCATTCCGTGGCA-1,38,7573,510,2461
TTACCATTCGTCGGGT-1,2920,8,343,1055
TTACCGCAGCGGACAT-1,49,5861,286,2235
TTACCGCAGCTAAACA-1,2652,814,202,1822
TTACCGCAGGGCTAAC-1,95,5476,702,1985
TTACCGCCAAGCTACT-1,3380,498,46,2033
TTACCGCGTTCTGAGT-1,9033,71,303,3188
TTACCGCTCCGGACTG-1,14185,92,897,4265
TTACCGCTCGAAATCC-1,54,9246,640,3130
TTACCGCTCGACCAAT-1,43,6014,424,2246
TTACCGCTCGTTCCTG-1,51,10117,434,3132
TTACCGCTCTCATGCC-1,8961,65,386,3477
TTACGCCAGACAGCTG-1,14335,107,723,4497
TTACGCCAGTGCAGGT-1,6079,53,383,2202
TTACGCCCAAACACCT-1,13086,77,629,4169
TTACGCCCAACGGCTC-1,248,1769,64,1101
TTACGCCCATGACGTT-1,724,16,28,518
TTACGCCGTACGTTCA-1,15924,83,761,4232
TTACGCCGTACTTCCC-1,1244,760,73,1313
TTACGCCGTCACTCAA-1,76,11207,550,3262
TTACGCCGTCCCAAAT-1,48,7451,485,2603
TTACGCCGTGAGTCAG-1,26,7600,421,2508
TTACGCCGTTGAATCC-1,753,11,39,547
TTACGCCGTTTGCAGT-1,1351,8,0,714
TTACGCCTCCACTTTA-1,11,819,18,455
TTACGCCTCCATGAGT-1,86,12446,700,3671
TTACGCCTCCCTATTA-1,1058,385,55,968
TTACGCCTCCCTCTCC-1,25,1842,28,873
TTACGCCTCCTTCAGC-1,88,5014,330,2121
TTACGCCTCGCCAGTG-1,462,131,34,451
TTACGCCTCGGAGTGA-1,3745,1091,472,2091
TTACGTTAGACTTCCA-1,36,8656,387,2778
TTACGTTAGTTCCATG-1,8365,76,546,3229
TTACGTTCAAGTGCTT-1,4765,25,235,2134
TTACGTTCACTCCACT-1,386,151,77,414
TTACGTTCAGCCGGTT-1,3803,28,183,1850
TTACGTTCATACTGTG-1,283,679,39,668
TTACGTTCATATCTCT-1,993,232,21,882
TTACGTTGTAGTTAGA-1,9373,75,540,3417
TTACGTTTCACAGAGG-1,64,8078,553,2956
TTACGTTTCAGAACCT-1,98,8281,303,3066
TTACGTTTCAGTGTTG-1,771,265,74,744
TTACGTTTCCGATCTC-1,319,1418,113,977
TTACGTTTCGACGAGA-1,85,9713,463,3074
TTACGTTTCTCATTAC-1,41,1197,44,727
TTACGTTTCTGCCTCA-1,13271,94,616,4520
TTACGTTTCTGCTTTA-1,171,386,21,428
TTACTGTAGGAAACGA-1,28,4316,233,1683
TTACTGTAGTCAGCCC-1,1003,8,68,637
TTACTGTAGTGCGTCC-1,21,4086,266,1536
TTACTGTCAAATGGCG-1,587,5,26,453
TTACTGTCAACGGCCT-1,240,718,27,660
TTACTGTCACTTGGGC-1,37,4498,913,1743
TTACTGTGTAGGGTAC-1,32,4482,247,1792
TTACTGTGTCTCTCTG-1,5395,54,349,2502
TTACTGTGTGAGATCG-1,14346,167,633,4548
TTACTGTGTGCCGAAA-1,42,6295,502,2094
TTACTGTGTTCGGCTG-1,559,112,32,515
TTACTGTTCACCATGA-1,53,4146,335,1734
TTACTGTTCCGTCACT-1,227,659,7,652
TTACTGTTCCTAGCGG-1,5591,38,75,1926
TTACTGTTCGACTCCT-1,29,6077,367,2205
TTAGGCAAGGAGGGTG-1,5872,39,407,2249
TTAGGCAAGTAAGACT-1,10677,72,693,3501
TTAGGCAAGTTTGGCT-1,2080,122,709,1226
TTAGGCACAGTTTGGT-1,25,1380,131,760
TTAGGCACATGTAACC-1,1990,19,50,1190
TTAGGCAGTAACGCGA-1,79,11036,1015,3104
TTAGGCAGTAAGAACT-1,17132,95,728,4557
TTAGGCAGTAGCGTCC-1,578,9,68,424
TTAGGCAGTATTGCCA-1,1119,610,129,1146
TTAGGCAGTCACAGAG-1,37,5472,327,1825
TTAGGCAGTTCAGCTA-1,4011,684,530,2052
TTAGGGTAGGACAGTC-1,130,2001,52,1007
TTAGGGTAGGCTCACC-1,51,8742,812,2751
TTAGGGTCACACAGCC-1,1329,186,100,985
TTAGGGTCACTCCTTG-1,64,13313,544,3665
TTAGGGTGTACATACC-1,1287,236,35,1026
TTAGGGTGTTAAGGGC-1,47,6043,426,2166
TTAGGGTTCCCAACTC-1,16350,124,759,4899
TTAGGGTTCGCCAACG-1,1122,410,75,1028
TTAGGGTTCTAAGCGT-1,39,5575,389,1910
TTAGGGTTCTGAGTCA-1,416,286,44,560
TTAGTCTAGCGTGAGT-1,85,13654,1178,3805
TTAGTCTAGCTGAAAT-1,8252,77,659,3314
TTAGTCTCATATCTGG-1,9311,76,547,3289
TTAGTCTGTAGAGCTG-1,8291,59,435,3218
TTAGTCTGTCGTGCCA-1,11690,60,706,3713
TTAGTCTGTGGATTTC-1,2567,348,468,1405
TTAGTCTTCACCCTCA-1,134,13488,703,3998
TTAGTCTTCAGGACAG-1,5946,41,185,2381
TTAGTCTTCCCTCTCC-1,145,2346,262,1089
TTATTGCAGCTTTCTT-1,967,451,37,999
TTATTGCAGTCCCAAT-1,848,435,95,891
TTATTGCCAAGCTCTA-1,43,8456,526,2785
TTATTGCCACTGTGAT-1,671,641,31,972
TTATTGCGTCCTACGG-1,6144,33,319,2807
TTATTGCGTCTACGTA-1,50,6145,481,2332
TTATTGCGTGGGAGAG-1,57,8788,545,2689
TTATTGCGTTGTGTTG-1,8241,59,533,2975
TTATTGCTCAAGGAGC-1,43,6014,490,2085
TTATTGCTCCAATCTT-1,1048,23,41,711
TTATTGCTCTATCCAT-1,56,6868,484,2548
TTATTGCTCTCGACGG-1,1378,82,80,906
TTCAATCAGTTCACTG-1,13194,111,820,4344
TTCAATCCAACAAGAT-1,201,10006,442,3135
TTCAATCCAAGTGCTT-1,161,2346,187,1131
TTCAATCCACACCGAC-1,1222,762,70,1245
TTCAATCCATAGCACT-1,1358,619,71,1231
TTCAATCGTCACCGCA-1,2117,21,124,1157
TTCAATCGTCATCCCT-1,40,6154,335,2123
TTCAATCGTGGGCTTC-1,6444,39,461,2610
TTCAATCGTGTTCGAT-1,34,7846,527,2449
TTCAATCTCAAGATAG-1,2239,15,108,1241
TTCAATCTCAAGCTTG-1,631,751,29,970
TTCAATCTCATTCCTA-1,517,1328,52,1112
TTCAATCTCGCTCTAC-1,933,365,33,875
TTCACCGAGACTTAAG-1,18,1001,57,590
TTCACCGAGATGGTAT-1,10764,72,528,3821
TTCACCGAGTGCTCAT-1,3234,30,687,1719
TTCACCGCAATACCTG-1,2074,60,53,1255
TTCACCGCACGGGCTT-1,13823,60,625,4234
TTCACCGGTAATTAGG-1,83,7312,513,2524
TTCACCGTCACTCTTA-1,5805,63,574,2554
TTCACCGTCGAAATCC-1,26,4055,299,1536
TTCACCGTCTGAATGC-1,8,1505,195,308
TTCACCGTCTGAGGCC-1,59,9172,595,2659
TTCACCGTCTTAGCTT-1,928,608,51,1048
TTCACGCAGAGTCAAT-1,1660,171,90,1118
TTCACGCAGCGACCCT-1,20,3127,116,1411
TTCACGCAGGCATGCA-1,11,1572,119,788
TTCACGCAGTAGAGTT-1,822,15,59,556
TTCACGCCAAGCTGCC-1,50,7080,351,2732
TTCACGCCAAGTACCT-1,1349,22,31,849
TTCACGCCACCAGACC-1,219,1389,50,911
TTCACGCCATCTATCT-1,3444,712,160,2096
TTCACGCGTAACTGCT-1,19,496,19,366
TTCACGCGTATGTGTC-1,9207,58,654,3676
TTCACGCGTGCTCTCT-1,527,295,50,625
TTCACGCGTTAGAGAT-1,32,5061,230,1976
TTCACGCGTTCTCGCT-1,1442,788,102,1343
TTCACGCTCAGCTTCC-1,512,121,27,500
TTCACGCTCATCACCC-1,9176,52,467,3301
TTCACGCTCCCTCTCC-1,521,14,21,448
TTCACGCTCCCTTGGT-1,10789,77,615,3762
TTCACGCTCCGCGGAT-1,579,150,22,549
TTCACGCTCCTCGATC-1,296,260,21,472
TTCACGCTCTGGTGGC-1,59,10141,576,3076
TTCAGGAAGACGATAT-1,895,14,62,584
TTCAGGAAGATACATG-1,6793,63,417,2873
TTCAGGAAGGGCCAAT-1,34,5336,445,1858
TTCAGGAAGTCAGGGT-1,30,5854,552,2050
TTCAGGAAGTCTAGCT-1,2405,37,177,1197
TTCAGGACAAATGAAC-1,67,7195,475,2608
TTCAGGACAGCCTACG-1,1035,155,113,816
TTCAGGACAGCGTTGC-1,581,15,9,397
TTCAGGACATGGCCCA-1,8641,74,477,3405
TTCAGGAGTGGTAATA-1,13284,104,797,3943
TTCAGGAGTTACCCAA-1,6074,34,413,2429
TTCAGGATCCAAAGGG-1,9175,45,498,3184
TTCAGGATCGTTTACT-1,7043,54,245,2855
TTCATGTAGGAACATT-1,5095,5132,642,4099
TTCATGTCAATCAAGA-1,10158,69,612,3587
TTCATGTCACAATTCG-1,830,7,15,552
TTCATGTCACTACGGC-1,17,953,53,553
TTCATGTCATACACCA-1,16,751,27,536
TTCATGTGTCCGACGT-1,260,242,28,417
TTCATGTGTGGAACAC-1,690,77,39,577
TTCATGTTCATTTCGT-1,68,9634,695,3028
TTCATGTTCTCGAGTA-1,6351,44,460,2441
TTCATTGAGTCACTCA-1,419,1173,51,990
TTCATTGCAAATTGCC-1,18,1041,33,634
TTCATTGCACTAGGCC-1,2015,25,77,1194
TTCATTGGTCCACTCT-1,973,17,26,679
TTCATTGGTGTCCGTG-1,6173,42,453,2404
TTCATTGGTTGTGCAT-1,1001,141,105,768
TTCATTGTCAAAGCCT-1,266,610,43,612
TTCATTGTCATTTACC-1,1059,141,24,847
TTCATTGTCCGGCAAC-1,36,6987,290,2559
TTCATTGTCTAGCCTC-1,1301,489,52,1121
TTCATTGTCTCTCAAT-1,1958,13,257,1002
TTCCAATAGTCTTCCC-1,14,623,26,433
TTCCAATCAACTTGGT-1,796,10,43,550
TTCCAATCAATTGAGA-1,12,1953,176,665
TTCCAATCAGCCCACA-1,71,8838,453,3125
TTCCAATGTCGATTAC-1,6647,123,419,2667
TTCCAATGTGATTAGA-1,6439,50,382,2707
TTCCAATTCCGGCAAC-1,881,190,24,753
TTCCAATTCCTACCAC-1,426,81,13,427
TTCCAATTCCTCCACA-1,953,17,42,652
TTCCAATTCGGCACTG-1,13567,78,1126,4411
TTCCAATTCGTCAACA-1,33,3885,176,1902
TTCCAATTCTACCCAC-1,573,1332,69,1166
TTCCAATTCTCCCATG-1,85,8256,576,2709
TTCCAATTCTGGTTGA-1,1132,11,16,695
TTCCACGAGATTCGCT-1,1556,17,100,867
TTCCACGAGATTGATG-1,108,425,17,427
TTCCACGAGCGTGAGT-1,65,8494,501,2730
TTCCACGAGGCATCTT-1,2201,52,128,1204
TTCCACGAGTCACACT-1,55,1238,34,796
TTCCACGCAACTTGGT-1,8014,58,556,3138
TTCCACGCACAACGAG-1,60,9432,810,3053
TTCCACGCATCCTCAC-1,11642,87,453,3827
TTCCACGCATCTGGGC-1,7,761,35,514
TTCCACGCATGGCCCA-1,4584,35,855,2253
TTCCACGCATGTTCAG-1,7,1525,43,813
TTCCACGGTAAGTTGA-1,35,5437,381,1925
TTCCACGGTATAGGAT-1,6111,67,803,2838
TTCCACGGTCACGACC-1,74,11717,642,3516
TTCCACGGTCAGGTGA-1,25,4084,518,1787
TTCCACGGTGCCGAAA-1,5009,54,309,2299
TTCCACGGTGCCGTAC-1,2891,31,86,1505
TTCCACGGTGCGAACA-1,17,597,29,439
TTCCACGTCCTTATGT-1,15098,103,825,4393
TTCCGGTAGTTCCAGT-1,31,4732,263,1876
TTCCGGTCAAATGGTA-1,11101,77,855,3720
TTCCGGTCAATACGAA-1,58,9308,591,2978
TTCCGGTCAATTGTGC-1,39,11708,505,3239
TTCCGGTCAGCTGTGC-1,11609,41,681,3724
TTCCGGTCATCGATCA-1,849,13,39,620
TTCCGGTCATGATCTG-1,122,1259,61,824
TTCCGGTCATGTGACT-1,7,637,29,430
TTCCGGTGTAGTCGGA-1,43,6695,561,2194
TTCCGGTGTATTAAGG-1,37,7943,457,2584
TTCCGGTTCGCACTCT-1,4306,81,432,1878
TTCCGGTTCGGAGTGA-1,2977,13,565,1489
TTCCGTGAGAATTGCA-1,1529,152,75,1009
TTCCGTGAGGTTAAAC-1,454,88,19,436
TTCCGTGAGTCACACT-1,411,261,27,520
TTCCGTGCAACCAACT-1,150,1603,68,949
TTCCGTGCAACTGATC-1,88,18922,1118,3981
TTCCGTGCACCAACAT-1,868,1325,136,1286
TTCCGTGCACCGAATT-1,675,73,50,534
TTCCGTGCACTGAGGA-1,8459,51,690,2985
TTCCGTGCAGACATCT-1,12,1210,38,706
TTCCGTGCAGCTACAT-1,12,1485,67,815
TTCCGTGCAGTTTCAG-1,102,453,14,422
TTCCGTGCATAGACTC-1,1195,16,68,734
TTCCGTGCATATGAAG-1,40,5332,518,2198
TTCCGTGCATCGTCCT-1,590,6,11,435
TTCCGTGGTGACTCGC-1,1577,22,114,893
TTCCGTGGTTGGACCC-1,658,309,60,718
TTCCGTGTCCATGAGT-1,9749,57,695,3390
TTCCTAAAGAACAGGA-1,8091,65,423,2983
TTCCTAAAGCTTACGT-1,2079,16,476,1153
TTCCTAAAGGTAAACT-1,1204,326,77,970
TTCCTAAAGTAGTCTC-1,43,5194,354,2060
TTCCTAACAACCGCCA-1,869,21,30,625
TTCCTAACAGGCTACC-1,655,90,23,564
TTCCTAAGTTTACACG-1,1583,10,65,837
TTCCTAATCCAACCGG-1,68,9060,623,3015
TTCCTAATCCCACAGG-1,42,6309,379,2084
TTCCTAATCGGCATAT-1,70,11195,863,3251
TTCCTCTAGACGCAGT-1,117,508,20,494
TTCCTCTAGACTGGGT-1,43,4814,464,1982
TTCCTCTAGTGTTGTC-1,9,815,32,539
TTCCTCTCAATACGCT-1,8,615,14,455
TTCCTCTCAATAGGGC-1,1555,590,92,1351
TTCCTCTCACGGGTAA-1,597,767,40,985
TTCCTCTCATTCCTCG-1,338,1192,20,885
TTCCTCTGTAGGAGGG-1,6,1927,229,380
TTCCTCTGTCAACATC-1,2006,286,90,1302
TTCCTCTGTCAAGGCA-1,1273,648,43,1253
TTCCTCTGTCCCTGTT-1,724,668,74,952
TTCCTCTGTCTTCGAA-1,289,2038,106,1217
TTCCTCTGTGTCTTCC-1,227,516,14,549
TTCCTCTGTGTTCCAA-1,701,525,34,887
TTCCTCTTCATGCCCT-1,449,1177,69,1066
TTCCTCTTCGAAGTGG-1,9,1112,511,478
TTCCTCTTCGCTACGG-1,594,11,12,449
TTCCTCTTCTTCCTAA-1,766,1068,63,1148
TTCCTTCAGAGAGGGC-1,56,7897,818,2667
TTCCTTCAGCTCGTGC-1,962,45,53,664
TTCCTTCAGGGTCACA-1,30,5194,455,2047
TTCCTTCCAAGACCTT-1,1091,760,62,1224
TTCCTTCCACAGTCCG-1,29,6587,410,2494
TTCCTTCCAGCTACCG-1,2317,8540,461,4342
TTCCTTCCAGGTCAAG-1,1669,203,86,1165
TTCCTTCCAGGTTCCG-1,54,8682,433,3094
TTCCTTCCAGTAACAA-1,10554,92,605,3878
TTCCTTCCATCCTTGC-1,2527,16,83,1308
TTCCTTCGTAATACCC-1,1282,81,22,847
TTCCTTCGTATGCAAA-1,24,5723,380,2155
TTCCTTCGTGACACGA-1,1704,691,92,1393
TTCCTTCGTGATTCAC-1,2172,507,137,1491
TTCCTTCGTTAACCTG-1,51,8237,376,2706
TTCCTTCGTTGCATGT-1,468,830,72,833
TTCCTTCTCAAACTGC-1,501,397,17,685
TTCCTTCTCATCGCCT-1,711,223,27,689
TTCCTTCTCCGATAGT-1,34,4459,316,1874
TTCCTTCTCGCTGCGA-1,357,449,16,644
TTCCTTCTCTCGCCTA-1,368,241,23,482
TTCGATTAGACCACGA-1,1636,9,1,799
TTCGATTCATAATGAG-1,4607,46,272,2133
TTCGATTGTGAACGGT-1,27,4449,321,1893
TTCGATTGTTCCTACC-1,43,5137,405,1884
TTCGATTTCCACGGAC-1,61,7966,559,2719
TTCGATTTCCTACACC-1,754,622,51,924
TTCGATTTCGAGAGCA-1,67,6996,455,2394
TTCGATTTCGCTCCTA-1,15818,150,795,4839
TTCGATTTCTATGCCC-1,9,848,49,530
TTCGATTTCTTTCCAA-1,46,6688,358,2382
TTCGCTGAGACATGCG-1,5084,149,344,2065
TTCGCTGAGCGATGGT-1,29,4237,415,1658
TTCGCTGCACTATGTG-1,70,10741,656,3299
TTCGCTGGTATTCCTT-1,110,717,19,519
TTCGCTGGTGATAGAT-1,56,5973,407,2305
TTCGCTGGTGCATTAC-1,2399,361,215,1360
TTCGCTGTCAAGAATG-1,47,7503,495,2409
TTCGCTGTCCGGTAAT-1,12,2335,357,1045
TTCGCTGTCCTTATAC-1,6924,44,399,2794
TTCGCTGTCGCGCCAA-1,1883,21,133,1054
TTCGGTCAGGCTGGAT-1,51,6575,549,2265
TTCGGTCAGGCTGTAG-1,16,1639,289,898
TTCGGTCAGTGCAGGT-1,2355,10,0,1028
TTCGGTCCAGCTGTAT-1,64,8349,442,2762
TTCGGTCGTACGTGTT-1,28,4866,338,1969
TTCGGTCGTACTCGCG-1,11192,65,791,3814
TTCGGTCGTACTGACT-1,621,1554,98,1289
TTCGGTCGTAGAGCTG-1,45,5263,389,1906
TTCGGTCGTAGGAGTC-1,14718,106,700,4490
TTCGGTCGTAGTGTGG-1,12,2063,628,990
TTCGGTCGTGAGTGAC-1,39,5059,416,1783
TTCGGTCGTGCAACGA-1,39,6483,364,2514
TTCGGTCGTTCGGCGT-1,21,5065,366,1833
TTCGGTCTCACCTGTC-1,19,3362,64,1528
TTCGGTCTCTACGCAA-1,744,1697,167,1335
TTCTAACAGACAGTCG-1,33,5347,344,2017
TTCTAACAGAGCAACC-1,269,1434,138,889
TTCTAACAGATGCAGC-1,6897,40,357,2716
TTCTAACAGCGATCGA-1,10244,73,629,3595
TTCTAACAGTGGCCTC-1,61,6049,477,2359
TTCTAACCAACGACTT-1,39,6548,488,2329
TTCTAACCAAGTGGCA-1,13643,83,442,4337
TTCTAACCAGCGATTT-1,22,2834,87,1388
TTCTAACCAGCTCATA-1,8044,63,520,3322
TTCTAACGTATTCTCT-1,4728,68,226,2097
TTCTAACGTCAAGCGA-1,41,6299,501,2272
TTCTAACTCAAGCCTA-1,26,3487,218,1350
TTCTAACTCCGCCTAT-1,25,1550,65,804
TTCTAACTCGACGTCG-1,30,3936,268,1701
TTCTAACTCTACTGAG-1,322,240,19,471
TTCTAACTCTGGTCAA-1,633,140,30,603
TTCTAGTAGAGCACTG-1,52,5235,377,2088
TTCTAGTAGTATAACG-1,28,3735,313,1565
TTCTAGTAGTGGTGGT-1,31,5732,277,2108
TTCTAGTCAACGGCCT-1,567,1680,97,1313
TTCTAGTCAAGTGATA-1,59,6818,573,2515
TTCTAGTCACCCTCTA-1,1359,219,82,1001
TTCTAGTCAGAGTGAC-1,7045,48,455,2991
TTCTAGTCATGCCGAC-1,36,6007,409,2267
TTCTAGTGTATGACAA-1,6144,51,362,2645
TTCTAGTGTATTGACC-1,6885,59,505,2999
TTCTAGTGTTACACTG-1,788,330,52,810
TTCTAGTGTTACCCTC-1,9988,66,513,3527
TTCTAGTTCACATACG-1,2165,704,94,1629
TTCTAGTTCCCTCAAC-1,1090,110,67,894
TTCTAGTTCTCGGGAC-1,849,43,52,589
TTCTCTCAGCCGGAAT-1,1544,1440,379,1316
TTCTCTCAGCTCGTGC-1,5919,43,474,2495
TTCTCTCAGGAAGTCC-1,31,3121,116,1508
TTCTCTCCAAGAGGCT-1,5018,24,20,1913
TTCTCTCCACAAGCCC-1,9306,53,500,3354
TTCTCTCCACAGCATT-1,493,271,11,599
TTCTCTCCACGCGCAT-1,6780,32,331,2574
TTCTCTCCACTTGTCC-1,998,380,26,939
TTCTCTCCAGGCACAA-1,529,803,20,925
TTCTCTCCATAACGGG-1,351,356,36,578
TTCTCTCGTACGAGTG-1,8,1341,75,801
TTCTCTCGTGGCGCTT-1,803,92,59,621
TTCTCTCGTTGCAACT-1,6121,30,404,2682
TTCTCTCTCCGGACGT-1,32,4310,278,1868
TTCTCTCTCGCAGTTA-1,3442,192,44,1948
TTCTCTCTCGTCTAAG-1,576,444,116,736
TTCTGTAAGGCGAACT-1,62,7528,534,2585
TTCTGTAAGGGCTAAC-1,57,8109,666,2712
TTCTGTACACATTCTT-1,5375,452,238,2348
TTCTGTACAGCCCACA-1,71,11862,653,3550
TTCTGTAGTAGAATAC-1,1431,233,99,1044
TTCTGTAGTAGGTTTC-1,8829,84,497,3371
TTCTGTAGTCGCCTAG-1,6,1775,122,897
TTCTGTAGTGCTCTTC-1,262,1131,72,885
TTCTGTAGTTACCCAA-1,791,10,11,530
TTCTGTAGTTGCCAAT-1,184,424,7,496
TTCTGTATCACTCCGT-1,37,506,12,393
TTCTGTATCTAAGCCA-1,89,7906,492,2931
TTCTTCCAGCTTGTGT-1,5791,4405,753,4277
TTCTTCCAGGGACCAT-1,65,7116,609,2539
TTCTTCCAGTGGTGAC-1,13373,89,591,4090
TTCTTCCCAGCTCGGT-1,25,5700,364,1887
TTCTTCCCAGCTTCCT-1,14,1973,38,1021
TTCTTCCCAGGCACAA-1,33,6926,269,2328
TTCTTCCCATCATCTT-1,11,1093,237,663
TTCTTCCGTCCGTACG-1,182,331,9,420
TTCTTCCGTCCGTTTC-1,1015,401,33,974
TTCTTCCGTCTCTCTG-1,648,395,38,761
TTCTTCCGTGCGTGCT-1,40,4440,330,1742
TTCTTCCGTTCGGACC-1,658,1101,91,1159
TTCTTCCGTTGACTAC-1,1077,23,34,646
TTCTTCCTCAGACTGT-1,1182,152,45,847
TTCTTCCTCAGCAATC-1,1209,1250,76,1486
TTCTTCCTCCCAGGAC-1,70,7921,677,2780
TTCTTCCTCTAGAGCT-1,1757,14,167,920
TTCTTGAAGCCTGGAA-1,909,361,129,875
TTCTTGACAATGCAAA-1,19,2709,1,925
TTCTTGACACCTTCGT-1,586,754,54,932
TTCTTGACACGACGCT-1,2556,18,170,1254
TTCTTGACATCTGCGG-1,19284,76,917,4556
TTCTTGACATGCCGCA-1,273,440,30,530
TTCTTGACATGGAATA-1,20,3025,196,1252
TTCTTGAGTAGAAACT-1,6949,55,276,2947
TTCTTGAGTTTCAGAC-1,28,5755,335,2203
TTCTTGATCACGGGAA-1,32,4386,408,1785
TTCTTGATCTGTCCGT-1,51,7167,529,2446
TTGAACGAGATTGGGC-1,6768,33,545,2527
TTGAACGCAAACCGGA-1,311,1485,167,1018
TTGAACGCAGGCTTGC-1,11,1986,215,883
TTGAACGCAGTAGATA-1,8133,85,664,3055
TTGAACGGTATAGCTC-1,4423,42,339,2052
TTGAACGTCTGTCAGA-1,38,5071,286,1809
TTGACCCAGTATGGAT-1,10409,70,711,3390
TTGACCCAGTGCACTT-1,9003,107,283,3546
TTGACCCCAAGTTCGT-1,10839,44,572,3431
TTGACCCCAATACGAA-1,11807,98,527,3901
TTGACCCCAGCGACAA-1,7417,71,432,2931
TTGACCCCATTGACTG-1,46,5362,434,2114
TTGACCCGTAAGGCCA-1,1596,20,72,950
TTGACCCGTAGGTAGC-1,83,11258,742,3522
TTGACCCGTCAAATCC-1,76,11707,683,3649
TTGACCCGTCATAGTC-1,344,602,21,692
TTGACCCGTGAGTTTC-1,1062,348,38,943
TTGACCCGTGTCTTGA-1,9721,31,554,3318
TTGACCCGTGTTCAGT-1,310,410,47,573
TTGACCCTCCCACAGG-1,3684,184,257,1782
TTGACCCTCGAGCCAC-1,198,1114,89,826
TTGACCCTCGCTCTAC-1,13044,61,634,4187
TTGACCCTCTCCTGAC-1,9346,62,398,3646
TTGAGTGAGATGACCG-1,3422,34,206,1686
TTGAGTGAGCTCCCTT-1,1764,260,90,1202
TTGAGTGGTACAGGTG-1,11561,83,595,3688
TTGAGTGGTTCCGTTC-1,30,5610,389,1908
TTGAGTGGTTGCCAAT-1,745,9,226,456
TTGAGTGTCTGCGAGC-1,2346,639,203,1570
TTGATGGAGGCGCTCT-1,70,12216,719,3432
TTGATGGAGTCTTCGA-1,6944,13,801,2172
TTGATGGAGTTGGCTT-1,36,4137,320,1780
TTGATGGCAACCCGCA-1,11441,5261,1190,5575
TTGATGGCACAATCTG-1,651,437,44,798
TTGATGGCAGGTCTCG-1,6483,40,504,2934
TTGATGGCATGACTTG-1,10511,79,545,3776
TTGATGGTCATGAGTC-1,5378,30,311,2295
TTGATGGTCCAGCACG-1,8155,71,569,3737
TTGATGGTCCGCAACG-1,25,6475,435,2221
TTGATGGTCTCAAAGC-1,21,3123,200,1524
TTGCATTAGAATCGTA-1,39,5990,515,2085
TTGCATTAGTGGCCTC-1,72,10026,538,3144
TTGCATTCACCGTGGT-1,74,892,21,650
TTGCATTCACGTATAC-1,60,5353,241,2180
TTGCATTGTCCTGGGT-1,1016,573,82,1053
TTGCATTGTGCCCACA-1,3439,464,511,1741
TTGCATTGTGCTCTTC-1,617,15,25,474
TTGCATTGTGTAAACA-1,9876,79,689,3545
TTGCATTTCCTAGCCT-1,829,51,9,650
TTGCATTTCTATCGTT-1,474,347,23,643
TTGCATTTCTCCATAT-1,989,876,40,1216
TTGCATTTCTTCGTGC-1,935,1210,86,1408
TTGCCTGAGATTTGCC-1,466,79,14,443
TTGCCTGAGCCTCTGG-1,12406,52,805,3890
TTGCCTGAGCCTGGAA-1,2553,279,219,1378
TTGCCTGAGTATAGGT-1,1080,101,129,782
TTGCCTGAGTCCCGGT-1,271,304,15,467
TTGCCTGAGTGCGACA-1,2616,1146,326,1817
TTGCCTGCAGCAGTTT-1,12055,64,669,4018
TTGCCTGCAGTTCTAG-1,9497,72,663,3674
TTGCCTGCATCTCGTC-1,9334,57,544,3373
TTGCCTGGTACAGCGA-1,61,13323,993,3492
TTGCCTGGTACAGTTC-1,10427,273,849,4035
TTGCCTGGTCTAGGCC-1,10096,53,730,3597
TTGCCTGGTGACCGTC-1,17,1545,69,783
TTGCCTGGTGGCTCTG-1,3908,26,77,1568
TTGCCTGGTTACCCTC-1,120,906,30,682
TTGCCTGGTTTACTTC-1,948,379,45,939
TTGCCTGTCATCACCC-1,1790,1229,90,1819
TTGCCTGTCATGGCCG-1,13,1317,0,689
TTGCCTGTCCATTGTT-1,457,153,11,473
TTGCCTGTCCTGGTCT-1,39,7473,448,2531
TTGCCTGTCCTTGACC-1,41,659,28,473
TTGCCTGTCGACTCCT-1,8264,413,534,3362
TTGCGTCAGCTGTTCA-1,83,13382,688,3485
TTGCGTCCAACCAGAG-1,429,161,16,481
TTGCGTCCACATACGT-1,57,5804,379,2186
TTGCGTCCACTTCATT-1,13281,98,723,4109
TTGCGTCCACTTCCTG-1,11016,67,594,3556
TTGCGTCCAGAACGCA-1,64,9544,553,3184
TTGCGTCGTGATACTC-1,3,1063,87,626
TTGCGTCGTGATTCAC-1,2040,11,115,1107
TTGCGTCTCAACGTGT-1,6940,41,572,2673
TTGCGTCTCGCATGAT-1,34,6687,548,2275
TTGCTGCAGTGCACTT-1,356,343,21,550
TTGCTGCAGTGCCAGA-1,57,9751,469,3032
TTGCTGCCAACCCTAA-1,701,670,31,968
TTGCTGCCACTGTGAT-1,43,5267,377,2103
TTGCTGCCAGAGCCCT-1,1279,338,60,1070
TTGCTGCCAGATACTC-1,11389,869,600,3912
TTGCTGCGTCACATTG-1,19565,104,1208,5168
TTGCTGCGTCCTACGG-1,313,2827,214,1478
TTGCTGCGTGACCTGC-1,9049,42,555,3248
TTGCTGCTCATTCACT-1,8313,45,461,3254
TTGCTGCTCGCGTGCA-1,150,7358,416,2354
TTGCTGCTCGCTCTAC-1,48,10602,586,3301
TTGCTGCTCTAGCATG-1,898,153,62,758
TTGGATGCAACTTGGT-1,12903,76,822,3980
TTGGATGCACTGAGGA-1,48,5468,397,2074
TTGGATGCATGCACTA-1,282,981,71,833
TTGGATGGTCGTCGGT-1,22,4378,223,1692
TTGGATGTCGCAAGAG-1,69,10210,670,2976
TTGGGATAGATGGTCG-1,23,5588,398,2110
TTGGGATAGTCCTACA-1,6088,69,419,2621
TTGGGATAGTTGGACG-1,49,5599,204,2084
TTGGGATCAAACTGCT-1,1160,78,60,798
TTGGGATCAAAGCAAT-1,17193,85,869,4464
TTGGGATCAATTTCGG-1,77,11311,746,3309
TTGGGATCACGGCTAC-1,168,500,10,511
TTGGGATCAGGGAATC-1,8341,66,576,3151
TTGGGATCAGTAGTGG-1,41,7284,542,2239
TTGGGATGTCCAAAGG-1,47,6502,562,2436
TTGGGATTCATGCAGT-1,704,1468,155,1236
TTGGGATTCGACCTAA-1,46,9183,753,2850
TTGGGATTCGGAGCAA-1,6681,47,547,2374
TTGGGCGAGCCTGAGA-1,30,4701,340,1801
TTGGGCGAGTCGCCAC-1,8102,126,482,3181
TTGGGCGCAACTGCCG-1,98,15259,664,4072
TTGGGCGCAATACCTG-1,47,6552,490,2208
TTGGGCGGTACGACTT-1,50,9004,619,2905
TTGGGCGGTATTCCGA-1,70,9426,706,2974
TTGGGCGGTGCGGTAA-1,1183,15,6,700
TTGGGCGGTTTGATCG-1,23,6077,415,2198
TTGGGCGTCCTGTACC-1,32,6408,223,2129
TTGGGCGTCTGTAAGC-1,83,10412,730,3264
TTGGGTAAGGAATGTT-1,7134,59,497,3100
TTGGGTAGTGATACTC-1,32,4111,253,1691
TTGGGTAGTGTTGATC-1,81,12993,830,3609
TTGGGTATCCATTTCA-1,864,250,52,787
TTGGGTATCGGACAAG-1,6081,30,421,2553
TTGGGTATCTCACCCA-1,49,7636,517,2640
TTGGTTTAGGCCCACT-1,51,7384,406,2520
TTGGTTTGTACGGGAT-1,44,6557,267,2264
TTGGTTTGTTATCTTC-1,889,218,28,768
TTGGTTTTCATGACAC-1,9331,46,439,3215
TTGGTTTTCCGGCAGT-1,1035,155,43,804
TTGGTTTTCTGTGTGA-1,1390,268,30,1116
TTGTGGAAGCCAGTAG-1,893,7,4,545
TTGTGGAAGCGCCCAT-1,9559,75,609,3387
TTGTGGACAGACCATT-1,67,6330,486,2248
TTGTGGACATTGTCGA-1,9649,76,547,3447
TTGTGGAGTATGAGAT-1,398,166,23,459
TTGTGGAGTCTCAGGC-1,15580,87,840,4065
TTGTGGATCGGTCAGC-1,28,6898,701,2313
TTGTGTTAGGACCCAA-1,10916,91,439,3659
TTGTGTTCAGGTCAGA-1,4245,39,360,2090
TTGTGTTGTACCTGTA-1,1298,74,38,814
TTGTGTTGTCGCAACC-1,47,12136,508,3259
TTGTGTTTCACCGCTT-1,1032,47,52,706
TTGTGTTTCCTGTTAT-1,634,209,28,624
TTGTTCAAGTTGCTCA-1,75,9656,625,3124
TTGTTCAAGTTTGCTG-1,16,3294,231,1277
TTGTTCACAAACACGG-1,22,3488,197,1313
TTGTTCACATTAGGCT-1,564,76,22,526
TTGTTCAGTAGTGATA-1,4263,52,253,2097
TTGTTCAGTCCCTAAA-1,71,11011,563,3417
TTGTTCAGTCCTGAAT-1,3477,58,517,2018
TTGTTGTAGCCTCTCT-1,626,81,29,542
TTGTTGTAGGACGCTA-1,56,603,21,470
TTGTTGTAGGGAGGCA-1,68,6240,510,2397
TTGTTGTCAGCCGGTT-1,686,1592,168,1252
TTGTTGTCATGCCGAC-1,779,117,38,691
TTGTTGTCATGCCGGT-1,455,1022,87,961
TTGTTGTCATTACGGT-1,9325,57,481,3346
TTGTTGTGTGCCTAAT-1,983,196,34,837
TTGTTGTTCATTCGTT-1,8890,84,464,3559
TTGTTGTTCGTTAGTG-1,7713,77,735,3254
TTGTTTGAGCAGCCCT-1,64,11609,592,3747
TTGTTTGAGCGTCTCG-1,35,3293,263,1440
TTGTTTGCAACCGTGC-1,5134,8646,856,4873
TTGTTTGCAAGCTACT-1,50,7639,441,2579
TTGTTTGGTAATACCC-1,782,121,28,653
TTGTTTGGTAGATCGG-1,45,6251,399,2496
TTGTTTGTCAGTCTTT-1,1282,321,69,991
TTGTTTGTCGGCACTG-1,21,4153,266,1777
TTTACCAAGAAGCCAC-1,2506,160,181,1283
TTTACCAAGGGTTAAT-1,201,977,67,758
TTTACCACAACACTAC-1,1993,7,110,954
TTTACCACAATTTCCT-1,35,7393,388,2732
TTTACCACAGCAATTC-1,56,5790,416,2236
TTTACCAGTAAGATAC-1,59,7139,523,2547
TTTACCAGTAGTTACC-1,509,69,11,465
TTTACCAGTTCTTCAT-1,887,355,18,886
TTTACCAGTTGCTCAA-1,315,1415,74,987
TTTACCATCAAGTTGC-1,211,303,7,448
TTTACCATCGCCAACG-1,28,2971,198,1559
TTTACGTAGCCAACCC-1,102,470,10,436
TTTACGTAGCGGTAAC-1,6292,55,272,2593
TTTACGTCAACGATCT-1,4750,2482,308,3153
TTTACGTCACTTCCTG-1,672,215,39,659
TTTACGTCATCGTTCC-1,15,1415,105,749
TTTACGTCATTCACCC-1,95,11687,702,3666
TTTACGTGTGGGCTCT-1,1154,304,75,1004
TTTACGTGTTCAACGT-1,51,9230,305,2925
TTTACGTGTTCCTAAG-1,29,4045,270,1582
TTTACGTTCATCACAG-1,452,2136,132,1299
TTTACGTTCATCACTT-1,17649,89,939,5119
TTTACGTTCCGAGGCT-1,973,19,46,585
TTTACGTTCCGATGTA-1,893,158,56,742
TTTACGTTCCGTTTCG-1,5,691,20,477
TTTACGTTCGAGCTGC-1,46,7530,618,2450
TTTACGTTCGAGTCCG-1,2346,23,327,1421
TTTACGTTCGTCTAAG-1,6467,31,376,2467
TTTACGTTCGTGGCTG-1,94,12416,845,3670
TTTACGTTCTCAACCC-1,23,1138,73,634
TTTACGTTCTTCTTCC-1,28,7268,293,2557
TTTACTGAGGCGAACT-1,54,7423,413,2513
TTTACTGCACCGGTCA-1,314,395,31,554
TTTACTGCACGACAAG-1,44,6935,463,2431
TTTACTGCACTGGACC-1,937,307,37,908
TTTACTGCAGACCGCT-1,200,382,28,467
TTTACTGGTAGCTTTG-1,46,4713,233,1857
TTTACTGGTCTAGATC-1,332,713,18,742
TTTACTGGTGTTTCTT-1,59,6224,438,2435
TTTACTGGTTAAGGGC-1,8177,37,629,3045
TTTACTGGTTGTCATG-1,95,9731,565,3280
TTTACTGTCACCGGGT-1,531,2183,85,1380
TTTACTGTCGCTGTTC-1,24,4488,259,1674
TTTAGTCAGAATCGTA-1,31,4924,323,1870
TTTAGTCAGAGCATTA-1,56,5925,455,2022
TTTAGTCAGATCGGTG-1,2132,75,227,1176
TTTAGTCAGCCTCTCT-1,28,4620,314,1871
TTTAGTCCACAGTACT-1,5477,41,263,2290
TTTAGTCCATAGACTC-1,258,720,25,705
TTTAGTCCATTAAAGG-1,25,3285,169,1605
TTTAGTCCATTGCTTT-1,2332,204,62,1497
TTTAGTCTCATGCGGC-1,28,5118,297,1939
TTTAGTCTCGGAGATG-1,43,4784,356,1754
TTTAGTCTCTCTCGCA-1,1146,12,44,781
TTTATGCAGCACTCGC-1,9830,76,669,3555
TTTATGCAGCGTGAAC-1,6,1507,134,300
TTTATGCCAACACGTT-1,1577,848,22,1434
TTTATGCCAACGGGTA-1,34,6736,449,2145
TTTATGCCAATCTAGC-1,10618,75,561,3827
TTTATGCCACACAGAG-1,34,5664,289,2147
TTTATGCGTTACCTGA-1,38,4381,300,1920
TTTATGCGTTCTCCTG-1,848,77,30,677
TTTATGCTCCAGCCTT-1,446,416,22,672
TTTATGCTCCTAACAG-1,722,107,51,662
TTTATGCTCTGGGATT-1,598,20,28,460
TTTCACAAGAATAACC-1,38,4679,421,1843
TTTCACAAGCCTCGTG-1,2443,11,2397,62
TTTCACAAGCTCCACG-1,8439,60,321,3161
TTTCACAAGGGCAACT-1,17397,130,966,5033
TTTCACAAGTAACCTC-1,22094,145,1050,6000
TTTCACACAACATACC-1,1453,203,48,1080
TTTCACACACGCTGTG-1,9702,66,726,3425
TTTCACACATCCTTCG-1,5373,34,335,2374
TTTCACACATGGCCAC-1,2728,2531,144,2479
TTTCACACATTCGGGC-1,26,4725,206,1836
TTTCACAGTACAAAGT-1,74,9585,663,3338
TTTCACAGTCGCCTAG-1,290,450,32,569
TTTCACAGTGCATGTT-1,59,8844,481,3058
TTTCACAGTGGACCAA-1,7685,48,375,2960
TTTCACAGTGTCGATT-1,51,5596,344,2214
TTTCACAGTTGTTGAC-1,14,3545,151,1389
TTTCACAGTTTGGGTT-1,10247,73,992,3679
TTTCACATCCGATCTC-1,52,6320,287,2381
TTTCACATCGACACTA-1,11976,86,568,4089
TTTCACATCGGATTAC-1,34,5845,413,2231
TTTCACATCTCATGCC-1,3586,370,147,1888
TTTCAGTAGCCGAACA-1,34,4391,267,1846
TTTCAGTAGCTTGTGT-1,37,4805,427,1605
TTTCAGTAGGCTAAAT-1,87,6825,404,2757
TTTCAGTAGTAGCATA-1,8069,43,417,2886
TTTCAGTCAAAGGCTG-1,28,5541,292,2059
TTTCAGTCACCTCAGG-1,8180,806,469,3499
TTTCAGTCAGCTGAGA-1,31,4492,275,1747
TTTCAGTCATCTTAGG-1,460,76,13,431
TTTCAGTGTATAGGGC-1,2170,23,507,1191
TTTCAGTGTCTCGGAC-1,29,5777,442,2033
TTTCAGTGTCTTTCTA-1,1422,181,35,942
TTTCAGTGTGACATCT-1,41,4718,295,1870
TTTCAGTGTGGCATCC-1,41,5967,408,2507
TTTCAGTGTTAGAAGT-1,2864,17,525,1237
TTTCAGTTCATCTACT-1,632,73,18,554
TTTCAGTTCCGCATAA-1,8,1059,65,633
TTTCAGTTCCGTAATG-1,496,119,12,484
TTTCAGTTCTCTCTAA-1,1082,193,21,883
TTTCAGTTCTTTGCAT-1,2081,150,48,1336
TTTCATGAGCGTTAGG-1,8135,47,548,3020
TTTCATGAGGCCCAAA-1,52,6219,421,2177
TTTCATGCAACCCGCA-1,62,7346,479,2626
TTTCATGCACCCAAGC-1,393,599,27,743
TTTCATGCAGCGCTTG-1,16477,103,909,4558
TTTCATGGTCCTACAA-1,80,10106,600,3315
TTTCATGGTCGTTGCG-1,28,4996,427,1842
TTTCATGGTCTCTCTG-1,7979,58,506,3204
TTTCATGGTGTTCGAT-1,990,108,63,728
TTTCATGGTTCTCAGA-1,28,8643,311,2545
TTTCATGGTTGCGAAG-1,8838,61,554,3367
TTTCATGGTTTCGTTT-1,31,4362,245,1821
TTTCATGTCCATAAGC-1,590,12,12,480
TTTCATGTCCCTCGAT-1,49,6675,298,2140
TTTCCTCAGCAGCACA-1,22,2108,81,1025
TTTCCTCAGCTAGAGC-1,8843,40,436,3292
TTTCCTCCAAACGAGC-1,1213,355,70,1018
TTTCCTCCAAAGGATT-1,1347,666,79,1279
TTTCCTCCAAGACCTT-1,8376,43,337,3296
TTTCCTCCAGATACCT-1,909,17,15,664
TTTCCTCGTAACAAGT-1,1191,274,83,965
TTTCCTCGTCACCCTT-1,1302,383,62,1049
TTTCCTCGTCCACAGC-1,789,129,14,663
TTTCCTCGTTGTGCAT-1,6707,49,433,2799
TTTCCTCTCACCTGTC-1,870,413,33,924
TTTCCTCTCCAAGCTA-1,105,1403,55,852
TTTCCTCTCCTTCTTC-1,75,7705,502,3051
TTTCCTCTCTAAGAAG-1,6973,33,428,2647
TTTCGATAGCACCGAA-1,40,6604,488,2248
TTTCGATAGTATGAGT-1,5313,5929,966,4403
TTTCGATAGTCATACC-1,691,78,37,574
TTTCGATCAACGTTAC-1,62,6936,385,2508
TTTCGATCAGCTGAAG-1,15,3822,299,1432
TTTCGATCATACCACA-1,1918,26,122,989
TTTCGATGTCCCGGTA-1,25,5938,439,2002
TTTCGATGTCTTCGAA-1,34,6178,405,2075
TTTCGATTCCACCTCA-1,25,732,34,444
TTTCGATTCTCATAGG-1,4530,48,310,2344
TTTGACTAGGCCACTC-1,9,1512,47,851
TTTGACTCATCAGCAT-1,61,7924,506,2541
TTTGACTCATCTCATT-1,6014,292,378,2628
TTTGACTCATGTCTAG-1,50,7225,354,2602
TTTGACTGTACTAGCT-1,51,4277,205,1809
TTTGACTGTCAAAGCG-1,35,4712,383,1779
TTTGACTGTCGTTCAA-1,6772,56,342,2653
TTTGACTGTCTTAGTG-1,85,11840,673,3582
TTTGACTTCGAAATCC-1,8579,45,441,3478
TTTGACTTCTATCGTT-1,758,351,30,826
TTTGACTTCTCGCTCA-1,630,463,28,799
TTTGATCAGTAACGTA-1,1576,56,200,926
TTTGATCCATTCTCCG-1,1768,1670,162,1674
TTTGATCGTAGCACAG-1,6609,59,421,2756
TTTGATCGTCTGTCCT-1,12,538,44,386
TTTGATCTCACATACG-1,18991,148,1584,5607
TTTGATCTCCGCAACG-1,11316,78,700,3761
TTTGATCTCGAGGCAA-1,36,6463,445,2343
TTTGGAGAGATCACCT-1,7846,46,371,3079
TTTGGAGCACAAGCAG-1,17186,99,1208,4600
TTTGGAGCACGCTGAC-1,38,8787,499,2819
TTTGGAGCAGCATACT-1,8614,61,558,3307
TTTGGAGTCAAGAGGC-1,61,7186,545,2469
TTTGGAGTCACCCTTG-1,1052,29,51,710
TTTGGAGTCCGCTAGG-1,312,3871,391,1827
TTTGGAGTCGCTGCGA-1,31,5809,417,2170
TTTGGAGTCTTCGCTG-1,15292,110,1009,4703
TTTGGTTAGAACTGAT-1,792,60,25,607
TTTGGTTCACAGAGCA-1,983,10,87,602
TTTGGTTCAGCCATTA-1,569,895,28,992
TTTGGTTCAGCTGAAG-1,42,5834,389,2091
TTTGGTTCATGAAGCG-1,40,6052,531,2010
TTTGGTTGTACACTCA-1,640,10,14,494
TTTGGTTGTAGATCCT-1,36,3841,300,1697
TTTGGTTGTCTCAGGC-1,24,7748,489,2622
TTTGGTTGTCTTACTT-1,1554,375,59,1182
TTTGGTTGTGTCATTG-1,6047,70,439,2494
TTTGGTTTCCATGAGT-1,1758,17,98,1004
TTTGGTTTCCTTCGAC-1,11,1426,50,762
TTTGTTGAGGTAACTA-1,7671,72,452,3077
TTTGTTGCAACACGAG-1,7724,55,389,2912
TTTGTTGCACAGTCCG-1,225,1257,65,887
TTTGTTGCAGATACCT-1,48,6325,441,2339
TTTGTTGCAGCACACC-1,45,6824,368,2429
TTTGTTGCAGCTGTAT-1,20,1442,98,778
TTTGTTGCATCATCTT-1,8068,57,309,3305
TTTGTTGCATCCTAAG-1,81,8550,391,2930
TTTGTTGGTCCTTTGC-1,37,4788,199,1845
TTTGTTGTCGTGGTAT-1,693,13,23,498
