barcode,homo_sum_gex,mus_sum_gex,mito_sum,features_gex
AAACCCAAGCCAAGGT-1,24,7206,378,2337
AAACCCAAGCGTATGG-1,9396,76,541,3345
AAACCCAAGGTTAGTA-1,11076,78,929,3840
AAACCCACAACCAATC-1,11,4838,318,1938
AAACCCACATAACCCA-1,44,9490,490,3023
AAACCCACATGAAGCG-1,19,5984,517,2086
AAACCCAGTATTCCGA-1,25,9423,493,3023
AAACCCAGTGTTATCG-1,25,6277,413,2051
AAACGAAAGGGATCAC-1,12,3752,236,1470
AAACGAACATGGGATG-1,51,12251,670,3095
AAACGAAGTAAGACCG-1,6078,49,366,2686
AAACGAAGTGTGGACA-1,23,7660,482,2243
AAACGAAGTTGGTAGG-1,25,7554,464,2620
AAACGAATCAAATGAG-1,8616,72,731,3365
AAACGAATCCATCAGA-1,47,11530,670,3391
AAACGAATCGAACACT-1,25,5941,420,2181
AAACGAATCGTTATCT-1,29,5230,326,2200
AAACGAATCTTTCCAA-1,6790,70,799,3039
AAACGCTAGACCATAA-1,17,8295,347,2437
AAACGCTAGCGAGTCA-1,31,6526,539,2201
AAACGCTAGCTGACTT-1,8739,52,602,3181
AAACGCTAGCTGGCCT-1,42,11394,593,3566
AAACGCTAGGGTACGT-1,24,10155,695,2931
AAACGCTCACCCTCTA-1,16,4573,337,1839
AAACGCTCACTCCTGT-1,41,11667,508,3603
AAACGCTCAGGAAGTC-1,28,9639,626,2811
AAACGCTGTATCGAGG-1,12702,4955,1353,5819
AAACGCTGTGCTTCAA-1,20,10316,735,3124
AAACGCTGTTCTGAGT-1,16,6320,465,2283
AAAGAACAGCATACTC-1,17,4729,376,1952
AAAGAACAGCTAAATG-1,31,5521,549,1996
AAAGAACCAGAACTAA-1,26,6343,623,2171
AAAGAACGTCACAGTT-1,20373,113,925,4999
AAAGAACGTCATAAAG-1,12626,94,488,4114
AAAGAACGTCTCAGGC-1,26,8461,658,2569
AAAGAACGTGCATTTG-1,38,9551,825,2680
AAAGAACGTGTTCATG-1,42,11610,869,3207
AAAGAACTCAGCGCAC-1,31,7648,591,2668
AAAGAACTCCCGAGTG-1,39,9195,538,3020
AAAGAACTCCGATCGG-1,14,5043,491,1781
AAAGAACTCGACGATT-1,10728,45,371,3363
AAAGAACTCGTGGCGT-1,16,4079,355,1500
AAAGGATCAACTGGTT-1,21,5990,391,2042
AAAGGATCACATTCTT-1,11489,64,456,3910
AAAGGATCAGGCACAA-1,33,9392,619,3030
AAAGGATCATGTAACC-1,27,5924,354,2160
AAAGGATGTGCCCAGT-1,19,7766,432,2387
AAAGGATGTGTAGCAG-1,9511,64,856,3309
AAAGGATTCAAACGTC-1,21018,123,1347,5103
AAAGGATTCGAGCCTG-1,9639,51,523,3110
AAAGGATTCGGCTTGG-1,11630,74,542,4134
AAAGGGCAGGAACGCT-1,7261,53,551,2837
AAAGGGCAGGAGCAAA-1,47,11289,803,3115
AAAGGGCCAAATGGCG-1,36,10621,698,2965
AAAGGGCCAATTCTCT-1,34,14306,445,3681
AAAGGGCCACATAGCT-1,15533,87,932,4466
AAAGGGCCAGGGATAC-1,38,25289,893,4804
AAAGGGCGTCCTACGG-1,11,5099,462,1823
AAAGGGCTCATTGAGC-1,23361,132,1272,5097
AAAGGGCTCCGCGAGT-1,27,5918,470,1979
AAAGGGCTCGTCTACC-1,9981,76,754,3144
AAAGGGCTCGTTGTAG-1,8000,42,534,2741
AAAGGGCTCTTGTGCC-1,27,8479,542,2591
AAAGGTAAGAGCCGTA-1,27,4869,313,1750
AAAGGTAAGCATGATA-1,50,9073,497,3145
AAAGGTAAGTCTTGGT-1,51,10781,656,3081
AAAGGTACAAAGGAGA-1,11193,82,762,3414
AAAGGTACAAGCGAGT-1,22,6315,334,2111
AAAGGTACAATTTCGG-1,36,12713,379,3502
AAAGGTACAGGTTCCG-1,55,12189,911,3535
AAAGGTAGTCGTACAT-1,25,7078,470,2281
AAAGGTAGTTAGCTAC-1,41,7792,519,2635
AAAGGTATCAGGTGTT-1,17120,106,1007,4451
AAAGGTATCCCGTAAA-1,12887,90,615,3939
AAAGGTATCCGCTAGG-1,13733,71,781,4380
AAAGGTATCCTTGGAA-1,13,5388,242,1964
AAAGGTATCTAGTCAG-1,24,6741,469,2260
AAAGGTATCTTCGCTG-1,15189,2340,1072,5415
AAAGTCCCAAGTGCTT-1,12863,86,995,3919
AAAGTCCCATACTTTC-1,33,7343,569,2352
AAAGTCCGTAAGCGGT-1,10,1736,112,672
AAAGTCCGTATCCTCC-1,46,7962,590,2556
AAAGTCCTCATCGCCT-1,22,4529,304,1750
AAAGTCCTCCCTCTTT-1,32,13941,498,3812
AAAGTCCTCTTCACGC-1,11556,11971,984,7691
AAAGTGAAGAACGTGC-1,10420,58,736,3221
AAAGTGAAGGCGCTCT-1,2967,20,9,1110
AAAGTGACAACAAGAT-1,23,5442,364,1956
AAAGTGACAATTGCAC-1,21,6210,458,2317
AAAGTGACACGGTGTC-1,8874,79,474,3170
AAAGTGACATATCTGG-1,21,8602,485,2744
AAAGTGAGTAATCAAG-1,12,3950,207,1485
AAAGTGAGTACATTGC-1,10591,73,609,3471
AAAGTGAGTCGTCGGT-1,30,6142,399,2008
AAAGTGATCAGCTGTA-1,41,11107,713,3103
AAAGTGATCAGGACAG-1,13522,91,911,4059
AAAGTGATCCATCGTC-1,32,8123,361,2653
AAAGTGATCGAAGAAT-1,25539,177,1959,5665
AAATGGAAGAACGTGC-1,53,12655,1071,3487
AAATGGAAGGCCTTGC-1,16,3938,430,1412
AAATGGACACGTGAGA-1,21279,129,1225,5215
AAATGGACATCATTTC-1,25,6078,252,2383
AAATGGACATCGATCA-1,9056,73,734,3509
AAATGGAGTCTTGCTC-1,10,6319,490,2210
AAATGGATCGTTCCTG-1,5408,33,433,2284
AACAAAGAGACCCTTA-1,9122,71,572,3429
AACAAAGAGCTAGTTC-1,18,5942,360,2217
AACAAAGAGGGTTGCA-1,15,4335,486,1531
AACAAAGCACACTTAG-1,14,6272,403,2274
AACAAAGGTTCACCGG-1,31,7344,556,2411
AACAAAGTCATAGGCT-1,11,5175,287,1948
AACAACCAGCCTTTCC-1,26,6665,388,2278
AACAACCAGGCTATCT-1,53,15289,855,4059
AACAACCAGGTCATTC-1,53,13636,988,3975
AACAACCAGTACAGAT-1,53,10868,550,3198
AACAACCAGTCGAGGT-1,15,5358,236,1862
AACAACCCAACTCGAT-1,56,14934,1033,4036
AACAACCCAGATACTC-1,40,11627,686,3251
AACAACCCATGTGCCG-1,48,10571,839,3246
AACAACCGTACGGATG-1,41,11546,844,3420
AACAACCGTCAGTTTG-1,28,5446,387,2098
AACAACCGTGAATGTA-1,16,5118,318,1830
AACAACCGTGGTAATA-1,57,12944,645,3492
AACAACCTCCGCAACG-1,13,6695,459,2469
AACAACCTCGAGTCCG-1,8109,57,327,3060
AACAACCTCGTCAAAC-1,23,11399,685,3171
AACAACCTCTGAGATC-1,9375,13188,1284,6559
AACAACCTCTGCGATA-1,41,9478,451,3164
AACAAGACAACCCGCA-1,27,8988,481,2630
AACAAGACAAGTCGTT-1,13,4743,274,1723
AACAAGACATAGAATG-1,17,6053,419,2142
AACAAGAGTCCGAAGA-1,22,5330,443,1830
AACAAGAGTCCTGGGT-1,34,8379,630,2827
AACAAGAGTCGTACTA-1,9799,67,542,3313
AACAAGAGTCGTTCAA-1,2030,4,0,804
AACAAGATCAAATAGG-1,37,10808,453,3124
AACAAGATCAGGACGA-1,21,5008,436,1822
AACAAGATCATGCGGC-1,47,15373,1116,3954
AACAAGATCCACCTGT-1,52,12434,765,3402
AACAAGATCCATATGG-1,24,6663,461,2164
AACAAGATCCTAGAGT-1,21,5787,363,1810
AACAAGATCGCTGTCT-1,15,5176,275,1990
AACACACAGATTACCC-1,47,9171,625,2938
AACACACAGCCATGCC-1,43,10420,758,3281
AACACACAGCGGCTCT-1,15,5055,416,1881
AACACACAGTGGCAGT-1,1089,7235,651,2949
AACACACCACTTGTGA-1,25895,129,1791,6139
AACACACCATAATGCC-1,38,9709,603,2968
AACACACCATGGGTCC-1,29,8371,674,2369
AACACACGTCTCAAGT-1,51,5276,343,1926
AACAGGGAGACCAACG-1,41,11308,414,3169
AACAGGGAGAGCGACT-1,8812,41,514,3087
AACAGGGCACGCTGTG-1,13,1638,67,610
AACAGGGCAGACAAGC-1,18,6146,475,2130
AACAGGGTCAAGCCGC-1,21166,117,1291,5319
AACAGGGTCGGACCAC-1,9399,61,559,3479
AACCAACAGATTCGAA-1,76,19445,1615,4774
AACCAACAGCTTTGTG-1,37,6124,408,2150
AACCAACAGGCATCAG-1,46,6569,503,2611
AACCAACAGTCCGCCA-1,20,6577,862,2283
AACCAACCACTACCCT-1,13291,98,657,4188
AACCAACCAGTTTCGA-1,35,9556,555,3072
AACCAACCATGGTACT-1,30349,221,1604,6439
AACCAACGTCGGAACA-1,23,11934,644,3251
AACCAACGTCGGTACC-1,16315,54,411,4326
AACCAACTCACCTTGC-1,14886,92,873,4341
AACCAACTCCATACAG-1,17851,113,1016,4918
AACCACAAGGAGAGGC-1,38,9113,628,2960
AACCACACAGGTCCGT-1,18,6025,478,2115
AACCACACATATGAAG-1,23,8670,549,2843
AACCACATCACAACCA-1,51,13369,663,3709
AACCATGAGTATGAAC-1,30,8666,500,2647
AACCATGCACGCTGCA-1,29,8470,482,2606
AACCATGCAGATTAAG-1,10004,43,474,3250
AACCATGTCGCGTGCA-1,26,6329,391,2162
AACCATGTCTATGTGG-1,29,5101,396,1810
AACCATGTCTCGCCTA-1,17,7538,474,2240
AACCCAAAGAAACCCG-1,22,8415,332,2674
AACCCAAGTCACTAGT-1,22,7216,677,2353
AACCCAAGTCCAAAGG-1,30,10635,509,3004
AACCCAAGTGTCATCA-1,22,6721,519,2174
AACCCAATCATAGGCT-1,33,8425,452,2576
AACCCAATCCTCCACA-1,46,12067,947,3328
AACCCAATCGAGAGCA-1,6004,21,3,1769
AACCTGACAACTTGCA-1,35,8902,552,2756
AACCTGACAATCAGCT-1,9395,4612,512,5005
AACCTGACACACCGAC-1,23,5777,292,2147
AACCTGACAGAACCGA-1,18,5994,370,2100
AACCTGACATACCAGT-1,27,6345,449,2218
AACCTGAGTCTCAGAT-1,31,7614,536,2574
AACCTGAGTCTGTAGT-1,41,9826,853,2747
AACCTGATCAAGCTGT-1,11,3738,244,1555
AACCTGATCCACGGGT-1,41,9139,587,3272
AACCTGATCCACTGAA-1,6,1655,1,700
AACCTTTAGAGTCGAC-1,12,6702,354,2145
AACCTTTAGTCGCCAC-1,27,5790,232,2383
AACCTTTCAAACTGCT-1,21,9048,503,2997
AACCTTTCAGCATGCC-1,36,8324,402,2807
AACCTTTCATTCTCCG-1,1334,9756,558,4073
AACCTTTGTACGATCT-1,17,4642,321,1579
AACCTTTGTGCAGTGA-1,44,8942,602,2777
AACCTTTTCTATTTCG-1,6423,39,359,2537
AACGAAACAGGGATAC-1,19,7306,583,2508
AACGAAACATGTTCAG-1,11,4567,326,1686
AACGAAAGTAATGCGG-1,19,5748,345,2027
AACGAAAGTACCGGCT-1,20,8714,489,2621
AACGAAAGTGATAGAT-1,18031,140,1386,4880
AACGAAAGTGCATGAG-1,15273,58,1266,3797
AACGGGAAGAATTGTG-1,35,8129,472,2618
AACGGGAAGCTTAGTC-1,41,5676,296,2130
AACGGGACACACAGCC-1,19,6447,404,2148
AACGGGACAGGTGGAT-1,20,7141,651,2421
AACGGGACAGTCAGTT-1,17,10165,641,2841
AACGGGACATCCAACA-1,39,12539,585,3406
AACGGGAGTACGGATG-1,24,4855,312,1944
AACGGGAGTGTTACTG-1,5274,33,876,2071
AACGGGATCCACGTCT-1,24,8292,510,2781
AACGTCAAGTCATCCA-1,40,7984,510,2798
AACGTCAAGTTATGGA-1,11751,72,546,3549
AACGTCACAATTCTTC-1,21,5869,283,2107
AACGTCACAGCTTTGA-1,15,7673,346,2187
AACGTCAGTCTACACA-1,41,13827,899,3566
AACGTCAGTCTACGTA-1,3208,27,705,1761
AACGTCATCAACTGGT-1,5581,19,1,1613
AACGTCATCATCTACT-1,39,8537,609,2664
AACGTCATCCCTTGTG-1,68,22166,761,4669
AACGTCATCCTCTTTC-1,68,12752,735,3858
AACTTCTCAGAAATCA-1,2082,20,350,973
AACTTCTCAGCGTATT-1,21,5454,394,2012
AAGAACAAGCCATTCA-1,19,6185,246,2035
AAGAACAAGTTGCTCA-1,26,7116,417,2406
AAGAACACAGCTACTA-1,31,9245,494,2980
AAGAACAGTAGACTGG-1,10469,55,486,3562
AAGACAACATGGGATG-1,30,14034,600,3661
AAGACAAGTCCACTCT-1,12,6266,499,1992
AAGACAATCCCACAGG-1,7481,50,539,3061
AAGACAATCCCGTGTT-1,18,5892,290,2038
AAGACAATCGCTGATA-1,21,6147,433,2179
AAGACTCGTTACCCAA-1,30,8681,500,2555
AAGACTCGTTGCCATA-1,2534,17,331,814
AAGACTCGTTGCCGAC-1,5,6405,417,1994
AAGACTCTCAGGGTAG-1,17,5706,296,1978
AAGACTCTCTCCAATT-1,22,4738,276,1777
AAGACTCTCTCTCTAA-1,35,9593,532,2905
AAGATAGAGTCTGGTT-1,40,8599,455,2916
AAGATAGCACATCCCT-1,10405,86,565,3720
AAGATAGCAGTCGGTC-1,16,6033,439,1984
AAGATAGCATCGTGCG-1,15259,81,1140,4332
AAGATAGCATGACGGA-1,15112,112,996,4560
AAGATAGGTATTTCGG-1,9461,62,577,3358
AAGATAGTCACACCCT-1,13004,118,1015,4004
AAGATAGTCCCGTTCA-1,46,11935,900,3400
AAGCATCAGAGAATCT-1,30,6598,564,2338
AAGCATCAGCCTGGAA-1,22,5766,587,2095
AAGCATCAGCTTTGTG-1,17,8754,519,2634
AAGCATCAGGAACTCG-1,8558,33,457,2863
AAGCATCAGGGTATAT-1,17,5660,433,1961
AAGCATCCAAGGCGTA-1,20,11466,340,3100
AAGCATCCAATCTGCA-1,9176,74,578,3384
AAGCATCCACCGTGCA-1,17,5078,402,1850
AAGCATCCATACCAGT-1,28,7592,414,2619
AAGCATCCATTCAGCA-1,1432,9,1,763
AAGCATCGTCTGTCCT-1,8341,55,507,3318
AAGCATCTCATTCGTT-1,14,3935,286,1524
AAGCATCTCGCTGCGA-1,23495,114,1669,5460
AAGCCATAGCGCCATC-1,22,6231,394,2206
AAGCCATAGCGGCTCT-1,32,7193,310,2349
AAGCCATCACAACCGC-1,24,8376,603,2579
AAGCCATCAGTGAGCA-1,51,7797,477,2771
AAGCCATCATGTGCTA-1,25,5645,253,2043
AAGCCATGTCAAAGAT-1,15,5138,570,1840
AAGCCATGTTTCGTAG-1,33,8731,559,3052
AAGCCATTCAATCGGT-1,14,4529,275,1741
AAGCCATTCGTGGAAG-1,14,6277,404,1971
AAGCCATTCTATCGGA-1,7952,67,587,3024
AAGCGAGCAAGCCATT-1,36,11079,623,3159
AAGCGAGCAAGCTGTT-1,8929,45,482,3286
AAGCGAGCAGGTTACT-1,30,8371,542,2682
AAGCGAGCATGGCTAT-1,22624,125,1409,5204
AAGCGAGGTTCGAACT-1,900,6,7,555
AAGCGAGTCACACCCT-1,47,12397,788,3267
AAGCGAGTCAGCGGAA-1,8819,88,776,3419
AAGCGAGTCGCAGATT-1,32,10084,736,2899
AAGCGTTCACCCTAAA-1,27,8492,394,2701
AAGCGTTCACCTTCGT-1,17797,103,1070,4889
AAGCGTTGTGCATGTT-1,20,4388,348,1583
AAGCGTTGTTCCACAA-1,6736,53,455,2435
AAGCGTTTCACACCCT-1,11737,87,731,3779
AAGCGTTTCACGGACC-1,11,5397,288,1812
AAGCGTTTCTCGTTTA-1,9,3245,321,1274
AAGCGTTTCTGCTAGA-1,17,6889,400,2025
AAGCGTTTCTGGCCTT-1,18,8992,473,2762
AAGGAATAGAGACAAG-1,19,5749,517,1790
AAGGAATAGGTCTACT-1,27,5139,515,1804
AAGGAATCAAGTTCCA-1,21523,136,1476,5063
AAGGAATGTAGTCTTG-1,10,4177,284,1493
AAGGAATGTGGGCTTC-1,23473,142,2992,5505
AAGGAATGTGTATTGC-1,22,3354,193,1373
AAGGAATGTGTGTTTG-1,9216,14562,1108,6569
AAGGAATTCAAACCTG-1,13244,76,553,4014
AAGGAATTCGTCAACA-1,7274,4753,915,4678
AAGGTAAAGCACTCCG-1,24,12304,569,3201
AAGGTAACATGTTCGA-1,53,9594,525,3165
AAGGTAAGTAGCACAG-1,12,5518,655,1928
AAGGTAAGTGGATACG-1,22,7105,521,2200
AAGGTAAGTGTATACC-1,32,5895,410,1956
AAGGTAATCACAACCA-1,20928,155,966,5087
AAGGTAATCCATCGTC-1,14293,69,803,3978
AAGGTAATCCCTGGTT-1,26409,131,1506,5904
AAGGTAATCCGCAACG-1,63,11198,895,3227
AAGGTAATCCTTCTTC-1,32,8370,621,2740
AAGGTAATCTGTGCGG-1,13,5043,305,1820
AAGTACCAGCAGCCTC-1,22,6950,485,2334
AAGTACCAGCCAAGCA-1,8537,77,522,3166
AAGTACCAGCTAAATG-1,33,5192,332,1920
AAGTACCCAAGACCGA-1,14,8348,323,2667
AAGTACCGTGGAGGTT-1,9920,60,676,3366
AAGTACCTCACTGGTA-1,32,8241,501,2651
AAGTACCTCCTACCGT-1,35608,267,2021,7573
AAGTACCTCGCGGTAC-1,35,10540,646,3234
AAGTCGTAGAAAGTCT-1,76,3260,238,1296
AAGTCGTAGAGGCGGA-1,22,6989,471,2309
AAGTCGTAGCTCCGAC-1,17,5896,325,2064
AAGTCGTAGCTGTTCA-1,43,10344,771,3300
AAGTCGTAGGGATGTC-1,23,8861,493,3005
AAGTCGTGTAAGACCG-1,27,7461,719,2533
AAGTCGTGTCTGTGCG-1,720,7,0,483
AAGTCGTGTGTGTTTG-1,18,7308,510,2258
AAGTCGTTCAAGAGGC-1,42,7773,639,2509
AAGTCGTTCATTTACC-1,15729,123,1169,4553
AAGTGAAAGGATGGCT-1,8434,80,636,3162
AAGTGAACAAGTCCAT-1,21,7552,333,2512
AAGTGAACACACCGCA-1,15385,94,840,4255
AAGTGAACATAGTCGT-1,16,4847,317,1681
AAGTGAACATCCCACT-1,8034,76,457,3079
AAGTGAACATGACGAG-1,15017,82,1104,4447
AAGTGAACATGACTTG-1,8892,71,648,3450
AAGTGAATCCGAGTGC-1,9732,75,638,3415
AAGTGAATCGCCAACG-1,18,5179,319,2043
AAGTGAATCTCAGTCC-1,22076,192,1627,6101
AAGTTCGCAAGTTTGC-1,10,5021,749,1989
AAGTTCGGTCCTATAG-1,21,6179,467,2137
AAGTTCGGTCTTCATT-1,19,5051,371,1818
AAGTTCGGTGCATCTA-1,10,4252,246,1554
AAGTTCGGTTAGGGTG-1,18,4428,385,1718
AAGTTCGTCAGAGCAG-1,16,4321,202,1588
AAGTTCGTCCGGGACT-1,16265,120,1460,4941
AAGTTCGTCCGTGTGG-1,16,4763,285,1715
AAGTTCGTCGGAGATG-1,17,8463,494,2625
AAGTTCGTCGTAGTCA-1,21,4558,290,1570
AATAGAGAGCGTGTCC-1,7838,53,702,2788
AATAGAGCACAGCTGC-1,6,1982,202,547
AATAGAGCACCCATAA-1,34,12935,455,3422
AATAGAGGTATGACAA-1,31,7415,662,2676
AATAGAGGTCTGTTAG-1,23,5073,600,1797
AATAGAGTCACATTGG-1,7127,56,394,2876
AATAGAGTCCCAAGTA-1,39,9299,710,2618
AATCACGCATACAGAA-1,19,5833,329,2201
AATCACGGTATACCTG-1,7759,7135,441,4384
AATCACGGTGCACAAG-1,78,15928,1285,4019
AATCACGGTTCTAACG-1,21,6521,463,2285
AATCACGTCAAGTTGC-1,23,7287,663,2478
AATCACGTCCATATGG-1,31,5423,299,2570
AATCACGTCCTCTAAT-1,26,10702,582,3222
AATCACGTCGTAGGAG-1,14,4799,362,1836
AATCGACAGCATGATA-1,8744,46,472,3066
AATCGACAGCTGACTT-1,21,9265,351,2885
AATCGACAGGAACGAA-1,25,6941,427,2405
AATCGACCAAGGGCAT-1,37,9275,584,2885
AATCGACCACTGTGTA-1,18,4392,267,1820
AATCGACGTCTGTGAT-1,8,6029,375,2059
AATCGACGTTGTTGCA-1,15,3802,219,1427
AATCGACGTTTCGACA-1,10161,43,494,3464
AATCGACTCAAGAGTA-1,15974,121,1508,4845
AATCGACTCGGCCAAC-1,32,11560,671,3267
AATCGTGAGATACATG-1,27391,135,2746,5711
AATCGTGAGCGCTTCG-1,28,7990,445,2584
AATCGTGAGTAGTGCG-1,6,3431,280,1274
AATCGTGCACCGTCGA-1,1508,13,50,738
AATCGTGCACTCCGGA-1,11012,70,738,3860
AATCGTGCAGAGGCTA-1,26,10566,678,3278
AATCGTGCAGGAATAT-1,12365,64,673,3652
AATCGTGCATGGCCCA-1,17,7603,182,2328
AATCGTGGTATTGGCT-1,3754,20,0,1408
AATCGTGGTGTAGTGG-1,44,5724,512,2097
AATCGTGTCCCTCGAT-1,39,11774,758,3325
AATCGTGTCCGGTTCT-1,20302,5535,2084,6665
AATGAAGAGGGAACAA-1,15,4905,437,1756
AATGAAGGTATGAGGC-1,38,8235,404,2479
AATGAAGGTGTCGATT-1,17,7144,303,2429
AATGAAGGTGTTAAAG-1,14,6027,433,2007
AATGAAGTCACGTCCT-1,7925,47,525,2996
AATGACCAGCCATATC-1,11577,76,587,3767
AATGACCAGGTTATAG-1,24,5363,394,1970
AATGACCCAGCGTGCT-1,34,10543,587,3335
AATGACCGTATCCCAA-1,50,10660,498,3165
AATGACCGTTCTCGTC-1,29,9591,546,2888
AATGACCTCACATACG-1,9883,53,631,3385
AATGCCAAGTATGGAT-1,21,4103,308,1689
AATGCCAGTGTTGATC-1,25,8830,493,2940
AATGCCAGTTACCTTT-1,39,7819,415,2844
AATGCCATCTCCTGAC-1,46,11594,498,3510
AATGGAAAGATGCAGC-1,10,5071,213,1772
AATGGAAAGGACTGGT-1,16100,123,1141,4420
AATGGAAAGGTTGGAC-1,23,6580,526,1920
AATGGAAAGTATGGAT-1,3292,35,458,1550
AATGGAAAGTTAACGA-1,23,7601,575,2305
AATGGAAAGTTGGACG-1,31,6648,426,2479
AATGGAAAGTTGGAGC-1,38,8541,474,3027
AATGGAACAATCTCGA-1,25,4913,353,2006
AATGGAACACACCTTC-1,46,8875,541,2834
AATGGAACACGACTAT-1,77,15840,1024,4030
AATGGAAGTGTGGTCC-1,27,8510,355,2545
AATGGAATCATAGACC-1,17652,123,796,5088
AATGGAATCCTGCCAT-1,7702,11698,1380,6126
AATGGAATCTCCCTAG-1,30,8623,600,2657
AATGGAATCTTCGTGC-1,11474,70,724,3316
AATGGCTAGAGTCTTC-1,13,4370,380,1707
AATGGCTCAACACAGG-1,34,6373,534,2131
AATGGCTCAGAGTGAC-1,38,14915,748,3353
AATGGCTGTACTGCGC-1,14,8846,466,2747
AATGGCTGTTGGCCTG-1,12951,92,776,4268
AATGGCTTCAAAGAAC-1,20,6679,214,2361
AATGGCTTCAACCTTT-1,29,6078,400,2018
AATGGCTTCCCATGGG-1,21,5162,237,2022
AATGGCTTCGAACCTA-1,33,8154,539,2696
AATGGCTTCGACCTAA-1,45,8690,590,2920
AATGGCTTCGGTCACG-1,13859,91,715,3989
AATGGCTTCTGGGCAC-1,14183,103,753,4584
AATTCCTAGAACAGGA-1,19,4584,316,1559
AATTCCTAGGCACTCC-1,12162,573,1088,3808
AATTCCTAGGTTACCT-1,15,3783,150,1785
AATTCCTCATAGACTC-1,24,4564,324,1698
AATTCCTGTACCGGAA-1,16489,104,1028,4505
AATTCCTTCACATCAG-1,28,7897,680,2833
AATTTCCAGATGCTAA-1,5690,44,469,2496
AATTTCCCACAATGTC-1,9739,60,502,3366
AATTTCCCACAGTCAT-1,38,12860,525,3501
AATTTCCCATCATGAC-1,11181,73,621,3828
AATTTCCCATGCCGGT-1,8188,67,625,2998
AATTTCCGTATCCCTC-1,14,4223,305,1564
AATTTCCGTGATACCT-1,39,8234,563,2744
AATTTCCGTGCGTCGT-1,10,4436,303,1621
AATTTCCGTTTGTTGG-1,9,4077,211,1624
AATTTCCTCAACCGAT-1,29,12233,525,3499
ACAAAGAAGAAATCCA-1,34,6550,587,2273
ACAAAGAAGGAGTCTG-1,28,6028,397,2183
ACAAAGACATGAATAG-1,20,6287,484,2010
ACAAAGACATGGGTCC-1,15,6663,273,2241
ACAAAGAGTATGGAGC-1,27,11816,526,3265
ACAAAGATCTATCGTT-1,23,5811,423,2023
ACAAAGATCTGGGCAC-1,16,5540,365,1924
ACAACCAAGGAATGTT-1,9771,81,782,3554
ACAACCACAAGTATAG-1,31450,197,1863,6448
ACAACCACAGAGGACT-1,9274,71,493,3276
ACAACCAGTATAGGAT-1,6344,47,407,2488
ACAACCAGTCGCACAC-1,54,19087,1033,4361
ACAACCAGTCGGAACA-1,5000,41,111,1940
ACAACCATCGTTGTTT-1,15,4903,315,1954
ACAAGCTAGATAGTCA-1,22,10083,501,2986
ACAAGCTAGCTGGAGT-1,30,6373,447,2019
ACAAGCTCAACACGTT-1,29,7962,517,2670
ACAAGCTCAATACGCT-1,13,5156,299,1992
ACAAGCTCACATTACG-1,15,6419,364,2345
ACAAGCTCAGGGTTGA-1,22,9058,606,2993
ACAAGCTGTATAGGGC-1,18,6491,408,2033
ACAAGCTTCCGGCTTT-1,22,6683,362,2505
ACAAGCTTCTGCACCT-1,2241,16,2,1105
ACACAGTAGTCGAGGT-1,8,4552,281,1839
ACACAGTCACGCAAAG-1,12464,66,425,3909
ACACAGTGTCGGCACT-1,17,5082,386,1906
ACACAGTGTCTGCCTT-1,24,5142,372,1820
ACACAGTTCATCACAG-1,32,6355,422,2331
ACACAGTTCATCTCTA-1,9761,90,660,3553
ACACAGTTCGAACCTA-1,34,11769,575,3309
ACACCAACAGCGTACC-1,70,15656,1305,4290
ACACCAACAGGTTCCG-1,37,7668,686,2393
ACACCAAGTAACATAG-1,760,7,2,504
ACACCAAGTGTCCGTG-1,4742,31,511,1959
ACACCAATCTCTCTTC-1,718,10,0,457
ACACGCGAGGAAGTGA-1,17,5789,325,1773
ACACGCGAGGGTCACA-1,30,9339,551,2858
ACACGCGCAACGGTAG-1,9925,60,611,3572
ACACGCGCAATAGGAT-1,15036,128,1027,4429
ACACGCGCACGACGCT-1,17,8688,577,2717
ACACGCGCATTCACAG-1,29,10443,532,3032
ACACGCGCATTCAGGT-1,928,16,1,524
ACACGCGGTACGATCT-1,33,10769,570,3034
ACACGCGGTCGGCACT-1,35,21596,1025,4210
ACACGCGGTGAACTAA-1,19,5965,379,1980
ACACGCGGTTGGAGAC-1,7,3315,1,1083
ACACGCGTCAAAGGAT-1,22,6392,563,2028
ACACGCGTCAGCTGAT-1,4055,28,38,1777
ACACGCGTCCAGTACA-1,26,5375,256,2105
ACACGCGTCGAACTCA-1,24,5999,446,1931
ACACGCGTCTATACTC-1,10453,57,849,3206
ACACGCGTCTGAGAAA-1,37,9679,628,2742
ACACTGAAGGGTAGCT-1,10376,65,843,3395
ACACTGAAGTATGACA-1,29,7005,502,2355
ACACTGACAGAGTGTG-1,38,16389,1125,3930
ACACTGAGTACGAGCA-1,16,7668,311,2383
ACACTGAGTTTCCCAC-1,25,10221,534,3175
ACACTGATCTGAGATC-1,23,6331,411,2078
ACAGAAAAGAGGTTTA-1,54,9811,944,2950
ACAGAAAAGGCCACTC-1,14,7160,540,2522
ACAGAAACACCAGTAT-1,10491,70,477,3591
ACAGAAACACTTACAG-1,12083,92,635,4053
ACAGAAACAGGCGATA-1,53,10372,454,3378
ACAGAAACAGTGACCC-1,15,7316,455,2396
ACAGAAAGTATCAGCT-1,6889,107,979,3011
ACAGAAATCTACACTT-1,8213,73,676,3310
ACAGCCGAGCTAAGTA-1,50,11890,895,3400
ACAGCCGAGTATGGAT-1,55,13681,965,3684
ACAGCCGGTAATTGGA-1,25,7265,461,2560
ACAGCCGGTAGTTCCA-1,23,7757,439,2561
ACAGCCGGTCGCACGT-1,47,13749,779,3687
ACAGCCGGTGATCGTT-1,22,5781,389,1947
ACAGCCGGTTATCTTC-1,11,3619,267,1542
ACAGCCGTCGGAGTGA-1,20,7831,474,2593
ACAGGGAAGCAACAGC-1,25,10515,419,3007
ACAGGGAAGCAGGTCA-1,11245,69,867,3545
ACAGGGAAGGAACGAA-1,7952,116,517,3758
ACAGGGAAGGTGCGAT-1,7614,43,236,2603
ACAGGGACAATGGCCC-1,16,8652,482,2786
ACAGGGACATGTACGT-1,45,12128,752,3550
ACAGGGAGTGTGTACT-1,23,3688,353,1374
ACATCCCAGCTGTGCC-1,8,7161,384,2372
ACATCCCCACCAGTAT-1,61,11971,899,3681
ACATCCCCACTAGGCC-1,11,7541,205,2782
ACATCCCCATACAGCT-1,9023,66,915,3445
ACATCCCCATCCGCGA-1,48,10654,784,3158
ACATCCCCATTGAGCT-1,3777,28,250,1942
ACATCCCTCACGACTA-1,35,9074,455,2940
ACATCCCTCGCTAGCG-1,17,7021,263,2456
ACATCCCTCGCTGTTC-1,8877,56,421,3321
ACATCCCTCGGCTTCT-1,26,6129,329,2280
ACATCCCTCTTTGCTA-1,30,14027,320,3889
ACATCGAAGACGTCCC-1,15,6625,364,2216
ACATCGAAGCCGCTTG-1,12,4761,321,1617
ACATCGAAGCGTTCAT-1,23,7496,337,2583
ACATCGACACGGCACT-1,34,8419,326,2931
ACATCGACAGTCAGAG-1,25,4959,366,2021
ACATCGACATCACCAA-1,26,8119,452,2849
ACATCGACATGACGAG-1,26,7296,650,2316
ACATCGAGTATGTCAC-1,6,2343,205,960
ACATCGAGTTCCGGTG-1,16,8462,677,2810
ACATCGATCACACCGG-1,32160,148,2169,5991
ACATCGATCCACACAA-1,3458,28,3,1285
ACATCGATCGTCGATA-1,21,3677,248,1487
ACATGCAAGAGTCCGA-1,22,8428,590,2561
ACATGCAAGCCGATAG-1,41,10091,741,3063
ACATGCAAGCTCACTA-1,20819,199,1173,5684
ACATGCAAGTTACGTC-1,33,15285,1090,3892
ACATGCACAAAGGTTA-1,48,9454,648,2786
ACATGCACAACGGCCT-1,11,7359,331,2486
ACATGCACAACTTGCA-1,24,8748,627,2798
ACATGCACAGCAGTCC-1,56,9923,611,3083
ACATGCACAGTAACGG-1,28,9507,565,2999
ACATGCAGTAGATTAG-1,17,4588,368,1677
ACATGCAGTATGGTTC-1,23,8402,378,2909
ACATGCAGTGATATAG-1,16648,138,1069,4831
ACATGCATCACCCTCA-1,8504,64,505,3498
ACATGCATCATCAGTG-1,33,8355,322,2681
ACATTTCAGATGCTAA-1,34,7135,525,2542
ACATTTCAGCCTTGAT-1,15,7019,270,2275
ACATTTCCAGGTTCAT-1,35,5950,428,2119
ACATTTCCATACAGGG-1,7405,4445,788,5006
ACATTTCGTATGCTAC-1,24,6577,455,2325
ACATTTCTCGAGGCAA-1,13111,102,666,4244
ACCAAACAGACGAGCT-1,9576,66,817,3384
ACCAAACAGAGGCTGT-1,8,5628,542,1840
ACCAAACAGCTTTCTT-1,10288,84,456,3937
ACCAAACAGGCTGAAC-1,21,8021,482,2489
ACCAAACAGGCTTAGG-1,8804,63,644,3319
ACCAAACAGTACCGGA-1,20,8954,516,2511
ACCAAACCACTACCCT-1,42,9251,377,3101
ACCAAACCATTCACCC-1,33,9268,490,2580
ACCAAACGTCCTTTGC-1,16636,108,807,4769
ACCAAACGTCGTAATC-1,31,7116,593,2419
ACCAAACGTCTTCAAG-1,48,10905,663,3337
ACCAAACGTGGACCAA-1,22,9937,592,2837
ACCAAACGTGTATCCA-1,36,14470,1138,3544
ACCAAACTCAACGTGT-1,22,11221,696,2953
ACCAACAAGCATTGAA-1,22,6642,454,2076
ACCAACAAGCGCCCAT-1,40,12947,822,3575
ACCAACAAGTCCCAGC-1,24,9546,624,3028
ACCAACACAAGCTGTT-1,23,7814,343,2619
ACCAACACAATAACCC-1,48,14664,677,4126
ACCAACACACACCAGC-1,12315,77,530,4482
ACCAACACATACAGCT-1,20,8875,349,2711
ACCAACAGTCGAGTTT-1,36,7961,504,2559
ACCAACAGTGACAACG-1,17,7177,368,2159
ACCACAAAGACCCTTA-1,30,7811,484,2305
ACCACAACAAGATTGA-1,46,14280,740,3536
ACCACAACACAAAGTA-1,51,15439,731,3769
ACCACAACACGCACCA-1,36,12073,417,3516
ACCACAACACTACCCT-1,24,9159,232,2745
ACCACAACATGACAAA-1,49,12291,733,3678
ACCACAACATGACTTG-1,29,6689,611,2463
ACCACAAGTACAAGCG-1,13383,74,1082,3959
ACCACAAGTCATTCCC-1,9574,33,371,3161
ACCACAAGTGCCTAAT-1,14185,149,930,4637
ACCACAAGTTAGAGTA-1,16,6640,443,2278
ACCACAAGTTGATCGT-1,9543,47,436,3752
ACCACAAGTTGGACTT-1,42,5079,377,2052
ACCATTTAGAACTCCT-1,28,5949,389,2240
ACCATTTCACCACATA-1,10937,61,514,3716
ACCATTTCACGCGTCA-1,28,5413,349,2086
ACCATTTCATGGGAAC-1,41,9300,811,2955
ACCATTTGTGCAGTGA-1,54,15435,998,3976
ACCCAAAAGAAGAGCA-1,44,9786,995,3002
ACCCAAAAGCGCTGCT-1,29,7269,438,2477
ACCCAAAAGGACGCAT-1,8599,63,581,3241
ACCCAAAAGGGAGGTG-1,44,12443,722,3165
ACCCAAACAAATCCCA-1,44,10908,352,3108
ACCCAAACAATTCACG-1,11321,57,455,3630
ACCCAAACACTGCTTC-1,479,33,0,353
ACCCAAACACTGGCGT-1,17,8846,498,2832
ACCCAAAGTCACAATC-1,9323,64,428,3255
ACCCAAATCGAACACT-1,43,15074,694,3742
ACCCTCAGTAGCCCTG-1,10357,55,996,3457
ACCCTTGAGTCAATCC-1,17011,6042,1030,6805
ACCCTTGGTAATGCGG-1,24,3756,308,1731
ACCCTTGGTCAGTCCG-1,19,7027,388,2217
ACCCTTGGTTGTCTAG-1,49,11979,764,3466
ACCCTTGTCCATACTT-1,31,7628,447,2699
ACCCTTGTCGTGTGGC-1,22,8250,399,2692
ACCGTTCAGCATAGGC-1,23,15016,883,3892
ACCGTTCAGCCATTGT-1,28,8939,537,2905
ACCGTTCAGGGAGGAC-1,15307,82,928,4739
ACCGTTCCAAGTGGAC-1,35,8590,339,2828
ACCGTTCCAATAGTCC-1,30,7732,432,2635
ACCGTTCGTTACACAC-1,7453,40,644,2955
ACCGTTCTCAAAGGTA-1,19,5355,434,1949
ACCGTTCTCCGATAAC-1,23,7163,368,2232
ACCTACCAGCAAATCA-1,19,5772,193,2199
ACCTACCAGGAGAGGC-1,12873,67,566,4046
ACCTACCAGTCCCAGC-1,19,7175,308,2440
ACCTACCAGTGCGACA-1,54,10983,753,3321
ACCTACCCAACCCTAA-1,38,8843,540,2853
ACCTACCGTCGGCCTA-1,38,11789,833,3613
ACCTACCGTGGCTACC-1,771,13,0,490
ACCTACCTCCATCTGC-1,8276,20,1,2336
ACCTACCTCGACGTCG-1,38539,188,2586,6756
ACCTACCTCTTCGACC-1,35,6973,502,2430
ACCTGAAAGGCATGCA-1,25,6644,422,2267
ACCTGAAAGTAACCGG-1,15600,83,1235,4351
ACCTGAACACCGGTCA-1,42,14102,856,3591
ACCTGAACATGGCACC-1,26,6818,401,2367
ACCTGAAGTTCGGTTA-1,29,6906,370,2188
ACCTGAATCGTGCATA-1,2430,23,114,973
ACCTGAATCTTGGTGA-1,32,10241,511,3084
ACCTGTCAGTCACAGG-1,32,7360,557,2355
ACCTGTCAGTCCTACA-1,20,6789,272,2310
ACCTGTCAGTCGAATA-1,16,4549,370,1738
ACCTGTCAGTTGGCTT-1,22,5407,290,1994
ACCTGTCCAGCAGTAG-1,5610,27,2,1880
ACCTGTCCAGTGCCTG-1,28,7411,369,2529
ACCTGTCGTAGCTTAC-1,35,11953,630,3425
ACCTGTCGTAGGTCAG-1,16,5228,514,1810
ACCTGTCGTTTGATCG-1,10,3069,275,1237
ACCTGTCTCAACTGAC-1,3661,14,1,1403
ACCTGTCTCAAGAGTA-1,13104,91,770,4028
ACCTGTCTCACGGGAA-1,55,15413,991,3941
ACCTGTCTCCCAGGCA-1,9915,49,864,3300
ACCTGTCTCGGAGATG-1,29,8638,563,2617
ACGATCAAGAATCCCT-1,9091,61,617,3278
ACGATCAAGCGCCTAC-1,7,6649,510,2291
ACGATCAAGCTCGACC-1,26,8723,342,2514
ACGATCAAGGCTCTAT-1,24,6940,350,2415
ACGATCACACGGCACT-1,37,8089,745,2433
ACGATCACATAATGCC-1,9648,62,560,3421
ACGATCAGTTCCGCAG-1,18,6383,247,2193
ACGATCAGTTGTTGCA-1,18480,101,1301,4949
ACGATGTAGCAGATAT-1,10215,63,618,3484
ACGATGTAGGGCTTCC-1,25,7521,552,2303
ACGATGTAGTACCGGA-1,17,8909,463,2656
ACGATGTCAATACGAA-1,14669,125,918,4457
ACGATGTCAGAAATTG-1,31,6806,585,2566
ACGATGTGTAAGGTCG-1,10,7877,365,2372
ACGATGTGTATTTCGG-1,15,4802,627,1672
ACGATGTGTGAGCTCC-1,17,6145,474,1979
ACGATGTGTTATCTTC-1,9651,65,502,2921
ACGATGTTCCTAAACG-1,20,7370,331,2421
ACGCACGAGAATTGCA-1,20,7639,538,2290
ACGCACGAGACTCGAG-1,7955,6124,972,5483
ACGCACGAGTGACCTT-1,8390,73,263,3951
ACGCACGCATGGCTGC-1,32,9237,847,3046
ACGCACGGTAGCCCTG-1,17941,88,1209,4596
ACGGAAGAGAACCCGA-1,5597,47,318,2563
ACGGAAGAGAAGTCCG-1,26,9506,672,2756
ACGGAAGAGGAGCTGT-1,18,5877,481,2043
ACGGAAGAGTCTGCAT-1,3488,19,216,1767
ACGGAAGCAAAGGCTG-1,14,4376,280,1705
ACGGAAGCAAGTGGAC-1,7372,36,467,2697
ACGGAAGGTCAGGTGA-1,16,6690,277,2150
ACGGGTCAGCATAGGC-1,36,12001,502,3382
ACGGGTCCACGGCACT-1,43,25458,811,4852
ACGGGTCCAGGGTCTC-1,21,3816,329,1500
ACGGGTCCAGTATGAA-1,14808,96,1158,4320
ACGGGTCTCACTGATG-1,5224,52,228,2194
ACGGGTCTCGCGTGCA-1,16461,7606,1166,6916
ACGGGTCTCTGCGGAC-1,20,7956,477,2646
ACGGTCGAGGGCAACT-1,12277,52,761,3686
ACGGTCGGTATGCTTG-1,21,5150,368,1769
ACGGTCGGTGACCTGC-1,7011,39,272,2197
ACGGTCGTCAATCAGC-1,6,5928,307,1893
ACGGTCGTCCATATGG-1,35,9168,915,2590
ACGGTTAAGATTCGCT-1,12545,91,825,3962
ACGGTTAAGCGATCGA-1,30,6030,568,2017
ACGGTTACAAGACCGA-1,28,10974,844,3106
ACGGTTACAAGGCTTT-1,18891,95,803,4956
ACGGTTACATGGAGAC-1,25,9821,702,2938
ACGGTTAGTAACTGCT-1,12791,77,738,4145
ACGGTTAGTGGTCTGC-1,23,9829,641,2716
ACGGTTAGTTAGAGAT-1,16,5403,413,1923
ACGGTTATCCATTTCA-1,25,7277,393,2694
ACGGTTATCTGTAACG-1,20,4821,336,1747
ACGTAACAGCATAGGC-1,9,2078,58,680
ACGTAACAGGCGATAC-1,30,13610,626,3668
ACGTAACCACTTACAG-1,45,8016,474,2757
ACGTAACGTAAGATTG-1,20,6953,470,2286
ACGTAACGTACAGGTG-1,19,5448,480,1833
ACGTAACGTCCTCAGG-1,16,7031,452,2411
ACGTAACGTGGTTTGT-1,57,7908,531,2725
ACGTAACGTTTCGATG-1,11,3700,211,1674
ACGTACAAGCGTCTCG-1,15,2634,190,1182
ACGTACACAGTGTGCC-1,40,10185,1038,3145
ACGTACATCCAAGGGA-1,9556,56,664,3317
ACGTACATCTTCTAAC-1,8469,71,463,3462
ACGTAGTAGGGTTAGC-1,35,7723,485,2418
ACGTAGTAGTCTCTGA-1,21,6131,441,2219
ACGTAGTCATCTAGAC-1,311,8932,990,2777
ACGTAGTGTATACCTG-1,9,2792,125,1365
ACGTAGTGTATCGAGG-1,6682,58,480,2681
ACGTAGTGTGGGACAT-1,19,6902,306,2277
ACGTAGTGTGGTTTGT-1,42,7479,609,2611
ACGTAGTGTTCCAGGC-1,15,4332,352,1600
ACGTAGTGTTCCATTT-1,32,6542,419,2293
ACGTAGTGTTTGAAAG-1,13,4581,265,1489
ACGTAGTTCACCTTGC-1,19,7074,344,2322
ACGTAGTTCGCCACTT-1,17,9785,689,2934
ACGTAGTTCGTGGGAA-1,73,15821,730,3947
ACGTAGTTCTATCCAT-1,19,4006,353,1550
ACGTCCTCAGGCTATT-1,30,13146,680,3411
ACGTCCTGTAATCAGA-1,17,5891,362,2075
ACGTCCTGTATACGGG-1,21,3950,359,1342
ACGTCCTGTGCCTGAC-1,31,10631,739,3044
ACGTCCTTCGGTCGGT-1,11,7352,769,2093
ACGTTCCAGGCATGGT-1,5,4161,236,846
ACGTTCCCACCTGAAT-1,43,11601,719,3600
ACGTTCCGTCGCTGCA-1,18,7149,392,2281
ACGTTCCGTGGTATGG-1,16,8031,395,2564
ACGTTCCGTTAAACAG-1,16,8670,446,2485
ACGTTCCTCAATCGGT-1,23,11993,647,3424
ACGTTCCTCTTTCTAG-1,20,7492,323,2519
ACTACGAAGATAACGT-1,7521,54,650,2888
ACTACGACAATGACCT-1,27,7178,688,2316
ACTACGACAGCGTATT-1,36,10012,572,3028
ACTACGAGTCGCACGT-1,1662,12,3,814
ACTACGATCAAGCTTG-1,27,7132,312,2479
ACTACGATCGAGTCTA-1,15,4289,398,1632
ACTACGATCTGAATGC-1,28,9054,481,2683
ACTATCTAGACTCCGC-1,17,5791,351,2007
ACTATCTAGGTATCTC-1,61,13210,713,3659
ACTATCTCAGTCAGAG-1,11649,67,587,3556
ACTATCTCATCATTTC-1,13920,129,882,4932
ACTATCTGTTCATCTT-1,9259,58,484,3514
ACTATCTTCGAACGCC-1,39,13605,423,3607
ACTATCTTCTCAACCC-1,24,6568,327,2494
ACTATGGAGTGAGGCT-1,39,7074,540,2379
ACTATGGCACGCCACA-1,14,4695,241,1879
ACTATGGCACTTTAGG-1,17,7527,473,2434
ACTATGGCAGGACTAG-1,16,9189,469,2793
ACTATGGGTCAACCTA-1,8028,46,461,2884
ACTATGGGTGGCTGAA-1,25,6928,702,2302
ACTATGGTCATCTCTA-1,23215,183,1396,5979
ACTATGGTCGAACGCC-1,13,7347,554,2439
ACTATTCAGCCATATC-1,16,3922,259,1714
ACTATTCCAGAAGTTA-1,15,4345,356,1676
ACTATTCGTAGTGGCA-1,19,5716,548,1879
ACTATTCGTCCCTAAA-1,26,6409,330,2464
ACTATTCGTCGTATTG-1,11,4050,257,1599
ACTATTCGTGATACTC-1,10712,36,601,3082
ACTATTCGTGCTTATG-1,19,3596,252,1702
ACTATTCGTTGCATAC-1,13,5663,367,1914
ACTATTCTCACAAGGG-1,44,10013,654,3001
ACTATTCTCACACCCT-1,26,5902,412,2218
ACTATTCTCTCTATGT-1,10416,128,430,3582
ACTATTCTCTGCCTGT-1,32,10844,634,3182
ACTCCCAAGAAGCCTG-1,15185,62,894,4424
ACTCCCAAGCCAACCC-1,55,14984,866,3978
ACTCCCAAGGTAAGGA-1,10799,56,658,3360
ACTCCCAAGTTTGGCT-1,17,3504,220,1602
ACTCCCACAACTCATG-1,14093,87,1025,4109
ACTCCCACAACTTGGT-1,7335,34,458,2696
ACTCCCACATACAGAA-1,15,5199,261,2095
ACTCCCACATATCTGG-1,25,6428,409,2151
ACTCCCACATCCCACT-1,30,9691,416,3075
ACTCCCAGTAGATTAG-1,7682,34,460,2975
ACTCCCAGTCAGATTC-1,14232,67,587,4312
ACTCCCAGTGATTCAC-1,28,5479,273,1943
ACTCCCATCGATGGAG-1,18,6539,488,2187
ACTCTCGAGAAATCCA-1,25,9876,451,2971
ACTCTCGAGAACTGAT-1,6235,39,424,2677
ACTCTCGAGCTAGAAT-1,22,4644,335,1761
ACTCTCGCACGAAAGC-1,16846,106,829,4851
ACTCTCGCAGGCGAAT-1,28949,138,1938,6246
ACTCTCGCATCCAATG-1,26,5131,349,2067
ACTCTCGGTACGACAG-1,15,6032,555,2041
ACTCTCGGTGAATTGA-1,24,5759,462,1990
ACTCTCGGTGGATTTC-1,9,3934,197,1470
ACTCTCGGTGTGCTTA-1,13,5246,329,1922
ACTCTCGGTTGGGCCT-1,11332,56,966,3724
ACTGATGAGAATCGTA-1,32,8189,533,2707
ACTGATGAGACGCCAA-1,21,7078,344,2206
ACTGATGCAATCTCTT-1,9361,76,371,3898
ACTGATGCATCTCCCA-1,24839,5243,3063,7521
ACTGATGGTACGTGAG-1,1119,14,2,708
ACTGATGGTCTCCCTA-1,8933,81,578,3410
ACTGATGGTTACTCAG-1,28,5171,235,1949
ACTGATGTCCATCTAT-1,42,12127,559,3342
ACTGATGTCGTCCTTG-1,13,6137,477,2253
ACTGATGTCTACACTT-1,24746,161,638,5833
ACTGATGTCTCGTTTA-1,18,4205,373,1474
ACTGCAAAGGTTGTTC-1,9,4932,376,1869
ACTGCAACATCAACCA-1,54,5710,338,2200
ACTGCAACATCAGCGC-1,9004,69,528,3184
ACTGCAAGTAGGACCA-1,1,1931,149,667
ACTGCAAGTTGGTGTT-1,44,13879,922,3729
ACTGCAATCACCTGTC-1,20,6829,262,2281
ACTGTCCAGACATCAA-1,34,9930,719,3073
ACTGTCCAGTTGGAAT-1,22,5770,370,1867
ACTGTCCCATAACTCG-1,25,10083,388,2875
ACTGTCCGTATTAAGG-1,38,11098,592,3217
ACTGTCCTCGGCACTG-1,15,8842,424,2466
ACTGTCCTCTCTAGGA-1,13603,101,547,4435
ACTGTGAAGGAATGTT-1,33,8952,622,2896
ACTGTGAAGGGCCCTT-1,43,10183,716,3263
ACTGTGACACCGCTGA-1,34,17035,759,4011
ACTGTGACAGCGGTTC-1,21,6290,378,2249
ACTGTGACAGGCGATA-1,38,15545,670,3735
ACTGTGACATGTGGCC-1,40,10033,367,2864
ACTGTGAGTAGACGTG-1,15750,98,924,4168
ACTGTGAGTCGCGGTT-1,31,10771,615,3228
ACTGTGAGTCGTTCAA-1,21,8808,456,2461
ACTTAGGCAAGAGTAT-1,6791,274,421,2871
ACTTAGGCACACGTGC-1,669,3,0,385
ACTTAGGCAGGCACAA-1,29,7180,445,2473
ACTTAGGGTAGCGTAG-1,15,7939,324,2531
ACTTATCAGGGCCCTT-1,31,7434,490,2708
ACTTATCCAAGATGTA-1,22,4958,344,1795
ACTTATCCAAGTAGTA-1,19,8770,307,2551
ACTTATCCAGCTGTTA-1,12,3856,128,1626
ACTTATCCATGAGAAT-1,15,5191,385,1990
ACTTATCGTGACACAG-1,37,9466,705,2785
ACTTATCGTGATAGTA-1,14453,88,746,4379
ACTTATCTCCGCTGTT-1,42,10382,485,3071
ACTTATCTCGCTAATG-1,9,2276,218,394
ACTTATCTCGGTGTAT-1,6,4035,72,1566
ACTTCCGCATCGCTGG-1,13,5451,351,1893
ACTTCCGGTTAGGGTG-1,7393,51,777,3075
ACTTCCGTCAAGGACG-1,8729,49,566,3379
ACTTCCGTCTCGACGG-1,9536,55,767,3601
ACTTCCGTCTTGTGCC-1,32,9640,582,3073
ACTTCGCAGAGACAAG-1,17,5330,382,2055
ACTTCGCAGTGCAGGT-1,1629,10,112,649
ACTTCGCCAACAGTGG-1,13,5615,250,2017
ACTTCGCCACTCCTTG-1,25,16157,614,3892
ACTTCGCGTGCGACAA-1,8,4302,412,1670
ACTTCGCGTTGACTAC-1,15,7738,491,2477
ACTTCGCTCCCATGGG-1,35,10072,496,3078
ACTTTCAAGACGCCCT-1,17176,75,992,4751
ACTTTCACAAATCCCA-1,7013,65,425,2896
ACTTTCACAAGGCCTC-1,8,5398,337,2144
ACTTTCAGTCCCGTGA-1,36,8177,445,2572
ACTTTCAGTTTACCAG-1,22,4487,304,1745
ACTTTCATCACGGGAA-1,35,5590,312,2023
ACTTTCATCGCTACAA-1,8105,66,422,3240
ACTTTCATCTATGCCC-1,42,10113,675,3127
ACTTTGTAGCTAGAGC-1,5884,63,549,2358
ACTTTGTAGCTTTCTT-1,6,4233,231,1772
ACTTTGTAGTCGTCTA-1,32,6064,573,2261
ACTTTGTCATGCGGTC-1,17586,106,1172,4876
ACTTTGTCATGTTCAG-1,32,7788,483,2776
ACTTTGTTCGAAGAAT-1,24,4410,254,1511
ACTTTGTTCGCCTCTA-1,32,8965,468,2884
ACTTTGTTCGTGCAGC-1,39,9676,496,3349
AGAAATGAGAGCAAGA-1,16370,96,1101,4403
AGAAATGAGCCATGCC-1,48,9678,633,2896
AGAAATGAGCGTATGG-1,19,5707,371,2096
AGAAATGAGTAATTGG-1,41,8555,555,2845
AGAAATGCAATCGTCA-1,52,11607,623,3304
AGAAATGCAATGAACA-1,28,9227,677,2971
AGAAATGCAGCGTGAA-1,17,6460,621,2084
AGAAATGGTTCTAACG-1,23,6384,493,2293
AGAAATGGTTGATCGT-1,27,8449,715,2387
AGAAATGTCTGCTCTG-1,33,9342,553,3143
AGAAATGTCTTTGCGC-1,9607,43,692,3162
AGAACAAAGACATATG-1,46,10462,543,3356
AGAACAAAGCGACCCT-1,4,1849,101,754
AGAACAACAGTTGTCA-1,11,3762,130,1570
AGAACAACATTGGCAT-1,10802,61,552,3520
AGAACAATCGCAGTTA-1,25,5012,324,2026
AGAACAATCGGCATAT-1,28,5803,359,2064
AGAACAATCGGCATCG-1,11,3242,255,1446
AGAACCTAGTAACGTA-1,19,3839,115,1767
AGAACCTCACATGTTG-1,39,8012,548,2704
AGAACCTCAGCGTACC-1,8,2131,144,515
AGAACCTCAGTCGTTA-1,20,7999,383,2498
AGAACCTCAGTGCCTG-1,51,13631,979,3687
AGAACCTCATCAACCA-1,15,4647,298,1769
AGAACCTGTCCACATA-1,38,15897,736,3925
AGAACCTGTGAGTTTC-1,11163,66,757,3605
AGAACCTGTGTTAAAG-1,16,5503,361,1941
AGAACCTTCCACAGGC-1,12560,78,431,3818
AGAACCTTCTGGGCGT-1,26,6770,304,2266
AGAAGCGAGCGACCCT-1,17,9696,453,2775
AGAAGCGAGCGCACAA-1,21,8526,564,2629
AGAAGCGAGTTAGAAC-1,21,4941,361,1926
AGAAGCGCAGTTGTTG-1,12351,73,1016,3794
AGAAGCGGTCATGGCC-1,24,5761,460,2109
AGAAGCGGTGCTTCAA-1,15,4245,436,1579
AGAAGCGGTGTTGATC-1,13,3937,447,1419
AGAAGCGGTTCCGCTT-1,21,8732,419,2737
AGAAGCGTCCGCACTT-1,36,8217,515,2693
AGAAGCGTCCGTCACT-1,17,4621,284,1707
AGAAGCGTCGTAGTCA-1,1,1690,154,791
AGAAGCGTCTGCGAGC-1,6,3697,250,1427
AGAAGTAAGACCATAA-1,8201,85,511,3216
AGAAGTAAGCCTATCA-1,12,5242,458,1918
AGAAGTACAAGCCTGC-1,13669,79,1618,4139
AGAAGTACAGCGGATA-1,15371,7050,1784,6659
AGAAGTACATACTGAC-1,40,9757,655,3214
AGAAGTAGTACAGCGA-1,23,5254,416,1862
AGAAGTAGTATGAAGT-1,7,2064,77,522
AGAAGTAGTCGCTTAA-1,23,4881,135,1890
AGAAGTATCATTTGTC-1,14335,77,838,4347
AGAAGTATCCATTGTT-1,6923,35,397,2547
AGAAGTATCGCAATGT-1,11,4191,157,1584
AGACAAAAGATTAGAC-1,48,11855,747,3264
AGACAAACACTTGACA-1,5747,49,391,2459
AGACAAAGTAGTAAGT-1,19829,160,804,5345
AGACAAAGTATCATGC-1,22,6162,480,2008
AGACAAAGTGTGGTCC-1,11073,100,674,3892
AGACAAATCTAAACGC-1,32,5976,562,2059
AGACACTAGCGACTGA-1,9485,69,697,3424
AGACACTCACAAGCTT-1,32,9514,498,2851
AGACACTCACCTATCC-1,10999,100,1022,4108
AGACACTCAGGTTCAT-1,31,9642,576,2900
AGACACTCATGAAGGC-1,8090,52,443,3285
AGACACTGTACCTAGT-1,13750,94,992,4240
AGACACTGTATCGCGC-1,27,9766,591,3232
AGACACTTCGTGAGAG-1,31,3905,388,1506
AGACAGGAGATCCAAA-1,17,7155,441,2351
AGACAGGAGATTAGTG-1,20,3965,234,1627
AGACAGGAGTATAGAC-1,5475,38,513,2206
AGACAGGCACAGTCCG-1,13873,70,685,4315
AGACAGGCACTCCGAG-1,23,12129,576,3320
AGACAGGGTCACTTAG-1,32,6639,459,2281
AGACAGGGTTCTCACC-1,16,4955,342,1938
AGACAGGTCACCATGA-1,15,5200,382,1745
AGACAGGTCGTTCTCG-1,7263,55,400,2823
AGACAGGTCTCAAAGC-1,13,2612,46,422
AGACAGGTCTTGTGCC-1,10270,81,702,3561
AGACCATAGAGTCGAC-1,23,8381,398,2621
AGACCATAGATGGCAC-1,21,7559,336,2551
AGACCATAGCCGATAG-1,21,6909,481,2535
AGACCATAGCTTCGTA-1,19,3758,229,1493
AGACCATCACAGAGCA-1,32,8084,507,2734
AGACCATCAGCGGTTC-1,9321,51,681,3355
AGACCATGTAAGATAC-1,69,16248,971,4062
AGACCATGTACCTATG-1,34,7576,441,2694
AGACCATGTTTGTGGT-1,22,7414,640,2235
AGACCATTCATGCTAG-1,17,7630,333,2511
AGACCATTCGGCTGGT-1,31,9129,525,2979
AGACCCGAGTTGGGAC-1,44,9608,498,2812
AGACCCGCAACCGACC-1,38,12122,777,3365
AGACCCGCACATACGT-1,51,11376,811,3285
AGACCCGGTAGAGATT-1,21,9191,891,2580
AGACCCGGTATCGCAT-1,20,7451,493,2426
AGACCCGGTCAACACT-1,15,11460,364,3320
AGACCCGGTGTGACCC-1,19,6601,478,2228
AGACCCGTCCGGCAGT-1,26,5706,482,1987
AGACTCAAGAAGATCT-1,28,8045,564,2652
AGACTCAAGTGAGGTC-1,45,15113,874,3786
AGACTCACATACCATG-1,12,4693,283,1822
AGACTCACATGACGAG-1,14,8173,419,2442
AGACTCAGTCACAGAG-1,24,6134,484,1987
AGACTCAGTCCGATCG-1,29,7980,664,2543
AGACTCAGTCGTCATA-1,11286,146,552,4450
AGACTCAGTGAGGCAT-1,38,10506,851,2973
AGACTCAGTGGTGATG-1,12329,86,534,3999
AGACTCATCACATTGG-1,30,5725,341,2236
AGACTCATCCGTGTAA-1,17,6154,407,1922
AGACTCATCGGAATGG-1,42,7996,678,2316
AGACTCATCTCGCTTG-1,31,6198,465,2266
AGAGAATAGCGGCTCT-1,40,5626,490,2161
AGAGAATAGGAGTATT-1,26,7685,577,2559
AGAGAATCAACATCGT-1,42,9105,433,2941
AGAGAATCAAGAGGCT-1,14,3858,351,1510
AGAGAATCACACCTAA-1,34,6923,626,2400
AGAGAATCATGGGATG-1,12,4123,322,1677
AGAGAATCATTATGCG-1,25,5166,278,1925
AGAGAATCATTGTGCA-1,31,8350,424,2645
AGAGAATGTAGTCTGT-1,63,14644,961,3991
AGAGAATGTATCGATC-1,36,8658,550,2879
AGAGAATGTCTGCCTT-1,47,7011,808,2279
AGAGAATGTGGCTGAA-1,8123,51,666,2932
AGAGAATGTGTGTACT-1,17704,117,1101,4629
AGAGAATTCGTGTCAA-1,28,12036,620,3271
AGAGAGCAGCGAGAAA-1,9427,71,819,3504
AGAGAGCAGCGTATAA-1,962,5,0,581
AGAGAGCCAACAGCCC-1,12409,80,746,4048
AGAGAGCGTGGCAACA-1,13709,102,837,4288
AGAGAGCGTGTAGGAC-1,2994,22,221,1506
AGAGAGCTCAAGAGGC-1,15,5959,436,1942
AGAGAGCTCGGTAACT-1,21,6082,316,2132
AGAGCAGAGATCCCAT-1,28,5995,511,1869
AGAGCAGAGCGCCTAC-1,23,5794,337,1948
AGAGCAGCAGTTTCGA-1,12954,59,545,3814
AGAGCAGTCACTACTT-1,32,6158,541,2076
AGAGCAGTCCTCAGGG-1,14,6752,534,2167
AGAGCAGTCGACCCAG-1,26,10934,645,3085
AGAGCAGTCTCGGTCT-1,46,11687,743,3295
AGAGCCCAGCCTCATA-1,7600,64,548,3362
AGAGCCCAGGTCATAA-1,31,9363,680,2474
AGAGCCCAGTAGACAT-1,27,7985,452,2664
AGAGCCCCAACCGCTG-1,24,8547,366,2888
AGAGCCCCAAGGCAAC-1,47,10872,725,3177
AGAGCCCCACGTACTA-1,13005,90,818,3959
AGAGCCCCATCACCAA-1,6667,1064,1081,3438
AGAGCCCCATCGGCCA-1,3597,14,1,1374
AGAGCCCGTCGGTGTC-1,7219,22,411,2620
AGAGCCCGTGGTCTGC-1,36,11946,918,3076
AGAGCCCTCTTCACAT-1,23,9305,614,2940
AGATAGAAGACTGTTC-1,23,6524,395,2228
AGATAGACATGACGGA-1,43,12782,742,3098
AGATAGAGTAGTTCCA-1,12,3541,220,1398
AGATAGAGTGTTGCCG-1,22,9143,620,2682
AGATAGAGTTCGAGCC-1,25,7150,632,2409
AGATAGAGTTGTATGC-1,21,8687,782,2536
AGATAGATCAGCTCTC-1,22297,190,1749,5801
AGATAGATCCTGTAAG-1,6591,62,509,2716
AGATCCAAGACATGCG-1,17,4793,278,1748
AGATCCACAAGACGAC-1,15,10477,598,3154
AGATCCACAAGGCTTT-1,22,10651,501,3074
AGATCCACAGAGAAAG-1,26,9039,428,2692
AGATCCACATAGAGGC-1,37,5884,370,2264
AGATCCACATTGCTTT-1,10,4747,271,1798
AGATCCAGTAGGTACG-1,47,15414,1053,3852
AGATCCAGTGCCCAGT-1,44,14217,826,3789
AGATCCAGTGGTTTAC-1,33,10216,396,3068
AGATCCATCAGTGATC-1,20,5345,394,1872
AGATCCATCCGTATGA-1,21,8309,348,2562
AGATCCATCCGTGGCA-1,2189,6,0,960
AGATCCATCGCATAGT-1,18,6465,314,2239
AGATCGTCACAAGTTC-1,648,9,2,420
AGATCGTGTGATGAAT-1,22,6111,558,2022
AGATCGTGTGATGTAA-1,39,7431,340,2481
AGATCGTTCCATCAGA-1,42,11683,741,3291
AGATGAAAGAAGAACG-1,40,7195,526,2450
AGATGAAAGTATTAGG-1,5195,17,6,1782
AGATGAACAACTGCCG-1,43,8198,588,2584
AGATGAACAACTGTGT-1,24,7288,573,2287
AGATGAACAAGCAGGT-1,3898,17,379,1067
AGATGAACAATTGCCA-1,39,7614,436,2647
AGATGAAGTATCGCAT-1,64,22534,1856,3904
AGATGAAGTTCTCAGA-1,13,5320,338,1994
AGATGAATCACAATGC-1,25,7159,612,2230
AGATGCTAGCACCAGA-1,7570,48,131,2989
AGATGCTAGCCAGTAG-1,33,12295,480,3593
AGATGCTAGCTAAATG-1,34,6301,382,2507
AGATGCTCAGCAAGAC-1,61,12541,659,3610
AGATGCTCATCATTTC-1,31,6232,272,2167
AGATGCTGTATGAGCG-1,14,3894,274,1593
AGCATCAAGATTCGAA-1,10868,82,890,3727
AGCATCACAAATCCCA-1,33,8508,420,2601
AGCATCACAGATACTC-1,7987,107,498,3385
AGCATCACAGCGTGAA-1,12264,79,664,3864
AGCATCACATACGCAT-1,63,13327,722,3892
AGCATCAGTAACAGTA-1,21,10357,506,3060
AGCATCAGTAGACACG-1,14,5448,410,1886
AGCATCATCAGACCCG-1,35,6569,402,2154
AGCATCATCCGATGCG-1,9116,78,502,3274
AGCATCATCGTGGGTC-1,31,9585,602,2861
AGCATCATCTGTAAGC-1,15,4092,280,1668
AGCCAATAGACAGTCG-1,6835,75,513,3023
AGCCAATAGACTAGAT-1,66,10659,532,3290
AGCCAATAGTTCATCG-1,15,4527,282,1844
AGCCAATCAGCGTATT-1,52,12099,811,3563
AGCCAATCATCATTTC-1,21,8073,275,2443
AGCCAATCATTAGGCT-1,13342,101,1152,4051
AGCCAATGTCCACACG-1,20,5251,477,2027
AGCCAATGTTATGTCG-1,4577,49,23,1915
AGCCAATGTTCTAAGC-1,34,8396,424,2654
AGCCAATTCGGTGCAC-1,26,8542,465,3030
AGCCACGAGAGATTCA-1,33,12558,644,3271
AGCCACGAGCAATAGT-1,46,9325,732,3037
AGCCACGAGCCTTCTC-1,36044,266,2012,7041
AGCCACGCAACGTATC-1,37,8973,620,2782
AGCCACGCATCGAAGG-1,11,4946,243,1845
AGCCACGCATGCCGGT-1,27617,166,1949,6356
AGCCACGGTCACTCAA-1,47,12932,1055,3752
AGCCACGGTCGAAGCA-1,5175,46,399,2112
AGCCACGTCCACGTAA-1,8022,41,460,3208
AGCCACGTCCGTTGGG-1,26,8571,396,2783
AGCCACGTCGGCATAT-1,33,7347,575,2099
AGCCACGTCTCTTGCG-1,11170,58,588,3638
AGCCAGCAGATGGTCG-1,20196,121,1777,5212
AGCCAGCAGCAAATCA-1,14066,65,758,3992
AGCCAGCAGGCACGAT-1,23,10631,531,2889
AGCCAGCCAAAGGGTC-1,19,7175,437,2330
AGCCAGCCAAATGGAT-1,36,8686,637,2636
AGCCAGCCAATCTGCA-1,31,7776,776,3027
AGCCAGCCAGACCATT-1,26,12230,594,3664
AGCCAGCCATGAATCC-1,32,8334,735,2484
AGCCAGCGTAACGTTC-1,20,6948,657,1826
AGCCAGCGTCGGTGTC-1,18,4768,319,1710
AGCCAGCGTGGTCAAG-1,17824,105,1243,5015
AGCCAGCGTGTTCGAT-1,8702,557,471,3517
AGCCAGCTCAACTCTT-1,41,12686,535,3793
AGCCAGCTCCAATGCA-1,21,7913,321,2523
AGCCAGCTCCGCTAGG-1,19,5849,576,2007
AGCCAGCTCCGTGGCA-1,19,8591,440,2659
AGCCAGCTCGGCTTGG-1,501,11,2,355
AGCGATTCAACCGCCA-1,25,9357,602,2969
AGCGATTCACCATAAC-1,842,18,0,571
AGCGATTCATGGATCT-1,11205,89,827,3658
AGCGATTGTACTCCCT-1,35,18031,861,3642
AGCGATTGTAGTCCTA-1,20,7261,403,2257
AGCGATTGTGATGAAT-1,33,6717,474,2146
AGCGATTTCTCGGTAA-1,9992,107,756,3845
AGCGCCACACAGCGCT-1,13354,74,457,4203
AGCGCCACAGGCGATA-1,43,15110,1139,3700
AGCGCCACATGTGGCC-1,16938,119,1362,4904
AGCGCCAGTACGGTTT-1,12,3722,254,1418
AGCGCCAGTCGCAGTC-1,10150,61,975,3286
AGCGCCAGTCGCGTCA-1,8266,118,463,3338
AGCGCCAGTGCTCGTG-1,23,9353,527,2646
AGCGCCATCCTCGCAT-1,20,2446,381,1094
AGCGCTGCAAATACGA-1,11282,71,752,3537
AGCGCTGCACGTACTA-1,14724,86,796,4263
AGCGCTGGTCTGATAC-1,13,7443,539,2409
AGCGCTGGTCTGTCAA-1,13,7801,232,2464
AGCGCTGGTGTCTAAC-1,25,11578,529,3022
AGCGCTGGTGTTTCTT-1,23,8389,500,2730
AGCGCTGTCCCTTTGG-1,9447,50,680,3167
AGCGCTGTCGATACGT-1,25,8009,526,2571
AGCGCTGTCTGGCCAG-1,39,10167,797,3146
AGCGTATAGGGCTGAT-1,12555,87,747,4164
AGCGTATCACATCCCT-1,17,8475,320,2549
AGCGTATCACTATGTG-1,8806,78,613,3354
AGCGTATGTACCCGCA-1,27,5638,357,1958
AGCGTATGTGAATTAG-1,45,9028,884,2662
AGCGTATGTTAGGCTT-1,30,7828,161,2475
AGCGTATGTTCCTTGC-1,30,8183,424,2340
AGCGTCGGTCGTGGTC-1,1714,6,122,929
AGCGTCGGTGTCGATT-1,2385,6,153,1244
AGCTACAAGAGGCGTT-1,12,3529,307,1302
AGCTACAAGATTAGTG-1,75,15988,1163,4036
AGCTACAAGGAACTCG-1,31,8966,668,3047
AGCTACACAGAGGCTA-1,54,13409,1011,3661
AGCTACAGTAGTGTGG-1,35,13228,686,3557
AGCTACAGTGAGCAGT-1,30,7422,624,2179
AGCTACAGTGCGAACA-1,1661,9,0,773
AGCTACAGTGGTTTGT-1,22,9419,734,2861
AGCTACAGTTCGTAAC-1,41,9370,624,3028
AGCTACATCCCTAGGG-1,34,9006,517,2952
AGCTCAAAGCGCATCC-1,24,7396,486,2593
AGCTCAACAACCGACC-1,68,9875,490,3053
AGCTCAACAAGCAGGT-1,20,6888,673,2312
AGCTCAACATTCCTCG-1,25,9187,278,2909
AGCTCAAGTGCAACGA-1,31,12730,925,3277
AGCTCAAGTTCCCACT-1,9565,44,542,3288
AGCTCAAGTTCTCGCT-1,42,10174,689,3479
AGCTCAATCCTAAGTG-1,16347,86,1017,4537
AGCTCAATCTTGAACG-1,17,6018,269,2209
AGCTTCCAGCGTCAGA-1,27,5203,347,1925
AGCTTCCCACCCTGTT-1,31,8535,425,2810
AGCTTCCCAGTCACGC-1,20,9085,457,2999
AGCTTCCCATAGATCC-1,11320,80,806,3715
AGCTTCCGTACGTGAG-1,18931,109,1156,5278
AGCTTCCGTTAAAGTG-1,22,5248,380,1883
AGCTTCCTCATTCCTA-1,19,7403,379,2440
AGGAAATAGAGGCGGA-1,8791,49,612,3281
AGGAAATAGCTGACTT-1,3652,27,433,1658
AGGAAATAGTGTAGTA-1,27,10342,436,2763
AGGAAATCAATAGTCC-1,16,7152,388,2245
AGGAAATCACCACATA-1,31,9775,490,2942
AGGAAATCAGTCACGC-1,13,5522,319,1698
AGGAAATGTACCATAC-1,15947,110,887,4471
AGGAAATGTACCGTGC-1,11,6398,269,2162
AGGAAATGTGGACCTC-1,21,8599,468,2704
AGGAAATGTTACACTG-1,14,5909,365,1948
AGGAAATGTTATGTGC-1,16367,117,835,4468
AGGAAATGTTGGGAAC-1,25,7689,323,2592
AGGAAATTCCCATTTA-1,20,5993,512,1862
AGGAAATTCGGACTGC-1,12214,89,898,3884
AGGAATAAGAGGTCGT-1,22,5478,452,1922
AGGAATAAGGCATCAG-1,10067,65,715,3167
AGGAATACACCAGCTG-1,26,5603,514,1979
AGGAATACACTTCAGA-1,22,7463,313,2659
AGGAATACAGTCGAGA-1,2791,31,668,1536
AGGAATAGTCACATTG-1,22,3846,237,1508
AGGAATAGTGACGCCT-1,15,6643,358,2012
AGGAATAGTGCCCTTT-1,74,7077,320,2583
AGGAATAGTGTTCATG-1,11,4671,400,1736
AGGAATATCAAGAATG-1,15,7380,312,2477
AGGAATATCAGCTGAT-1,10644,238,532,3805
AGGACGAAGATAGCAT-1,48,8900,492,3029
AGGACGAAGGCAGGTT-1,28,6808,515,2164
AGGACGACATGCACTA-1,24,7704,389,2306
AGGACGATCCACGTCT-1,19059,119,1345,5241
AGGACGATCTACGCAA-1,9010,55,700,3146
AGGACGATCTATACGG-1,19,6897,446,2259
AGGACTTAGCACGTCC-1,29,8856,443,2745
AGGACTTAGCTCCGAC-1,11,6663,556,2201
AGGACTTCACACTTAG-1,43,11346,657,3271
AGGACTTCACCAGCCA-1,8861,55,495,3392
AGGACTTCAGGATCTT-1,56,16481,873,4185
AGGACTTCATAACAGA-1,29,6957,342,2035
AGGACTTGTCAAGCCC-1,14,6286,370,2078
AGGACTTGTGCCAAGA-1,7,2464,171,520
AGGACTTGTTGCATTG-1,12,4809,317,1905
AGGACTTGTTTCGATG-1,41,9274,685,2901
AGGACTTTCTCCGCAT-1,17,7040,312,2126
AGGACTTTCTGGGCCA-1,30,6902,449,2205
AGGAGGTAGAGCATTA-1,13,5750,352,1934
AGGAGGTAGCAAATGT-1,39,8028,545,2523
AGGAGGTAGGCCTAGA-1,18,4337,410,1570
AGGAGGTAGGCGCTCT-1,2474,24,451,1402
AGGAGGTAGTCGAAGC-1,23,5408,576,2129
AGGAGGTAGTTTCAGC-1,19924,127,964,5007
AGGAGGTCAATGAGCG-1,36896,138,2637,6369
AGGAGGTCACTGTGAT-1,38,8697,347,2584
AGGAGGTGTATGGAGC-1,24,6917,565,2114
AGGAGGTGTATTCTCT-1,19,5086,300,1835
AGGAGGTGTCGCACAC-1,6,5088,367,1893
AGGAGGTTCAGACCCG-1,30,6877,424,2447
AGGAGGTTCCTAGAGT-1,5,2125,121,479
AGGAGGTTCGTAGGGA-1,26,5704,325,2177
AGGAGGTTCGTTCTGC-1,25,4900,555,1777
AGGAGGTTCTTCGACC-1,18350,141,1408,5020
AGGATAAAGTGAATAC-1,28,4197,303,1573
AGGATAACAAATTGCC-1,29,10628,564,3136
AGGATAACAGCGACAA-1,1615,14,0,751
AGGATAAGTAGGAGGG-1,22,4619,352,1558
AGGATAAGTCTTTATC-1,5713,39,385,2279
AGGATAATCCCATGGG-1,30,7616,539,2357
AGGATAATCGGCATAT-1,22,8237,367,2459
AGGATAATCTCATTGT-1,7838,69,424,3079
AGGATCTAGACAAGCC-1,18,6511,427,2154
AGGATCTAGACTGTTC-1,46,13370,567,3663
AGGATCTAGATGTAGT-1,21154,101,1789,4806
AGGATCTAGGAGAGTA-1,7814,53,556,2879
AGGATCTCAGAAACCG-1,17,6684,256,2411
AGGATCTCATGATAGA-1,32,6632,644,2264
AGGATCTGTAGGCTGA-1,25,7600,660,2478
AGGATCTGTTCGGCTG-1,7629,52,333,3003
AGGATCTTCAGCCTTC-1,13,4852,336,1820
AGGATCTTCGAGTACT-1,34,8006,696,2523
AGGCATTAGCACACCC-1,28,9750,639,2951
AGGCATTAGTACCATC-1,57,16767,1208,4140
AGGCATTAGTCACTAC-1,28,10587,422,3241
AGGCATTAGTCTTCCC-1,23,7018,440,2376
AGGCATTCACACACGC-1,19,6241,322,2060
AGGCATTCACAGCGCT-1,44,14364,746,3684
AGGCATTCAGTATTCG-1,13622,91,256,4693
AGGCATTGTATGCTTG-1,8086,54,664,3103
AGGCATTGTCTTCCGT-1,41,8562,568,2915
AGGCATTTCCTGGGTG-1,22,7552,331,2381
AGGCATTTCCTGTAAG-1,28,6186,405,1988
AGGCCACAGCGTTCCG-1,11,8002,502,2511
AGGCCACAGCTCAGAG-1,40,11226,1048,3347
AGGCCACAGCTTCTAG-1,14,6440,388,1852
AGGCCACAGGGCCTCT-1,2754,51,585,1502
AGGCCACAGGTCGACA-1,19,7912,535,2297
AGGCCACCACTCCGAG-1,35,13620,542,3758
AGGCCACGTCCAGCCA-1,42,10734,542,3282
AGGCCACGTGTACGCC-1,7560,84,648,2984
AGGCTGCAGCAATTCC-1,18060,129,1131,4788
AGGCTGCAGCACTCAT-1,21,6620,497,2119
AGGCTGCAGCAGGCAT-1,29,7666,657,2446
AGGCTGCAGGGTAGCT-1,10345,48,733,3597
AGGCTGCGTGGTGATG-1,10,4283,341,1707
AGGCTGCGTTCCAAAC-1,5,4080,221,763
AGGCTGCGTTGGGACA-1,15,1664,40,611
AGGCTGCTCTACACAG-1,26,7893,433,2398
AGGCTGCTCTCCAAGA-1,23,5373,286,1983
AGGCTGCTCTGACCCT-1,33,7583,432,2649
AGGGAGTAGGATCATA-1,21,5992,312,1929
AGGGAGTAGGGCTTCC-1,26,6751,399,2312
AGGGAGTCATGACTCA-1,33,5958,547,2068
AGGGAGTGTACCCGCA-1,19485,142,1544,5141
AGGGAGTGTATACCCA-1,6757,41,615,2631
AGGGCCTAGTTTCAGC-1,8,4130,271,1684
AGGGCCTGTAGATTAG-1,39,7670,638,2529
AGGGCCTGTATAATGG-1,10189,88,738,3450
AGGGCCTGTATGAGCG-1,27,7030,608,2667
AGGGCCTGTCTGTCCT-1,30,9981,592,2829
AGGGCCTGTGTAGGAC-1,33,11092,548,3173
AGGGCCTGTTCTGAGT-1,24,6431,461,2496
AGGGCCTTCCACCTGT-1,37,11849,652,3397
AGGGCTCAGTCTAGAA-1,21,7526,486,2644
AGGGCTCCAAAGCGTG-1,15,6380,619,2324
AGGGCTCGTGAGACGT-1,26,5816,441,1840
AGGGCTCGTGAGTAAT-1,48,10438,845,3040
AGGGCTCTCGCGTTTC-1,5624,31,474,2312
AGGGCTCTCTGCCTGT-1,19,5813,378,2043
AGGGTCCAGACTTGTC-1,32,8067,615,2769
AGGGTCCAGCATCCCG-1,23,8991,412,2594
AGGGTCCAGGTCTTTG-1,9103,74,696,3333
AGGGTCCCACGCTATA-1,47,14035,828,3535
AGGGTCCCAGATCATC-1,28,7218,531,2359
AGGGTCCCAGCATGCC-1,8,2686,305,690
AGGGTCCCATCCGCGA-1,27,8863,805,2635
AGGGTCCGTCGATTCA-1,21,5852,424,2103
AGGGTCCGTCGCGGTT-1,14000,77,881,3958
AGGGTCCGTGGCCACT-1,35,7555,694,2289
AGGGTCCGTTCTTGTT-1,11,5629,483,1811
AGGGTCCTCGAACCTA-1,2042,35,565,1219
AGGGTCCTCGACTCCT-1,12,5256,459,1903
AGGGTCCTCTGTACAG-1,22,7724,629,2341
AGGGTGAAGGCCACTC-1,15,5547,411,2031
AGGGTGAAGGTAGACC-1,25,8948,708,2735
AGGGTGAAGTACCATC-1,35,10145,756,2803
AGGGTGAAGTTTGGCT-1,34,11507,516,3354
AGGGTGACAGCTGTGC-1,13050,55,500,3958
AGGGTGAGTTGCCGAC-1,34,10599,549,2620
AGGGTGAGTTTCCATT-1,32,7702,455,2489
AGGGTTTAGATTCGCT-1,25,6110,517,1917
AGGGTTTCAGCGTACC-1,12804,76,714,3739
AGGGTTTGTCACGCTG-1,16,6761,473,1993
AGGGTTTGTCGAACAG-1,8172,6817,1230,5508
AGGGTTTTCCGAACGC-1,10,6406,287,2026
AGGGTTTTCTTGAGCA-1,31,6366,495,2035
AGGGTTTTCTTGGTCC-1,39,9446,668,2934
AGGTAGGAGACCGCCT-1,59,12501,661,3280
AGGTAGGGTCAGATTC-1,29,9143,466,2540
AGGTAGGGTCGTCATA-1,8,3852,301,1369
AGGTAGGTCCATATGG-1,61,12284,986,3824
AGGTAGGTCGAAATCC-1,18,8132,374,2726
AGGTAGGTCGCGGACT-1,8,4743,308,1739
AGGTAGGTCTACCCAC-1,15,6153,295,2121
AGGTCATAGGGATCGT-1,14,4346,320,1552
AGGTCATAGGTCGTGA-1,13,6795,497,2130
AGGTCATAGTCTTGGT-1,2039,24,615,1122
AGGTCATCACCCTGAG-1,8627,69,385,3360
AGGTCATCACGATAGG-1,11,5728,481,1802
AGGTCATCACTAGAGG-1,27,11071,796,3269
AGGTCATCAGCTTCGG-1,15,5367,221,1922
AGGTCATGTATTCCGA-1,10,4878,403,1553
AGGTCATGTCTTACAG-1,8457,53,565,3059
AGGTCATTCATAGACC-1,12,5507,417,1816
AGGTCATTCCACGTCT-1,22,6132,366,2102
AGGTCATTCGAAACAA-1,23,8011,379,2569
AGGTCATTCTTAGCTT-1,13,4349,274,1667
AGGTCTAAGGGTAATT-1,28,6071,604,2056
AGGTCTACAACATACC-1,45,8759,529,2844
AGGTCTACAAGGCGTA-1,18,5546,320,1940
AGGTCTACAATGAGCG-1,12,5634,256,2003
AGGTCTAGTGACACAG-1,23,7197,403,2162
AGGTCTATCAAGTCGT-1,10848,71,963,3552
AGGTCTATCACCCTCA-1,9394,52,393,3299
AGGTCTATCATTGCTT-1,35,8454,478,2865
AGGTGTTAGAGCATCG-1,24,9192,571,2720
AGGTGTTAGCGAAACC-1,6138,21094,1507,6305
AGGTGTTAGGGCATGT-1,16,5255,526,1740
AGGTGTTTCGGAATGG-1,17,6809,435,2146
AGGTTACAGCGCCTTG-1,19,6964,388,2374
AGGTTACAGTGTCATC-1,697,14,0,482
AGGTTACAGTTGGAGC-1,28,6671,378,2016
AGGTTACCAACACAAA-1,17,6387,353,2297
AGGTTACCAAGATGTA-1,22,6824,388,2196
AGGTTACCAGAACGCA-1,23,7603,451,2490
AGGTTACCAGTAGTTC-1,36,6763,446,2529
AGGTTACCATAAGCAA-1,15,5991,296,2255
AGGTTACGTCCATACA-1,13,3504,366,1177
AGGTTACGTGAATGTA-1,28,7322,410,2471
AGGTTACGTGGATGAC-1,39,9158,731,2761
AGGTTACGTTCTAAGC-1,11,5521,478,1844
AGGTTACTCAGCTTCC-1,44,9178,669,3170
AGGTTGTAGATGAATC-1,18,9372,533,2849
AGGTTGTCAATAGAGT-1,13,5979,310,1974
AGGTTGTCATCGGCCA-1,30,6959,417,2395
AGGTTGTGTAGACAGC-1,16546,79,851,4413
AGGTTGTGTTGTAAAG-1,29,6944,403,2491
AGGTTGTTCTTAGCTT-1,24,4605,297,1857
AGTAACCAGGGCTAAC-1,15,10038,775,2934
AGTAACCCACGTAGTT-1,26,9075,523,2711
AGTAACCCACTCCGAG-1,25,10440,590,3248
AGTAACCCATATAGCC-1,16391,97,778,4731
AGTAACCCATGCAGGA-1,16,5982,390,1959
AGTAACCGTACGTACT-1,13370,110,635,4306
AGTAACCGTCTGTGCG-1,43,11879,692,3200
AGTAACCGTTAGGGAC-1,15193,4778,1717,6128
AGTAACCGTTGGAGAC-1,16,7405,423,2353
AGTAACCTCTATTTCG-1,5366,43,275,2411
AGTACCAAGTGCCAGA-1,13853,99,1044,4410
AGTACCACAGCCCACA-1,17716,160,1005,5219
AGTACCAGTGAGAGGG-1,5889,41,491,2100
AGTACCATCACTGCTC-1,21,8354,361,2677
AGTACCATCATATGGC-1,24,9359,496,2734
AGTACCATCGAACCTA-1,34,8540,499,2972
AGTACCATCTGTGCTC-1,29,7264,348,2492
AGTACTGCAACGTATC-1,32,7404,506,2550
AGTACTGCAGCGTTTA-1,8290,48,540,2909
AGTACTGCATGAGTAA-1,48,20953,480,4004
AGTACTGTCATTCGTT-1,1384,11,3,709
AGTACTGTCCCGTTCA-1,17,5881,385,1883
AGTACTGTCCGATCGG-1,13591,104,885,4328
AGTACTGTCTGCGGGT-1,6805,38,370,2689
AGTAGCTAGCTAAACA-1,1882,12,158,780
AGTAGCTAGGTGCATG-1,31,7007,479,2351
AGTAGCTAGTGTTCAC-1,17,8961,400,2474
AGTAGCTCAATAACGA-1,26,6172,331,2033
AGTAGCTCAATCTGCA-1,16,5610,391,1792
AGTAGCTCAGATCACT-1,9421,56,498,3572
AGTAGCTGTCAGGCAA-1,11244,95,843,3675
AGTAGCTGTGTAGCAG-1,16,9346,633,2862
AGTAGCTTCCGCAACG-1,38,11789,895,3260
AGTAGCTTCGCTTAAG-1,10888,54,503,3554
AGTAGCTTCTAGAGCT-1,25,8219,455,2702
AGTAGTCAGCTTGTTG-1,25,6279,396,2178
AGTAGTCGTACGGATG-1,45,15335,918,4044
AGTAGTCGTGAGACCA-1,35,8873,638,2812
AGTCAACCATCCCACT-1,10906,69,470,3752
AGTCAACGTACTCCGG-1,36,11119,607,3623
AGTCAACGTATGTCTG-1,26,5810,394,2124
AGTCAACGTTCCGGTG-1,46,13499,991,3619
AGTCAACTCACGATCA-1,28,6824,422,2352
AGTCAACTCCGACATA-1,27929,230,1242,6744
AGTCAACTCGTAGCTA-1,19,4286,283,1670
AGTCACAAGAACAGGA-1,27,9002,410,2683
AGTCACAAGGTGCCAA-1,28,6807,510,2357
AGTCACAAGTTACTCG-1,37,8824,679,2952
AGTCACACAGTATTCG-1,30,7789,385,2579
AGTCACAGTAGACGGT-1,35,10294,463,3020
AGTCACAGTTGTCCCT-1,13,4147,250,1586
AGTCACATCATCGCTC-1,14,5087,333,1692
AGTCACATCTTCGTAT-1,10596,90,497,3550
AGTCATGAGACACACG-1,32,7659,763,2598
AGTCATGAGCCTCACG-1,11953,91,672,4083
AGTCATGCATCACAGT-1,11950,139,757,3866
AGTCATGCATTGCCGG-1,23,6192,524,2051
AGTCATGGTACAAACA-1,3459,22,700,1677
AGTCATGGTACCGCGT-1,18,6598,424,2189
AGTCATGGTCGAATTC-1,14074,61,847,4081
AGTCATGGTCTACATG-1,2809,42,522,1426
AGTCATGTCCGCATAA-1,25,6427,522,2194
AGTCATGTCCTAAACG-1,22,5929,435,1870
AGTCATGTCGCAATGT-1,49,9014,565,3060
AGTCATGTCTGCGGCA-1,19,6304,440,2255
AGTCTCCAGAGTAACT-1,7,1925,222,433
AGTCTCCCACAAGCCC-1,11900,84,540,3906
AGTCTCCGTCCTGGGT-1,36,9640,630,3149
AGTCTCCGTGGTTCTA-1,9840,40,589,3208
AGTCTCCGTTGTAGCT-1,50,13159,733,3487
AGTCTCCTCATTCGGA-1,109,4539,251,1592
AGTCTCCTCCATCCGT-1,18,8401,471,2882
AGTCTCCTCCCTCATG-1,32,9764,639,3047
AGTCTCCTCGATACTG-1,10920,71,683,3646
AGTCTCCTCGCATAGT-1,8405,66,530,3434
AGTCTCCTCGTCAACA-1,27,8542,572,2685
AGTGACTAGTTACGTC-1,37,11397,627,3209
AGTGACTCACCGCTAG-1,25,6371,518,2112
AGTGACTCATGTGCCG-1,9811,58,424,3470
AGTGACTGTACAGTAA-1,27,5489,382,1947
AGTGACTGTCCACACG-1,10231,79,698,3750
AGTGACTTCAATCCAG-1,516,11,3,376
AGTGATCAGGAGGTTC-1,9660,83,992,3154
AGTGATCAGGTAGATT-1,23,6657,486,2305
AGTGATCGTCGTACTA-1,6978,54,412,2729
AGTGATCGTGGACCTC-1,20,5075,298,1754
AGTGATCTCCGTTGAA-1,35,7608,570,1965
AGTGATCTCGAAGCCC-1,32,9968,452,3075
AGTGCCGAGTATTAGG-1,8601,71,513,3184
AGTGCCGCACGTTCGG-1,9314,63,608,3581
AGTGCCGCAGGCTTGC-1,13867,56,580,3987
AGTGCCGCATCTGCGG-1,39,7639,603,2608
AGTGCCGCATTGCCTC-1,46,21531,916,4495
AGTGCCGGTCAATCTG-1,682,6,1,341
AGTGCCGGTCCATAGT-1,31,13571,473,3528
AGTGCCGGTGACATCT-1,23,5715,358,2151
AGTGCCGGTGTAACGG-1,27,8874,511,2608
AGTGCCGTCCTCACGT-1,32,11796,610,3309
AGTGCCGTCGCGTGAC-1,13,5834,318,2148
AGTGCCGTCTCCTACG-1,39,8878,840,2727
AGTGTTGCACGCCAGT-1,30,11613,875,3309
AGTGTTGTCGGTGCAC-1,23,13688,825,3526
AGTGTTGTCTGAGATC-1,20,7667,417,2381
AGTTAGCCAAGTATCC-1,36,8578,602,2905
AGTTAGCCAATGTGGG-1,33,9957,795,2871
AGTTAGCCACAGCGCT-1,35,11838,490,3507
AGTTAGCGTCACCCTT-1,19,7780,330,2385
AGTTAGCGTGGATCAG-1,2390,16,2,1005
AGTTAGCTCACATACG-1,58,14655,947,3971
AGTTAGCTCGGCCCAA-1,22,8385,387,2647
AGTTAGCTCTAGTCAG-1,22,8277,494,2749
AGTTCCCAGCAGGCTA-1,5023,26,321,2224
AGTTCCCCAAATGCTC-1,15,8723,549,2611
AGTTCCCCATTATGCG-1,32,7797,533,2406
AGTTCCCGTTCGGTAT-1,17,7900,524,2446
AGTTCCCGTTTCCCAC-1,23,7926,439,2478
AGTTCCCTCATGACAC-1,25,6370,332,2156
AGTTCGAAGAGTAACT-1,23,10095,415,2930
AGTTCGAAGCGATCGA-1,18,5322,447,1844
AGTTCGAAGGCGTTAG-1,32,9294,766,2668
AGTTCGACAACGAGGT-1,17,6124,513,2082
AGTTCGACACAACATC-1,25,9819,461,2953
AGTTCGACACGCCACA-1,20465,122,1161,5510
AGTTCGAGTTATTCTC-1,28,6233,361,2327
AGTTCGATCAACACGT-1,30,7436,395,2348
AGTTCGATCCGTGCGA-1,10,3724,400,1302
ATACCGAAGAGAGCAA-1,29,5518,436,1902
ATACCGACATGGCTAT-1,30,11139,588,3100
ATACCGACATTATGCG-1,15757,108,988,4757
ATACCGAGTATGACAA-1,5390,50,243,2409
ATACCGATCCTGCTAC-1,26,6825,453,2340
ATACCGATCTGAACGT-1,21,5575,324,1864
ATACCTTGTAACAAGT-1,37,5104,398,2091
ATACCTTGTACATTGC-1,17,5951,197,2154
ATACCTTGTCTGTGTA-1,36,7752,485,2660
ATACCTTGTTTGCCGG-1,15289,82,1098,4699
ATACCTTTCGATTGAC-1,36,7415,495,2632
ATACCTTTCGTAACTG-1,14,4680,313,1755
ATACTTCAGCTAAACA-1,36,8119,551,2542
ATACTTCCACGTAGTT-1,38,8903,437,3005
ATACTTCCAGTCGCAC-1,1869,20,1,1100
ATACTTCGTCGCATTA-1,35,10009,947,2975
ATACTTCGTGACAACG-1,18,4295,231,1605
ATACTTCGTGACATCT-1,24,6515,430,2294
ATACTTCTCGAATCCA-1,26,6009,497,1896
ATAGACCAGCCATATC-1,79,11378,697,3609
ATAGACCCAAGACGAC-1,33,6641,392,2453
ATAGACCCAGCATCTA-1,61,12648,807,3951
ATAGACCCAGGATGAC-1,19440,141,1367,5418
ATAGACCCATCTATCT-1,4909,33,277,2403
ATAGACCGTAACGTTC-1,7163,73,386,3254
ATAGACCTCACCTACC-1,25,6290,335,2525
ATAGACCTCATTCGGA-1,31,8059,680,2585
ATAGAGAAGAGTTGTA-1,7534,79,464,2937
ATAGAGAAGGTGGTTG-1,13,4084,297,1481
ATAGAGACAATCAAGA-1,10368,71,662,3652
ATAGAGACACCCTGTT-1,27,8786,449,2772
ATAGAGAGTGCTCCGA-1,11242,79,889,3654
ATAGAGAGTGTAAACA-1,7881,39,361,2872
ATAGAGAGTTTCCATT-1,17,3175,476,1458
ATAGAGATCACTACTT-1,2723,8068,327,3792
ATAGAGATCCCGTGAG-1,14,4603,373,1501
ATAGAGATCGTTTACT-1,8,4053,276,1560
ATAGAGATCTTTGATC-1,19,4777,321,1758
ATAGGCTCAATAAGGT-1,23,6295,364,2189
ATAGGCTCATGGGCAA-1,15605,103,893,4663
ATAGGCTGTACTAACC-1,4354,27,239,1974
ATAGGCTGTCGAACGA-1,15517,102,1123,4292
ATAGGCTGTGGCCCAT-1,15,3325,146,686
ATAGGCTGTGTCATGT-1,11125,75,783,3741
ATAGGCTTCCGCAACG-1,20,7808,432,2553
ATATCCTAGGTCCCGT-1,20,6807,374,2328
ATATCCTAGGTTACAA-1,26,6516,434,2313
ATATCCTCACAGTGAG-1,16,5693,389,2142
ATATCCTCACTGTCGG-1,26,9724,503,2868
ATATCCTCAGCTTTCC-1,35,8435,297,2778
ATATCCTGTCGACTGC-1,38,6539,476,2317
ATATCCTGTCGATGCC-1,32,7148,449,2354
ATATCCTGTTGCGGCT-1,22,9137,638,2681
ATATCCTTCATTTGCT-1,9680,72,401,3564
ATATCCTTCTGGGCGT-1,13,5886,253,1943
ATCACAGAGTTAGTGA-1,34,7628,682,2410
ATCACAGCAACTAGAA-1,11171,93,871,3768
ATCACAGCATACCATG-1,14,7078,372,2376
ATCACAGGTACCGCGT-1,8434,67,463,3444
ATCACAGGTACGTTCA-1,17,5220,358,1846
ATCACAGGTCAACCAT-1,8895,51,450,3215
ATCACAGGTGACTAAA-1,13,7543,90,2309
ATCACAGTCCCAAGCG-1,29,9859,738,2882
ATCACAGTCGGACAAG-1,48,10968,675,3326
ATCACAGTCGTTACCC-1,17,5088,220,1915
ATCACAGTCTGAGATC-1,9793,394,503,3488
ATCACGAAGACTGGGT-1,18,5275,381,2019
ATCACGAAGCAAATGT-1,34,13979,919,3540
ATCACGAAGTATTGCC-1,18,7336,537,2392
ATCACGAAGTTCCATG-1,7,1663,235,954
ATCACGACACTCCTGT-1,23,6615,464,2369
ATCACGACACTGCTTC-1,48,17917,668,3966
ATCACGACATAGGCGA-1,30,7583,490,2376
ATCACGACATCGAGCC-1,10645,62,818,3276
ATCACGAGTAAGAACT-1,16,6150,310,1843
ATCACGATCAGATGCT-1,24,6447,405,2197
ATCACGATCCAAAGGG-1,867,14,5,516
ATCACGATCCCTTGTG-1,8568,53,528,3020
ATCACGATCCGCACGA-1,13961,1779,874,4305
ATCACTTCAACCAATC-1,51,11166,721,3359
ATCACTTCAACTTGGT-1,9221,66,627,3502
ATCACTTCACCCAACG-1,6981,34,454,2806
ATCACTTCAGTGTATC-1,8723,71,633,3156
ATCACTTGTAGCTGCC-1,12,4377,251,1934
ATCACTTTCGCATGAT-1,13505,5767,1416,6355
ATCAGGTAGCGCCATC-1,571,10,0,432
ATCAGGTAGCTGAGCA-1,11412,78,765,3750
ATCAGGTAGGGTCTTT-1,19,4534,325,1686
ATCAGGTCAACCACGC-1,33,19781,770,4422
ATCAGGTCAAGGTCTT-1,31,10206,718,3034
ATCAGGTCAGTAACGG-1,12,3341,237,1270
ATCAGGTGTAAGATCA-1,24,8238,459,2690
ATCAGGTGTCGTCAGC-1,23,7132,421,2201
ATCAGGTGTGGAAGTC-1,24,5596,484,1868
ATCAGGTGTGTGACCC-1,56,13788,1039,3453
ATCAGGTGTGTGTCCG-1,13,3895,293,1503
ATCAGGTTCTCTGCCA-1,851,6,2,554
ATCATTCAGAAGCCTG-1,30,9655,505,2837
ATCATTCAGCGATTCT-1,37,7603,540,2711
ATCATTCAGGGTGAGG-1,20,3770,337,1468
ATCATTCCAACTGTGT-1,21,6211,378,2221
ATCATTCCAGGACTTT-1,14,4697,262,1737
ATCATTCGTTCCTAGA-1,25,5289,455,1863
ATCCACCAGACCGCCT-1,43,15341,702,4269
ATCCACCAGCAACAAT-1,57,16890,992,4422
ATCCACCCAATTGCGT-1,4512,74,10,2262
ATCCACCGTCGAACGA-1,16,7300,398,2365
ATCCACCGTGAGCTCC-1,7356,58,500,3041
ATCCACCTCGCAGATT-1,41,11947,872,3539
ATCCACCTCGCTACAA-1,30,8201,485,2680
ATCCACCTCGGACTTA-1,45,9814,700,3005
ATCCACCTCTAAACGC-1,12,8138,360,2644
ATCCACCTCTACTTCA-1,14,6566,214,2357
ATCCATTAGGAAAGAC-1,13,5849,406,1932
ATCCATTAGGTGATAT-1,40,12684,587,3676
ATCCATTAGTAATTGG-1,8823,64,463,3105
ATCCATTCAAATAAGC-1,27,8274,578,2624
ATCCATTCAGAACTAA-1,45,8679,497,2966
ATCCATTGTGAAAGTT-1,40,8694,388,2839
ATCCATTGTGAGTGAC-1,26,5282,363,1724
ATCCATTTCCCAGCGA-1,12155,8950,1108,6924
ATCCCTGAGAAACTGT-1,20,5973,523,2071
ATCCCTGAGTGGCCTC-1,11884,66,709,3867
ATCCCTGAGTTACTCG-1,767,9,3,450
ATCCCTGCAAGAGTGC-1,50,6887,599,2420
ATCCCTGGTATTCCGA-1,33,8199,344,2696
ATCCCTGGTGAATAAC-1,29,7029,406,2390
ATCCCTGGTGACTGTT-1,9364,78,675,3599
ATCCCTGGTTATTCCT-1,41,9961,651,3108
ATCCGTCAGTATTCCG-1,31,9284,434,3113
ATCCGTCAGTGTTGTC-1,26,8315,483,2703
ATCCGTCAGTTTCTTC-1,8040,46,478,3220
ATCCGTCGTTCTCTCG-1,34,8085,644,2770
ATCCTATAGAAACTCA-1,24,5700,243,2086
ATCCTATAGAGGGCGA-1,10,4125,279,1507
ATCCTATAGCCTAACT-1,40,7243,473,2219
ATCCTATAGCGCCGTT-1,34,9077,741,3003
ATCCTATAGTACTCGT-1,8171,2295,427,3940
ATCCTATGTCGCGGTT-1,24,6038,435,1819
ATCCTATGTGTCTAAC-1,7202,12881,1936,6211
ATCCTATGTTCCTAAG-1,10885,62,479,3456
ATCGATGAGGTATCTC-1,2518,57,361,1325
ATCGATGAGTGGGAAA-1,13759,163,786,4191
ATCGATGCAAATGGCG-1,15,4435,328,1773
ATCGATGCACTAACGT-1,23,8005,301,2448
ATCGATGCATAAGCAA-1,8751,101,518,3491
ATCGATGGTCCTCATC-1,29,6394,329,2251
ATCGATGGTGACTGTT-1,21,7014,421,2081
ATCGATGGTTACCTGA-1,26,6262,337,2102
ATCGATGTCCTCTAGC-1,26,6765,337,2306
ATCGCCTAGCATCGAG-1,9068,63,555,3225
ATCGCCTAGCTAAATG-1,8,3526,244,1565
ATCGCCTAGTAGTCAA-1,25,6001,400,2236
ATCGCCTAGTCGCGAA-1,25,9884,625,3117
ATCGCCTCAACTAGAA-1,25,6114,444,2084
ATCGCCTCACTGGCGT-1,31,12773,1109,3329
ATCGCCTGTCCAAATC-1,14818,98,692,4646
ATCGCCTGTCTGTTAG-1,1227,10,0,711
ATCGCCTGTTGTAGCT-1,37,8826,510,2971
ATCGGATAGGCACTAG-1,29,6533,528,2231
ATCGGATCACGAAGAC-1,21,6095,322,2042
ATCGGATCAGGTGGAT-1,10313,246,610,3449
ATCGGATGTCATCCCT-1,21,7228,408,2364
ATCGGATGTGTCTTGA-1,14230,64,932,3964
ATCGGATTCATGCGGC-1,48,8760,752,2638
ATCGGATTCCATGAGT-1,43,8295,728,2610
ATCGGATTCGATCCAA-1,40,8288,599,3033
ATCGGATTCTAAGCCA-1,11411,73,595,3889
ATCGGCGAGCCGAACA-1,28,9572,910,2724
ATCGGCGCACATAGCT-1,29,9105,352,2930
ATCGGCGCAGCGTTGC-1,9324,4972,1267,4845
ATCGGCGCATGATGCT-1,18,5732,412,1846
ATCGGCGTCACCTACC-1,12078,61,763,3680
ATCGGCGTCATTTGCT-1,28,8334,482,2678
ATCGGCGTCCGACGGT-1,20669,89,962,5033
ATCGGCGTCTGGCCGA-1,19,6359,569,2129
ATCGTAGCAAAGCGTG-1,29,5663,397,2131
ATCGTAGCAGACAAGC-1,14452,94,930,4616
ATCGTAGCAGATTTCG-1,24,7116,461,2123
ATCGTAGCAGGCGTTC-1,27,12856,689,3482
ATCGTAGCATCGGAGA-1,20,7478,417,2098
ATCGTAGCATTGCAAC-1,14113,84,68,4214
ATCGTAGGTGAATATG-1,850,9,814,55
ATCGTAGTCGATTTCT-1,29,6960,592,2363
ATCGTAGTCGCTTACC-1,29,4882,408,1632
ATCGTAGTCGGATACT-1,32,9715,305,2808
ATCGTAGTCGTCAGAT-1,11908,72,481,3884
ATCGTCCAGACATAGT-1,14,4362,205,1522
ATCGTCCAGACGTCGA-1,39,8820,703,2758
ATCGTCCAGTGATTCC-1,26,10853,588,3235
ATCGTCCCAATCCTAG-1,19842,144,893,5316
ATCGTCCGTAAGCAAT-1,44,10447,912,2817
ATCGTCCGTCAAGCCC-1,34846,230,3206,6895
ATCGTCCTCGTCCTCA-1,26,5177,289,1989
ATCGTGAAGCGGGTTA-1,15,3844,219,1676
ATCGTGAAGGGTAATT-1,4801,27,251,2117
ATCGTGAAGTGCACCC-1,21,3475,219,1336
ATCGTGACAAAGCAAT-1,5,3090,176,1127
ATCGTGACAACCCGCA-1,2649,22,105,1153
ATCGTGACACCCAATA-1,2735,20,1,1168
ATCGTGACAGGCTATT-1,50,15030,670,3727
ATCGTGAGTAGGTAGC-1,44,16262,1121,3706
ATCGTGAGTATCCCTC-1,34,11903,419,3561
ATCGTGAGTCACCGCA-1,28,10573,691,3002
ATCGTGAGTCCCTGTT-1,25,4938,278,1808
ATCGTGAGTCCTGTCT-1,8011,63,479,3074
ATCGTGAGTGTACAGG-1,46,6242,437,2087
ATCGTGATCGGCTTCT-1,12,5888,396,2004
ATCTCTAAGAAACCAT-1,8517,57,470,3164
ATCTCTAAGCAAATGT-1,27,5369,463,1975
ATCTCTAAGCTATCTG-1,26,6766,314,2528
ATCTCTAAGGCAGCTA-1,28,9433,327,2765
ATCTCTAAGTAATACG-1,27,8334,467,2702
ATCTCTAAGTACGAGC-1,14,3876,241,1792
ATCTCTACACTATCGA-1,36,8324,642,2665
ATCTCTACATGTTACG-1,41,9056,403,2878
ATCTCTAGTTTAGACC-1,8,5012,273,1688
ATCTCTATCATCTATC-1,20,5079,276,2110
ATCTCTATCGAAGTGG-1,13,5997,439,1919
ATCTTCAAGACCAACG-1,26,4820,258,1922
ATCTTCAAGATAGTCA-1,14998,215,1059,4532
ATCTTCAAGATCGGTG-1,20,5604,363,2028
ATCTTCAAGCATCTTG-1,15,5259,211,1971
ATCTTCAAGCCTCACG-1,19,9349,508,3115
ATCTTCAAGTCATGCT-1,14,5002,303,1950
ATCTTCACACTGCACG-1,33,12700,499,3534
ATCTTCACACTTGACA-1,9088,73,441,3268
ATCTTCAGTGCACAAG-1,11,4497,291,1702
ATCTTCAGTTTAGTCG-1,4946,54,342,2333
ATCTTCATCAAGTGGG-1,7642,42,400,2617
ATGAAAGAGATCCGAG-1,19,8256,449,2602
ATGAAAGAGTCCGTCG-1,21,7537,577,2520
ATGAAAGCAATACCTG-1,32,9916,651,2900
ATGAAAGCATAGTCGT-1,20,4743,271,1649
ATGAAAGTCTGGTGGC-1,13,5198,400,1779
ATGACCAAGAATCGTA-1,18,7533,457,2353
ATGACCAAGCGAGTCA-1,17,6621,423,2128
ATGACCACAGCCTTCT-1,7,2608,266,611
ATGACCAGTCAATCTG-1,37,9649,509,3068
ATGACCAGTCCTGTCT-1,45,6068,459,2246
ATGACCAGTCGGTGAA-1,28,7938,455,2733
ATGACCAGTGACTAAA-1,10972,70,678,3475
ATGACCAGTGGATTTC-1,19,6780,734,2268
ATGACCAGTGTTACTG-1,19785,131,1168,4925
ATGACCAGTTCCTAAG-1,20,4666,329,1586
ATGACCATCAAACCTG-1,21,8637,511,2738
ATGACCATCTGCTCTG-1,35,5986,384,2318
ATGAGGGCAACACAGG-1,50,12179,787,3466
ATGAGGGCACCCAATA-1,21,6757,262,2409
ATGAGGGCAGGTTACT-1,594,11,0,423
ATGAGGGCAGTTCACA-1,31,7400,546,2380
ATGAGGGCATCCTTGC-1,17,4783,263,1688
ATGAGGGGTAGCCAGA-1,17,6562,534,2319
ATGAGGGGTAGTCCTA-1,50,11326,598,3156
ATGAGGGGTATGCGTT-1,12075,67,663,3661
ATGAGGGGTTAGTCGT-1,38,9783,799,2739
ATGAGTCAGCGCCTTG-1,23,4702,382,1714
ATGAGTCAGGGCCTCT-1,16,7457,424,2304
ATGAGTCAGTACCCTA-1,61,11076,659,3406
ATGAGTCAGTGGAAAG-1,21,4978,346,1811
ATGAGTCCAATCCTAG-1,50,11466,827,3308
ATGAGTCCACCCTTGT-1,41,8706,605,2794
ATGAGTCCAGAGCGTA-1,17,4589,348,1933
ATGAGTCCAGGACTTT-1,39,11040,984,2746
ATGAGTCCATGGATCT-1,19,6912,522,2259
ATGAGTCGTCCGGTCA-1,12,7263,481,2392
ATGAGTCTCACACCCT-1,32,8253,471,2761
ATGAGTCTCCACTGGG-1,12654,78,841,3894
ATGAGTCTCCCGTTGT-1,11221,74,573,3723
ATGAGTCTCTCGTGGG-1,18,5632,275,2033
ATGAGTCTCTTGGTCC-1,22,8183,552,2735
ATGATCGAGAGGTATT-1,24,3954,269,1579
ATGATCGAGTCACGCC-1,13,7442,631,2345
ATGATCGCAACTGAAA-1,24,5850,284,2178
ATGATCGCACGCGCTA-1,23,7204,559,2230
ATGATCGCATTCTTCA-1,61,14442,852,3748
ATGATCGGTAAGATAC-1,15159,129,1438,4405
ATGATCGGTGATGTAA-1,32,7270,356,2430
ATGCATGAGACAACTA-1,35,6526,442,2367
ATGCATGAGATCGGTG-1,13,5367,379,1834
ATGCATGAGTAAATGC-1,27,8552,445,2790
ATGCATGAGTGGACGT-1,22,6726,386,2301
ATGCATGCATAATCCG-1,17,7812,541,2296
ATGCATGGTAGGATAT-1,69,16012,1264,3910
ATGCATGGTCCAAAGG-1,30,6589,626,2365
ATGCATGGTTAGAAGT-1,13,5761,435,2176
ATGCATGGTTGTAAAG-1,30,3896,236,1397
ATGCATGTCATGAGGG-1,9724,48,727,3332
ATGCATGTCCACATAG-1,7935,47,325,3107
ATGCATGTCCATGCAA-1,11501,65,589,3486
ATGCATGTCGCCGAAC-1,7,4429,338,1706
ATGCCTCAGAGGCGGA-1,29480,196,2161,6510
ATGCCTCAGCGAGTAC-1,25,7239,498,2356
ATGCCTCAGTCCCAGC-1,48,14090,656,3929
ATGCCTCCAAAGGAGA-1,9748,73,707,3215
ATGCCTCCAAGAGGCT-1,29,7889,528,2579
ATGCCTCCATACCATG-1,37,7710,560,2678
ATGCCTCGTGACAGCA-1,25,4546,337,1686
ATGCCTCGTGCCTTTC-1,19,6679,469,2226
ATGCCTCGTTGCGTAT-1,17,5658,457,2122
ATGCCTCGTTGCTTGA-1,20,6417,359,2222
ATGCCTCTCAGGACGA-1,28,9179,349,3007
ATGCCTCTCGCCGAGT-1,27,7604,509,2638
ATGCGATAGGAAGTAG-1,12,2283,138,1009
ATGCGATAGGTGCGAT-1,12,5113,496,1801
ATGCGATAGGTTCCGC-1,711,6,0,479
ATGCGATAGTCATCCA-1,612,90,15,506
ATGCGATAGTGTTCAC-1,20,4427,231,1846
ATGCGATCAACTTGGT-1,31,11233,672,3232
ATGCGATGTAGACTGG-1,55,9075,556,2850
ATGCGATGTGACTGTT-1,14538,91,817,4195
ATGCGATTCCTCTTTC-1,6500,42,380,2431
ATGGAGGAGATAGCTA-1,10,5289,416,1729
ATGGAGGAGCAGTACG-1,21,10260,610,3089
ATGGAGGAGCTCAGAG-1,2,1726,80,689
ATGGAGGAGGGAGGGT-1,29,6551,387,2310
ATGGAGGCACCAATTG-1,18758,104,1028,5045
ATGGAGGCAGCTCGGT-1,8744,44,665,3087
ATGGAGGGTAGGCAGT-1,6529,63,438,2758
ATGGAGGGTTACCGTA-1,51,5540,349,1950
ATGGAGGGTTCAGTAC-1,11112,42,609,3690
ATGGAGGTCACTTCTA-1,19,8087,420,2626
ATGGAGGTCCGAACGC-1,12,7164,477,1990
ATGGAGGTCTTCGGTC-1,25,10368,585,2890
ATGGATCAGAACCGCA-1,42,8282,465,2390
ATGGATCAGTCGAAGC-1,14,9287,458,2708
ATGGATCCAACGTAAA-1,27,8646,657,2578
ATGGATCCATCCTAAG-1,24,10595,700,3226
ATGGATCGTGCAGATG-1,14,5179,297,1805
ATGGATCGTTACTCAG-1,11,3894,387,1459
ATGGATCTCGAATCCA-1,14,2985,212,1358
ATGGATCTCGCTCATC-1,40,7991,556,2687
ATGGGAGAGATAGTGT-1,11583,61,801,3528
ATGGGAGCACCCTTGT-1,25,7238,357,2364
ATGGGAGCACCGGTCA-1,35,9471,448,2798
ATGGGAGCAGCGATTT-1,29,7694,693,2339
ATGGGAGCATTGCTTT-1,29,10848,853,3027
ATGGGAGGTTTACTTC-1,17,6883,550,2434
ATGGGAGGTTTCGATG-1,24886,141,1727,5736
ATGGGAGTCAAGCTTG-1,3445,17,1,1372
ATGGGAGTCCATACTT-1,24,7985,391,2724
ATGGGTTAGAGTGTTA-1,14,4358,243,1819
ATGGGTTCACAGACGA-1,33,11491,619,3310
ATGGGTTCAGCGCTTG-1,21,9208,437,2871
ATGGGTTCATACAGCT-1,56,7175,453,2592
ATGGGTTGTACATACC-1,35384,168,1927,6356
ATGGGTTGTCTGTGAT-1,812,27,1,572
ATGGTTGAGGCGTTAG-1,35,11131,633,3198
ATGGTTGCAAAGTGTA-1,32,9544,512,2955
ATGGTTGCATGGAAGC-1,39,7118,556,2239
ATGGTTGCATTACTCT-1,37,7692,633,2729
ATGGTTGGTTCCAGGC-1,17495,111,1158,4802
ATGGTTGGTTGGGATG-1,13,5521,560,1964
ATGTCCCAGATTAGTG-1,21,5996,523,2069
ATGTCCCAGCTGACCC-1,57,7211,552,2362
ATGTCCCCAATTGCAC-1,25,6483,399,2156
ATGTCCCCAATTGGTC-1,7390,44,302,2746
ATGTCCCCAGCTTTCC-1,22,6606,358,2356
ATGTCCCGTAAGACCG-1,15307,90,958,4438
ATGTCCCGTATCGGTT-1,16,6142,362,2187
ATGTCCCGTATTGGCT-1,4181,39,710,2089
ATGTCCCTCTCAATCT-1,24,8655,528,2544
ATGTCCCTCTGGGCCA-1,6473,47,455,2569
ATGTCTTCAATCGTCA-1,18,5290,263,2108
ATGTCTTCAATGTGGG-1,7935,62,375,2991
ATGTCTTCATGACACT-1,8524,65,600,3219
ATGTCTTCATTGACTG-1,28,7875,568,2715
ATGTCTTGTAGCGCTC-1,13,5604,208,1996
ATGTCTTGTTAGGACG-1,7251,70,520,2742
ATGTCTTGTTCCGTTC-1,29,5408,354,2030
ATGTCTTTCCAGTTCC-1,14,6804,373,2312
ATTACCTAGATCCAAA-1,22,4768,401,1831
ATTACCTAGCCTCCAG-1,39,14056,565,3949
ATTACCTAGTACAGCG-1,4541,17,3,1747
ATTACCTAGTTTAGGA-1,8447,43,469,2976
ATTACCTCACGCTGAC-1,15,4252,308,1761
ATTACCTCAGCGTTGC-1,11,3699,316,1453
ATTACCTCAGTTTCAG-1,579,11,2,435
ATTACCTGTCTCACGG-1,12997,58,799,4219
ATTACCTTCATTTCGT-1,41,6587,425,2530
ATTACCTTCCGAACGC-1,21,5885,323,2133
ATTACCTTCGCGTGCA-1,15,4905,283,1936
ATTACCTTCTAGCCAA-1,14692,80,867,4428
ATTACTCAGGATCATA-1,1945,11,3,1032
ATTACTCCACGAAGAC-1,25,6208,372,2079
ATTACTCTCGATACGT-1,14,5347,243,2032
ATTATCCAGCCTCGTG-1,26,6611,541,2094
ATTATCCCAAAGCACG-1,24,7211,354,2545
ATTATCCCACTAAACC-1,7065,49,373,2941
ATTATCCCATTGCCTC-1,34991,214,2227,7209
ATTATCCGTGATCGTT-1,30,7601,576,2505
ATTATCCTCATGGAGG-1,13,4573,306,1665
ATTATCCTCTGGTGGC-1,32,10079,456,3219
ATTATCCTCTTGAACG-1,45,12009,518,3540
ATTCACTAGCATGAAT-1,59,9738,635,2939
ATTCACTAGCTCGAAG-1,19,5579,474,1954
ATTCACTCATGTGACT-1,22,6026,339,2410
ATTCACTGTACTTGTG-1,6681,43,444,2498
ATTCACTGTCGAACGA-1,15,6872,317,2314
ATTCACTGTTCCGCGA-1,12604,68,788,4430
ATTCACTTCAAGGCTT-1,9,3961,392,1507
ATTCACTTCCTACCGT-1,12153,92,568,4206
ATTCACTTCGTCAAAC-1,42,11260,441,3181
ATTCACTTCTATCCAT-1,17,6053,261,2346
ATTCAGGCAACGGGTA-1,19,7872,492,2329
ATTCAGGGTCGTATGT-1,30,7401,386,2359
ATTCAGGGTGTCTCCT-1,17,4848,363,1628
ATTCAGGTCAAAGACA-1,11,3671,312,1393
ATTCAGGTCGATCCAA-1,16,5006,239,1919
ATTCATCAGAGGACTC-1,12179,74,546,3989
ATTCATCAGCTGAGTG-1,26,6315,498,2119
ATTCATCAGTCCTACA-1,11521,64,536,3939
ATTCATCAGTCCTGCG-1,14,5852,381,1996
ATTCATCCACAAAGTA-1,8066,39,278,3196
ATTCATCCACGACGTC-1,21,8431,464,2732
ATTCATCCAGATGCGA-1,23,7224,721,2192
ATTCATCGTTCGTTCC-1,11,5025,319,1865
ATTCATCTCCTCAGAA-1,8971,80,400,3664
ATTCATCTCGAAGCCC-1,21,7808,438,2619
ATTCATCTCGCTCTAC-1,565,11,1,380
ATTCATCTCTCCCAAC-1,18,6202,499,2103
ATTCATCTCTCCTGCA-1,1554,10,13,919
ATTCCATAGAATTCAG-1,11,5827,318,1924
ATTCCATAGAGGGCGA-1,22,5996,581,2052
ATTCCATCAAGTGGAC-1,24,4548,226,1882
ATTCCATCACAAATCC-1,21,5420,267,2148
ATTCCATCACCCTAGG-1,42,7677,469,2924
ATTCCATGTAGGAGTC-1,4,1956,432,1047
ATTCCATTCACTAGCA-1,9174,66,541,3397
ATTCCATTCTATACGG-1,49,5276,566,1863
ATTCCCGAGTTCGCAT-1,8241,30,494,3128
ATTCCCGCACGCTGAC-1,20,7498,402,2560
ATTCCCGCACTTGACA-1,30,6953,460,2591
ATTCCCGCAGCCCAGT-1,35,6609,406,2265
ATTCCCGGTAACACGG-1,9,2630,163,1162
ATTCCCGGTAGCGCCT-1,14,9574,518,2804
ATTCCCGGTTACCGTA-1,9472,5443,1116,4950
ATTCCCGTCATCCTAT-1,22377,154,1099,5796
ATTCCCGTCCGTGGGT-1,18,6052,313,2144
ATTCCCGTCGATGCAT-1,38,7540,560,2523
ATTCCCGTCTCTATAC-1,11248,98,757,3934
ATTCCCGTCTGGCCTT-1,17,4949,367,1859
ATTCCCGTCTTGGAAC-1,30,5539,304,2160
ATTCCTACACCTGCGA-1,52,16293,1136,4006
ATTCCTATCGACTCCT-1,7971,58,309,3263
ATTCCTATCTCGTTTA-1,17,4642,285,1765
ATTCGTTGTGGTAACG-1,91,6186,340,2250
ATTCGTTTCACCTCGT-1,29,11304,429,3170
ATTCGTTTCTCGGTAA-1,14498,135,912,4824
ATTCTACAGTGCCCGT-1,24,8524,595,2654
ATTCTACCAAGATCCT-1,3445,45,60,1497
ATTCTACCACTCCTGT-1,18,4320,383,1739
ATTCTACGTCGTATGT-1,16,8253,464,2574
ATTCTACGTTTCAGAC-1,22,7583,303,2315
ATTCTACTCCGCTAGG-1,22,6688,377,2348
ATTCTACTCTGGTCAA-1,32,8611,406,2938
ATTCTTGAGAAATTGC-1,42,10765,697,3473
ATTCTTGAGAAGCGAA-1,21,5732,448,1839
ATTCTTGCAATGTCTG-1,32,7677,581,2844
ATTCTTGCACTTACAG-1,13,4454,376,1654
ATTCTTGGTACCTATG-1,39,6152,415,2129
ATTCTTGGTAGTTAGA-1,18,3348,236,1319
ATTCTTGGTCATCGCG-1,11625,79,580,3846
ATTCTTGGTTGGCTAT-1,12,4889,379,1722
ATTCTTGGTTTGTTGG-1,11,3141,112,1402
ATTCTTGTCAATGCAC-1,19,4916,290,1907
ATTCTTGTCGCCGTGA-1,44,9711,612,3082
ATTGGGTAGAGCAGCT-1,35,10268,399,3075
ATTGGGTCAAGCCATT-1,26,11809,744,3159
ATTGGGTCAAGGAGTC-1,15511,145,1245,4413
ATTGGGTCAGGCCCTA-1,29,7591,478,2335
ATTGGGTGTCCTGTTC-1,30,7051,578,2218
ATTGGGTTCCGATGTA-1,49,12440,652,3635
ATTGGGTTCCTATGGA-1,8305,43,526,2792
ATTGGGTTCGAAATCC-1,22,3525,277,1574
ATTGGGTTCGCAGTGC-1,9051,62,593,3115
ATTGTTCAGACTCCGC-1,42,12059,323,3228
ATTGTTCAGGCGATAC-1,14564,97,900,4448
ATTGTTCAGTCCTACA-1,30,9555,436,2838
ATTGTTCCAGCTGAGA-1,18,6017,221,2093
ATTGTTCGTCGAAACG-1,32,7654,421,2306
ATTGTTCGTTGCATTG-1,8620,76,607,3291
ATTGTTCTCATTACCT-1,17,4969,274,1857
ATTTACCAGACCAACG-1,30,9477,386,2966
ATTTACCAGGAGTACC-1,12820,100,706,4166
ATTTACCAGGGAGTTC-1,11,5549,268,1916
ATTTACCCACCCTGTT-1,15,4593,250,1831
ATTTACCCACGTCGTG-1,14,4218,216,1771
ATTTACCCATGATAGA-1,7881,7456,1220,5366
ATTTACCGTCGAATGG-1,23,6624,397,2109
ATTTACCTCCGCGAGT-1,9756,56,526,3459
ATTTCACAGCGATTCT-1,26,6441,648,2149
ATTTCACAGGCCACCT-1,28,11666,805,3427
ATTTCACAGGGCCCTT-1,10,3093,230,1412
ATTTCACAGGTCCAGA-1,5618,54,207,2641
ATTTCACAGTCCCTAA-1,11299,47,441,3002
ATTTCACAGTTCAACC-1,29,8329,527,2901
ATTTCACCAAGTGGAC-1,22,6800,332,2544
ATTTCACCAATGGCAG-1,3593,7664,599,4527
ATTTCACCACCAGGTC-1,21360,139,1680,5850
ATTTCACGTTGAGGAC-1,10,7117,428,2453
ATTTCACGTTTGGCTA-1,31,11720,539,3497
ATTTCACTCCCGAAAT-1,16,5016,349,1862
ATTTCACTCCGTGTCT-1,21994,1493,860,6030
ATTTCACTCTTCCACG-1,17,5949,228,2098
ATTTCTGAGACAACTA-1,20,5734,376,2055
ATTTCTGCAAACGTGG-1,16,4731,285,1866
ATTTCTGCAACTTGGT-1,32,8519,620,3049
ATTTCTGCATTCTTCA-1,10078,78,568,3704
ATTTCTGGTGATACTC-1,24,6844,426,2287
ATTTCTGGTGTGCTTA-1,6372,49,340,2767
ATTTCTGGTTGCTGAT-1,7548,44,427,2947
ATTTCTGGTTGTAAAG-1,14,3725,294,1429
ATTTCTGGTTGTCCCT-1,11,3629,264,1514
ATTTCTGTCACTGCTC-1,42,8915,749,2838
ATTTCTGTCATCGCTC-1,17,3765,229,1559
CAACAACAGGACGCTA-1,6,1957,208,491
CAACAACCAATCGAAA-1,6638,46,503,2810
CAACAACCACAATTCG-1,31,13514,740,3702
CAACAACCACCAGTAT-1,48,10791,446,3504
CAACAACCACGACAGA-1,32,8673,473,2348
CAACAACCACGTACTA-1,30,7998,480,2565
CAACAACCAGCTGAGA-1,24,7610,638,2366
CAACAACCATGGATCT-1,30,8544,708,2507
CAACAACGTCTGTGTA-1,13,5835,371,2105
CAACAGTAGGCATGGT-1,2301,23,490,1249
CAACAGTAGGCCACCT-1,26,7041,590,2242
CAACAGTCACAAGTGG-1,12342,104,628,4198
CAACAGTCACCATAAC-1,16,4008,226,1643
CAACAGTCAGTTGTTG-1,112,6964,499,2590
CAACAGTGTGCGTCGT-1,10,3965,337,1529
CAACAGTGTTTAGAGA-1,44,14196,520,3721
CAACAGTTCGGCATTA-1,17354,92,841,4474
CAACCAAAGATGGTCG-1,13,5903,287,1902
CAACCAACAAGAGGTC-1,8,7133,440,2245
CAACCAACAGAGTCTT-1,52,5312,454,2181
CAACCAACAGTTGTTG-1,23,7018,527,2193
CAACCAAGTACTAGCT-1,40,6758,403,2273
CAACCAATCATAGCAC-1,7859,49,455,3140
CAACCAATCGAGAAAT-1,18,3988,320,1608
CAACCAATCTGGGATT-1,31,9184,503,2539
CAACCTCAGCAACCAG-1,22,6323,235,2362
CAACCTCAGGGCCAAT-1,27,7851,648,2685
CAACCTCAGTGCCTCG-1,35693,146,2557,6757
CAACCTCCAGACGCTC-1,61,18421,1109,4537
CAACCTCGTAGTTCCA-1,25,15084,582,3955
CAACCTCGTCTACAAC-1,23,6939,408,2537
CAACCTCGTGGCCACT-1,32,9971,667,3086
CAACCTCTCTGGTGGC-1,44,11842,888,3420
CAACCTCTCTTAGCAG-1,19,5093,364,1971
CAACGATAGCCGTCGT-1,16536,4160,1108,5652
CAACGATAGCTTCGTA-1,16915,94,1239,4527
CAACGATAGGTTGAGC-1,34,7979,540,2784
CAACGATAGTATGAAC-1,24,5363,380,1826
CAACGATGTCCGTTTC-1,12994,77,775,3946
CAACGATGTGCGGCTT-1,18,5863,511,2055
CAACGATGTTAGCGGA-1,26,7405,394,2663
CAACGATTCACCATGA-1,33,9355,496,2772
CAACGATTCCCGAGAC-1,32,11517,568,3108
CAACGATTCTGGCCTT-1,28,6491,414,2022
CAACGGCAGCGCCTAC-1,13356,91,654,4015
CAACGGCAGGCACGAT-1,11,8243,495,2302
CAACGGCCAATTTCGG-1,20412,102,1320,4987
CAACGGCGTATCGAGG-1,13746,98,645,4124
CAACGGCGTGATCGTT-1,29,13733,909,3839
CAACGGCGTGCGGCTT-1,34,12215,787,3475
CAACGGCTCTACCACC-1,25,9562,544,3067
CAACGGCTCTACGGGC-1,17174,100,949,4762
CAACGGCTCTCCGATC-1,51,10826,676,3463
CAACGGCTCTGGCCGA-1,7286,19,8,2022
CAACGGCTCTTCTGTA-1,784,8,1,467
CAAGACTAGGGTCACA-1,22,7270,336,2366
CAAGACTAGGTCGCCT-1,8249,133,408,3175
CAAGACTAGTAGTCTC-1,2593,41,168,1598
CAAGACTAGTGCACTT-1,14,5276,266,1971
CAAGACTGTGAGATCG-1,8056,58,621,2963
CAAGACTGTGATACAA-1,880,9,2,517
CAAGACTGTTGCTCAA-1,19787,110,578,5089
CAAGACTTCACGATAC-1,20402,370,1668,5671
CAAGACTTCATGCGGC-1,20,4675,154,1803
CAAGACTTCCGTACGG-1,12466,66,902,3876
CAAGACTTCTGGTTGA-1,22,5392,342,1975
CAAGAGGAGGAATGTT-1,40,5956,495,1980
CAAGAGGCAACAGCCC-1,15346,12036,2185,7939
CAAGAGGCACACAGAG-1,55,18891,996,4212
CAAGAGGCACACGTGC-1,32,8600,748,2545
CAAGAGGGTAACAGGC-1,17,3867,243,1422
CAAGAGGGTCAGGCAA-1,5391,23,447,1965
CAAGAGGGTGATAGAT-1,23,9349,433,2704
CAAGAGGGTTAAGAAC-1,8911,66,679,3351
CAAGAGGGTTCCGCGA-1,17097,6719,1430,6844
CAAGAGGGTTCGGACC-1,14,6102,379,2019
CAAGAGGTCAAACCCA-1,39,9716,638,3012
CAAGAGGTCCTCACTG-1,45,10725,635,3065
CAAGAGGTCGAACACT-1,36,10394,816,2816
CAAGAGGTCGGCTATA-1,18,4095,253,1646
CAAGAGGTCGTGGAAG-1,16,4793,366,1723
CAAGCTAAGAGAGCCT-1,12,3076,224,1281
CAAGCTAAGCATGTTC-1,34,8511,537,2735
CAAGCTAAGCCATGCC-1,1169,11,33,711
CAAGCTAAGCCGTCGT-1,11860,61,921,3970
CAAGCTAAGCTGTACT-1,1295,9,2,725
CAAGCTAAGGTACCTT-1,26,4770,376,1900
CAAGCTAAGTAGTGCG-1,721,13,0,483
CAAGCTACACATACTG-1,21,8546,702,2511
CAAGCTACAGGTGTTT-1,28,5902,409,2237
CAAGCTACATACTGTG-1,4392,48,362,2020
CAAGCTACATGCAGGA-1,13,5124,387,1853
CAAGCTAGTACAGTCT-1,33,10735,545,3106
CAAGCTAGTGCCTACG-1,40,13180,980,3385
CAAGCTAGTTTGAACC-1,5,2232,149,605
CAAGCTATCGTAATGC-1,42,9403,578,3147
CAAGCTATCTGCGGCA-1,30,5901,506,2208
CAAGCTATCTGGAAGG-1,4834,33,223,1808
CAAGGGAAGACTCTTG-1,5882,52,570,2502
CAAGGGAAGCAAGTGC-1,651,17,6,469
CAAGGGAAGTAAACGT-1,11687,98,764,4048
CAAGGGAAGTTATGGA-1,26,11655,550,3104
CAAGGGAAGTTCATCG-1,23,3980,276,1560
CAAGGGACAAGTTGGG-1,7270,67,460,2911
CAAGGGAGTAGCTAAA-1,24,7712,297,2359
CAAGGGAGTCAGACGA-1,1439,18,111,690
CAAGGGAGTGCTCCGA-1,31,7222,603,2103
CAAGGGAGTGGCCTCA-1,16,7791,566,2203
CAAGGGAGTTGTGGCC-1,27,6635,584,2273
CAAGGGATCAGCTTGA-1,30,8480,522,2837
CAATACGAGATCCCAT-1,15561,140,743,4478
CAATACGAGCTTTCTT-1,535,16,0,425
CAATACGCAGGTGTGA-1,40,10660,497,2944
CAATACGGTATGCAAA-1,8720,68,509,3109
CAATACGGTCTACATG-1,37,6665,474,2370
CAATACGGTTAAACAG-1,7269,53,382,2972
CAATACGTCAGTCTTT-1,45,9346,608,2982
CAATACGTCCAGCACG-1,40,13568,868,3715
CAATACGTCCCGAACG-1,33,10436,740,2955
CAATACGTCTACTTCA-1,7329,46,323,2776
CAATACGTCTCTCCGA-1,44,10253,728,3248
CAATCGAAGCTAGCCC-1,33,12694,671,3449
CAATCGACAAATGGCG-1,27,5187,558,1643
CAATCGACATTGACCA-1,12,5796,495,2038
CAATCGAGTCGAAACG-1,10659,63,740,3334
CAATCGAGTGAAGCGT-1,10,2864,256,711
CAATCGAGTGCCTATA-1,9200,6597,805,5260
CAATCGAGTTCTCCAC-1,12138,102,695,3875
CAATCGATCTCAGGCG-1,43,8383,339,2585
CAATCGATCTTCCTAA-1,15,4178,194,1612
CAATGACAGAGAGCGG-1,23,9378,540,2889
CAATGACAGGCAATGC-1,6773,49,164,2402
CAATGACAGGTCACCC-1,15,8801,607,2903
CAATGACAGTTGAATG-1,10540,70,735,3480
CAATGACAGTTTGTCG-1,8430,68,609,3139
CAATGACCAGGTTACT-1,10,3905,241,1723
CAATGACCATTGTGCA-1,23,8730,650,2845
CAATGACGTACTGAGG-1,12349,67,618,3492
CAATGACGTGTGGACA-1,14977,140,1440,4906
CAATGACGTTCTTGCC-1,36,11931,704,3660
CAATGACTCAAGAGTA-1,52,24663,818,4509
CAATGACTCGGTGTTA-1,44,8627,555,2457
CAATTTCAGAATTGTG-1,23,7600,597,2544
CAATTTCAGAGCAGTC-1,22037,109,1393,5108
CAATTTCAGCCTTTGA-1,2800,19,323,1114
CAATTTCAGGGAGGCA-1,19,4386,300,1665
CAATTTCAGGGCAGTT-1,15629,5013,2124,6605
CAATTTCAGTCCCGAC-1,28,7772,411,2576
CAATTTCAGTGCACTT-1,33,6937,355,2257
CAATTTCAGTTGCTGT-1,42,9458,642,2935
CAATTTCCATTCCTCG-1,23959,152,1480,5220
CAATTTCGTGAGTTTC-1,56,12513,726,3635
CAATTTCTCCCGAGTG-1,18,5686,421,2101
CAATTTCTCTATGCCC-1,51,11539,662,3614
CAATTTCTCTTGAACG-1,22,8013,542,2712
CACAACAAGCGCCATC-1,23,5893,334,2216
CACAACACAGACGCTC-1,20,9184,584,3059
CACAACAGTAAGTCAA-1,6387,15,1,1993
CACAACAGTACTGCCG-1,11,3659,760,1562
CACAACATCCGCTAGG-1,15542,30,3,3511
CACAACATCTTCTCAA-1,14562,99,426,4242
CACACAAAGACTGGGT-1,9563,53,511,3370
CACACAAAGGCACAAC-1,33,12062,728,3267
CACACAAAGGGTGAAA-1,21,7024,374,2169
CACACAACACTAGGCC-1,9593,60,547,3698
CACACAACAGCCATTA-1,37,11651,599,3460
CACACAACATTCCTAT-1,5752,67,248,2041
CACACAAGTAGTCGGA-1,24,7919,465,2486
CACACAAGTTAACAGA-1,10,5598,268,2218
CACACAATCATCCTGC-1,19,8170,368,2494
CACACAATCGAGTCCG-1,17,5072,550,1741
CACACAATCGGAAGGT-1,15,4189,320,1572
CACACAATCTACGCGG-1,24,7569,557,2495
CACACAATCTTGCAGA-1,663,9,0,446
CACAGATAGAGAATCT-1,40,8817,673,2753
CACAGATAGCAGCCTC-1,30,7340,540,2327
CACAGATAGCATCGAG-1,17,4699,309,1723
CACAGATAGGAGTACC-1,29,7699,536,2461
CACAGATCACATGAAA-1,11817,93,802,3885
CACAGATGTACCCGCA-1,20,12383,461,3217
CACAGATGTGTCACAT-1,27,6749,417,2222
CACAGATGTTCATCTT-1,16209,94,860,4641
CACAGATTCCTCAGAA-1,13066,89,826,4059
CACAGATTCGAACGGA-1,10483,54,749,3399
CACAGATTCTACGGGC-1,33,11428,655,3342
CACAGGCAGCATTGTC-1,10,5561,244,2035
CACAGGCAGGGCAAGG-1,608,4,601,21
CACAGGCCAGGGTTGA-1,22,7492,375,2210
CACAGGCCAGTAGGAC-1,23,11605,297,3475
CACAGGCCATTCCTAT-1,7711,64,652,3324
CACAGGCCATTGACTG-1,6544,37,333,2705
CACAGGCGTCATATGC-1,51,12505,747,3618
CACAGGCGTCATCGCG-1,26,11939,638,3427
CACAGGCGTCCTGTCT-1,37,15138,627,3517
CACAGGCGTCGCTCGA-1,17,8353,369,2742
CACAGGCGTCTCAAGT-1,8938,86,1250,3397
CACAGGCTCAGCTGTA-1,45,14321,714,3628
CACATGAAGGTTTGAA-1,53,8357,674,2715
CACATGAAGTAAACAC-1,23,5858,404,2174
CACATGACAGCGTGAA-1,9869,53,34,3049
CACATGACAGTCAGCC-1,38,12460,456,3495
CACATGAGTAGTCGTT-1,39,11589,640,3172
CACATGAGTATACAGA-1,10049,78,573,3495
CACATGAGTATAGGGC-1,23,5806,661,2034
CACATGAGTGCCGTAC-1,32,10682,611,3130
CACATGAGTTGCGTAT-1,16,9204,529,2905
CACCAAAAGCTAGAAT-1,38,10117,485,3128
CACCAAAAGGTCGTGA-1,22,7683,587,2491
CACCAAACACACCAGC-1,26,10667,506,3194
CACCAAAGTAGACGTG-1,25,7442,321,2628
CACCAAAGTCGGTACC-1,16322,128,1561,4776
CACCAAATCAGCTTCC-1,673,10,1,393
CACCAAATCATCCTGC-1,1117,7393,387,3140
CACCAAATCCTTGGAA-1,14,4280,272,1546
CACCAAATCGGTGTTA-1,41,12835,658,3581
CACCGTTAGAAATTCG-1,26,9339,446,2593
CACCGTTAGATCACTC-1,7810,84,567,3302
CACCGTTCAAGACCGA-1,9497,104,432,3799
CACCGTTCACACCGAC-1,76,966,13,461
CACCGTTCAGATGCGA-1,31,8841,484,2791
CACCGTTGTAGGTCAG-1,31,14972,624,3558
CACCGTTGTCACTCTC-1,15,8228,451,2657
CACCGTTGTCCAGCAC-1,63,18140,1111,4276
CACCGTTGTCGAGCTC-1,6078,34,364,2876
CACCGTTTCGTCGATA-1,43,13746,936,3634
CACGAATAGACGCATG-1,36,8061,478,3013
CACGAATAGCATTGAA-1,126,8901,611,2903
CACGAATCACATATGC-1,21,7108,460,2171
CACGAATCAGAGTCAG-1,39,10196,567,2919
CACGAATGTAGCTGCC-1,17,5928,399,2134
CACGAATGTATCAGCT-1,10255,75,95,3754
CACGAATGTATTTCGG-1,4081,35,786,1945
CACGAATGTCATACCA-1,22098,134,1712,5743
CACGAATGTCTGTGAT-1,13,6810,450,2193
CACGAATGTGAATGTA-1,19,5634,369,1931
CACGAATTCCGATGTA-1,36,6956,427,2264
CACGAATTCGCAGAGA-1,30,11331,711,3254
CACGAATTCTATCACT-1,24,7442,471,2595
CACGGGTAGACAACAT-1,11055,74,701,3715
CACGGGTAGACTACCT-1,25,9347,551,2800
CACGGGTAGGTAATCA-1,16,6217,359,2047
CACGGGTAGTTTAGGA-1,27,6473,928,2129
CACGGGTCAGTGTGGA-1,29,8004,464,2518
CACGGGTGTGAATGTA-1,28,8496,485,2967
CACGGGTTCAGGACGA-1,25,9852,356,2804
CACGGGTTCCACAAGT-1,20456,127,1259,5567
CACGGGTTCTCGCTCA-1,12,1781,120,514
CACGTGGAGACGCCCT-1,24,11102,683,3065
CACGTGGAGATACAGT-1,29,6026,281,2038
CACGTGGAGCGTTGTT-1,13,7317,345,2229
CACGTGGCACGCTGAC-1,16204,106,971,5118
CACGTGGCACTTTAGG-1,36,10769,641,3126
CACGTGGCAGAGTGTG-1,4934,31,277,1669
CACGTGGGTCCACGCA-1,11,7753,552,2291
CACGTGGGTGTAAATG-1,26,9902,396,2938
CACGTGGGTTTAAGGA-1,9582,49,601,3453
CACGTGGTCAATCGGT-1,16,4587,346,1701
CACGTTCAGAATCTAG-1,79,16016,1034,4246
CACGTTCAGGAAGAAC-1,22,4460,494,1526
CACGTTCAGTCCTGTA-1,12096,95,869,4093
CACGTTCCACGTCGGT-1,6893,46,396,2654
CACGTTCCAGCTTCCT-1,21,9927,575,3233
CACGTTCCATTGGATC-1,7,1850,6,684
CACGTTCGTTAAAGTG-1,25,6351,395,2257
CACGTTCGTTTGGAGG-1,8,4581,396,1646
CACGTTCTCATTCCTA-1,7973,71,409,3252
CACGTTCTCGCTCTAC-1,65,10977,628,3332
CACGTTCTCGTTCAGA-1,21,5363,416,2119
CACTAAGAGTGAGCCA-1,25,6616,473,2049
CACTAAGAGTGGACGT-1,29,6612,575,2118
CACTAAGCAATAGGAT-1,8699,55,374,3268
CACTAAGCAATTCACG-1,27,6423,307,2213
CACTAAGCAGCACAAG-1,27,6163,423,2268
CACTAAGGTGCGCTCA-1,21,6359,569,2112
CACTAAGGTGTGCTTA-1,30,7414,479,2520
CACTGAACAAGTATAG-1,32,7160,438,2442
CACTGAACACAGCGCT-1,24,6314,675,2206
CACTGAACAGCTGTGC-1,15547,93,618,4476
CACTGAACAGGCTCTG-1,48,16312,1189,4232
CACTGAACATCTAACG-1,27,10722,551,3115
CACTGAAGTCCCGGTA-1,29,7257,461,2261
CACTGAAGTGTTCCAA-1,7050,9516,999,5793
CACTGAATCAACCTCC-1,29,5688,358,2060
CACTGGGAGCCTCAGC-1,16973,69,483,4790
CACTGGGAGTAGCATA-1,17,6329,443,2041
CACTGGGAGTTCATGC-1,20,4635,309,1769
CACTGGGCACAATGCT-1,17,5563,378,2042
CACTGGGCACGCACCA-1,36,12773,1294,3558
CACTGGGCATAACGGG-1,27,11864,638,3342
CACTGGGGTATGCAAA-1,3,1803,92,535
CACTGGGGTTGGGACA-1,14139,66,944,3989
CACTGGGTCAACACCA-1,12,5035,342,2096
CACTGGGTCTGCCCTA-1,19,6154,299,2016
CACTGGGTCTGGGTCG-1,30,8946,463,2818
CACTGTCAGTGCACTT-1,32,9288,713,2956
CACTGTCCAAGTTTGC-1,17,6612,430,2384
CACTGTCGTAAGGCCA-1,16,7223,456,2080
CACTGTCGTCATGGCC-1,10,7281,352,2387
CACTGTCGTGCAGGAT-1,1022,4,72,583
CACTGTCGTGGCCACT-1,10,7564,315,2440
CACTGTCTCTAGTCAG-1,764,6,1,527
CACTTCGAGGTTTACC-1,7,1796,25,394
CACTTCGGTAGATGTA-1,50,12820,789,3443
CACTTCGGTCCAAAGG-1,27,7436,574,2454
CACTTCGGTGATGAAT-1,28,6577,586,2336
CACTTCGGTGCGAACA-1,36,8517,507,2726
CACTTCGTCACTTGTT-1,15076,132,553,4610
CACTTCGTCCGATGCG-1,31,6709,484,2214
CACTTCGTCCGGACGT-1,6,1842,42,585
CACTTCGTCTCGAACA-1,37,13747,493,3482
CACTTCGTCTGTCGTC-1,26,9713,632,2887
CAGAGCCCAAATCAGA-1,12,4175,251,1470
CAGAGCCCAAGTGTCT-1,34,8289,688,2835
CAGAGCCCAATAGAGT-1,10453,59,683,3306
CAGAGCCCACTGTTCC-1,19,7140,224,2356
CAGAGCCCAGCTGTGC-1,27,8283,697,2709
CAGAGCCTCAAAGACA-1,10874,100,917,3749
CAGAGCCTCATTGCGA-1,41,9878,481,3048
CAGATACAGCAGCGAT-1,18,6642,262,2269
CAGATACCATCGGTTA-1,24,6752,390,2306
CAGATACGTAGGACCA-1,31,8650,451,2775
CAGATACTCAACCCGG-1,36,8651,513,2696
CAGATACTCCCAACTC-1,16,6780,311,2232
CAGATACTCGGAATGG-1,4580,43,563,2134
CAGATACTCTCTTGCG-1,9645,80,730,3747
CAGATCAAGGCCACTC-1,48,12749,641,3457
CAGATCACACAGTACT-1,66,12610,872,3822
CAGATCAGTTCTATCT-1,19,5521,276,1753
CAGATCATCCGTTGGG-1,33,7853,506,2509
CAGATCATCGAGCACC-1,27,6684,558,2299
CAGATTGGTAGGAAAG-1,43,8576,662,2943
CAGATTGGTCGCCACA-1,20,7419,421,2438
CAGATTGGTGAGTAGC-1,17,3653,250,1455
CAGATTGTCTCACGAA-1,53,10171,777,3284
CAGCAATAGCATATGA-1,60,8743,732,2692
CAGCAATAGTTTGAGA-1,16,5113,319,1779
CAGCAATCAAACGAGC-1,35,9553,596,2712
CAGCAATCAATAGGGC-1,35,10277,697,3133
CAGCAATCACAAGTTC-1,30,8903,452,2831
CAGCAATGTGGCCCAT-1,29,7250,436,2295
CAGCAATTCGAACTCA-1,37,9194,393,2829
CAGCAATTCTTACTGT-1,22,6145,301,2230
CAGCACGCAAACACGG-1,16636,69,1161,4523
CAGCACGCAAGGAGTC-1,15278,81,1101,4435
CAGCACGCACGTATAC-1,11264,73,468,3935
CAGCACGCATATAGCC-1,57,16696,1079,3960
CAGCACGCATGAGAAT-1,12660,69,623,3816
CAGCACGGTAGGAGGG-1,27,9148,570,2877
CAGCACGGTCCGAAGA-1,803,10,3,474
CAGCACGTCTATGTGG-1,14,5529,361,1916
CAGCAGCAGAATAACC-1,33,8944,665,2498
CAGCAGCAGCCGGATA-1,10,4725,564,1764
CAGCAGCCACATACTG-1,97,17393,1162,4487
CAGCAGCGTAGACACG-1,17,10678,419,3105
CAGCAGCGTGCCGTTG-1,62,24732,830,4746
CAGCAGCGTTGACTAC-1,8000,243,556,2886
CAGCAGCTCGCTTGCT-1,45,8436,504,2826
CAGCCAGCAATACAGA-1,27,13225,614,3509
CAGCCAGCACTACAGT-1,109,25301,1328,5197
CAGCCAGCAGATACTC-1,24,8115,666,2577
CAGCCAGCATACGCAT-1,5052,38,275,2100
CAGCCAGGTAGCTTAC-1,32,6896,412,2448
CAGCCAGGTCTAATCG-1,46,6788,415,2336
CAGCCAGGTCTAGGTT-1,55,13200,994,3584
CAGCCAGTCCTCAGGG-1,14,6175,308,2436
CAGCGTGAGCACGTCC-1,21,10827,485,3231
CAGCGTGAGCGACTGA-1,29,8696,545,2704
CAGCGTGAGCTCCATA-1,40,11954,772,3447
CAGCGTGAGTTCCATG-1,8692,46,461,3099
CAGCGTGCACAAAGCG-1,12621,74,456,4375
CAGCGTGCAGGTGAGT-1,17,5334,430,1831
CAGCGTGTCCGCACTT-1,2488,11,0,969
CAGCGTGTCGATACAC-1,33,12996,624,3409
CAGCGTGTCGGAACTT-1,17,5507,224,1871
CAGGCCACATGCGTGC-1,8904,47,348,3359
CAGGCCAGTACTCGTA-1,29,10871,468,3048
CAGGCCAGTCATCCCT-1,11340,1706,561,3945
CAGGCCAGTCCAATCA-1,40,9707,646,3107
CAGGCCAGTGTCCACG-1,39,11212,704,3348
CAGGCCATCCAAGCTA-1,17,8511,368,2821
CAGGGCTAGACCATAA-1,28,8697,336,2933
CAGGGCTAGAGAGGTA-1,16,3925,342,1583
CAGGGCTAGAGGGTGG-1,20,6235,465,1960
CAGGGCTAGCTGCGAA-1,37,13037,1109,3279
CAGGGCTAGGCGCTTC-1,10449,108,845,3592
CAGGGCTCAAATAGCA-1,31,5892,390,2233
CAGGGCTCAATGGGTG-1,9729,163,1003,3487
CAGGGCTCATAGATCC-1,47,11372,784,3209
CAGGGCTGTGACTCTA-1,29,8313,527,2413
CAGGGCTTCAAGCTTG-1,10437,68,774,3782
CAGGGCTTCACTGTCC-1,51,14338,932,3836
CAGGGCTTCAGGTAAA-1,57,11096,587,3297
CAGGGCTTCAGTCAGT-1,28,7199,440,2523
CAGGGCTTCATCGCTC-1,12457,98,310,3522
CAGGGCTTCCCAACTC-1,27,12252,435,3485
CAGGTATAGCAAACAT-1,57,13048,721,3697
CAGGTATCACCATTCC-1,13412,87,820,4468
CAGGTATGTAGTCGGA-1,32,6905,492,2284
CAGGTATGTCGTATTG-1,10163,56,471,3224
CAGGTATGTTAGGAGC-1,15085,109,1022,4448
CAGGTATGTTTCTTAC-1,10826,97,574,3845
CAGGTATTCCGGCAGT-1,9708,209,646,3475
CAGTGCGAGAGGGTAA-1,6271,31,498,2445
CAGTGCGAGATGAACT-1,27,9831,522,2930
CAGTGCGCAACGTAAA-1,34,9282,552,2674
CAGTGCGCAATGTCTG-1,21502,110,1120,5433
CAGTGCGCACAACATC-1,33,8514,537,2660
CAGTGCGGTAGACGGT-1,11957,108,760,3842
CAGTGCGGTTAGGACG-1,25,6012,616,1945
CAGTGCGGTTTGTGGT-1,39,9428,904,2843
CAGTTAGAGAATCGCG-1,28,6913,541,2347
CAGTTAGAGACCAGAC-1,31,5982,389,1995
CAGTTAGAGCCTTCTC-1,28,7197,318,2640
CAGTTAGAGTGCTCGC-1,20,6937,535,2276
CAGTTAGCATGAGGGT-1,23,8049,654,2296
CAGTTAGGTCATAAAG-1,46,6964,672,2399
CAGTTAGGTCGCATGC-1,22,6411,381,1998
CAGTTAGGTTAAGGAT-1,8319,48,602,2794
CAGTTAGGTTCTAACG-1,18,6298,512,2312
CAGTTAGTCCATTGCC-1,17,4612,223,1873
CAGTTCCGTCTTGCGG-1,25,11426,742,3079
CAGTTCCGTGCCGTAC-1,17,8486,359,2473
CAGTTCCGTTTACGTG-1,6518,17055,1068,6386
CAGTTCCTCTCGAACA-1,18,6397,377,2350
CAGTTCCTCTTCGTGC-1,21,4263,425,1743
CATAAGCAGACCTGGA-1,36,11761,367,3306
CATAAGCCAAGGCTTT-1,66,5439,294,2014
CATAAGCCACTGTGAT-1,60,11198,692,3253
CATAAGCGTAGCCAGA-1,9151,52,437,3335
CATAAGCGTCTGCGCA-1,13,3512,401,465
CATAAGCGTGATAGTA-1,17,4353,292,1589
CATAAGCTCACGGGAA-1,30,9988,638,3301
CATAAGCTCCGAAGGA-1,16,6353,330,2188
CATACAGAGAAGCCAC-1,7743,66,945,3463
CATACAGAGCCAAGCA-1,37,8254,566,2736
CATACAGAGTACTGGG-1,26,5650,385,1792
CATACAGCACTGGATT-1,6365,76,37,2690
CATACAGGTTCTTAGG-1,27790,251,2509,6104
CATACAGTCTGCAGCG-1,20,9073,455,2692
CATACCCAGCTGACTT-1,14,7278,477,2350
CATACCCCAAAGTGTA-1,32,11874,715,3211
CATACCCCAACACAAA-1,26753,201,1113,6235
CATACCCCAACCCTCT-1,39,11030,421,3175
CATACCCCAAGTGGCA-1,22,8020,605,2558
CATACCCCACCTCGTT-1,25,9683,584,3004
CATACCCCACTATCGA-1,29,8868,603,2914
CATACCCCAGCATCTA-1,12593,89,844,4271
CATACCCGTGTCTTCC-1,8009,45,399,3191
CATACCCTCCAAATGC-1,11087,69,626,3851
CATACCCTCCGGACGT-1,8353,7846,767,5997
CATACCCTCGAGCACC-1,9197,40,229,3349
CATACTTAGCCATGCC-1,10092,50,532,3354
CATACTTAGCTCACTA-1,37,9673,265,3023
CATACTTGTGGCAACA-1,44,11425,749,3867
CATACTTGTTCGTTCC-1,24,5813,255,2241
CATACTTTCAAGGAGC-1,7799,78,484,2797
CATACTTTCGGTATGT-1,50,10632,722,3179
CATAGACAGACATCAA-1,17,6882,343,2549
CATAGACAGGCTAACG-1,23,7560,440,2550
CATAGACCATCCGAAT-1,28,9126,802,2582
CATAGACGTCACTGAT-1,18,5473,496,1715
CATAGACGTCCACACG-1,5478,44,677,2284
CATAGACGTTAGAAAC-1,20,5222,316,2106
CATAGACGTTGCTGAT-1,14,5875,232,2047
CATAGACTCACCATGA-1,56,11362,535,3391
CATCAAGAGTCGCTAT-1,23,7652,418,2661
CATCAAGCATCGCTAA-1,28,6413,614,2165
CATCAAGGTATGCAAA-1,40,10379,753,3282
CATCAAGGTCCACATA-1,19,8149,409,2688
CATCAAGGTGGGTTGA-1,23,4275,267,1649
CATCAAGTCACCTTAT-1,34,9177,577,3087
CATCCACAGCACCGTC-1,54,8623,456,2997
CATCCACAGCCGTTGC-1,7737,58,428,3301
CATCCACCATGAGAAT-1,6592,38,840,2476
CATCCACTCTTTCCGG-1,8638,76,966,3587
CATCCCACAGCAGAAC-1,954,153,26,679
CATCCCAGTACGCTTA-1,26,8399,479,2723
CATCCCAGTGCCCACA-1,39,12229,815,3639
CATCCCATCAACTACG-1,27,6080,447,2052
CATCCCATCGATTCCC-1,24,11732,717,3543
CATCCGTAGCTCGACC-1,53,11736,927,3240
CATCCGTCACTCACTC-1,21,7993,375,3016
CATCCGTCATGCACTA-1,8769,72,482,3294
CATCCGTGTAACGATA-1,17,6407,309,2245
CATCCGTGTACCGCGT-1,22,5374,374,1898
CATCCGTGTGTCCACG-1,2426,6,0,1117
CATCCGTTCCAAGCCG-1,44,10215,580,3252
CATCCGTTCGAGTCCG-1,8,4756,378,1751
CATCCGTTCGCTGCGA-1,0,1056,28,445
CATCGCTCAACTCCCT-1,42,9716,557,3045
CATCGCTGTCAGACTT-1,5391,58,654,2656
CATCGCTGTCATAACC-1,8,2008,10,831
CATCGCTGTGCTTCAA-1,17024,87,925,4732
CATCGCTGTTTGGGTT-1,40,12072,620,3282
CATCGCTTCAGTCATG-1,12222,65,750,3865
CATCGCTTCGTAGGGA-1,31,8313,596,2704
CATCGCTTCGTGGAAG-1,5158,27,267,2139
CATCGCTTCTTTGCGC-1,20,5508,457,2026
CATCGGGAGATCCCGC-1,10,4034,225,1508
CATCGGGAGCAAGTCG-1,7633,16514,1296,6505
CATCGGGAGGACCCAA-1,18170,104,1152,5015
CATCGGGAGGTCGTAG-1,8994,29,584,3160
CATCGGGAGTACTGTC-1,18,8481,997,2487
CATCGGGAGTTGCCCG-1,7326,38,695,2990
CATCGGGAGTTTAGGA-1,10,3170,87,1267
CATCGGGCAACAACAA-1,27,8800,410,2634
CATCGGGCATGGTGGA-1,24,6278,561,2158
CATCGGGGTCTAACTG-1,26,7710,422,2968
CATCGGGGTTGGCCGT-1,19,8781,546,2882
CATCGGGTCAAAGCCT-1,44,10072,651,3141
CATCGGGTCACCGGTG-1,4864,38,620,2476
CATCGGGTCTAAGCGT-1,11,3830,372,1546
CATCGTCAGCCAGACA-1,24,7479,442,2355
CATCGTCCAGGACTTT-1,30,6980,451,2538
CATCGTCCAGTATGAA-1,16,4622,299,1950
CATCGTCGTAGCGCTC-1,5,3851,255,1445
CATCGTCTCAAACGAA-1,24,9164,553,2726
CATCGTCTCAGCGCGT-1,8,3711,199,1450
CATGAGTAGAGTAACT-1,10662,107,696,3631
CATGAGTAGATCGACG-1,27,4733,483,1818
CATGAGTAGGATTTAG-1,12,3573,495,1257
CATGAGTAGGTAACTA-1,74,11033,667,3426
CATGAGTAGTAGGAAG-1,3456,59,455,1727
CATGAGTCAACAGATA-1,33,5809,400,2194
CATGAGTCAAGTTCGT-1,709,8,0,459
CATGAGTGTTCATCTT-1,1083,18,158,581
CATGCAAAGTAGTGCG-1,42,11388,635,3115
CATGCAAAGTCTGGAG-1,22,5387,376,1808
CATGCAACAAGGGCAT-1,10999,124,530,4013
CATGCAACAAGGTCAG-1,24,8345,612,2749
CATGCAACACGAAGAC-1,15,6136,411,1911
CATGCAAGTCACGACC-1,41,6608,397,2456
CATGCAAGTGTATTCG-1,14694,98,1832,4190
CATGCAATCTCGTGGG-1,71,19229,1642,3969
CATGCAATCTGAGGTT-1,16,6513,514,2054
CATGCCTAGCAAGGAA-1,13488,130,954,4433
CATGCCTCACATCCCT-1,5,2331,53,606
CATGCCTCAGAAGCGT-1,10222,66,843,3572
CATGCCTCAGCTGAAG-1,27,6562,504,2223
CATGCCTTCGTCTAAG-1,140,22527,1189,4961
CATGCGGAGCAGCGAT-1,12,5176,377,1749
CATGCGGAGGTACAGC-1,15091,102,958,4444
CATGCGGCAAGGATGC-1,16,9042,648,2710
CATGCGGCACTCTAGA-1,13417,85,774,4117
CATGCGGCAGCAGATG-1,10157,67,681,3609
CATGCGGGTCGAGCTC-1,28,7750,506,2663
CATGCTCGTCTCTCAC-1,61,17867,866,4505
CATGCTCGTGGACTGA-1,8,4690,359,1464
CATGCTCTCTCCTGAC-1,62,11974,801,3801
CATGGATAGCGCACAA-1,12,4672,193,1719
CATGGATAGGCGATAC-1,35,6906,518,2246
CATGGATAGGCTCACC-1,37,13797,885,3689
CATGGATCAGACAAGC-1,36,8469,587,2561
CATGGATCATCTGTTT-1,32,6360,386,2317
CATGGATGTAGAGATT-1,9365,8000,1375,6223
CATGGTAGTCTTGTCC-1,48,9210,620,2830
CATGGTATCTGAGATC-1,25,5320,282,1963
CATTCATAGACTCGAG-1,14,4840,286,1790
CATTCATAGCAGTCTT-1,29,15806,629,3923
CATTCATCAAAGTATG-1,14427,96,650,4388
CATTCATTCCGCGAGT-1,17997,79,1223,4426
CATTCATTCGCGTCGA-1,3,3749,193,1372
CATTCCGAGCTCTGTA-1,38,10575,736,3011
CATTCCGCAGGCCTGT-1,2,3522,216,598
CATTCCGGTCTGTGTA-1,17,5170,393,1695
CATTCCGGTGAATATG-1,12,5193,392,1727
CATTCCGGTGGTGATG-1,9666,77,743,3406
CATTCCGTCAAGAAAC-1,28,6526,365,2492
CATTCCGTCTAACGCA-1,40,9637,511,3195
CATTCTAAGCAATTCC-1,13239,101,906,3930
CATTCTACACCGCTAG-1,31,7586,432,2564
CATTCTACATAATCCG-1,13,6729,445,2333
CATTCTAGTTTCGTAG-1,44,6193,393,2324
CATTCTATCACATACG-1,37,5613,371,2098
CATTCTATCACTGATG-1,35,10736,688,3431
CATTCTATCAGCTAGT-1,20,6930,505,2311
CATTCTATCCATTTAC-1,7792,53,428,3186
CATTCTATCCTGGTCT-1,14,6227,265,2160
CATTCTATCGTCGCTT-1,16,6541,342,2407
CATTCTATCTTCTTCC-1,44,9823,588,3244
CATTGAGAGACTGTTC-1,4247,44,528,1980
CATTGAGAGCCGCACT-1,39,14303,827,3659
CATTGAGAGGTTCCAT-1,14,5090,471,1883
CATTGAGCAGAGATGC-1,22,6078,296,1957
CATTGAGCATCGCTCT-1,46,8452,687,2751
CATTGAGCATTGGGAG-1,27,7596,559,2399
CATTGAGGTAGGTAGC-1,9,4447,442,1703
CATTGAGGTCCATAGT-1,13307,87,619,4277
CATTGAGGTCGAAACG-1,7214,57,42,2489
CATTGCCGTGAAGCTG-1,35,9488,208,2861
CATTGCCGTTCAGGTT-1,12622,5767,1109,6255
CATTGCCTCCCGAAAT-1,23265,157,1611,5873
CATTGCCTCTCCATAT-1,40,15029,530,3652
CATTGTTAGACACACG-1,34,10686,673,3117
CATTGTTAGGATAATC-1,14,8137,333,2551
CATTGTTAGGCATCTT-1,31,7310,360,2203
CATTGTTAGTATAGGT-1,23,3644,323,1603
CATTGTTCAATCGCAT-1,26,5347,417,2081
CATTGTTCACCGGAAA-1,24,8425,487,2685
CATTGTTCAGAACTCT-1,38,13546,441,3672
CATTGTTCAGATCCAT-1,18,7524,380,2504
CATTGTTGTTTCGATG-1,45,12474,739,3111
CATTGTTTCGGTCACG-1,16,7706,518,2573
CATTTCAAGACTTCGT-1,26,5574,287,1903
CATTTCAAGATTGTGA-1,17,5381,340,1924
CATTTCAAGCCTTTCC-1,14,4501,245,1803
CATTTCAAGGCGCTCT-1,17063,137,1050,5059
CATTTCACAAATGAAC-1,19,6352,390,2311
CATTTCACAGCGTAGA-1,17,7189,343,2424
CATTTCACATCCGGTG-1,17,6714,394,2183
CATTTCACATCGTTCC-1,31,16801,759,4198
CATTTCAGTACCAGAG-1,35,7723,559,2579
CATTTCAGTATCCTCC-1,22,4329,166,1825
CATTTCAGTGGTCTGC-1,34,13414,776,3743
CATTTCAGTTCCATTT-1,8569,72,341,3356
CATTTCAGTTTGCAGT-1,27,4715,310,1771
CCAAGCGAGGTGCGAT-1,36,7284,474,2409
CCAAGCGCACTGTGAT-1,11,2263,117,715
CCAAGCGCAGTGCCTG-1,16669,81,906,4725
CCAAGCGGTCAGACGA-1,1168,10,0,634
CCAAGCGGTCGTCATA-1,27,12809,841,3115
CCAAGCGTCCAGCACG-1,15,6777,358,2100
CCAAGCGTCCTGTAAG-1,11,3048,232,1241
CCAATGAAGATGGTCG-1,9,5170,353,2010
CCAATGAAGGCACCAA-1,27,7445,515,2309
CCAATGACAAGTATAG-1,13484,94,953,4326
CCAATGACACAGTACT-1,20,7795,353,2435
CCAATGACAGAGATGC-1,8945,43,588,3020
CCAATGACAGCGCTTG-1,9518,38,519,3164
CCAATGATCCGCATAA-1,28,7829,481,2242
CCAATGATCCTCTTTC-1,16,5187,333,1935
CCAATGATCGCCGAGT-1,30,9774,629,2874
CCAATTTAGATCCAAA-1,33,12016,617,3516
CCAATTTAGGGTTAAT-1,14,8465,334,2831
CCAATTTAGTAGCAAT-1,12323,86,610,3995
CCAATTTCACAACCGC-1,16,10881,624,3294
CCAATTTGTAACAAGT-1,21,6754,477,2271
CCAATTTGTAAGCTCT-1,19,7287,266,2568
CCAATTTGTCATGACT-1,32,9068,451,2854
CCAATTTGTCGTCTCT-1,15,7681,402,2450
CCAATTTTCACTGCTC-1,19,7001,263,2461
CCAATTTTCGGACTTA-1,25,9303,435,2630
CCACAAAAGGATACCG-1,31,10718,739,3063
CCACAAAAGTTAGAAC-1,15,3617,138,1572
CCACAAACAAGTCGTT-1,14097,153,677,4306
CCACAAACACGCCACA-1,23,12141,522,3175
CCACAAAGTAGATGTA-1,24,5785,520,2039
CCACAAAGTGTGAGCA-1,12,3651,159,1530
CCACAAAGTTTACTGG-1,756,16,0,518
CCACAAATCAGTGGGA-1,15915,87,966,4217
CCACAAATCATTCGTT-1,6248,73,114,2484
CCACAAATCCAAAGGG-1,9714,62,562,3505
CCACAAATCCGACGGT-1,38043,162,2493,5527
CCACAAATCCTTTGAT-1,14,5435,309,1964
CCACAAATCGACCACG-1,811,11,0,560
CCACACTAGCACTAAA-1,59,17646,872,4099
CCACACTAGGCCTTGC-1,24,9344,678,3095
CCACACTAGGCTCTAT-1,20,5431,366,2151
CCACACTAGGGCGAGA-1,5,1974,272,706
CCACACTCAAACGTGG-1,3443,9,1,1418
CCACACTCAAATACAG-1,26,8140,274,2531
CCACACTCACCAGCGT-1,46,13184,761,3925
CCACACTCACTTGTGA-1,34,7953,373,2810
CCACACTCAGTGTGCC-1,16924,69,765,4752
CCACACTCATGTTCAG-1,26,8013,532,2566
CCACACTGTACGGGAT-1,9513,63,737,3302
CCACACTGTGCTATTG-1,28,8887,518,2773
CCACACTGTGCTCTCT-1,14998,99,901,4590
CCACACTTCATGTCAG-1,21,9264,565,2859
CCACACTTCCCATAAG-1,45,9739,568,2938
CCACACTTCGCGAAGA-1,24,7000,586,2279
CCACCATAGAATGTTG-1,31,8719,560,2654
CCACCATAGAGTGTTA-1,17,4694,272,1744
CCACCATCAACTCGTA-1,45,13834,860,3876
CCACCATCAAGCCCAC-1,31,10727,622,3424
CCACCATCAGCACGAA-1,67,12356,613,3827
CCACCATCATCGGAAG-1,24,5215,269,1775
CCACCATGTATGAGCG-1,14,3650,172,1568
CCACCATGTGTACAGG-1,13465,198,1097,4092
CCACCATGTTGCATAC-1,19,7745,465,2644
CCACCATTCCCATTCG-1,57,13874,767,3634
CCACCATTCGGAGTGA-1,24,7723,486,2497
CCACGAGAGAAGCTCG-1,26,8167,706,2284
CCACGAGAGTCAGGGT-1,6335,32,405,2476
CCACGAGAGTGGTTCT-1,43,6560,396,2588
CCACGAGCACAAGCTT-1,19350,129,748,5256
CCACGAGGTAACATGA-1,32471,203,2537,6485
CCACGAGGTACCAATC-1,19,7238,617,2679
CCACGAGGTATCAGCT-1,25,5792,285,1961
CCACGAGGTTAATGAG-1,127,5869,470,2212
CCACGAGGTTACCCTC-1,27,12044,636,3338
CCACGAGTCCAACACA-1,13540,74,895,4076
CCACGAGTCCTATGGA-1,1339,17,1,605
CCACGTTAGAGAGCCT-1,26,5296,546,2018
CCACGTTAGCCGAATG-1,37,9426,583,3110
CCACGTTCAAGTGCTT-1,6982,37,469,2916
CCACGTTCATGTCAGT-1,18,7339,305,2470
CCACGTTTCCGAGGCT-1,15,5713,496,1987
CCACGTTTCTCCTGAC-1,25,6242,311,2381
CCACGTTTCTTGCAGA-1,8738,52,604,3130
CCACTTGAGCTCCCTT-1,32,8398,462,2661
CCACTTGAGTCTAGCT-1,18503,120,1246,5087
CCACTTGCAAAGCACG-1,8467,52,448,3155
CCACTTGCAATGGCCC-1,20,5639,319,1990
CCACTTGCACAAGGTG-1,14,7798,288,2640
CCACTTGCATCATTTC-1,42,9315,759,2829
CCACTTGGTTCCCACT-1,30,8445,348,2787
CCACTTGGTTTGGAAA-1,16538,73,746,4107
CCACTTGTCAGGAAGC-1,36,11357,476,3087
CCACTTGTCGCTTACC-1,11120,44,508,3907
CCACTTGTCTGGACTA-1,10,6490,304,2155
CCATAAGAGGTTGACG-1,37,9061,594,2931
CCATAAGAGTGATAGT-1,19,7586,313,2519
CCATAAGCATAACTCG-1,20245,137,1280,5572
CCATAAGCATCCGTGG-1,6268,64,694,2747
CCATAAGGTTCGGTCG-1,24,7918,470,2264
CCATAAGTCAACACGT-1,23,6925,316,2409
CCATAAGTCACCTACC-1,26,7298,328,2483
CCATAAGTCGGTCACG-1,17,6924,446,2182
CCATCACAGCTACTAC-1,943,14,16,690
CCATCACAGGAATTAC-1,29,7385,616,2516
CCATCACAGTGGCCTC-1,8682,69,517,3575
CCATCACCAAGCAGGT-1,51,9618,614,3081
CCATCACGTACCTGTA-1,45,12282,728,3551
CCATCACGTACGGGAT-1,20,6346,210,2348
CCATCACGTAGGACTG-1,37,13380,634,3495
CCATCACGTCGCGTCA-1,8,3831,264,1398
CCATCACGTCTGGTTA-1,23,5885,382,2039
CCATCACGTGACGCCT-1,22,10153,510,3114
CCATCACGTTAAGGGC-1,18,10334,466,3040
CCATCACTCTGATTCT-1,66,10776,654,3581
CCATCACTCTGTGCAA-1,7210,59,515,2595
CCCAACTCAAGGATGC-1,38,8407,610,2860
CCCAACTCAATACCCA-1,25,9814,414,3319
CCCAACTGTGTGGTCC-1,24,6478,332,2205
CCCAACTTCAGTCTTT-1,8342,45,308,3146
CCCAACTTCCGTAATG-1,23,5206,262,2155
CCCATTGAGACGGTTG-1,19,4493,267,1717
CCCATTGCAACTCCAA-1,18151,120,849,4736
CCCATTGCACAGCCAC-1,15,8753,330,2511
CCCATTGCATCGTGGC-1,8,4183,376,1689
CCCATTGGTGTCCACG-1,29,12208,490,3284
CCCATTGTCATAGACC-1,17116,142,1406,4738
CCCATTGTCCCGTAAA-1,22,9287,490,2924
CCCATTGTCCGTATGA-1,27,10837,862,3066
CCCATTGTCGCTGTCT-1,14,4923,241,1768
CCCGAAGAGACGCAGT-1,7786,47,438,2834
CCCGAAGAGCCGTAAG-1,17595,45,738,3973
CCCGAAGAGGGCAACT-1,9188,60,410,3058
CCCGAAGCAAGCAGGT-1,23402,141,1432,5575
CCCGAAGCAAGCCTGC-1,44,12255,725,3632
CCCGAAGCACGCTGTG-1,21130,8603,1939,7631
CCCGAAGCAGCGCGTT-1,13,6001,371,1920
CCCGAAGCAGGACATG-1,16,8147,491,2462
CCCGAAGGTATGTCTG-1,9344,93,493,3838
CCCGAAGGTGTAAACA-1,32,11800,667,3249
CCCGAAGTCCACGTCT-1,25,10904,496,3109
CCCGAAGTCCCGAAAT-1,16,5467,161,1998
CCCGGAAAGAGCGACT-1,8836,31,285,2980
CCCGGAAAGCTCGCAC-1,7640,47,661,2806
CCCGGAAAGCTTCATG-1,22,6766,591,2129
CCCGGAACAAGATGGC-1,26,7959,656,2515
CCCGGAACAATCAAGA-1,25,7145,351,2519
CCCGGAACACAATTCG-1,23,5739,438,1899
CCCGGAAGTCGTGATT-1,15,5432,292,2007
CCCGGAAGTCGTGCCA-1,4,5176,319,1765
CCCGGAAGTGAACCGA-1,30,6798,414,2186
CCCGGAAGTTACACTG-1,6603,73,453,2815
CCCGGAATCGCAGATT-1,6879,32,382,2825
CCCTAACAGGTCCTGC-1,5382,54,564,2613
CCCTAACCAGGGAGAG-1,7,3799,261,1483
CCCTAACTCTCATTGT-1,36,6752,348,2513
CCCTCAAAGAGCATAT-1,17,7047,662,2270
CCCTCAAAGAGGGCGA-1,27,6158,421,2131
CCCTCAAAGCGCCTTG-1,15,4292,231,1726
CCCTCAAAGGCTAAAT-1,5784,62,529,2165
CCCTCAACAAGGCTTT-1,56,13085,826,3996
CCCTCAACACACTGGC-1,15,9174,432,2831
CCCTCAACACCTCAGG-1,11476,58,706,3684
CCCTCAACAGTGGCTC-1,18,4937,456,2026
CCCTCAAGTAATTGGA-1,16,4535,209,1578
CCCTCAAGTATGGAAT-1,33,9521,547,3003
CCCTCAAGTCAGTCGC-1,29,8756,431,2763
CCCTCAAGTCCACAGC-1,9,3967,221,1642
CCCTCAAGTGGTAACG-1,19,4973,289,1771
CCCTCAAGTTGTTGCA-1,14,5186,707,2046
CCCTCAAGTTTCGTAG-1,20,4590,340,1690
CCCTCAATCCATTTCA-1,26,13142,578,3553
CCCTCAATCGGTGCAC-1,13021,85,810,4042
CCCTCAATCTGGGCAC-1,16,7525,457,2583
CCCTCTCAGCAAGCCA-1,32,10433,425,3240
CCCTCTCAGTGGAATT-1,29,11247,615,3311
CCCTCTCCAGCCGTCA-1,20483,8707,1370,7802
CCCTCTCGTGCTAGCC-1,11084,56,595,3955
CCCTCTCGTGGACCAA-1,30,9405,613,2923
CCCTCTCGTGGTACAG-1,24,7273,477,2251
CCCTCTCGTTAATGAG-1,15616,101,875,4902
CCCTCTCTCAAGTGTC-1,22,6349,537,2167
CCCTCTCTCAGATGCT-1,44,8740,631,3001
CCCTCTCTCATACGAC-1,76,21103,1300,4738
CCCTCTCTCTTTCCGG-1,22,4734,329,1864
CCCTGATAGACTGGGT-1,3170,31,144,1429
CCCTGATAGAGTGTTA-1,52,10365,741,3099
CCCTGATAGGCCTTCG-1,16,4715,308,1875
CCCTGATCAAGCGCTC-1,33,17259,791,4056
CCCTGATGTCCAAATC-1,8892,55,319,3183
CCCTGATTCACCTACC-1,41,8309,405,2987
CCCTGATTCACGACTA-1,28,9547,435,2934
CCCTGATTCACTCTTA-1,30,6222,402,2201
CCCTTAGAGAAGGTAG-1,20,6320,351,2332
CCCTTAGAGAGTACCG-1,6932,35,524,2712
CCCTTAGAGAGTATAC-1,56,8530,573,3006
CCCTTAGCAAGAGAGA-1,16220,124,1017,4834
CCCTTAGCATCTCGTC-1,23,8992,445,2732
CCCTTAGGTCGTTATG-1,25,8209,421,2488
CCCTTAGGTCTACAGT-1,45,16495,1063,3818
CCCTTAGGTGAGATTA-1,44,17037,860,4039
CCCTTAGGTTGACTGT-1,5870,34,279,2299
CCGAACGCAATGCAGG-1,28,14492,764,3768
CCGAACGCACATTCTT-1,13,6204,541,2054
CCGAACGGTATATGGA-1,14,4634,331,1696
CCGAACGGTCCGTTTC-1,8879,57,507,3401
CCGAACGGTCTGTGAT-1,28,7792,554,2408
CCGAACGTCAGCAGAG-1,8830,40,699,3021
CCGAACGTCCAAATGC-1,10502,76,614,3425
CCGAACGTCCATCTGC-1,13,5668,420,1831
CCGATCTAGCCGGATA-1,7260,44,559,2589
CCGATCTAGGCCCACT-1,27,7398,536,2652
CCGATCTCAACTGTGT-1,5331,46,435,2341
CCGATCTCAGCGGTCT-1,16,4766,359,1833
CCGATCTGTATCCTTT-1,25,4779,344,1854
CCGATCTGTCCTTAAG-1,21345,134,1459,5211
CCGATCTGTGCCGGTT-1,6,4541,276,1729
CCGATCTTCAAGCCCG-1,38,15383,739,3733
CCGATCTTCACGAGGA-1,52,12514,677,3495
CCGATCTTCAGCTTCC-1,22,6381,410,2051
CCGATCTTCCCGAATA-1,24,4254,372,1793
CCGATGGAGAAGAGCA-1,13,2925,230,1242
CCGATGGAGGCTCACC-1,31,8954,321,2862
CCGATGGAGTCTGCGC-1,35,11029,550,3262
CCGATGGGTCGCGTTG-1,11,6242,394,1915
CCGATGGTCGTGCTCT-1,15,4765,356,1851
CCGATGGTCTCGGGAC-1,28,9366,705,2848
CCGCAAGAGATGACAT-1,25,6782,382,2331
CCGCAAGCAGACCGCT-1,26,7986,583,2633
CCGCAAGCAGAGGCTA-1,27,9433,588,2972
CCGCAAGCAGTAGAGC-1,10945,10036,1284,6529
CCGCAAGCATTCATCT-1,52,17153,776,4258
CCGCAAGGTATAGCTC-1,24,5393,495,2001
CCGCAAGTCCACACCT-1,30,10323,586,3072
CCGGACAAGTCCGTCG-1,30101,171,1538,5698
CCGGACACAAACCGGA-1,2151,15,2,1023
CCGGACACACGTCTCT-1,31,8069,789,2630
CCGGACACAGAGATTA-1,3,1632,31,499
CCGGACACAGGGTTGA-1,9811,53,736,3543
CCGGACAGTGCCCAGT-1,21,7279,382,2378
CCGGGTAAGATTGATG-1,20,5785,391,1895
CCGGGTACATCACGGC-1,20,9378,471,2708
CCGGGTAGTCCATAGT-1,827,12,1,443
CCGGGTAGTGATACAA-1,17,4365,247,1504
CCGGGTAGTGCATTAC-1,22,7654,482,2575
CCGGGTATCATGGTAC-1,40,10956,598,3284
CCGGGTATCCGATGCG-1,27,7452,523,2724
CCGGGTATCTGCGAGC-1,27,8739,480,2583
CCGGTAGAGGCCTGAA-1,4415,27,440,1838
CCGGTAGAGGGAGGAC-1,20,5221,489,1915
CCGGTAGAGTATAGAC-1,7337,62,513,2945
CCGGTAGCAAGTCCCG-1,19,8303,664,2459
CCGGTAGCAGCAGTCC-1,25,8327,533,2692
CCGGTAGGTTCAAGTC-1,29,8066,641,2552
CCGGTAGTCCAACTGA-1,33,7294,577,2827
CCGGTAGTCCTTCAGC-1,28,6895,418,2367
CCGGTAGTCGCGTCGA-1,7,3596,269,1391
CCGGTGAAGCAAGTCG-1,9680,55,631,3110
CCGGTGAAGCCACAAG-1,15,5481,454,2010
CCGGTGAAGTGCCAGA-1,25,9974,506,3111
CCGGTGACAGCTACAT-1,22563,117,1188,5458
CCGGTGACATTGAGGG-1,9784,53,647,3387
CCGGTGAGTCCTTAAG-1,25,7717,540,2432
CCGGTGAGTGTCGATT-1,6674,22,521,2452
CCGGTGATCCTACTGC-1,21,5768,433,2021
CCGTAGGAGAGTACCG-1,19,10105,754,2837
CCGTAGGAGGTAGCAC-1,20,5337,376,2045
CCGTAGGCATGACACT-1,29,8212,427,2832
CCGTAGGGTACTGTTG-1,19836,107,1626,5154
CCGTAGGTCAACTGGT-1,10398,58,701,3710
CCGTAGGTCAGCCTTC-1,21,6381,556,2341
CCGTAGGTCCTCAGGG-1,13,6249,339,2153
CCGTAGGTCTACGCGG-1,8620,64,578,3216
CCGTGAGAGCGAAACC-1,29,10791,410,3293
CCGTGAGCAAATAGCA-1,14091,92,1040,4468
CCGTGAGCAATGAGCG-1,12,5972,245,1857
CCGTGAGGTACGGCAA-1,13564,675,1175,4158
CCGTGAGGTAGTCGGA-1,13,4204,399,1465
CCGTGAGGTGAGGCAT-1,22,6538,663,2238
CCGTGAGTCTTCTGTA-1,8,3311,253,1398
CCGTTCAAGTGTACCT-1,12,5676,400,1933
CCGTTCAAGTTCGGTT-1,15461,84,1032,4356
CCGTTCACAACACACT-1,35,9984,612,3275
CCGTTCACAATTTCGG-1,22,6524,489,2281
CCGTTCAGTACTCGTA-1,25,4794,272,1878
CCGTTCAGTGCCTGAC-1,13240,77,670,4229
CCGTTCAGTTGTCAGT-1,7086,6713,578,5420
CCGTTCAGTTTCGTTT-1,19,4162,287,1763
CCGTTCATCATTGGTG-1,41,8464,534,2829
CCGTTCATCGATACTG-1,19744,230,968,5172
CCGTTCATCGCTACGG-1,11,3705,424,1507
CCGTTCATCGGTCTAA-1,2818,24,374,1525
CCTAACCAGGTACAAT-1,31,10804,510,3206
CCTAACCCACTTCAGA-1,30,5726,313,2213
CCTAACCTCACGATCA-1,22,6184,407,2165
CCTAACCTCCGACAGC-1,19,7188,345,2496
CCTAACCTCGGAGTGA-1,8678,71,584,3290
CCTAAGAAGAATCGAT-1,8199,78,722,2897
CCTAAGAAGAGTTGCG-1,47,9631,817,3005
CCTAAGAAGCGCCATC-1,14,5657,267,1982
CCTAAGAAGCTAAATG-1,10817,108,818,3717
CCTAAGACAACGCATT-1,33,6214,428,2075
CCTAAGACAGTCACGC-1,23,6199,343,2326
CCTAAGACAGTTTCAG-1,35,6818,459,2393
CCTAAGACATAGTCGT-1,8805,78,626,3148
CCTAAGACATCAGTCA-1,6942,43,469,2702
CCTAAGAGTAAGATCA-1,12,5904,435,1953
CCTAAGAGTATACCTG-1,28,6347,603,2075
CCTAAGAGTCATAGTC-1,51,13166,774,3476
CCTAAGAGTCCGATCG-1,16,5092,384,1957
CCTAAGAGTCTACACA-1,18,5702,362,2116
CCTAAGAGTGAATTGA-1,47,13907,622,3594
CCTAAGATCAAATGAG-1,14,3869,252,1582
CCTAAGATCAAGCCGC-1,14,5804,425,2070
CCTAAGATCCAAGGGA-1,36,10532,507,3082
CCTAAGATCCATTGCC-1,7930,55,445,2925
CCTACGTAGACATGCG-1,7188,73,530,2799
CCTACGTAGCTGAAAT-1,52,8617,591,2969
CCTACGTAGGTAGTCG-1,188,5011,433,1809
CCTACGTCAGTTGTTG-1,51,11226,750,3172
CCTACGTGTCAGTTTG-1,18,3284,272,1437
CCTACGTTCAAATGAG-1,20,5756,484,1963
CCTACGTTCACTTATC-1,20,7385,666,2474
CCTACGTTCATGGTAC-1,54,9494,676,3020
CCTACGTTCCGTGACG-1,17,6530,487,2169
CCTACGTTCTGACGCG-1,21,5596,485,1999
CCTATCGAGCAACAGC-1,15,6216,453,2160
CCTATCGCACTTTAGG-1,25,8086,447,2620
CCTATCGGTAAGCTCT-1,19,7778,539,2255
CCTATCGGTGGACCAA-1,14,7952,524,2373
CCTCAACAGACGTCGA-1,9,4922,316,1759
CCTCAACAGGGCGAAG-1,18,6435,280,2366
CCTCAACGTCGCATTA-1,44,10350,734,3142
CCTCAACGTGCCTGCA-1,34,9354,590,2872
CCTCAACGTGTTCAGT-1,14030,72,713,4032
CCTCAACTCAGTCTTT-1,1327,16,0,685
CCTCAACTCGCGCTGA-1,30,12901,1034,3346
CCTCAACTCTAAGGAA-1,28,6399,358,2250
CCTCAACTCTAGGCAT-1,32,9326,414,3023
CCTCACAAGTCATCGT-1,7597,53,628,2916
CCTCACACAGGACAGT-1,11471,75,569,3893
CCTCACAGTGGACAGT-1,7532,48,251,2987
CCTCACATCGTAACAC-1,20,6939,444,2325
CCTCACATCTCGTCAC-1,31,7170,486,2376
CCTCACATCTTACGGA-1,28,11228,587,3115
CCTCAGTAGATGCTGG-1,1225,15,1,706
CCTCAGTGTCCAGCCA-1,26193,116,1617,5899
CCTCAGTGTCTGTCCT-1,12,7447,339,2374
CCTCAGTGTGGTCTCG-1,24,4955,279,2145
CCTCAGTTCAATCGGT-1,28,8023,610,2450
CCTCAGTTCCTAACAG-1,5523,45,350,2498
CCTCATGAGATGGCGT-1,9321,64,370,3702
CCTCATGCACAATGTC-1,20,10636,489,3093
CCTCATGCATTAGGCT-1,35,8253,596,2616
CCTCATGGTAATTAGG-1,19,2737,253,1288
CCTCATGGTGTCGATT-1,29,7023,528,2267
CCTCATGTCAAACGTC-1,23,5865,349,2040
CCTCATGTCGGTTGTA-1,10,5158,436,1847
CCTCATGTCTCATAGG-1,26,9898,539,2844
CCTCCAAAGGAGTATT-1,30,6285,387,2251
CCTCCAACAAGGTCGA-1,24,4330,286,1700
CCTCCAAGTCGGATTT-1,16,5781,457,2007
CCTCCAAGTGGAAGTC-1,19256,171,1289,5230
CCTCCAAGTTCCGTTC-1,42,7634,538,2682
CCTCCAAGTTCGGTAT-1,9,4025,254,1553
CCTCCAAGTTGGCTAT-1,28,7893,447,2930
CCTCCAATCACTCTTA-1,34,13389,621,3712
CCTCCTCAGTTGGCGA-1,21,6383,380,2403
CCTCCTCCACATTCTT-1,3111,13,9,1312
CCTCCTCGTCATCGGC-1,10548,111,766,3935
CCTCCTCGTTATTCCT-1,8938,57,326,3415
CCTCCTCGTTGAATCC-1,8440,69,599,3141
CCTCCTCTCAGAGTTC-1,6,1679,114,369
CCTCCTCTCCGCGAGT-1,17,7173,372,2305
CCTCTAGAGAGTTGAT-1,34,8920,588,2611
CCTCTAGAGTCTAACC-1,22,8021,433,2707
CCTCTAGCATATCTCT-1,19,4892,252,2017
CCTCTAGTCAGAGCGA-1,28,8238,469,2476
CCTCTAGTCCACGAAT-1,28,9868,471,3101
CCTCTCCAGACGTCCC-1,18,8040,447,2609
CCTCTCCCAACACGAG-1,11,4914,417,1895
CCTCTCCGTATGACAA-1,19,7230,572,2522
CCTCTCCGTTCCAAAC-1,38,12097,561,3373
CCTCTCCTCATGCCGG-1,29,12721,482,3427
CCTCTCCTCCATGAGT-1,37,8252,430,2782
CCTCTCCTCGAACTCA-1,49,12746,551,3636
CCTCTCCTCGGTATGT-1,25,6965,523,2506
CCTGCATAGAAGGCTC-1,15580,113,674,4766
CCTGCATAGTGCACCC-1,700,9,3,500
CCTGCATCAAACGTGG-1,17,8060,323,2711
CCTGCATCACCGCTAG-1,14,8585,532,2654
CCTGCATCAGATACCT-1,20,4910,337,1836
CCTGCATGTAGACGGT-1,46,11484,567,3335
CCTGCATGTGTCTTAG-1,8112,48,416,2907
CCTGCATGTTGTATGC-1,9398,46,528,3225
CCTGCATTCTAAGCCA-1,34,7340,452,2419
CCTGCATTCTACCTTA-1,16966,122,1009,5160
CCTGCATTCTAGTGTG-1,19,9951,637,2691
CCTGCATTCTCAGAAC-1,10194,7568,687,5721
CCTGTTGAGCTTAAGA-1,21,5131,302,1865
CCTGTTGAGTACAGAT-1,10490,70,580,3582
CCTGTTGAGTCTGTAC-1,13860,9816,1007,6679
CCTGTTGCACAGCTTA-1,12541,91,751,4067
CCTGTTGCAGCCGGTT-1,42,9321,593,3329
CCTGTTGGTACGGATG-1,542,6,3,352
CCTGTTGGTCTACAAC-1,27,7029,389,2344
CCTGTTGGTTACACAC-1,23,8632,458,2885
CCTTCAGCACCGAATT-1,18,7040,413,2393
CCTTCAGCACGAAGAC-1,784,6,0,462
CCTTCAGCACTCCACT-1,28,8678,578,2869
CCTTCAGCATATTCGG-1,34,5024,423,1878
CCTTCAGTCCGGTAAT-1,12,4457,343,1760
CCTTCAGTCCTGTTAT-1,10,4250,352,1674
CCTTCAGTCTCCGAAA-1,14567,78,816,4565
CCTTGTGAGAGTCTTC-1,21,4414,257,1539
CCTTGTGAGTTGAAAC-1,45,14984,921,3847
CCTTGTGGTACTCGCG-1,11903,84,862,4251
CCTTGTGGTTGGGACA-1,10,4101,343,1610
CCTTGTGTCGCTACAA-1,44,12830,735,3399
CCTTTGGAGGTCACTT-1,16750,103,1154,4596
CCTTTGGAGGTTAAAC-1,26,3977,285,1599
CCTTTGGAGTGGACGT-1,15238,3688,1368,6044
CCTTTGGAGTTACGAA-1,26,7713,613,2416
CCTTTGGCACTACACA-1,58,24495,864,4758
CCTTTGGCACTTACAG-1,12,5265,347,1948
CCTTTGGCATTGTGCA-1,15,3626,225,1408
CCTTTGGGTATGTCCA-1,20,7371,275,2389
CCTTTGGGTGACACAG-1,9409,46,551,3259
CCTTTGGGTGACTCTA-1,14712,126,913,4448
CCTTTGGGTTCGATTG-1,23242,97,1835,5627
CGAAGGAAGTGTTCAC-1,61,12916,748,3790
CGAAGGAAGTTCTACG-1,25,7188,473,2404
CGAAGGAGTTACACAC-1,26,5265,525,1998
CGAAGGAGTTTCGATG-1,17,5930,437,1865
CGAAGGATCTAAGCCA-1,25,6532,374,2016
CGAAGTTAGGTCCAGA-1,26,9249,572,2849
CGAAGTTAGGTGATCG-1,40,9118,1011,2862
CGAAGTTCAAGTATCC-1,28,9417,494,2984
CGAAGTTCACCATAAC-1,60,6836,327,2364
CGAAGTTGTACATACC-1,33,7823,531,2843
CGAAGTTGTAGTTAGA-1,8987,72,728,3230
CGAAGTTGTGTCCAAT-1,25,8340,587,2529
CGAAGTTGTTCAGCGC-1,14,6167,332,2175
CGAAGTTTCTATTTCG-1,11,5462,381,2021
CGAATTGAGAAACCCG-1,18,7253,353,2179
CGAATTGAGAGCGACT-1,15,4926,320,1832
CGAATTGAGGATTACA-1,51,11489,629,3258
CGAATTGAGGGACACT-1,1431,6,0,718
CGAATTGAGTTGAAGT-1,27,8329,493,2348
CGAATTGCACCGCTGA-1,3533,15,0,1177
CGAATTGCAGCACAAG-1,13295,5702,791,6076
CGAATTGGTAAGATCA-1,32,9724,584,2918
CGAATTGGTTCTAAGC-1,37,14460,568,3588
CGAATTGTCGACCAAT-1,29,7957,494,2478
CGACAGCCACCAGTTA-1,2438,12,1,1254
CGACAGCCACCGTGCA-1,4777,15,270,1082
CGACAGCCAGCTCATA-1,20,5742,349,2205
CGACAGCGTACTAGCT-1,21,6971,474,2202
CGACAGCGTATCCCAA-1,14,4548,316,1751
CGACAGCGTCAAGCCC-1,32,7305,642,2200
CGACAGCGTGTGTGTT-1,19,7813,339,2487
CGACAGCTCCGGCAGT-1,12644,96,881,4009
CGACAGCTCCTCAGGG-1,42,10884,711,3346
CGACAGCTCGCCAATA-1,22,10395,625,3127
CGACAGCTCGCCGTGA-1,33,7614,390,2507
CGAGAAGAGAGTGTGC-1,28,9529,586,2930
CGAGAAGCATAATGCC-1,18,6708,367,2013
CGAGAAGCATCAGTCA-1,18,4435,293,1658
CGAGAAGGTACCGTGC-1,28,10989,587,2998
CGAGAAGGTCAGGTGA-1,30,7763,972,2365
CGAGAAGGTCCTCAGG-1,46,13357,634,3585
CGAGAAGGTCGAGTTT-1,4,2679,121,665
CGAGAAGGTCTTCAAG-1,14,4711,395,1807
CGAGAAGGTGCATTTG-1,48,12375,851,3420
CGAGAAGGTTATGTGC-1,11994,57,788,3400
CGAGAAGTCACACGAT-1,26,5901,357,2033
CGAGAAGTCACATTGG-1,42,13503,899,3832
CGAGGAAAGATTAGAC-1,29,10682,541,3021
CGAGGAAAGATTGGGC-1,45,9256,558,2741
CGAGGAAAGTATAGAC-1,10271,90,637,3349
CGAGGAACAAAGGGCT-1,3003,22,175,1426
CGAGGAACACTCATAG-1,32,13114,778,3352
CGAGGAACATGGGATG-1,13223,84,835,3718
CGAGGAAGTACCTGTA-1,29,6541,525,2083
CGAGGAAGTACGACAG-1,13,8424,354,2377
CGAGGAAGTCGCAACC-1,59,8942,239,2527
CGAGGAAGTGATTGGG-1,7948,56,687,2894
CGAGGAATCGCCAACG-1,15039,8865,2298,6789
CGAGGAATCTCGAACA-1,14,5839,365,2227
CGAGGCTAGTCTACCA-1,20,8235,576,2504
CGAGGCTCAAGGAGTC-1,13156,11132,1545,7267
CGAGGCTCAAGTTTGC-1,14731,94,995,4301
CGAGGCTCACATTCGA-1,8667,55,685,3133
CGAGGCTCACGGTGAA-1,22,7315,634,2159
CGAGGCTCAGAGTTCT-1,53,15800,778,3960
CGAGGCTCAGTCGCAC-1,33,8265,598,2742
CGAGGCTCATCACGGC-1,69,19549,1293,4819
CGAGGCTGTACCCAGC-1,53,13233,794,3607
CGAGGCTGTTCATCGA-1,9,6944,405,2365
CGAGGCTGTTTGGAGG-1,5563,62,878,2501
CGAGGCTTCCCAGCGA-1,54,11554,794,3805
CGAGTGCAGTCAGCGA-1,26,5891,670,1936
CGAGTGCCAGGATCTT-1,23,6508,477,2270
CGAGTGCCAGTATACC-1,17,7281,409,2282
CGAGTGCCATGAAGGC-1,516,21,11,392
CGAGTGCCATGAGAAT-1,44,8382,628,2569
CGAGTGCGTGTTCCAA-1,16064,122,1330,4660
CGAGTGCGTTCAAGTC-1,14137,79,1122,4043
CGAGTGCTCAGACCCG-1,13886,73,667,4094
CGAGTGCTCCATCGTC-1,25,12180,557,3157
CGAGTGCTCGAGCCTG-1,24,8296,420,2403
CGAGTGCTCTGAATGC-1,5154,55,307,2086
CGAGTTAAGACCATTC-1,15861,98,1268,4550
CGAGTTAAGATTACCC-1,34,5490,513,2051
CGAGTTAAGGACGGAG-1,10,6697,582,1981
CGAGTTAAGGGATGTC-1,22,5584,400,2019
CGAGTTAGTGGACTGA-1,2448,26,403,1319
CGAGTTAGTGTATCCA-1,17,4554,246,1679
CGAGTTATCACCTGTC-1,14,5374,373,1805
CGAGTTATCCACCCTA-1,53,10806,1006,3142
CGAGTTATCGAGCTGC-1,17,6987,260,2219
CGATCGGAGTGTTGAA-1,74,5932,325,2365
CGATCGGAGTTGGAGC-1,9358,43,583,3278
CGATCGGCAAAGACGC-1,12969,63,1151,3953
CGATCGGCAGCGCGTT-1,10,3457,228,1405
CGATCGGGTCATCCCT-1,20,5245,317,2022
CGATGCGAGTGCACAG-1,2887,18,227,1087
CGATGCGAGTGGAAAG-1,7221,38,693,2716
CGATGCGAGTTTGCTG-1,17,7195,596,2356
CGATGCGCAAATCAAG-1,15074,80,993,4020
CGATGCGCAAGATCCT-1,39,12014,1008,3382
CGATGCGGTCATGGCC-1,19,10488,797,3104
CGATGCGGTCGATTTG-1,34,9973,663,2902
CGATGCGTCATGCCAA-1,10047,52,1057,3050
CGATGCGTCGAACGCC-1,10,5714,462,1607
CGATGCGTCTCCGAAA-1,31,15512,584,3449
CGATGGCAGACTACGG-1,24,8562,581,2081
CGATGGCAGCCAGTAG-1,10254,69,952,3553
CGATGGCAGGCCTAAG-1,14289,85,866,4005
CGATGGCAGGGTTAAT-1,10792,56,571,3308
CGATGGCAGTGGTCAG-1,14126,85,1032,4051
CGATGGCGTAACCCGC-1,11,4718,390,1721
CGATGGCGTCCAGCAC-1,13,5829,316,2024
CGATGGCTCATTCGGA-1,23,9423,602,2874
CGCAGGTAGAATCGTA-1,24,6234,521,1974
CGCAGGTAGCGTACAG-1,37,9937,753,2980
CGCAGGTAGGTCGTAG-1,17,5182,424,1788
CGCAGGTCATTATGCG-1,4267,12307,200,4794
CGCAGGTGTATCGCGC-1,14,7926,462,2325
CGCAGGTGTCCAATCA-1,10375,58,454,3563
CGCAGGTGTTACAGCT-1,9231,57,501,3444
CGCAGGTTCCACGTCT-1,19369,126,851,5334
CGCAGGTTCCCAAGCG-1,10603,75,1268,3693
CGCAGGTTCGAGAATA-1,24,8660,524,2466
CGCATAAAGCGTCTGC-1,12,4618,247,1733
CGCATAACAATAACGA-1,35,10886,586,3129
CGCATAACAATTAGGA-1,37,6789,393,2436
CGCATAACAGCTGCCA-1,35,8493,493,2846
CGCATAAGTCGAACGA-1,26,5862,714,1908
CGCATAATCCTATGGA-1,15,6166,629,2089
CGCATAATCTGAATGC-1,14,5760,319,2044
CGCATGGAGCCGATCC-1,9194,82,33,3833
CGCATGGAGGTGCCTC-1,41,9339,473,2828
CGCATGGCAAACTAAG-1,41,14112,797,3524
CGCATGGCAAATAAGC-1,46,11097,715,3134
CGCATGGCAATCCTTT-1,36,13113,465,3491
CGCATGGCATGCTGCG-1,15,7512,306,2332
CGCATGGGTAAGTCAA-1,12267,71,974,3754
CGCATGGGTAGAAACT-1,16,6146,503,2094
CGCATGGGTCTTGAGT-1,10442,65,524,3439
CGCATGGGTGCAGTGA-1,14392,68,632,4084
CGCCAGAAGAGTGACC-1,26,4907,613,1870
CGCCAGAAGCACCAGA-1,31,6221,364,1888
CGCCAGAAGTCACGAG-1,8509,44,564,3092
CGCCAGACAAACTGCT-1,36292,195,2343,6927
CGCCAGACACAAGTGG-1,29,12242,1069,3126
CGCCAGACACCAATTG-1,13527,90,513,4192
CGCCAGAGTCTGTGTA-1,9096,52,677,3153
CGCCAGATCGTAGCTA-1,58,5225,362,2032
CGCCAGATCTCCGTGT-1,9577,52,487,3152
CGCCAGATCTGCGTCT-1,8913,53,552,3324
CGCCAGATCTTACGGA-1,24,6442,390,2329
CGCCATTAGCTTTGTG-1,14,6898,350,2213
CGCCATTCACGATAGG-1,11,4897,346,1948
CGCCATTCAGAGCTAG-1,17,8055,735,2412
CGCCATTCAGGCGAAT-1,15,8222,479,2247
CGCCATTCATTGTAGC-1,22,5479,282,2046
CGCCATTGTATACCCA-1,19,4833,251,1755
CGCCATTGTGGGCTTC-1,15187,91,895,4604
CGCCATTTCGCGTGCA-1,10294,51,573,3549
CGCGTGAAGACGACGT-1,8018,20,2,2182
CGCGTGAAGCATCGAG-1,42,11104,724,3110
CGCGTGAAGGAACGTC-1,30,6479,429,2268
CGCGTGAAGGTAGCAC-1,4343,26,2,1634
CGCGTGACACGATTCA-1,43,11754,738,3430
CGCGTGACAGTGGGTA-1,6,1142,313,637
CGCGTGAGTTACGTAC-1,23,8385,700,2703
CGCGTGAGTTCTAAGC-1,8,8226,372,2575
CGCGTGAGTTTGGCTA-1,2659,18,4,1181
CGCGTGATCCAACTGA-1,8,2211,12,540
CGCGTGATCTATCCAT-1,34,1959,110,1125
CGGAACCAGAGTTGTA-1,589,4,2,400
CGGAACCCACATATGC-1,10058,55,1113,3217
CGGAACCCACCCTAAA-1,17816,13927,1201,7765
CGGAACCCAGATCCTA-1,17089,90,438,4441
CGGAACCCAGTGTACT-1,17,5870,378,1972
CGGAACCGTACGTACT-1,16071,77,784,4100
CGGAACCGTCGGAACA-1,21,6308,523,2120
CGGAATTAGCCGATAG-1,25,6416,434,2056
CGGAATTAGGTGCCTC-1,3908,38,738,2002
CGGAATTCAGAGTGTG-1,10431,68,373,3867
CGGAATTCATCATCTT-1,35,9069,642,2652
CGGAATTGTCCATAGT-1,48,12788,772,3448
CGGAATTGTGGTCTAT-1,45,13644,821,3450
CGGAATTTCCGTGCGA-1,32,13981,442,3365
CGGAATTTCGTGGGAA-1,61,13333,1027,3533
CGGACACAGCAACCAG-1,30,7894,490,2325
CGGACACAGCCGTTAT-1,36,13774,683,3394
CGGACACAGGAATGTT-1,22,8140,339,2683
CGGACACAGTTGCGAG-1,9718,43,786,3198
CGGACACCACCAGCTG-1,42,12924,726,3718
CGGACACCACTAGGTT-1,7063,52,485,2499
CGGACACCAGAGTCAG-1,8958,42,628,3207
CGGACACCATACAGAA-1,7030,36,200,2906
CGGACACGTAGGACTG-1,27,6787,566,2430
CGGACACGTAGTCCTA-1,39,6460,383,2077
CGGACACGTCTACAGT-1,31,11476,663,3036
CGGACACGTGCATCTA-1,12352,67,482,3880
CGGACACTCCTGGTCT-1,4504,51,850,2384
CGGACACTCTACACTT-1,17479,5951,1877,7210
CGGACACTCTCGCGTT-1,20,6727,529,2219
CGGACACTCTGGTGGC-1,33,11710,688,3356
CGGAGAAAGGCTATCT-1,21,6879,378,2143
CGGAGAAAGTAGTCCT-1,39,11181,721,2939
CGGAGAACAATTCGTG-1,29,9484,665,2741
CGGAGAACAGGACGAT-1,20,7357,569,2424
CGGAGAACAGTGTGCC-1,29,7794,707,2508
CGGAGAAGTACAAACA-1,27,9590,798,2881
CGGAGAAGTATGAAGT-1,7107,46,464,2705
CGGAGAATCCAAAGGG-1,22,7227,633,2297
CGGAGAATCTGCTTTA-1,25,9076,539,2632
CGGCAGTAGCACTAAA-1,25,5753,359,1964
CGGCAGTAGCCAAGCA-1,1104,8,17,503
CGGCAGTAGCGTGTCC-1,19,5968,409,2113
CGGCAGTCAAGGAGTC-1,11868,92,646,3820
CGGCAGTCAATTGCCA-1,21,8476,558,2510
CGGCAGTCAGCTTCGG-1,26,6073,619,2168
CGGCAGTCATCGCTCT-1,13313,63,746,4262
CGGCAGTGTACTAACC-1,28,10427,450,2861
CGGCAGTGTCAGGTGA-1,24,11727,447,3121
CGGCAGTGTCCACAGC-1,28,9676,615,2874
CGGCAGTGTTCTCAGA-1,11277,58,887,3427
CGGCAGTTCAGCGTCG-1,11,3244,274,1315
CGGCAGTTCCACGTGG-1,32,13135,860,3634
CGGCAGTTCGACCATA-1,56,11295,744,3462
CGGCAGTTCTGAACGT-1,17,7125,367,2226
CGGGACTCAACAGCCC-1,28,8873,657,2714
CGGGACTCAGACTCTA-1,29,6843,308,2266
CGGGACTCATACCACA-1,48,10925,785,3054
CGGGACTGTAGAAACT-1,18,5313,310,1795
CGGGACTGTATCGCAT-1,18338,78,958,4594
CGGGCATAGTATTAGG-1,4218,36,913,2008
CGGGCATCACATCCCT-1,24,7920,418,2419
CGGGCATCACGTCGTG-1,47,4115,331,1706
CGGGCATCACTTCAGA-1,11493,77,597,3695
CGGGCATCATCCGATA-1,39,12067,922,3376
CGGGCATGTTCTCCTG-1,17,7582,378,2556
CGGGCATTCACGAGGA-1,14,6051,428,2112
CGGGCATTCATGAGTC-1,24,8440,463,2924
CGGGCATTCTGAGTCA-1,38,7729,527,2580
CGGGTCAAGAGTGAAG-1,19,5396,196,1921
CGGGTCAAGTGCTCAT-1,73,10483,736,3022
CGGGTCAGTTAGGGTG-1,36,12165,747,3531
CGGGTCAGTTGAGTCT-1,20,8272,555,2535
CGGGTCATCAAGCCAT-1,48,8533,687,2673
CGGGTCATCTAGTGAC-1,28,7709,618,2321
CGGGTCATCTGAGGCC-1,43,11170,709,3424
CGGGTCATCTTCACAT-1,6895,17385,950,6549
CGGGTGTAGACGGTCA-1,16,4248,264,1636
CGGGTGTCAGGTAGTG-1,25,14715,639,3526
CGGGTGTGTACTGAGG-1,15,4719,397,1790
CGGGTGTGTTCCATTT-1,14668,123,967,4236
CGGGTGTGTTTGCAGT-1,8224,74,438,2887
CGGGTGTTCCGCTAGG-1,33,10516,796,3079
CGGGTGTTCGACCCAG-1,38,15075,1208,3745
CGGTCAGCAGACATCT-1,27,6622,425,2259
CGGTCAGGTACTGAGG-1,12,6613,381,2055
CGGTCAGGTGAGTAGC-1,24,6200,672,2075
CGGTCAGGTTAGGCCC-1,24,10207,567,3109
CGGTCAGTCATCACCC-1,32,11332,512,3307
CGGTCAGTCCACTAGA-1,17,6082,354,2080
CGGTCAGTCCTCAGGG-1,14,6583,496,2279
CGTAAGTAGTAATACG-1,28,9115,520,2808
CGTAAGTGTAGACGTG-1,15,6303,305,2111
CGTAAGTGTGGCGCTT-1,26,6168,464,2067
CGTAAGTGTTGACTGT-1,29,11064,801,3286
CGTAAGTTCCGCACGA-1,20,7567,470,2325
CGTAAGTTCGAGTGAG-1,27,6749,484,2097
CGTAATGAGCGAGAAA-1,35,11832,777,3249
CGTAATGCACACCTAA-1,20601,140,835,5373
CGTAGTAAGACCGCCT-1,12286,64,696,3674
CGTAGTACAATTTCGG-1,16,4421,403,1637
CGTAGTAGTGATGGCA-1,10639,72,727,3491
CGTAGTAGTGTCCACG-1,9245,59,678,3319
CGTAGTAGTTTCAGAC-1,33,9354,581,3048
CGTAGTATCAGCGGAA-1,26,5915,320,2211
CGTAGTATCCGTGACG-1,8381,53,661,3130
CGTCAAACAGAGGCTA-1,18,7768,423,2559
CGTCAAACAGATACCT-1,67,14475,1165,3846
CGTCAAAGTCAGTCCG-1,21,5503,448,1962
CGTCAAATCACAGAGG-1,18,6810,338,2335
CGTCCATAGACGCATG-1,37,11970,623,3273
CGTCCATAGGATTTAG-1,23,6706,395,2379
CGTCCATAGTCTGGAG-1,25,5600,362,2134
CGTCCATAGTGCAGCA-1,17,5242,381,1986
CGTCCATCACTACGGC-1,16406,96,896,4625
CGTCCATCAGGATGAC-1,26,11421,664,3190
CGTCCATGTCCACTTC-1,22,6775,306,2256
CGTCCATGTCGGCTAC-1,19,4484,262,1760
CGTCCATTCCCAAGCG-1,17,3898,325,1556
CGTGAATAGAACGTGC-1,13172,115,1143,4137
CGTGAATAGTTACGTC-1,16,6040,309,2118
CGTGAATCAGCATCTA-1,2298,14,555,1297
CGTGAATCATAATGAG-1,31,7115,506,2360
CGTGAATGTGAGAACC-1,38,11948,580,3190
CGTGAATGTTCGGTTA-1,25,7742,766,2331
CGTGAATGTTGCATAC-1,7984,42,311,3075
CGTGAATTCCCTCATG-1,34,10625,840,2806
CGTGAATTCTACTCAT-1,10,4095,171,1654
CGTGAATTCTCGAGTA-1,22,9146,328,2922
CGTGAATTCTGCATGA-1,3101,70,84,1710
CGTGATAAGGCTGAAC-1,26,9572,608,2783
CGTGATAAGGTAGATT-1,17,4033,206,1570
CGTGATAAGTATGGAT-1,27,5272,352,1976
CGTGATACATTGCCTC-1,36,11241,685,3300
CGTGATAGTAGTGGCA-1,28,5680,338,2079
CGTGATAGTTCGGTCG-1,24,10714,421,3062
CGTGATATCGTCAACA-1,19,6156,469,1965
CGTGCTTAGTATCTGC-1,5215,32,363,2252
CGTGCTTCACAGAGAC-1,6388,27,325,2380
CGTGCTTCAGACTGCC-1,36,9684,630,3042
CGTGCTTCAGCAGAAC-1,7712,36,596,2779
CGTGCTTGTAGATCGG-1,22,7001,589,2150
CGTGCTTGTATTCCGA-1,36,12401,748,3361
CGTGCTTGTCACTCGG-1,10077,56,747,3535
CGTGCTTGTGGCTACC-1,15,6004,437,2105
CGTGCTTTCATGTCAG-1,17,6758,335,2117
CGTGCTTTCCACATAG-1,30,6414,390,2119
CGTGTCTAGTAGGGTC-1,15,4136,270,1587
CGTGTCTAGTGTTCAC-1,44,5211,417,1870
CGTGTCTCATAGATCC-1,17,3815,326,1479
CGTGTCTCATCGGAAG-1,4,2928,229,1158
CGTGTCTCATGAATCC-1,12,2499,181,1094
CGTGTCTGTATCACGT-1,6039,27,331,2488
CGTGTCTGTCAGTTTG-1,26,8819,339,2608
CGTGTCTGTTCCAGGC-1,7911,48,599,2921
CGTGTCTGTTCTCTCG-1,21,4663,275,1871
CGTGTCTTCGACTCCT-1,17,4889,265,1666
CGTGTCTTCTACGGGC-1,20,6086,381,2102
CGTGTCTTCTACTCAT-1,4688,41,243,2002
CGTTAGAAGCGCATCC-1,23,6760,344,2170
CGTTAGAAGGCCTTCG-1,39,10939,674,3277
CGTTAGAAGTCGCGAA-1,18,6298,570,2164
CGTTAGACAAACTAGA-1,5202,54,481,2349
CGTTAGAGTATCATGC-1,40,7543,423,2563
CGTTAGAGTCCAAAGG-1,20211,118,1139,4888
CGTTAGAGTTGCGGAA-1,11448,72,635,4041
CGTTAGATCTCAGAAC-1,33,7566,546,2720
CGTTCTGAGCTCGAAG-1,4556,35,115,1869
CGTTCTGCACTCCTTG-1,14,4857,295,1911
CGTTCTGCAGAACTAA-1,23,6175,368,2110
CGTTCTGCAGATTAAG-1,8823,59,551,3140
CGTTCTGCATGGCCCA-1,17772,78,1078,4696
CGTTCTGGTATAGGGC-1,23,5426,361,1952
CGTTCTGGTGGGCTCT-1,9969,8788,870,5912
CGTTCTGGTGTGAGCA-1,16,7819,596,2172
CGTTCTGTCCAGCAAT-1,1040,12,2,594
CGTTCTGTCGTAGTCA-1,14,4014,330,1590
CGTTCTGTCTCTAGGA-1,6844,26,259,2846
CGTTGGGAGACCATGG-1,790,209,923,89
CGTTGGGAGAGAAGGT-1,64,15762,1073,3735
CGTTGGGAGCTGTGCC-1,16,7628,417,2395
CGTTGGGCAATGTGGG-1,20404,123,1327,4989
CGTTGGGCAGCTATAC-1,31,8571,490,2821
CGTTGGGGTCAAGGCA-1,19,8179,503,2559
CGTTGGGGTCACTCAA-1,15,5961,347,2135
CGTTGGGGTGAGCGAT-1,20,8862,753,2485
CGTTGGGTCAGTGTTG-1,10118,74,525,3444
CGTTGGGTCGTTAGAC-1,30,7911,576,2781
CTAACCCAGCCTGGAA-1,7998,6335,763,4988
CTAACCCAGGACTGGT-1,15,6018,320,2307
CTAACCCGTAGCCAGA-1,27,11176,689,3341
CTAACCCGTGAGCGAT-1,5,2227,207,611
CTAACCCGTGCCCTTT-1,20,7928,359,2672
CTAACCCGTTTACGTG-1,30,6273,456,2233
CTAACCCTCAAAGGTA-1,30,8732,921,2750
CTAACCCTCCTTACCG-1,20161,133,1352,5511
CTAACTTAGTGCCCGT-1,17,8075,498,2798
CTAACTTAGTGCTAGG-1,5768,38,303,2205
CTAACTTCAATAGTGA-1,9116,71,592,3346
CTAACTTCACGGTGAA-1,4,2927,243,720
CTAACTTCACTACAGT-1,32,5555,429,2117
CTAACTTCATATGCGT-1,30,8427,517,2692
CTAACTTGTACTCGAT-1,21,8674,426,2626
CTAACTTGTATCGTTG-1,6355,50,407,2593
CTAACTTGTCGCGTCA-1,2,714,448,244
CTAACTTGTGCGTGCT-1,19,5779,438,1982
CTAACTTTCAAGGCTT-1,10857,79,623,3938
CTAACTTTCGGCATAT-1,32,9490,616,3036
CTAACTTTCGGTCACG-1,2956,11,0,1190
CTAAGTGCAATTGAGA-1,7949,42,540,2874
CTAAGTGCATGTGGTT-1,33,5313,469,1944
CTAAGTGGTACGATGG-1,10244,77,744,3561
CTACAGAAGACGGTTG-1,29,7034,490,2163
CTACAGACACGCGGTT-1,19,7887,490,2734
CTACAGACACTTGAGT-1,27,5639,317,1992
CTACAGACAGCGGATA-1,19,5531,330,1946
CTACAGAGTAACGTTC-1,15,5732,410,1954
CTACAGAGTCGTGGAA-1,21,5886,387,2073
CTACAGAGTGAATGTA-1,13960,99,1204,4107
CTACAGAGTGGACCTC-1,27,6734,447,2113
CTACAGAGTGGGATTG-1,35,5752,620,1776
CTACAGATCAGGTGTT-1,14,4364,382,1533
CTACATTAGTGTAGAT-1,20,3599,341,1335
CTACATTCAAGCGATG-1,36,9289,488,2999
CTACATTGTCGCATCG-1,39,7512,532,2564
CTACATTTCACACGAT-1,2274,26,690,1166
CTACATTTCCGGACTG-1,7947,54,495,3283
CTACATTTCGAGTCTA-1,16014,102,602,4885
CTACCCAAGGTTCCAT-1,61,13664,802,3879
CTACCCACACCAATTG-1,27,9212,440,2833
CTACCCACAGACCATT-1,27,8761,566,2601
CTACCCAGTGGCTGCT-1,18,8103,337,2525
CTACCCAGTGTTAACC-1,38,9291,538,3029
CTACCCATCTCGGCTT-1,20,6700,439,2490
CTACCTGAGAGGGTCT-1,13,7286,327,2283
CTACCTGAGGGTGGGA-1,19380,110,1227,5048
CTACCTGAGGTATTGA-1,6013,55,389,2845
CTACCTGAGTTCCTGA-1,11,6300,324,2099
CTACCTGGTAAGTTGA-1,49,10228,701,3074
CTACCTGGTACAGTTC-1,33,10982,568,3325
CTACCTGTCCTAAACG-1,53,9481,556,3254
CTACCTGTCGATTCCC-1,29,5558,284,2011
CTACCTGTCGGTAACT-1,13,6406,427,2136
CTACCTGTCTCGCTCA-1,12332,59,715,4428
CTACCTGTCTTGAACG-1,41,11579,614,3472
CTACGGGAGCATCAGG-1,11836,82,674,3847
CTACGGGCACCAGCGT-1,11,6764,582,2219
CTACGGGCACCCAAGC-1,9434,110,644,3144
CTACGGGCACGTGAGA-1,28,10422,801,3144
CTACGGGCATTCGATG-1,36,12480,722,3480
CTACGGGGTAACCCGC-1,21,6598,294,2337
CTACGGGGTACTAGCT-1,11,4414,358,1714
CTACGGGGTGCCTGAC-1,8,6704,192,2209
CTACGGGGTTCCTAAG-1,42,11071,777,3098
CTACTATAGCGTGCTC-1,31,6177,364,2141
CTACTATAGCTTAGTC-1,15455,133,599,4810
CTACTATAGTGAACAT-1,7711,61,557,3081
CTACTATCAAGACGGT-1,1166,14,1,636
CTACTATCAATCAAGA-1,19,5020,320,1815
CTACTATCACGCGTCA-1,20,4891,315,1792
CTACTATCATCACGGC-1,7136,51,733,2857
CTACTATGTAACGTTC-1,9806,64,571,3663
CTACTATTCTCCGATC-1,30,5997,479,2329
CTAGACAAGGAGGCAG-1,9,5454,370,1916
CTAGACACACAAGTGG-1,32,8038,567,2837
CTAGACACATGCAGGA-1,28,9404,880,2945
CTAGACACATGCCATA-1,30,7760,456,2679
CTAGACAGTACCGTCG-1,28,5766,401,1994
CTAGACAGTCGGAACA-1,8598,139,1037,2980
CTAGACAGTCTGATCA-1,28,7692,406,2313
CTAGACATCGGCTGAC-1,3,2235,131,570
CTAGACATCGGTCGAC-1,19,8887,432,2883
CTAGACATCTCGGTAA-1,5308,28,249,2425
CTAGGTAAGTGAGTTA-1,32,5506,403,1933
CTAGGTAAGTTCCAGT-1,44,9146,546,2884
CTAGGTACAGATCACT-1,20,5057,310,1992
CTAGGTAGTACGAAAT-1,39,7700,492,2361
CTAGGTAGTAGCGATG-1,54,12605,946,3283
CTAGGTAGTCGAACAG-1,27,5678,440,1803
CTAGGTATCAGCTTGA-1,28,11392,494,2970
CTATAGGAGGGAGGCA-1,16,5193,338,1830
CTATAGGCAGGTCAGA-1,14,4483,338,1546
CTATAGGCAGGTTCGC-1,51,21494,1289,4486
CTATAGGGTTAAACAG-1,32,6692,434,2507
CTATAGGTCCCTCTAG-1,25,5371,451,2124
CTATAGGTCGAGTGAG-1,21,6697,593,2273
CTATCCGAGATTGATG-1,7638,69,457,2984
CTATCCGAGCCAGTAG-1,19,7928,497,2370
CTATCCGAGTTAACAG-1,22,5916,577,2110
CTATCCGCACGGATCC-1,45,15522,1088,4114
CTATCCGCAGAAGCTG-1,24,6014,505,1921
CTATCCGGTTACTCAG-1,54,6067,481,2054
CTATCCGTCCAAGAGG-1,11122,72,664,3676
CTATCTAAGATAGTCA-1,10212,80,638,3561
CTATCTAAGATGAACT-1,10,5953,176,2268
CTATCTACACTCCTGT-1,8377,7330,952,6061
CTATCTACAGATCACT-1,17,5529,253,2157
CTATCTAGTCATAGTC-1,39,9648,494,3364
CTATCTATCAGGCGAA-1,835,6,0,445
CTATCTATCAGGTAAA-1,23,7028,385,2530
CTATCTATCGGTCTGG-1,17,5806,354,2049
CTCAACCAGAATCGCG-1,17,8597,393,2773
CTCAACCAGCCTCTGG-1,32,6726,351,2277
CTCAACCAGTATGGAT-1,26,7026,379,2393
CTCAACCGTGGACAGT-1,26,7199,551,2494
CTCAACCTCATGGATC-1,51,11399,641,3311
CTCAACCTCGCAATGT-1,494,9,1,346
CTCAACCTCGCTACAA-1,34,7620,487,2679
CTCAAGAAGCTTCTAG-1,5,4094,279,1579
CTCAAGACAGCTACCG-1,26,9570,315,2999
CTCAAGACATGCAGGA-1,31,9440,600,2961
CTCAAGAGTACCTGTA-1,12052,86,940,4432
CTCAAGAGTCGTGATT-1,6991,30,417,2700
CTCAAGAGTGTATCCA-1,50,10701,1065,3120
CTCAAGATCAGAATAG-1,17,2728,95,1235
CTCAAGATCCGAACGC-1,28,11086,587,3277
CTCAAGATCCGAGTGC-1,19,4108,350,1592
CTCAAGATCGGCTGTG-1,11,7417,766,2309
CTCAAGATCGTTCCCA-1,27,5587,283,1981
CTCAAGATCTGCGTCT-1,28,8690,273,2904
CTCAATTAGAGGGTAA-1,17,6540,440,2209
CTCAATTAGATGTTCC-1,7708,66,455,3043
CTCAATTCATGAGTAA-1,27,6858,316,2573
CTCAATTGTACAGAGC-1,9,4551,296,1699
CTCAATTGTCACTAGT-1,29,6626,363,2441
CTCAATTGTCGCTCGA-1,23,8414,497,2898
CTCAATTGTTGCGGAA-1,24,8524,342,2611
CTCAATTTCGGAATGG-1,19,3846,449,1674
CTCAATTTCGGTCGGT-1,10,4245,216,1651
CTCAATTTCTGTCTCG-1,12815,90,311,4948
CTCACTGCACATGAAA-1,38,6548,505,2152
CTCACTGTCGAATGCT-1,25,10199,643,2965
CTCACTGTCTGTTCAT-1,23,6536,410,2269
CTCAGAAAGTTCATCG-1,39,8895,699,2732
CTCAGAACAGTCGCTG-1,8,6792,522,2271
CTCAGAACATCTGGGC-1,65,10741,830,3196
CTCAGAAGTCCAGGTC-1,19,4934,407,2016
CTCAGAAGTCGCCTAG-1,21,6366,380,2265
CTCAGAATCCCTCTTT-1,49,11475,530,3352
CTCAGAATCGACATTG-1,40,9714,641,3173
CTCAGGGCACGAGAAC-1,28,9756,597,2957
CTCAGGGCACGCTGCA-1,11878,81,937,3901
CTCAGGGCAGACATCT-1,34,10874,654,3441
CTCAGGGGTGCCTGCA-1,24,6087,209,2094
CTCAGGGTCAAGAGGC-1,16,8720,453,2654
CTCAGTCAGCGCTTCG-1,23,10166,410,2967
CTCAGTCAGCTATCCA-1,10899,88,532,4101
CTCAGTCAGTCCTGCG-1,42,12857,751,3642
CTCAGTCCAATTTCCT-1,3650,35,713,1952
CTCAGTCCATGAAGGC-1,27,7486,440,2444
CTCAGTCGTACTCAAC-1,28,11133,457,3166
CTCAGTCGTTCCTTGC-1,8060,77,522,3358
CTCAGTCGTTGTGGCC-1,32,12167,643,3303
CTCAGTCTCAATCTCT-1,29,9378,406,3080
CTCAGTCTCGTTGTGA-1,6065,31,329,2585
CTCATCGAGGTAAGGA-1,15,4379,291,1699
CTCATCGGTGTCCCTT-1,40,11020,810,3240
CTCATCGGTTCTAACG-1,25,7647,444,2575
CTCATCGGTTGGGTAG-1,18,4776,495,1754
CTCATCGTCTAGTACG-1,8866,88,594,3305
CTCATGCAGAACGTGC-1,22,6281,492,2015
CTCATGCAGAAGCCTG-1,17,7107,421,2392
CTCATGCAGCTGACCC-1,38,10881,527,3249
CTCATGCAGTAGATCA-1,44,9430,577,2993
CTCATGCAGTTACTCG-1,19,9246,404,3037
CTCATGCAGTTCTCTT-1,19,5234,249,2127
CTCATGCGTTGATGTC-1,9765,44,609,3072
CTCATGCGTTGCACGC-1,23,8599,487,2297
CTCATGCTCTTCACGC-1,27,7581,491,2512
CTCATTAAGACCATGG-1,10388,51,718,3495
CTCATTAAGATCCGAG-1,3261,46,133,1347
CTCATTAAGCGAGTAC-1,6552,35,472,2666
CTCATTAAGTACTCGT-1,16,5964,291,2134
CTCATTACACCAATTG-1,27,6343,251,2314
CTCATTAGTTAATGAG-1,7662,52,398,3008
CTCATTATCAGGTGTT-1,15,6254,318,2168
CTCATTATCCGTACGG-1,22,4983,335,1997
CTCATTATCGACGCGT-1,12,4359,314,1639
CTCCAACAGCCTGGAA-1,53,11942,630,3701
CTCCAACGTACAGGTG-1,17,5430,254,1945
CTCCAACTCAGATGCT-1,10885,6633,844,6015
CTCCAACTCCTTCTGG-1,34,12531,740,3652
CTCCAACTCTACCTTA-1,36,10046,720,3155
CTCCACAAGGGCGAAG-1,18,7890,710,2391
CTCCACAAGTTGGCTT-1,22,5515,304,2104
CTCCACACACACACGC-1,48,11336,738,3424
CTCCACACAGAAGTGC-1,22,5313,628,1869
CTCCACAGTGACCGAA-1,17,5540,337,1994
CTCCACAGTGGCCCAT-1,30,8326,282,2564
CTCCACATCCCTAGGG-1,20,5433,352,2200
CTCCACATCGGAATTC-1,7,3718,155,1644
CTCCATGAGAAGTCAT-1,11801,92,814,4228
CTCCATGAGTCTACCA-1,55,12799,499,3781
CTCCATGCAATCGAAA-1,12332,77,582,4160
CTCCATGCAGTTAGAA-1,24,9291,631,3038
CTCCATGCATACTGTG-1,33,10194,495,2953
CTCCATGGTAGAGTTA-1,41,13565,518,3522
CTCCATGGTGGCTGAA-1,14,3914,230,1481
CTCCATGTCCGGTAAT-1,9358,45,612,3084
CTCCATGTCGGCATCG-1,28,7132,440,2263
CTCCATGTCGTGGCGT-1,20,6469,453,1969
CTCCATGTCTGCATAG-1,49,7041,278,2394
CTCCCAAAGGAGTATT-1,54,13610,910,3899
CTCCCAACACCTCAGG-1,19,9103,528,2895
CTCCCAACACGCCACA-1,17625,149,1030,5135
CTCCCAACATCCAATG-1,18,5430,234,1977
CTCCCAAGTACCCAGC-1,29,7868,504,2370
CTCCCAATCAAGTAAG-1,1084,10,1,591
CTCCCAATCACGGGCT-1,10094,66,461,3505
CTCCCAATCGTGGCGT-1,24,6447,373,2347
CTCCCTCAGGACGCAT-1,24,8777,458,2681
CTCCCTCAGTGCACCC-1,11052,81,770,3784
CTCCCTCGTCACAATC-1,3479,11,2,1228
CTCCCTCTCAAACTGC-1,8051,15921,757,6778
CTCCCTCTCCTGTTAT-1,21,8287,522,2708
CTCCCTCTCTCAACGA-1,24,6574,350,2491
CTCCCTCTCTGTCGTC-1,10963,6532,901,5941
CTCCGATAGGTGCTAG-1,26,6259,572,2048
CTCCGATCAAATGAGT-1,27,8358,465,2401
CTCCGATCAGAGGTAC-1,24,8656,429,2495
CTCCGATGTACATTGC-1,42,9271,630,2733
CTCCGATGTAGGACCA-1,9,3675,296,1519
CTCCGATGTGCATTAC-1,11,2033,217,672
CTCCGATGTTCTCGTC-1,12181,71,1046,3754
CTCCGATGTTTAGAGA-1,21,6637,442,2485
CTCCGATTCAGCTAGT-1,18,5563,379,1742
CTCCTCCAGAACAGGA-1,32,5899,525,2074
CTCCTCCAGAATAGTC-1,24,7099,214,2482
CTCCTCCAGCAGTACG-1,8581,49,568,3092
CTCCTCCCAAGCAGGT-1,782,10,0,469
CTCCTCCGTACGATGG-1,32,6270,448,2120
CTCCTCCTCGAACCTA-1,37,11220,349,3289
CTCCTTTAGCGTCAAG-1,23,3617,463,1427
CTCCTTTAGCTGTGCC-1,34,5300,369,2182
CTCCTTTAGGCATTTC-1,13577,107,592,4291
CTCCTTTCATCGTCCT-1,11714,62,688,4187
CTCCTTTGTACAAAGT-1,8886,48,466,3594
CTCCTTTGTACGTAGG-1,18,10462,722,3333
CTCCTTTGTACTGCGC-1,28,8378,734,2518
CTCCTTTGTCACTAGT-1,5565,23,2,1657
CTCCTTTGTCTGTCCT-1,24,9893,477,3187
CTCGAGGCAATAGTGA-1,4817,45,339,2136
CTCGAGGCAGCATCTA-1,14042,67,684,4283
CTCGAGGGTGTTCGTA-1,5664,30,485,2246
CTCGAGGTCATTGTGG-1,15,3841,258,1510
CTCGAGGTCGGTAGAG-1,14,5413,418,1862
CTCTCAGAGCACCCAC-1,12,8714,429,2699
CTCTCAGAGGCTCTAT-1,19,5503,455,1965
CTCTCAGAGTATGATG-1,12,5288,306,1890
CTCTCAGCAGAGGCAT-1,24,7240,589,2287
CTCTCAGCAGCTAACT-1,12,5906,244,2119
CTCTCAGCATGGAGAC-1,19,7257,387,2278
CTCTCAGGTCCAGAAG-1,24,5956,469,2041
CTCTCAGGTCCAGCCA-1,23,6900,437,2629
CTCTCAGGTGAACTAA-1,18,5609,228,2031
CTCTCAGGTGGCCTCA-1,15,5054,254,1913
CTCTCAGTCCAGCAAT-1,20,6753,243,2450
CTCTCAGTCCCAGGAC-1,37,7773,848,2730
CTCTCAGTCTGGCCGA-1,29,11187,390,3099
CTCTCGAAGCCTCTGG-1,16,4696,354,2001
CTCTCGAAGTCTTGGT-1,22,5224,313,2063
CTCTCGACAGCTGTTA-1,17,5794,390,2136
CTCTCGAGTCACAGTT-1,19,6833,365,2331
CTCTCGAGTTGAAGTA-1,19,7275,372,2192
CTCTCGAGTTTCTTAC-1,15,7206,659,2356
CTCTCGATCACGTAGT-1,16,5349,415,2007
CTCTCGATCAGTAGGG-1,8,5740,383,1891
CTCTCGATCCCGTAAA-1,32,10313,708,3132
CTCTGGTAGCCGCACT-1,15,9260,421,2747
CTCTGGTAGTTGGACG-1,6,3460,237,1275
CTCTGGTCACACCTAA-1,24,9447,484,3123
CTCTGGTCAGCTTTGA-1,9401,43,380,3200
CTCTGGTGTGACTAAA-1,23,6087,269,2294
CTCTGGTGTGTCCCTT-1,29,11814,660,3420
CTCTGGTTCGTAGCTA-1,14,5117,299,2076
CTGAATGAGAGGCGTT-1,3,1697,126,685
CTGAATGAGTTAACGA-1,20,5845,293,2100
CTGAATGAGTTCCGTA-1,16,5505,483,1937
CTGAATGCAAATGCGG-1,7313,66,260,2915
CTGAATGCAAGAGGTC-1,48,12811,764,3412
CTGAATGCACAGCTGC-1,29,7981,423,2737
CTGAATGCAGAGGTTG-1,4641,35,384,1972
CTGAATGGTCATCAGT-1,18,4934,226,1868
CTGAATGGTCCAGCGT-1,2466,17,433,1467
CTGAATGGTGATCATC-1,9708,61,737,3568
CTGAATGTCGTAACTG-1,21192,160,1657,5332
CTGAGCGAGTATGCAA-1,24,8318,427,2353
CTGAGCGGTATGCTTG-1,16,9246,518,2651
CTGAGCGTCCGGTAAT-1,9,4049,166,1672
CTGAGCGTCCGTGGCA-1,4,1804,116,932
CTGAGGCAGCCGTAAG-1,40,10936,716,3133
CTGAGGCAGGTAAGTT-1,2298,17,313,1154
CTGAGGCAGTCATGCT-1,40,12821,717,3365
CTGAGGCCACTACTTT-1,35,9146,333,2901
CTGAGGCCAGACAAAT-1,35,14092,610,3663
CTGAGGCGTAGAGTTA-1,2641,24,413,1449
CTGAGGCGTTTCCAAG-1,16244,113,1412,4687
CTGAGGCTCAAATGAG-1,23,8142,365,2591
CTGAGGCTCAGCAATC-1,738,15,15,504
CTGAGGCTCTAGCCAA-1,64,14908,696,4181
CTGATCCAGACGTCCC-1,56,11635,567,3499
CTGATCCAGTGGCAGT-1,14,4734,353,1701
CTGATCCCAGAGGCAT-1,42,13189,855,3259
CTGATCCCAGCGTACC-1,39,9872,625,2940
CTGATCCCAGTATACC-1,59,13471,823,3785
CTGATCCCATGGCTAT-1,8366,51,470,3064
CTGATCCGTAGTATAG-1,17,4455,298,1686
CTGATCCGTTAAGTCC-1,46,11485,750,3189
CTGATCCGTTCGTACA-1,6089,25,275,2575
CTGATCCTCATCAGTG-1,18,4502,241,1634
CTGATCCTCCACCCTA-1,26,7120,433,2381
CTGCAGGAGCCTCAAT-1,13,2790,118,1279
CTGCAGGAGCTATCCA-1,12507,82,1084,3934
CTGCAGGAGGTCATTC-1,19,5564,473,2135
CTGCAGGAGGTCGTCC-1,11,4176,247,1450
CTGCAGGCACGACCTG-1,20,4791,342,1741
CTGCAGGGTTGTGTAC-1,15,5049,286,1810
CTGCAGGTCCCAAGTA-1,19,6507,594,2154
CTGCATCAGAAAGTCT-1,9,4595,362,1730
CTGCATCAGAATTGTG-1,23,6792,441,2322
CTGCATCAGCATGTTC-1,25,6800,306,2368
CTGCATCCAAGAGTTA-1,17,5601,402,2062
CTGCATCCAGAGTGAC-1,15,5953,319,1966
CTGCATCCAGGCGTTC-1,7707,41,513,2894
CTGCATCGTGGAACCA-1,26,12959,1016,3281
CTGCATCGTGTGACCC-1,18,6003,382,2274
CTGCATCTCAACCTTT-1,14,4590,375,1904
CTGCATCTCACAACCA-1,43,9998,607,3119
CTGCATCTCACGGACC-1,31,14313,754,3654
CTGCCATGTAGAGACC-1,20,5352,291,2033
CTGCCATTCGTCAACA-1,11161,84,829,3680
CTGCCATTCTGTGCTC-1,19,4978,236,2012
CTGCCTAAGCCTGACC-1,16,9805,544,3082
CTGCCTAAGCTGCGAA-1,20,7866,398,2424
CTGCCTAAGTGATGGC-1,36,5613,500,1909
CTGCCTACAACCAGAG-1,1153,9,9,657
CTGCCTACAGCTCGGT-1,12332,95,676,4129
CTGCCTACAGGAGGAG-1,36,11851,505,3354
CTGCCTAGTAATCAGA-1,24,9161,548,2784
CTGCCTAGTGCTCTCT-1,28396,153,1685,6132
CTGCCTAGTGGATCGA-1,13,4488,310,1532
CTGCCTATCAAGCCAT-1,61,12812,682,3568
CTGCCTATCAGGGATG-1,10018,81,512,3459
CTGCCTATCCGTGGTG-1,37944,176,1417,6482
CTGCCTATCGCTTGAA-1,48,10108,576,3075
CTGCCTATCTTCGTAT-1,31,11114,859,2869
CTGCGAGCACAGCCTG-1,654,8,0,408
CTGCGAGCAGGCGAAT-1,14,6674,439,2204
CTGCGAGCATCATGAC-1,15,7115,298,2155
CTGCGAGGTTGATGTC-1,12,5251,288,1921
CTGCGAGTCGAACTCA-1,19,5253,344,1677
CTGCGAGTCGATGGAG-1,23,6775,541,2134
CTGCGAGTCGTGTCAA-1,7231,55,377,2750
CTGCTCAAGAGAGCCT-1,18,6326,337,2165
CTGCTCAAGGAAGTGA-1,10,5046,273,1656
CTGCTCACAGATTTCG-1,19,6702,541,2159
CTGCTCACAGCGGTTC-1,38,13121,758,3711
CTGCTCACAGGTAGTG-1,11487,66,697,3269
CTGCTCACATACATCG-1,11,4074,277,1639
CTGCTCAGTATCCTTT-1,28,7980,405,2507
CTGCTCAGTCAAGGCA-1,21,5033,328,1824
CTGCTCAGTTATCTTC-1,21,8129,362,2761
CTGCTCATCACAAGGG-1,1637,7,15,787
CTGCTCATCAGGAAAT-1,766,11,1,483
CTGCTCATCGCTGATA-1,31,11091,595,3105
CTGCTCATCGTACACA-1,16,5364,235,1965
CTGCTCATCTCGGTAA-1,23,7845,517,2505
CTGGACGAGAGAACCC-1,24,10105,713,2880
CTGGACGAGCTGTGCC-1,14814,83,1049,4503
CTGGACGAGTGTTGTC-1,24,7281,465,2129
CTGGACGAGTTTGCTG-1,10069,66,953,3304
CTGGACGCAAAGCACG-1,35,12251,478,3352
CTGGACGGTCCGAAGA-1,1413,12,3,828
CTGGACGTCAGGAAGC-1,9,6248,367,2094
CTGGACGTCATACAGC-1,6137,8786,760,4794
CTGGACGTCGCCCAGA-1,18,8083,545,2629
CTGGACGTCTAGGCCG-1,16,5866,279,1910
CTGGCAGAGACTTCGT-1,604,7,0,424
CTGGCAGCAACATCGT-1,2607,10,0,1160
CTGGCAGCAGATACTC-1,16,9403,590,2786
CTGGCAGGTCTAATCG-1,13734,67,756,4202
CTGGCAGGTCTATGAC-1,9897,52,465,3587
CTGGCAGGTGGATGAC-1,23,6347,474,2023
CTGGCAGTCGACATAC-1,39,12033,982,3372
CTGGCAGTCTCGAGTA-1,32,11203,992,3308
CTGGCAGTCTGGGCGT-1,17911,144,1604,5074
CTGGTCTAGACTACCT-1,24,5088,235,1965
CTGGTCTAGCGCTGAA-1,9525,48,439,3042
CTGGTCTAGTTGTAGA-1,41,9913,809,3237
CTGGTCTCAGCGACCT-1,22,6035,426,2213
CTGGTCTCAGGTAGTG-1,19,7990,553,2401
CTGGTCTGTAACATAG-1,45,12188,469,3306
CTGGTCTGTCGCACAC-1,39,7986,464,2861
CTGGTCTGTCGCATCG-1,30,10972,394,3157
CTGGTCTGTCGGTGAA-1,882,7,1,532
CTGGTCTGTGAGGCAT-1,38,10753,673,3099
CTGGTCTTCTCGAGTA-1,12,5206,365,1698
CTGGTCTTCTCTCGAC-1,8,1573,23,572
CTGTACCAGTTTCGAC-1,25,4376,353,1740
CTGTACCCAATCTCGA-1,28,8377,716,2724
CTGTACCCACCAACAT-1,18,5512,443,1966
CTGTACCCACTTGGGC-1,46,13653,902,3355
CTGTACCCAGGATGAC-1,1199,12,0,733
CTGTACCCATGTAACC-1,139,10101,737,3068
CTGTACCCATTCACAG-1,27,7455,382,2544
CTGTACCGTGCTCGTG-1,20,6637,605,2221
CTGTACCGTTAGGAGC-1,19,5921,311,2047
CTGTACCTCATCGCAA-1,2537,14,2,1141
CTGTACCTCGGATACT-1,38,8474,482,2983
CTGTAGACACCGGTCA-1,21,6419,302,2255
CTGTAGAGTACTCGAT-1,20067,120,1580,5378
CTGTAGAGTCAGACGA-1,23,8423,378,2666
CTGTAGAGTCGCCTAG-1,20,5593,391,2168
CTGTAGAGTGAATAAC-1,21,4479,388,1690
CTGTAGATCAAAGACA-1,14,4046,281,1532
CTGTAGATCGTTAGAC-1,18,5652,409,1825
CTGTATTAGCGTATAA-1,7776,51,567,3180
CTGTATTAGGGTACAC-1,4,1575,23,625
CTGTATTCACAGCTGC-1,8112,30,391,2775
CTGTATTGTCTTGTCC-1,29,4521,285,1796
CTGTATTGTGACTCTA-1,36,10142,420,2912
CTGTATTGTGTATCCA-1,13,7888,340,2528
CTGTATTTCTACCAGA-1,23,7161,465,2433
CTGTATTTCTGGTTGA-1,3602,66,6,1265
CTGTCGTAGCCTCTCT-1,26,14212,457,3546
CTGTCGTAGTCGCGAA-1,8896,56,516,3549
CTGTCGTAGTCTTCGA-1,15,5612,244,1925
CTGTCGTCAAGAGTAT-1,23,4684,284,1755
CTGTCGTCAAGGGCAT-1,603,6,2,417
CTGTCGTGTCGAACAG-1,11,3773,214,1433
CTGTCGTGTCTACGTA-1,15,8028,487,2411
CTGTCGTGTGGCTTGC-1,8,4639,267,1797
CTGTCGTGTTCGAGCC-1,10,3051,268,1251
CTGTCGTTCCACCCTA-1,8940,45,668,2688
CTGTCGTTCGCTCTCA-1,18,4589,290,1806
CTGTCGTTCGGTGTAT-1,20,7821,485,2255
CTGTGAAAGTCTCGTA-1,31,9767,613,2896
CTGTGAAAGTTTCTTC-1,29531,178,2755,6347
CTGTGAACAAATTGGA-1,3624,12,2,1384
CTGTGAACACTGGATT-1,21,7287,367,2445
CTGTGAAGTGTGTTTG-1,4729,42,841,2242
CTGTGAAGTTCGTGCG-1,30,10784,680,3113
CTGTGAATCTATCACT-1,16,3843,217,1430
CTGTGGGAGAGCAAGA-1,3,1967,30,655
CTGTGGGAGTCAAGCG-1,10016,46,665,3341
CTGTGGGGTGACTGTT-1,26,9616,567,3019
CTGTGGGTCGGAAACG-1,7877,3007,751,4154
CTTACCGAGAGAGCAA-1,38,11686,664,3323
CTTACCGGTCCTGGTG-1,22,7893,413,2678
CTTACCGTCATTCACT-1,25,6144,313,2456
CTTACCGTCTGAATCG-1,29,7307,461,2400
CTTAGGAAGGTAGCCA-1,16,5023,257,1768
CTTAGGAAGTCAACAA-1,10,4526,275,1618
CTTAGGACACCAATTG-1,40,7373,373,2510
CTTAGGAGTCCGACGT-1,23,11832,733,3320
CTTAGGATCAGCTTGA-1,34,7752,547,2536
CTTAGGATCCATTTGT-1,13461,105,609,4052
CTTAGGATCTATCACT-1,21,4787,285,1853
CTTCAATCACAAGGTG-1,20,4750,435,1830
CTTCAATGTATGGAGC-1,12123,109,719,3811
CTTCAATGTGATTCAC-1,9,4728,319,1778
CTTCAATGTTCCATTT-1,22414,173,2152,5799
CTTCCGAAGCAGCCTC-1,16,7359,506,2637
CTTCCGACAATCAAGA-1,41,15088,862,3929
CTTCCGACAATTGCAC-1,37,9953,422,3013
CTTCCGACACACCTGG-1,32,10068,476,2995
CTTCCGACACTTGTGA-1,9,3404,142,1544
CTTCCGAGTTAGCGGA-1,11,4685,455,1694
CTTCCGAGTTGCTGAT-1,38,7449,527,2617
CTTCCGATCCAGTTCC-1,41,9532,470,2933
CTTCCGATCGTTGTGA-1,23,9799,458,2919
CTTCCGATCTCAGTCC-1,2918,18,0,1392
CTTCCTTAGAATTGCA-1,5906,34,303,2562
CTTCCTTAGCAGCCCT-1,15351,98,782,4363
CTTCCTTAGGACGCTA-1,9153,83,469,3779
CTTCCTTCAAGCCCAC-1,18,5172,287,1948
CTTCCTTCATCTCAAG-1,5,1626,261,831
CTTCCTTGTGTCCATA-1,5025,26,325,2420
CTTCCTTGTTTCGTTT-1,23,4687,287,1839
CTTCCTTTCGGTCGAC-1,7889,43,528,3129
CTTCGGTAGCTCCCTT-1,7257,59,420,2819
CTTCGGTAGTAATTGG-1,22,5931,316,2259
CTTCGGTGTATACCTG-1,25,8908,383,2770
CTTCGGTGTCGTTCAA-1,8,4396,292,1640
CTTCGGTTCAGCTTCC-1,14,5899,343,2054
CTTCGGTTCATGGTAC-1,33,9275,575,2983
CTTCGGTTCCTCTTTC-1,8337,56,491,3211
CTTCGGTTCGTTGTGA-1,8218,61,629,3187
CTTCTAAAGCACTCTA-1,42,8494,478,3017
CTTCTAACAACCGGAA-1,17,5413,363,1765
CTTCTAACAGAACTCT-1,501,9,0,340
CTTCTAACATCAGCTA-1,1915,26,14,1249
CTTCTAAGTACACTCA-1,670,13,3,496
CTTCTAAGTAGCTAAA-1,14,4220,346,1600
CTTCTAATCCGTGTCT-1,12155,86,766,3933
CTTCTAATCGTCAACA-1,9166,68,506,3435
CTTCTAATCTACACTT-1,32,9183,426,3187
CTTCTAATCTAGTGTG-1,29,11682,609,3230
CTTCTCTAGACCCTTA-1,18,5421,368,2143
CTTCTCTAGGTAGATT-1,20,6586,677,2364
CTTCTCTCACTGTCGG-1,15,6591,397,2351
CTTCTCTCAGCTCATA-1,5993,80,220,2735
CTTCTCTCAGTTGAAA-1,20,5520,354,1980
CTTCTCTCATGGAGAC-1,20,5646,228,2121
CTTCTCTCATTGGATC-1,6098,37,294,2464
CTTCTCTGTCATCACA-1,23,7046,460,2445
CTTCTCTGTGTTGCCG-1,9,5207,295,1878
CTTCTCTTCATTCGTT-1,13,3540,118,1563
CTTCTCTTCCTAAGTG-1,3704,35,349,1664
CTTGAGAAGCATAGGC-1,54,9726,736,3135
CTTGAGAAGGAACGAA-1,6283,33,10,2390
CTTGAGACATAGGAGC-1,33,8400,990,2510
CTTGAGAGTCGTGGTC-1,9157,59,405,3003
CTTGAGATCCCGTGAG-1,21,5719,330,2137
CTTGAGATCGTAGTCA-1,20,5516,299,2119
CTTGATTCATGTGCTA-1,39,9881,544,2810
CTTGATTCATTGACCA-1,31,15266,904,4009
CTTGATTTCCCAAGTA-1,35,6021,327,2030
CTTTCAAAGCGTGTTT-1,15,6537,487,2324
CTTTCAAAGTATAGGT-1,14,5412,247,1917
CTTTCAACACTTCCTG-1,30,8230,422,2718
CTTTCAAGTTGCCATA-1,44,9684,623,3073
CTTTCAATCGCGAAGA-1,19,4344,271,1561
CTTTCGGAGCTGCCTG-1,26,5702,321,1931
CTTTCGGCAGACTGCC-1,9,9228,312,2684
CTTTCGGGTCCTTGTC-1,6024,22,35,2433
CTTTCGGGTTCCCAAA-1,26,5063,243,1975
CTTTCGGTCTCGGCTT-1,491,7932,165,2852
CTTTCGGTCTTCCCAG-1,20,4896,138,1614
GAAACCTCATGATCTG-1,24,11834,510,3185
GAAACCTGTATGGAAT-1,41,9497,506,2796
GAAACCTGTTCGAAGG-1,26,7181,423,2073
GAAACCTTCACTGCTC-1,37,7537,493,2533
GAAATGAAGACCAGAC-1,36,10566,641,3105
GAAATGAAGGAACGCT-1,8727,68,612,3147
GAAATGAAGGAACGTC-1,3,1174,668,389
GAAATGACAAACTAAG-1,20,3604,250,1424
GAAATGACAAATACAG-1,7150,60,260,2774
GAAATGACAGCGACAA-1,39,7467,658,2732
GAAATGAGTCCTGAAT-1,41,11737,596,3609
GAACACTAGACGTCGA-1,11857,62,762,3955
GAACACTAGTCTGCGC-1,10099,65,617,3603
GAACACTCACTTGGGC-1,20208,116,856,4641
GAACACTCATGGAAGC-1,58,9148,641,2901
GAACACTGTAATACCC-1,535,8,0,372
GAACACTGTCCGAAGA-1,21,5982,405,2184
GAACACTGTCTGTAGT-1,25,9065,618,2887
GAACACTGTGTTCATG-1,12496,111,641,4281
GAACACTGTGTTGAGG-1,17,8949,500,2408
GAACACTTCCCTCTTT-1,49,13102,610,3631
GAACACTTCGAGGCAA-1,40,8423,666,2970
GAACACTTCTTCTGTA-1,27,9502,523,2876
GAACGTTAGAAGTCCG-1,34,6992,518,2472
GAACGTTCATGATGCT-1,23,7161,570,2360
GAACGTTTCAGGAACG-1,37,8733,721,2830
GAACGTTTCCCTTCCC-1,905,25,1,556
GAACGTTTCTGACAGT-1,39,11126,868,3347
GAACTGTAGAAGTCTA-1,24,5653,536,1936
GAACTGTAGACAGTCG-1,17,4371,247,1675
GAACTGTAGACCATGG-1,17,4886,494,1754
GAACTGTAGCGAGTCA-1,41,9362,601,2757
GAACTGTAGGAACGAA-1,25,6833,595,2655
GAACTGTAGTAAGGGA-1,28,6347,393,2456
GAACTGTAGTCGCCCA-1,3797,40,909,1930
GAACTGTAGTGAGCCA-1,54,10772,1003,3262
GAACTGTCACGGAAGT-1,28,7321,717,2321
GAACTGTCATCGTGCG-1,14,4971,277,1982
GAACTGTGTACACGCC-1,23,6588,329,2225
GAACTGTGTGCGAACA-1,15,5573,249,2050
GAACTGTTCATCCCGT-1,40,6836,675,2505
GAACTGTTCTTCGCTG-1,35,9497,617,2852
GAAGAATAGGTCGTGA-1,16,5468,401,1937
GAAGAATAGTCAGCGA-1,19,4387,265,1853
GAAGAATAGTGTTCCA-1,20,3988,313,1498
GAAGAATCAAACACCT-1,14478,98,332,4521
GAAGAATCAACCAGAG-1,21,10574,467,3077
GAAGAATCAACGAGGT-1,7245,50,521,2835
GAAGAATCATGTTCAG-1,14,5129,292,1782
GAAGAATGTGGAAATT-1,47,10688,670,3198
GAAGAATTCAATGTCG-1,18,7758,419,2378
GAAGAATTCCATTTGT-1,26,5871,372,2175
GAAGAATTCCCAACTC-1,63,15926,888,4184
GAAGAATTCGATTCCC-1,25,5811,426,2021
GAAGAATTCTGCCTGT-1,85,8659,731,2860
GAAGAATTCTTAGCCC-1,8174,42,502,3036
GAAGCCCAGTGGTGAC-1,17,10784,393,3051
GAAGCCCCAAAGGGTC-1,19,8707,391,2613
GAAGCCCCATGCACTA-1,36,9969,451,2901
GAAGCCCGTCGAGATG-1,9,5084,352,1934
GAAGCCCGTGTTTGCA-1,36,10071,708,2890
GAAGCCCTCAGTAGGG-1,20895,86,1013,4951
GAAGCGAAGAAGGCTC-1,5185,21,1,2041
GAAGCGACACCACTGG-1,32,9130,473,3029
GAAGCGACAGCGATTT-1,33,9010,622,2981
GAAGCGACATGTGCTA-1,17,7166,473,2016
GAAGCGATCCCAGGCA-1,10,2878,182,721
GAAGCGATCGATTTCT-1,8,4969,412,1650
GAAGCGATCGCTAGCG-1,20,5757,420,2000
GAAGCGATCTAATTCC-1,18566,129,1305,4898
GAAGCGATCTGGTTGA-1,34,10714,704,2935
GAAGGACAGCAAGTGC-1,44,9854,639,2863
GAAGGACAGCACGGAT-1,4980,18,11,1546
GAAGGACAGGAGAGTA-1,12385,99,800,4065
GAAGGACCAATAGGAT-1,22,6322,280,2167
GAAGGACCAGCGAACA-1,6,4900,195,861
GAAGGACCATCGTGCG-1,18,4553,435,1645
GAAGGACGTGCTAGCC-1,28,9321,702,2681
GAAGGACTCATGCATG-1,16,4476,273,1746
GAAGGACTCCCGGTAG-1,28,5793,359,1863
GAAGGACTCCTCTAAT-1,27,5695,291,2113
GAAGGGTAGCGCCTTG-1,9372,55,665,3438
GAAGGGTAGCTACTAC-1,23,6948,445,2132
GAAGGGTAGGTGCAGT-1,41,9135,875,2752
GAAGGGTAGTCATGGG-1,23,6413,560,2064
GAAGGGTCACACCTGG-1,25,6664,596,2064
GAAGGGTCAGCGACCT-1,14,6346,293,2057
GAAGGGTGTGATTAGA-1,16,6000,406,1937
GAAGGGTGTGATTCTG-1,31,9104,760,2574
GAAGGGTGTGGATCGA-1,9019,69,651,3231
GAAGGGTGTTACCCTC-1,20070,104,1042,5302
GAAGGGTTCATGAAAG-1,30,5566,425,1869
GAAGTAACAGCAGTGA-1,13768,107,709,4489
GAAGTAAGTACCATAC-1,29,4854,365,1876
GAAGTAAGTCTACAGT-1,41,10524,658,3066
GAAGTAAGTCTGCCTT-1,14,5658,417,1972
GAAGTAAGTTGTTGCA-1,11768,82,883,3926
GAAGTAATCTGAGCAT-1,17291,142,1237,4902
GAATAGAAGGGCCCTT-1,34,7163,434,2224
GAATAGAAGTACAGAT-1,9483,83,665,3590
GAATAGACAAATTAGG-1,6634,1812,723,3180
GAATAGACACTAGAGG-1,14,4984,339,1575
GAATAGAGTAGGAGGG-1,47,11603,1003,3418
GAATAGAGTTTCTTAC-1,13,4733,356,1818
GAATAGATCAGATGCT-1,38,11116,763,2943
GAATAGATCGACCATA-1,23,4552,227,1724
GAATAGATCGCGTGCA-1,23,7589,461,2284
GAATCACCAAATAGCA-1,30,13038,790,3709
GAATCACCAATTGCTG-1,13477,125,664,4443
GAATCACCACTCACTC-1,39,13781,575,3745
GAATCACCATATGGCT-1,39,8596,592,3026
GAATCACCATGACGAG-1,28,7374,575,2554
GAATCACGTCGCTGCA-1,1283,13,35,747
GAATCACGTCTGTAGT-1,13,5101,261,1931
GAATCACGTGGTCTGC-1,27,7615,536,2649
GAATCACGTGTGAATA-1,20,9150,534,2579
GAATCACTCGTGGCTG-1,24,9590,607,2845
GAATCGTAGAGATGCC-1,25879,182,2052,5901
GAATCGTAGCCGAACA-1,19,8429,300,2619
GAATCGTAGGACGGAG-1,21,5796,502,1817
GAATCGTAGTGACACG-1,23,6428,317,1850
GAATCGTCACACGGTC-1,43,10395,591,3328
GAATCGTCATGGTACT-1,13,5409,312,1924
GAATCGTGTATGAGCG-1,29,11684,811,3046
GACACGCAGTGCAACG-1,791,12,1,501
GACACGCAGTTGAATG-1,26,7529,541,2377
GACACGCCAATGGCAG-1,20,7319,492,2403
GACACGCCACTGAGTT-1,2321,11,3,1100
GACACGCCAGACGGAT-1,36,10343,976,2858
GACACGCGTGAATAAC-1,26,7784,674,2553
GACACGCTCCCAACTC-1,13751,72,777,4133
GACACGCTCTTCTGTA-1,38,7900,680,2660
GACAGCCCAAAGGCGT-1,34,9641,555,2603
GACAGCCCAACCGTGC-1,16473,89,1068,4505
GACAGCCCATGAAGCG-1,12002,57,803,3715
GACAGCCGTGTTGAGG-1,1405,37,441,832
GACAGCCTCGTTAGAC-1,22,6096,390,2114
GACAGCCTCTTGGTGA-1,29,6393,312,2192
GACATCAAGAGTAACT-1,37,5996,416,2087
GACATCAAGTCTAACC-1,60,12132,634,3310
GACATCACAAGCGATG-1,38,13575,584,3454
GACATCACAGCTTCGG-1,26107,122,1939,5750
GACATCACAGGTATGG-1,11433,89,1032,3725
GACATCACATCTAGAC-1,21,5670,286,1972
GACATCACATGCCGCA-1,4,2502,157,896
GACATCAGTAATGCTC-1,31,9410,543,2987
GACATCAGTCGTTGCG-1,27,7717,429,2638
GACATCATCTACTTCA-1,17035,148,881,5296
GACATCATCTCGACCT-1,26,7063,447,2502
GACCAATAGCGAGAAA-1,42,13988,1012,3489
GACCAATAGCTCGGCT-1,42,9832,759,3085
GACCAATCACGTATAC-1,31,5266,507,2022
GACCAATCACTCTGCT-1,34,10246,858,3161
GACCAATCATTCCTCG-1,17,8656,383,2596
GACCAATGTTCATCGA-1,5144,14520,863,5570
GACCAATTCAGCTTGA-1,8387,45,497,3197
GACCAATTCTACCTTA-1,19,6027,320,2116
GACCAATTCTCACCCA-1,7,2363,173,530
GACCCAGAGAGGTTTA-1,32,6322,310,2327
GACCCAGAGATAGTGT-1,15,5071,376,1752
GACCCAGAGCAGCGAT-1,25,7731,460,2368
GACCCAGAGCCTAACT-1,34,6299,337,2409
GACCCAGCAACCGTAT-1,28,7908,766,2671
GACCCAGGTCTGTCCT-1,21,8768,306,2627
GACCCAGTCATTGGTG-1,19,9162,577,2782
GACCCAGTCCAGCAAT-1,18546,93,1015,4932
GACCCAGTCGCTCTCA-1,5571,32,435,2359
GACCCTTAGAGGGTAA-1,30,5842,292,2000
GACCCTTAGCGCCTCA-1,50,13394,629,3750
GACCCTTAGCGTTAGG-1,20,6038,381,2318
GACCCTTAGGCGAACT-1,15453,80,859,4478
GACCCTTAGTTGCGCC-1,50,12401,891,3506
GACCCTTCACCCAAGC-1,24170,183,1559,6090
GACCCTTCACTCCGGA-1,6,1948,142,409
GACCCTTCAGACCGCT-1,7,4089,226,1538
GACCCTTCATCACGGC-1,22,7305,442,2434
GACCCTTCATTGTACG-1,49,12591,748,3480
GACCCTTGTATCGAAA-1,4737,32,278,2213
GACCCTTTCAGTAGGG-1,8038,38,462,2824
GACCGTGAGATGAATC-1,20,5888,515,2003
GACCGTGAGCCATGCC-1,9642,37,405,3211
GACCGTGAGCCGTTAT-1,16,3965,278,1436
GACCGTGAGGATCATA-1,10115,52,573,3420
GACCGTGGTAGCCCTG-1,29,6761,376,2093
GACCGTGGTAGTATAG-1,6946,49,75,2903
GACCGTGGTCTTGCGG-1,15674,108,1050,4214
GACCGTGGTTCGAGCC-1,16,7091,380,2449
GACCGTGGTTGAAGTA-1,9796,76,642,3484
GACCGTGTCGTAGTGT-1,4617,42,595,2244
GACCTTCAGCCTTGAT-1,538,7,0,408
GACCTTCCAGCTTTCC-1,1055,158,29,735
GACCTTCGTCGCTGCA-1,41,10636,639,2944
GACCTTCGTGGATTTC-1,4645,16,2,1710
GACCTTCGTTCCAAAC-1,24,9960,394,2989
GACCTTCTCCGTACGG-1,17072,135,735,5162
GACCTTCTCGCGTCGA-1,15,7451,601,2522
GACGCTGAGAAACTGT-1,25,8824,424,2769
GACGCTGCACCTCAGG-1,35,12001,1045,3369
GACGCTGCATTACGGT-1,30,6331,416,2155
GACGCTGTCAGAGTTC-1,23,5618,374,2025
GACGTTAAGTTCCTGA-1,20,5375,367,1811
GACGTTACAAAGGCTG-1,17,7658,347,2350
GACGTTACATACAGGG-1,1001,17,1,555
GACGTTAGTTCTAAGC-1,9494,94,588,3757
GACGTTAGTTGCATTG-1,21,6404,591,2317
GACGTTAGTTGTTGTG-1,15,5128,244,1793
GACGTTATCGTAGTGT-1,13,4617,276,1669
GACTATGAGTGTCATC-1,23,4286,280,1765
GACTATGCACGGCACT-1,9228,75,684,3296
GACTATGTCCACGAAT-1,6,1755,49,403
GACTATGTCCCAGGAC-1,37,7361,503,2388
GACTATGTCCGTTGGG-1,14,8216,413,2427
GACTCAACACGCGCTA-1,33,12472,499,3650
GACTCAAGTTGACGGA-1,19,9240,620,3002
GACTCAATCAATCTTC-1,22,10751,608,3016
GACTCAATCCATGAGT-1,9885,73,533,3551
GACTCAATCGTTGTTT-1,20,7349,320,2389
GACTCAATCTTAATCC-1,16,8555,644,2681
GACTCTCAGGATTTCC-1,24,14997,713,4124
GACTCTCAGGGAACAA-1,16,5135,281,1875
GACTCTCCATGGACAG-1,38,6778,451,2084
GACTCTCGTCACTCGG-1,834,12,5,495
GACTCTCGTTCTCCTG-1,11039,70,990,3938
GACTCTCTCGATACAC-1,45,9049,506,3558
GACTCTCTCGATTGGT-1,17851,153,1264,5217
GACTGATAGTGCCAGA-1,62,18100,1152,4220
GACTGATGTGTCCAAT-1,17,4893,328,1743
GACTGATTCGAATCCA-1,58,11619,669,3555
GACTGATTCTGGTCAA-1,21,3931,119,1835
GACTTCCAGATTGAGT-1,12096,85,829,3873
GACTTCCAGTCATGGG-1,9501,65,576,3179
GACTTCCCAAGCCATT-1,29,7402,343,2604
GACTTCCCACTTGAGT-1,36,7325,454,2498
GACTTCCCAGTCTACA-1,8546,20853,1112,6975
GACTTCCCAGTGTGGA-1,29,14360,746,3657
GACTTCCCATCCAACA-1,60,13296,809,3458
GACTTCCCATCCGGCA-1,43,6612,335,2399
GACTTCCCATCTATCT-1,23,7450,589,2316
GACTTCCGTGTACGCC-1,18,6405,401,2060
GACTTCCGTGTGACCC-1,12376,73,636,3621
GACTTCCTCAAGCGTT-1,47,10669,1092,3122
GACTTCCTCATCTATC-1,32,8767,378,2555
GACTTCCTCGATCCAA-1,22,5476,372,2102
GAGAAATAGACATGCG-1,28,9393,459,2834
GAGAAATAGCGTGTTT-1,47,8961,538,2947
GAGAAATAGGACTAAT-1,72,14696,823,3763
GAGAAATAGGAGAGGC-1,25,5063,330,1749
GAGAAATAGGGCGAAG-1,35,9642,443,3046
GAGAAATCACCAACAT-1,11682,52,566,3596
GAGAAATCACCCATAA-1,63,11579,651,3404
GAGAAATGTCAGGAGT-1,26,6907,604,2233
GAGAAATGTTCCGCAG-1,53,13031,1006,3485
GAGAAATTCGGCTGAC-1,48,10162,654,3068
GAGAAATTCGTACCTC-1,29,9722,528,2993
GAGAAATTCTTACTGT-1,35,9548,883,3030
GAGACCCAGCATCGAG-1,2899,115,986,1411
GAGACCCAGCTCTGTA-1,26,7675,532,2512
GAGACCCCAAAGGAGA-1,39,6659,536,2207
GAGACCCCAAGCCCAC-1,8333,54,932,2915
GAGACCCCACAGTCCG-1,33,11550,609,3319
GAGACCCCACATCATG-1,32,11136,584,3060
GAGACCCCAGAAATCA-1,32,9896,382,3037
GAGACCCCAGACTCTA-1,30,7514,377,2321
GAGACCCCAGGAATCG-1,25,9384,539,2967
GAGACCCGTAGCTGAG-1,18,5096,277,1706
GAGACCCGTCTACAAC-1,13,6249,460,2235
GAGACCCGTGCGTTTA-1,18,7574,445,2312
GAGACCCTCGCAGTTA-1,13,3963,281,1535
GAGACCCTCGGCCAAC-1,15869,76,817,4624
GAGACCCTCGTTAGTG-1,23,7684,533,2276
GAGACCCTCTGGAAGG-1,18,5610,546,1915
GAGACTTAGCTCAGAG-1,27,5704,428,1948
GAGACTTAGGAACATT-1,18,8502,508,2481
GAGACTTAGTGCCTCG-1,16,4773,427,1708
GAGACTTCAACTGCCG-1,15430,92,914,4701
GAGACTTGTCACTGAT-1,19,5902,403,1972
GAGACTTGTGATTAGA-1,28,6803,529,2507
GAGACTTTCGCCAGAC-1,16,7631,283,2329
GAGAGGTAGTGAGGCT-1,14,4954,339,1734
GAGAGGTCAATCGAAA-1,49,10350,543,3063
GAGAGGTCAGCGGATA-1,8381,43,444,2983
GAGAGGTCATGACTAC-1,32,7841,605,2584
GAGAGGTCATGGTGGA-1,18,4334,442,1666
GAGAGGTGTACCACGC-1,8104,36,344,3046
GAGAGGTGTGGTCTGC-1,18,8003,400,2470
GAGAGGTTCCAATGCA-1,27,10836,748,2787
GAGATGGAGGACACTG-1,33,10771,693,2917
GAGATGGAGTACAGCG-1,2498,10168,758,3785
GAGATGGCAAGAAATC-1,16,5271,472,1962
GAGATGGCACTGCTTC-1,21,8615,519,2648
GAGATGGCAGACTGCC-1,22,6417,306,2426
GAGATGGCAGCGTTGC-1,3422,32,554,1669
GAGATGGCATGGCTAT-1,13335,111,586,4070
GAGATGGGTATCGCGC-1,13,7377,486,2447
GAGATGGGTTCCCACT-1,40,10492,786,3171
GAGATGGTCAGGACGA-1,17,5048,496,1813
GAGATGGTCCATACTT-1,36,5965,488,2292
GAGCCTGAGAATAGTC-1,9408,89,371,3415
GAGCCTGAGCTCACTA-1,14642,95,780,4393
GAGCCTGAGGGCAAGG-1,17,5464,367,1934
GAGCCTGAGTCCCAGC-1,12244,60,720,3625
GAGCCTGAGTGGAAGA-1,20,7965,391,2521
GAGCCTGCATCGATAC-1,13,9448,444,2939
GAGCCTGGTAAGAACT-1,12637,132,940,4328
GAGCCTGGTTACACTG-1,13,8281,374,2508
GAGCCTGTCAAAGACA-1,15,8073,467,2308
GAGCCTGTCCTCTGCA-1,19,8208,399,2649
GAGCCTGTCTAAGAAG-1,41,7606,648,2370
GAGCTGCAGCGCGTTC-1,23,5938,613,1923
GAGCTGCAGGTTAAAC-1,45,10619,695,3106
GAGCTGCCAACCCTCT-1,30,10918,431,3102
GAGCTGCCACCATATG-1,9322,53,395,3271
GAGCTGCCAGGAAGTC-1,45,15867,950,3879
GAGCTGCCAGTCCCGA-1,12719,58,780,3696
GAGCTGCCATCCTCAC-1,22,6908,259,2329
GAGCTGCGTTGGACTT-1,34,9866,638,2940
GAGCTGCTCTCATAGG-1,18573,115,1360,5287
GAGGCAAAGACCCTTA-1,24,5413,482,1744
GAGGCAAAGCCTGTCG-1,14,4473,236,1684
GAGGCAACAAGCTGTT-1,21,6372,676,2053
GAGGCAACAGGACTAG-1,21,6760,422,2340
GAGGCAACATGGCCAC-1,13003,89,969,4049
GAGGCAACATGGTACT-1,31,9754,336,2957
GAGGCAAGTGTGTACT-1,32,8907,421,2800
GAGGCAAGTTCCGCAG-1,10699,59,512,3345
GAGGCAATCACTGCTC-1,21,6180,363,2049
GAGGCCTAGTAATACG-1,27,5495,381,2022
GAGGCCTAGTGGCGAT-1,30,6642,651,2354
GAGGCCTCAAGGCCTC-1,28,12427,718,3419
GAGGCCTCACACAGCC-1,35,11461,677,3247
GAGGCCTCACCCTTAC-1,14,2748,143,501
GAGGCCTGTCGAAACG-1,37,10654,707,3173
GAGGCCTGTCTGCGCA-1,14,7996,464,2564
GAGGCCTTCGGAGTGA-1,15341,79,1014,4185
GAGGGATAGCCATTGT-1,6,1650,163,457
GAGGGATAGGCTCTAT-1,20,7521,427,2532
GAGGGATAGGGCAGGA-1,43,9604,450,2632
GAGGGATCAGGCAATG-1,20,8109,444,2436
GAGGGATCAGGCTCTG-1,61,12722,1054,3346
GAGGGATGTAACGTTC-1,15,5298,326,1973
GAGGGATGTAAGCTCT-1,39,11119,484,3137
GAGGGATGTAGACTGG-1,32,9942,700,2534
GAGGGATGTCTATGAC-1,9839,58,491,3362
GAGGGATTCAGCGCAC-1,29,6898,610,2122
GAGGGATTCATTCTTG-1,19,7002,401,2001
GAGGGTAGTAAGGTCG-1,18,4537,339,1882
GAGGGTAGTATCCCAA-1,7920,8363,1374,5679
GAGGGTAGTCCATAGT-1,43,5680,316,1984
GAGGGTATCAAAGGTA-1,9164,17538,1253,6710
GAGGGTATCATTTGTC-1,38,8993,619,2828
GAGGGTATCTCATGGA-1,17103,297,1341,4676
GAGTCATAGCAGGCAT-1,4919,90,713,2143
GAGTCATCACCTATCC-1,27,7126,540,2493
GAGTCATGTGATACTC-1,52,13696,494,3324
GAGTCATTCTTAGCTT-1,14912,104,1241,4202
GAGTCTAAGAGTGTGC-1,7711,59,639,3011
GAGTCTAAGGTGCGAT-1,712,8,1,491
GAGTCTAAGTCAGCCC-1,10,6840,364,2210
GAGTCTACAAGTCGTT-1,30,6319,557,2332
GAGTCTACAGTTTGGT-1,19,7951,332,2593
GAGTCTAGTACCATAC-1,68,20710,1031,4716
GAGTCTATCAATCCAG-1,53,13640,485,3431
GAGTCTATCGACGATT-1,32,7595,631,2519
GAGTCTATCGCGATCG-1,5571,27,328,2309
GAGTCTATCTGAGAAA-1,15,5172,233,1892
GAGTGAGCAGAGGACT-1,36,12214,641,3472
GAGTGAGCAGTAGAAT-1,6053,41,396,2450
GAGTGAGCATAATGAG-1,12207,73,839,3713
GAGTGAGCATACAGAA-1,21,5759,377,1989
GAGTGAGGTAGTAAGT-1,8192,46,344,3106
GAGTGAGGTGCCGTTG-1,21,7535,494,2468
GAGTGAGTCCACGTGG-1,20,6696,695,2363
GAGTGAGTCGAGTCCG-1,27,8300,584,2403
GAGTGAGTCTAGCATG-1,22,9572,795,2624
GAGTGTTAGGCTAAAT-1,19,4345,253,1623
GAGTGTTAGTCGGCAA-1,18,4253,341,1654
GAGTGTTAGTGGAATT-1,59,15643,1108,3737
GAGTGTTAGTTACGTC-1,6,2593,161,455
GAGTGTTCACTGGATT-1,12852,109,377,4134
GAGTGTTCATCCTAAG-1,29,7069,579,2416
GAGTGTTGTATCACGT-1,40,9907,669,3101
GAGTGTTGTATCTCGA-1,22,5292,466,1770
GAGTGTTTCGAAGGAC-1,18,3872,285,1585
GAGTGTTTCTACTGCC-1,16,5695,371,2120
GAGTTACAGATCCGAG-1,8901,52,436,3125
GAGTTACAGCAAGGAA-1,2880,17,1,1201
GAGTTACAGCACTCGC-1,20,8982,630,2808
GAGTTACAGGTGCTGA-1,1515,15,0,823
GAGTTACAGTCCGTCG-1,26,5484,492,2026
GAGTTACAGTCTAGCT-1,23911,178,1556,5816
GAGTTACCAATGCAGG-1,10796,61,591,3496
GAGTTACCATGGGCAA-1,28,8446,539,2367
GAGTTACGTGCCGAAA-1,4931,25,241,2057
GAGTTACTCGTGCTCT-1,16,5303,299,1791
GAGTTGTAGAGGGTAA-1,6249,68,542,2628
GAGTTGTAGATCGACG-1,19,6306,390,2009
GAGTTGTAGCAAATGT-1,24,6760,557,1993
GAGTTGTAGGTAAGTT-1,2562,19,151,1061
GAGTTGTAGTCTAACC-1,22,11914,481,3143
GAGTTGTCAACTGCCG-1,14,7281,405,2142
GAGTTGTCACGGTAGA-1,734,6,269,400
GAGTTGTCATTACTCT-1,13137,132,598,4324
GAGTTGTGTAGATCGG-1,12688,75,512,3856
GAGTTGTGTATCGAGG-1,23,8419,604,2541
GAGTTGTGTTACGTAC-1,41,8639,723,2570
GAGTTGTGTTTACCAG-1,4776,8370,699,4107
GAGTTTGAGCACGGAT-1,19,8918,344,2446
GAGTTTGAGGTCCGAA-1,16564,120,1024,4871
GAGTTTGAGGTTTGAA-1,10,4422,295,1671
GAGTTTGCATAGCTGT-1,41,9968,663,3097
GAGTTTGGTGTTTCTT-1,10718,128,664,3687
GATAGAAAGACATACA-1,51,13930,679,3541
GATAGAACACACAGAG-1,43,10376,375,2892
GATAGAACATCCTTGC-1,9,2050,0,749
GATAGAACATTGAGGG-1,43,9621,619,3081
GATAGAAGTAGGAGTC-1,36,10020,496,2912
GATAGAAGTCATGACT-1,17,7450,308,2416
GATAGAAGTCCCGCAA-1,6866,9136,1222,5855
GATAGAAGTCCTGTCT-1,5551,23,4,1673
GATAGAAGTGACTGTT-1,39,14316,866,3515
GATAGCTAGGGCAGAG-1,28,6069,306,2022
GATAGCTCACTCTCGT-1,11157,79,614,3708
GATAGCTCAGAGTGTG-1,79,7083,435,2433
GATAGCTCAGCGTTGC-1,53,15860,1141,3971
GATAGCTGTGAACCGA-1,8767,64,768,3213
GATAGCTTCACAGTGT-1,27,9000,653,2831
GATAGCTTCATGGATC-1,10403,60,330,3379
GATAGCTTCTTACTGT-1,22471,165,1617,5688
GATCACAAGGGAGGGT-1,24,5525,367,2011
GATCACAAGTTTGCTG-1,43,10951,687,3333
GATCACACAGTCACGC-1,12149,96,754,4341
GATCACACAGTGCGCT-1,69,17072,1340,4424
GATCACACATGACGGA-1,14,6220,389,2107
GATCACAGTACAGAGC-1,11,6112,244,1864
GATCACAGTATCGCTA-1,32,7403,490,2701
GATCACAGTCCTATAG-1,33,7794,490,2511
GATCACAGTTCCTTGC-1,156,6951,418,2495
GATCACAGTTCGTTCC-1,38,10340,725,3321
GATCACATCAACGTGT-1,8009,49,524,3085
GATCACATCCATTCAT-1,28,5308,399,2012
GATCACATCGCCGTGA-1,51,17244,594,3921
GATCACATCGGTGAAG-1,9727,49,320,3326
GATCACATCTGGGAGA-1,11277,73,961,3799
GATCAGTAGCCTGAGA-1,44,6091,415,2203
GATCAGTCACAAGTTC-1,37,10622,692,3199
GATCAGTCAGTGCGCT-1,20,7285,377,2656
GATCAGTCATCATTGG-1,6117,21,1,2140
GATCAGTGTACTCAAC-1,11,6807,300,2172
GATCAGTGTGTCCGTG-1,864,39,9,539
GATCAGTTCGGCTGTG-1,18,6200,429,1977
GATCATGAGGAGACCT-1,34,10698,595,3040
GATCATGCACTAACGT-1,26968,156,1814,5896
GATCATGGTAGAGACC-1,13,6880,405,2063
GATCATGGTCCAGCCA-1,68,21143,1074,4766
GATCATGGTTTGAACC-1,16,5168,198,2018
GATCATGTCAAAGCCT-1,46,9788,657,2977
GATCATGTCATAGAGA-1,24,6701,460,2326
GATCATGTCTTGAACG-1,18,5149,417,1869
GATCCCTCAAACGAGC-1,39,8255,791,2516
GATCCCTCAGTCTACA-1,10,5610,268,2033
GATCCCTGTCACTGAT-1,43,12933,625,3605
GATCCCTGTCTCAAGT-1,35,12736,1121,3251
GATCCCTTCACTGGTA-1,28,10028,365,3068
GATCCCTTCCGAAGGA-1,37,7158,321,2547
GATCCCTTCCGACAGC-1,35,11346,563,3514
GATCCCTTCCGGCAAC-1,27,12324,547,3634
GATCCCTTCGGACGTC-1,21,8830,487,2668
GATCGTACAAAGGCTG-1,8871,58,421,3328
GATCGTAGTAACACCT-1,22,5525,359,2011
GATCGTAGTCTACAGT-1,24,7086,362,2416
GATCGTAGTGAGGCAT-1,22,7768,393,2443
GATCGTATCCATACTT-1,17986,107,761,4999
GATCGTATCCATATGG-1,19,5268,424,1875
GATCGTATCTCTTGCG-1,12,5038,250,1913
GATGACTAGACGATAT-1,51,11811,542,3366
GATGACTAGAGGTATT-1,22,6161,338,2003
GATGACTAGCCGTTGC-1,19,7796,427,2368
GATGACTCAAAGGCGT-1,48,9380,631,2748
GATGACTCATCAGTGT-1,42,9895,525,2932
GATGACTGTAGGGTAC-1,8809,61,523,3183
GATGACTGTCGAATTC-1,30,6673,371,2248
GATGACTGTGGCCCAT-1,17,5669,257,2072
GATGACTTCACAACCA-1,38,5195,453,1946
GATGACTTCGTTCGCT-1,40,14225,962,3814
GATGACTTCTCGGTCT-1,20148,127,1973,5113
GATGACTTCTGAGCAT-1,26,7795,500,2844
GATGAGGAGAGAATCT-1,49,7786,633,2691
GATGAGGAGCTCGACC-1,13357,84,1364,3736
GATGAGGAGGCTAACG-1,53,15139,775,3828
GATGAGGCAACCGACC-1,25,13404,619,3549
GATGAGGGTTCCTAAG-1,28,9188,595,2721
GATGAGGGTTCCTAGA-1,22,4187,643,1561
GATGAGGTCCGATGCG-1,8610,42,512,3132
GATGATCAGCATTGTC-1,53,9178,605,3110
GATGATCAGTGTAGAT-1,29,5842,357,1943
GATGATCAGTTCTCTT-1,53,11321,727,3248
GATGATCCACTCCTTG-1,7916,83,816,3426
GATGATCCATCCTTGC-1,31,8423,585,2875
GATGATCGTAACGTTC-1,11,5251,368,1799
GATGATCGTATACCCA-1,14,5947,307,2130
GATGATCGTTATGTGC-1,25,4754,372,1822
GATGATCGTTGTGCCG-1,4761,30,478,2228
GATGATCGTTGTTGAC-1,21,7644,362,2440
GATGATCTCAGCGGAA-1,6548,23,3,2081
GATGATCTCCGTGTAA-1,27,4658,311,1681
GATGATCTCGATTCCC-1,22,7143,486,2152
GATGATCTCGGTGAAG-1,23,7413,659,2300
GATGATCTCTCAGAAC-1,194,7295,535,2600
GATGATCTCTCCGAGG-1,46,9667,732,3052
GATGCTAAGACCGCCT-1,21,5635,353,2169
GATGCTACACTAAACC-1,34,6970,590,2386
GATGCTAGTACAGTAA-1,1030,15,1,538
GATGCTATCTAGCAAC-1,8597,50,358,3238
GATGCTATCTTCTAAC-1,11945,95,623,3964
GATGGAGAGATCACCT-1,15696,148,1166,4843
GATGGAGAGGTAAACT-1,37,10523,659,3112
GATGGAGAGTTCCGGC-1,37,10655,578,3303
GATGGAGCATGACTGT-1,43,8863,610,2613
GATGGAGGTAGGAGGG-1,22,6817,440,2349
GATGGAGGTATCAGGG-1,33,8458,630,2460
GATGGAGTCACTACTT-1,40,10595,976,3059
GATGGAGTCGTAGCCG-1,6684,42,619,2742
GATGGAGTCTACGCGG-1,13,4434,433,1664
GATGGAGTCTGGCCGA-1,20,7221,382,2457
GATGTTGAGCGCTGAA-1,18,8804,433,2487
GATGTTGCACACTGGC-1,12535,77,626,4197
GATGTTGCATATGGCT-1,37,11364,771,3350
GATTCGACAGGCGAAT-1,17,8176,275,2644
GATTCGAGTAACTTCG-1,27,7901,414,2509
GATTCGAGTCACCTTC-1,25,6379,284,2261
GATTCGAGTCGTTATG-1,5081,33,340,2401
GATTCGAGTTAGGACG-1,12892,70,904,3586
GATTCGATCACGGTCG-1,10,5074,496,1748
GATTCGATCCGATAAC-1,12300,93,807,4000
GATTCGATCTCGGTAA-1,17,9239,320,2805
GATTCGATCTGAATCG-1,21,5201,302,1819
GATTCTTAGAGAGCCT-1,40,9186,664,3042
GATTCTTAGAGAGTGA-1,189,3748,235,1655
GATTCTTAGCACCCAC-1,20,6746,395,2212
GATTCTTAGTATCTGC-1,40,10160,517,3223
GATTCTTAGTTCCGGC-1,5811,24,4,2008
GATTCTTCAAAGCGTG-1,21,7271,669,2238
GATTCTTCAGACGGAT-1,18,5259,425,1712
GATTCTTTCGTAGGAG-1,9043,64,608,3235
GATTGGTCAAACGGCA-1,36,12284,452,3198
GATTGGTCAACGACTT-1,35,10765,785,3119
GATTGGTCAAGTAGTA-1,22,6721,335,2209
GATTGGTGTATCAGCT-1,21,8482,330,2662
GATTGGTGTCTCGCGA-1,4030,16,1,1503
GATTGGTGTTTACACG-1,40,13175,711,3457
GATTGGTTCTAAGCCA-1,21,8392,474,2509
GATTTCTAGACCAACG-1,41,17260,759,4231
GATTTCTAGGTACATA-1,52,8510,487,2621
GATTTCTAGTATGAAC-1,31,11695,490,3576
GATTTCTCACTGCTTC-1,38,8854,434,2726
GATTTCTGTCCGGCAT-1,33,10025,761,3225
GATTTCTGTCGTACTA-1,33,12310,618,3208
GATTTCTGTCTCGGAC-1,36,7229,489,2430
GATTTCTGTGGAGAAA-1,7137,38,428,2817
GATTTCTGTGTGAGCA-1,29,6808,378,2463
GATTTCTGTGTTCGTA-1,5045,35,306,2198
GATTTCTGTTCTCGTC-1,703,10,1,444
GATTTCTTCATTTACC-1,20,5127,340,1957
GATTTCTTCCATTTGT-1,37,12100,502,3356
GATTTCTTCGCAAGAG-1,10,3551,120,1458
GCAACATAGCTGTTCA-1,1700,77,881,730
GCAACATAGTGTCATC-1,48,19921,1048,4462
GCAACATGTAGCTCGC-1,14,2242,169,524
GCAACATGTCAGGTGA-1,12356,72,785,3980
GCAACATGTCTACGTA-1,2840,12,10,1208
GCAACATGTTTGGGAG-1,23,7428,838,2345
GCAACATTCGAGTCCG-1,71,17840,1193,4514
GCAACCGAGACTCAAA-1,40,10292,577,3250
GCAACCGAGGAATTAC-1,30,12961,746,3406
GCAACCGAGGATTCAA-1,27,9369,482,2801
GCAACCGCATGCCGAC-1,50,11297,699,3424
GCAACCGGTTCGAAGG-1,12781,96,904,4487
GCAACCGTCAAACCCA-1,43,11626,679,3333
GCAACCGTCACTGAAC-1,22,8122,612,2632
GCAACCGTCAGGGTAG-1,25,8083,571,2500
GCAACCGTCCTCTCTT-1,23,6974,515,2379
GCAACCGTCGACCATA-1,8831,7687,959,5807
GCAACCGTCGCATAGT-1,12349,42,376,3737
GCACATACACAACATC-1,28,8944,311,2849
GCACATAGTGAGACGT-1,33,15424,926,3707
GCACATAGTGCCAAGA-1,33,6734,395,2180
GCACATATCGATACGT-1,10208,70,705,3870
GCACATATCGTTCCTG-1,31,10815,807,3137
GCACATATCTCAACCC-1,32,6989,398,2688
GCACGGTAGAAGCCTG-1,13952,53,649,3923
GCACGGTAGCTTCTAG-1,38,13502,645,3726
GCACGGTCACAGTCGC-1,58,15436,936,3921
GCACGGTCACGTGTGC-1,32,11658,490,3228
GCACGGTCATTGTCGA-1,9228,52,426,3490
GCACGGTGTGCACGCT-1,18,7374,424,2292
GCACGGTTCCGGTTCT-1,10269,67,398,3500
GCACGTGAGATGTAGT-1,45,9155,419,2868
GCACGTGAGCTATCTG-1,6183,98,271,2933
GCACGTGAGGGCTTCC-1,38,14182,888,3520
GCACGTGAGGTGCGAT-1,39,14203,807,3416
GCACGTGCAAACCACT-1,9272,49,644,3283
GCACGTGCAAAGACGC-1,30,11037,806,3260
GCACGTGCAGAACTCT-1,7,3544,272,1006
GCACGTGCAGCCGTTG-1,15,11340,441,2918
GCACGTGGTCCAGCCA-1,11684,78,853,3873
GCACGTGGTTCTCGTC-1,50,13207,752,3737
GCACGTGTCCCATTTA-1,11919,78,890,3645
GCACTAAAGAAATGGG-1,26,8770,408,2643
GCACTAAAGATCGCTT-1,6,5669,391,1848
GCACTAAAGGATAATC-1,33,9140,525,2796
GCACTAACAGAGGACT-1,15,6088,408,2295
GCACTAATCCACCTCA-1,13633,120,823,4302
GCACTAATCGAGGCAA-1,32,7758,674,2519
GCACTAATCGGTCATA-1,8692,58,606,3138
GCACTAATCTGTGCTC-1,25,6460,387,2176
GCACTAATCTTGGTGA-1,24,7167,414,2259
GCAGCCAAGAATTCAG-1,33,7329,424,2551
GCAGCCAAGCACACCC-1,53,16799,462,3993
GCAGCCAAGGTTGAGC-1,7,2034,96,714
GCAGCCAAGTATGATG-1,54,11560,641,3324
GCAGCCACAAGTATAG-1,13,5643,427,1947
GCAGCCACATAGACTC-1,33,11362,551,3350
GCAGCCAGTCCAAGAG-1,27,9473,378,2782
GCAGCCATCCGTCAAA-1,48,16344,1165,4032
GCAGCCATCCTCGCAT-1,19568,94,883,5121
GCAGCCATCCTTCGAC-1,43,12889,605,3698
GCAGCCATCGTCGGGT-1,57,11248,711,2925
GCAGCTGAGTGATCGG-1,39,13828,881,3491
GCAGCTGCAAGTGTCT-1,10,6190,449,2035
GCAGCTGCAGAGTCTT-1,12491,53,822,3848
GCAGCTGCAGTTTCGA-1,14,6498,475,1964
GCAGCTGGTCCTATAG-1,18,5800,238,2373
GCAGCTGGTTCGGTCG-1,22939,92,988,5109
GCAGCTGGTTTGTTCT-1,27,7750,394,2519
GCAGCTGTCCTACCGT-1,3637,35,281,2006
GCAGCTGTCTCTCAAT-1,22,5908,318,2139
GCAGGCTAGCAGCCCT-1,16,6651,454,2040
GCAGGCTAGCTAAACA-1,20,5846,311,2554
GCAGGCTAGCTTGTTG-1,24,10779,665,2973
GCAGGCTAGGTACTGG-1,42,11335,628,3074
GCAGGCTAGTAATCCC-1,38,14827,765,3732
GCAGGCTAGTTGCCTA-1,8766,65,540,3205
GCAGGCTGTAATGTGA-1,14,4528,255,1673
GCAGGCTGTACAAGTA-1,7553,54,479,3105
GCAGGCTTCAAGTTGC-1,41251,211,2335,7036
GCAGGCTTCGAGTGGA-1,6781,6468,449,4351
GCAGGCTTCGTCTCAC-1,14,4283,325,1620
GCAGGCTTCTAAACGC-1,17,9460,543,2696
GCAGTTACACATGTTG-1,28,5330,284,2036
GCAGTTAGTGCATTTG-1,35,8242,701,2569
GCATCGGAGCTAGAGC-1,14,6083,342,2069
GCATCGGAGGCCCACT-1,29,12662,736,3074
GCATCGGAGGCCTAAG-1,3775,8044,765,4295
GCATCGGCACCTCTAC-1,26,8379,408,2612
GCATCGGGTCATCCCT-1,18,9539,423,2853
GCATCGGGTCGAGCTC-1,11,3575,304,1468
GCATCGGGTTTGTTCT-1,23,5156,401,2015
GCATCTCCAGTCGAGA-1,16,8426,613,2598
GCATCTCCATGGCTGC-1,22,5915,350,2152
GCATCTCGTCTCAAGT-1,493,12,2,377
GCATCTCGTGAGAGGG-1,11,4474,311,1559
GCATCTCGTTAACAGA-1,16,5488,579,1934
GCATCTCTCAGTGGGA-1,1168,28,79,560
GCATGATCAAGTGGCA-1,14,4482,391,1717
GCATGATCAATCGTCA-1,33,9364,430,3086
GCATGATCACCCTTGT-1,7750,68,332,3104
GCATGATCACCGTGGT-1,50,7746,496,2529
GCATGATCAGGAGGAG-1,15,5822,411,1922
GCATGATGTGCAAGAC-1,9580,29,524,2998
GCATGATGTGCAGATG-1,25,9256,501,2760
GCATGATGTGGCTTGC-1,9985,52,669,3318
GCATGATGTTGTGCAT-1,22,6445,425,2115
GCATGATTCCGGGACT-1,26,12148,699,3525
GCATTAGAGGCGAACT-1,18185,116,883,4769
GCATTAGAGTTGGCGA-1,9,4198,365,1746
GCATTAGCAAGCGGAT-1,17,5819,400,2044
GCATTAGGTAGACGTG-1,13,3898,395,1545
GCATTAGGTCCTGTCT-1,37,14488,698,3897
GCATTAGGTTAAACAG-1,49,8575,518,2791
GCATTAGTCCGAACGC-1,6231,39,293,2427
GCATTAGTCGGTAACT-1,11910,69,644,3434
GCCAACGAGGTAGCAC-1,8451,57,810,2884
GCCAACGCAATGTCAC-1,13,4810,346,1155
GCCAACGCACTGGAAG-1,11657,25,12,2519
GCCAACGCAGACCTGC-1,40,12326,558,3459
GCCAACGCAGCAGATG-1,14617,83,1034,4116
GCCAACGCAGCGACCT-1,27,9581,678,3103
GCCAACGCAGTCTGGC-1,25,8899,561,2538
GCCAACGGTGATCATC-1,11632,85,696,3848
GCCAACGGTGTTCGTA-1,1989,15,0,816
GCCAACGGTTAGAAAC-1,43,12018,1322,3364
GCCAACGTCAAGAGGC-1,28,9876,653,2915
GCCAACGTCAGTCATG-1,17,6251,327,2397
GCCAACGTCCAACACA-1,76,18211,1433,4565
GCCAACGTCTGGCCAG-1,28,6861,461,2427
GCCAACGTCTTTGGAG-1,6176,43,506,2481
GCCAGCAAGAAGTCCG-1,47,11711,794,3373
GCCAGCAAGGATACCG-1,11,4469,299,1716
GCCAGCAAGGCATTTC-1,28,8587,638,2449
GCCAGCAAGTCTAACC-1,48,13052,571,3774
GCCAGCACAGATGCGA-1,21,5344,367,1764
GCCAGCACAGTTGTTG-1,7338,31,385,2874
GCCAGCAGTACGTTCA-1,9503,48,494,3328
GCCAGCAGTAGCGCCT-1,10028,33,598,3215
GCCAGCAGTTACGGAG-1,17621,143,833,5089
GCCAGCATCATTACCT-1,16,5279,346,2050
GCCAGCATCCTACACC-1,51,15274,604,4072
GCCAGCATCGTTGCCT-1,25048,127,2274,6204
GCCAGCATCTACCCAC-1,33,7918,389,2650
GCCAGCATCTCTCGAC-1,33,8580,531,2939
GCCAGGTAGCAATAGT-1,39,12662,876,3362
GCCAGGTCAAGGCGTA-1,38,9257,627,2575
GCCAGGTGTCCATAGT-1,6884,55,637,2498
GCCAGGTGTCCGGTGT-1,31,10340,715,2938
GCCAGGTGTGTTATCG-1,30,8225,789,3005
GCCAGGTGTTCTTCAT-1,688,14,0,434
GCCAGGTTCATGCCCT-1,30,10763,491,3284
GCCAGGTTCCAAAGGG-1,25,8511,474,2786
GCCAGTGAGAATTTGG-1,27,7223,356,2373
GCCAGTGAGAGGGTGG-1,79,10087,567,2983
GCCAGTGCAGAACTCT-1,10532,67,596,3428
GCCAGTGGTCGCATTA-1,10,5269,311,1887
GCCAGTGGTTAGGCTT-1,7446,55,357,2846
GCCAGTGGTTTACTGG-1,15,7824,397,2376
GCCAGTGTCAAGCTTG-1,42,11680,743,3520
GCCAGTGTCGTAGGAG-1,17,7337,551,2374
GCCATGGAGCGACCCT-1,36,11840,836,3366
GCCATGGAGTGCACCC-1,25,6031,422,1963
GCCATGGGTAAGGAGA-1,27,5537,292,1982
GCCATGGGTCGTTGGC-1,13,5768,419,2080
GCCATGGGTTGGGTTT-1,43,9912,894,2873
GCCATGGTCAGCGTCG-1,7,4890,296,1764
GCCATGGTCATGCATG-1,10899,79,621,3869
GCCATGGTCATTGAGC-1,34,8498,628,2532
GCCATGGTCTTCCCGA-1,13822,70,390,4321
GCCATTCAGGCCACTC-1,47,17410,797,4014
GCCATTCAGTCCCGAC-1,39,14490,647,3729
GCCATTCCAACCACAT-1,30,5094,427,1949
GCCATTCCAACTACGT-1,12355,59,652,3836
GCCATTCCAAGCACAG-1,13,5715,3,1545
GCCATTCCAGCTCATA-1,11317,123,711,4015
GCCATTCCAGTAGTGG-1,26,8710,708,3188
GCCATTCGTCTCAAGT-1,34,8353,528,2580
GCCATTCGTTTCTTAC-1,23,7968,389,2540
GCCATTCTCGCAAGAG-1,42,12481,697,3620
GCCATTCTCGCATAGT-1,34,13516,603,3581
GCCATTCTCTAGCCAA-1,31,6867,487,2396
GCCATTCTCTTGGGCG-1,39,12661,764,3466
GCCCAGAAGCCTAGGA-1,2661,31,265,1232
GCCCAGAAGTCACAGG-1,25,6016,560,2111
GCCCAGACAAATTGGA-1,9107,47,552,2928
GCCCAGACAAGTCCCG-1,9,3187,184,733
GCCCAGACAATTGCAC-1,24,6434,601,2295
GCCCAGACACTTTATC-1,47,13280,839,3568
GCCCAGACATGACCCG-1,22,9444,464,2864
GCCCAGATCACTGATG-1,4361,18,2,1471
GCCCAGATCTATTGTC-1,33,9469,787,2908
GCCCGAACACATTCGA-1,36,11219,551,3366
GCCCGAACATTCTCTA-1,23,6244,417,2314
GCCCGAAGTAGAGATT-1,52,13123,1091,3527
GCCCGAAGTAGCACAG-1,41,10301,590,3282
GCCCGAAGTAGCGAGT-1,38,10132,750,2975
GCCCGAAGTCTCACAA-1,44,14361,1341,3618
GCCCGAAGTGGCGTAA-1,7661,42,528,2945
GCCCGAATCAAGCGTT-1,23,6381,607,2124
GCCCGAATCGGCAGTC-1,43,8693,643,2814
GCCGATGAGAACTTCC-1,19,5642,237,2309
GCCGATGAGACCAACG-1,21,5280,358,1857
GCCGATGAGCATAGGC-1,25,7418,515,2226
GCCGATGCAACTTGCA-1,1898,11,2,869
GCCGATGCATGAGAAT-1,8282,76,376,3203
GCCGATGGTACACGCC-1,11,7864,522,2538
GCCGATGTCGGTTGTA-1,28,8431,460,2681
GCCGATGTCGTTCGCT-1,26,7562,449,2397
GCCGATGTCTTGTTAC-1,10,5039,509,1838
GCCGTGAAGTCCTGTA-1,12,4698,308,1736
GCCGTGACATCACAGT-1,14,6280,314,2093
GCCGTGATCACCTTGC-1,24,8497,567,2598
GCCGTGATCATTCACT-1,3282,17,0,1393
GCCGTGATCCACTAGA-1,14751,92,885,4368
GCCTGTTAGTATGAAC-1,37,10540,350,3030
GCCTGTTAGTCATCGT-1,26029,169,1817,5778
GCCTGTTCACATTCGA-1,20,4938,320,2060
GCCTGTTCATGTGCCG-1,33,10535,744,3087
GCCTGTTGTCGTGGAA-1,2363,7,42,1216
GCCTGTTGTCTTCTAT-1,34,7220,650,2429
GCCTGTTGTTCACGAT-1,4605,31,468,2138
GCCTGTTTCCAACCGG-1,38,10179,460,2974
GCGAGAAAGTACCCTA-1,4558,5954,792,4164
GCGAGAAAGTGCACAG-1,3148,17,391,907
GCGAGAACAATGAAAC-1,36,10319,531,3088
GCGAGAACAGAACTTC-1,7846,44,296,3242
GCGAGAACAGTGGGTA-1,42,9267,687,2902
GCGAGAAGTCATGGCC-1,11113,72,929,3628
GCGAGAAGTGAATATG-1,39,8957,516,2706
GCGAGAATCCGGCAAC-1,32,10173,452,3162
GCGAGAATCGTCACCT-1,30,9013,511,2719
GCGATCGAGATGGCGT-1,18,7189,365,2317
GCGATCGAGTGGCCTC-1,22,6403,492,2059
GCGATCGCAGGCAATG-1,7037,34,489,2834
GCGATCGCATCCTTGC-1,12,6292,509,2215
GCGATCGGTGTAACGG-1,33,7843,484,2611
GCGATCGGTTCGGTCG-1,4949,28,400,2080
GCGGAAAAGACTCCGC-1,2836,28,790,1474
GCGGAAAAGGAGGCAG-1,24,7165,496,2326
GCGGAAAAGTTGCCCG-1,11,5319,333,1904
GCGGAAACAATTCACG-1,23,8809,649,3104
GCGGAAACACACGGTC-1,17,7254,364,2346
GCGGAAACAGACCATT-1,46,17125,1113,4094
GCGGAAAGTAATGATG-1,38,11351,726,3117
GCGGAAAGTCAAGTTC-1,19160,157,926,5754
GCGGAAAGTCGAAACG-1,24,7048,374,2167
GCGGAAATCGCGTGCA-1,11,4212,204,1601
GCGGATCAGCCAAGTG-1,28,9840,562,2844
GCGGATCAGCCTGAGA-1,30,10940,896,2701
GCGGATCCATCAGCTA-1,25,7048,508,2183
GCGGATCCATTGAAGA-1,6880,46,403,2709
GCGGATCGTATCACGT-1,27,14195,706,3736
GCGGATCGTTTACTGG-1,9016,54,430,3297
GCGGATCTCAGTCTTT-1,24,4653,350,1948
GCGGATCTCCTAGAGT-1,20,7178,652,2199
GCGGATCTCTACCACC-1,10701,78,523,3756
GCGGATCTCTAGACAC-1,73,19914,1193,4313
GCGTGCAAGGGTTGCA-1,29,8468,677,2595
GCGTGCACAAAGCACG-1,30,16329,889,3767
GCGTGCACACTGAGTT-1,6,1951,10,883
GCGTGCACAGAACCGA-1,14,4736,417,1639
GCGTGCATCACGTAGT-1,523,8,0,391
GCGTGCATCACTTGTT-1,31,8709,536,2719
GCGTGCATCAGCGCAC-1,23,5859,320,2148
GCGTGCATCCACTTTA-1,15,6370,329,2091
GCGTGCATCCTGTTGC-1,20,7862,493,2763
GCGTGCATCGGCATCG-1,19,4417,407,1669
GCGTTTCCACCAGCTG-1,37,7993,309,2638
GCGTTTCCAGAGAAAG-1,19,6806,306,2225
GCGTTTCCAGTCTGGC-1,7810,34,278,2665
GCGTTTCGTGGCTACC-1,11985,72,870,3724
GCGTTTCGTGGGCTTC-1,14,4453,333,1657
GCGTTTCTCGTGCGAC-1,16,7416,465,2382
GCTACAACAATCTGCA-1,49,8602,459,2855
GCTACAACACTATGTG-1,10102,106,612,3454
GCTACAACATCTAGAC-1,712,7,32,500
GCTACAAGTACAGGTG-1,14,3633,358,1339
GCTACAAGTCTTGCTC-1,35,13373,746,3605
GCTACAATCTGTAACG-1,40,9880,443,3205
GCTACCTCAAACCATC-1,26,6832,307,2489
GCTACCTGTCTCCTGT-1,22,6908,279,2420
GCTACCTGTGAGGAAA-1,13761,90,801,3933
GCTACCTTCTCCCAAC-1,34,12978,884,3522
GCTCAAAAGACAACAT-1,37,10731,476,3097
GCTCAAAAGGCGATAC-1,9579,49,437,3078
GCTCAAAGTACAAAGT-1,76,5404,467,2224
GCTCAAAGTGTAAATG-1,31,7258,570,2440
GCTCAAAGTTAGGCTT-1,13,5639,406,2038
GCTCAAATCAAGCGTT-1,16,6598,286,2196
GCTCAAATCCCGTTCA-1,44,12571,745,3351
GCTGAATCACAACGAG-1,19,7237,357,2439
GCTGAATCAGATTCGT-1,39,10462,742,3169
GCTGAATTCTGTAACG-1,17,5394,266,2128
GCTGCAGAGCGATTCT-1,14,6060,457,2189
GCTGCAGAGTAAGACT-1,27,8596,477,2682
GCTGCAGGTACAGTTC-1,45,8554,690,2813
GCTGCAGGTAGGATAT-1,24,7022,572,2068
GCTGCAGGTCGAGCTC-1,7852,58,375,2990
GCTGCAGGTCTGCATA-1,26,8322,321,2601
GCTGCAGTCCAACTGA-1,15,6613,234,2198
GCTGCAGTCCCATAAG-1,5837,40,365,2391
GCTGGGTAGCGTTACT-1,13,5776,364,2056
GCTGGGTAGGCGAACT-1,21553,158,1893,5487
GCTGGGTAGTCAGCCC-1,27,7213,409,2625
GCTGGGTAGTGGTGGT-1,63,11690,1169,3233
GCTGGGTAGTTAACGA-1,39,7785,741,2460
GCTGGGTCAACCTATG-1,13325,85,802,4328
GCTGGGTCAATTGCTG-1,22,9000,435,2970
GCTGGGTCACAACATC-1,34,12795,541,3274
GCTGGGTGTAATGCTC-1,12918,93,807,3813
GCTGGGTTCATGCCGG-1,15,5790,458,1992
GCTGGGTTCGTGTTCC-1,28,5579,618,1818
GCTTCACAGACTCGAG-1,25,5846,449,1938
GCTTCACAGGTTGGAC-1,14504,79,913,4190
GCTTCACCACAGCCAC-1,31,9106,605,2775
GCTTCACCACCCTAAA-1,36,12426,715,3548
GCTTCACCACGGTGTC-1,19,6758,419,2284
GCTTCACGTCATATGC-1,33,7387,430,2478
GCTTCACGTTACTCAG-1,15,4646,168,1898
GCTTCACTCACCATCC-1,18632,130,513,5270
GCTTGGGAGGTTCAGG-1,25,7150,691,2126
GCTTGGGCAACGTATC-1,627,15,1,446
GCTTGGGCACTTGAGT-1,35,7116,479,2488
GCTTGGGCACTTTATC-1,42,10205,671,3107
GCTTGGGCATGGGAAC-1,33,9662,615,2903
GCTTGGGGTAACATGA-1,30,9743,509,3014
GCTTGGGGTCGCCACA-1,42,11268,711,3368
GCTTGGGTCCAGCTCT-1,18,5134,264,1962
GCTTGGGTCGCCGATG-1,30,5791,454,1883
GCTTGGGTCTACTCAT-1,33,7941,518,2496
GCTTTCGAGAAGCCAC-1,14,9706,470,2956
GCTTTCGAGAATCCCT-1,8,1848,288,941
GCTTTCGAGCTCGAAG-1,14213,98,873,4591
GCTTTCGAGTAAGAGG-1,15,5028,450,1902
GCTTTCGAGTACAACA-1,33,9137,602,2870
GCTTTCGCAACAAAGT-1,11,5654,276,2041
GCTTTCGCATCCCGTT-1,23,5779,333,2182
GCTTTCGGTCTACTGA-1,29,6459,587,2159
GCTTTCGTCATTGCTT-1,19,6244,441,2303
GCTTTCGTCGAAGCAG-1,9,4590,344,1545
GCTTTCGTCGTTACCC-1,20,7295,466,2352
GGAACCCAGCATGAAT-1,17062,96,735,4543
GGAACCCAGCTAAGTA-1,22,6463,442,2294
GGAACCCCAATTGCTG-1,25,6750,585,2151
GGAACCCCACAACGTT-1,27,7333,510,2415
GGAACCCCACATGTTG-1,30,10741,576,3354
GGAACCCGTGGATCGA-1,29,13208,741,3490
GGAACCCGTTGGAGGT-1,9,5680,602,2100
GGAACCCTCATCACTT-1,22,8250,367,2508
GGAACCCTCATTGCCC-1,20,6720,433,2237
GGAACCCTCCATAGGT-1,22,8769,506,2842
GGAACCCTCTCGGCTT-1,11787,10535,1681,6895
GGAAGTGAGCGATTCT-1,62,10444,739,3101
GGAAGTGAGGGCTTCC-1,8600,46,754,2980
GGAAGTGAGGTAGACC-1,38,11284,748,3304
GGAAGTGCAGCGGTTC-1,2619,12,120,715
GGAAGTGCATGCCGAC-1,19628,85,1165,4698
GGAAGTGGTATCATGC-1,3311,29,724,1697
GGAAGTGGTTCAGCGC-1,24,9756,1254,2900
GGAAGTGTCATCTACT-1,15,4107,361,1572
GGAAGTGTCCGCTAGG-1,2742,12,0,1122
GGAAGTGTCGCGTCGA-1,3,4509,253,1759
GGAATCTAGCACTGGA-1,21,5590,454,1907
GGAATCTGTGGTACAG-1,17,4250,353,1609
GGAATCTGTTACGTAC-1,48,10976,570,3461
GGAATCTTCATCGCCT-1,11691,79,726,3982
GGAATCTTCGACGAGA-1,8,3614,288,1364
GGAATGGAGAGCTGCA-1,14402,93,909,4249
GGAATGGAGTAGGATT-1,53,10681,586,3355
GGAATGGCAAGTGTCT-1,14236,7196,1542,6649
GGAATGGCATAACTCG-1,24885,182,1856,6104
GGAATGGCATAGAGGC-1,31,6670,624,1870
GGAATGGGTCGAACAG-1,14,8471,415,2545
GGAATGGGTGAGTCAG-1,8493,31,398,3070
GGAATGGTCCGCATAA-1,26,7062,464,2241
GGAATGGTCGGCTGGT-1,16,6609,396,2290
GGAATGGTCTGCCTGT-1,12248,97,909,3773
GGACGTCAGCAGCCTC-1,22,6069,512,2201
GGACGTCCAATTCTTC-1,24,6749,450,2400
GGACGTCCAGGACATG-1,34,12614,793,3528
GGACGTCCATGCCGAC-1,5991,44,827,1947
GGACGTCCATGTTCGA-1,17,10964,570,3083
GGACGTCTCGGTGTTA-1,26,7363,400,2465
GGACGTCTCTTACCGC-1,33,9524,605,3121
GGAGAACAGGATACAT-1,12,5527,588,1136
GGAGAACAGGTGCTGA-1,14690,110,987,4366
GGAGAACCACTCCCTA-1,23,8372,384,2714
GGAGAACCAGCGACCT-1,19,6122,455,2030
GGAGAACGTACAAACA-1,35,9990,491,2957
GGAGAACGTCTCCCTA-1,30,8912,682,2845
GGAGAACGTGGTTCTA-1,54,8802,567,2712
GGAGAACTCATAGAGA-1,25,4538,342,1573
GGAGAACTCGCAGTTA-1,18150,107,1229,4796
GGAGATGGTAATTAGG-1,34,5213,434,1947
GGAGATGGTAGCACAG-1,30,4855,354,1730
GGAGATGGTATTGAGA-1,16,5823,444,1961
GGAGATGGTCATCCGG-1,13,6775,422,2265
GGAGATGTCAGGACGA-1,36,8542,474,2711
GGAGATGTCCCTGGTT-1,1277,11,1,690
GGAGATGTCTCCGTGT-1,34,9497,512,3031
GGAGCAAAGACTAGAT-1,31,9165,689,2907
GGAGCAAAGCTCTGTA-1,47,10569,778,3391
GGAGCAAAGTCCGCGT-1,22,5875,370,2095
GGAGCAACAATCACGT-1,30,14685,688,3738
GGAGCAACACCCTATC-1,16,6363,361,2046
GGAGCAAGTAAGATCA-1,31,5843,558,2101
GGAGCAAGTCACTTAG-1,20,8372,393,2508
GGAGCAAGTGGACTGA-1,7427,39,471,2384
GGAGCAAGTGTAAACA-1,22,7723,321,2508
GGAGCAATCAGCGCGT-1,10,7135,449,2192
GGAGCAATCAGGTAAA-1,31,10443,535,3156
GGAGCAATCCGGACGT-1,10967,9648,1334,6208
GGAGCAATCTCTCCGA-1,8483,52,458,3239
GGAGGATGTAGCTGCC-1,31,7079,495,2069
GGAGGATGTAGGAAAG-1,7117,45,423,2581
GGAGGATGTTAAGGGC-1,21,7040,388,2511
GGAGGATGTTGTCTAG-1,28,10670,696,2887
GGAGGATTCAAGCTGT-1,484,9379,459,3021
GGAGGATTCACGAGGA-1,40,12573,687,3310
GGAGGATTCGCCATAA-1,32,6661,422,2154
GGAGGATTCTTCTCAA-1,36,7878,579,2618
GGAGGTAAGCTCACTA-1,15085,136,674,4860
GGAGGTAAGGGTCAAC-1,2723,14,3,1125
GGAGGTACACGACGAA-1,57,15135,973,3673
GGAGGTACATTACGGT-1,20,5839,417,2071
GGAGGTAGTCCAGAAG-1,9739,95,745,3778
GGAGGTATCCTCTTTC-1,2180,19,15,1122
GGAGGTATCTGAGAAA-1,16,5190,277,1674
GGATCTAAGTAGGAAG-1,28,7399,426,2483
GGATCTACAAGTGACG-1,4785,31,398,1974
GGATCTACAGGCATTT-1,12,5256,335,1885
GGATCTAGTCGTTGGC-1,26,6884,428,2542
GGATCTATCATGAAAG-1,6879,51,596,2744
GGATCTATCCATACTT-1,35,8075,439,2676
GGATCTATCGTGCATA-1,6573,20,0,2082
GGATGTTAGCAGCACA-1,15,3538,282,1574
GGATGTTAGTATAACG-1,31,8116,508,2616
GGATGTTCAATAAGGT-1,6501,53,452,2665
GGATGTTCACGCGTGT-1,6714,29,421,2253
GGATGTTCACGGCCAT-1,26,7238,351,2337
GGATGTTGTCCAGCAC-1,23,7156,500,2204
GGATGTTGTCGAGCTC-1,27,6449,799,2057
GGATGTTGTGATTAGA-1,9796,77,436,3220
GGATGTTGTGCGTTTA-1,7131,45,598,2733
GGATGTTTCCACAGGC-1,26,9280,583,2941
GGCACGTAGGGCCTCT-1,9041,29,603,3055
GGCACGTAGTACAGAT-1,123,9910,399,3079
GGCACGTAGTCACTGT-1,23,8504,300,2606
GGCACGTCATTCAGGT-1,20,13158,846,3538
GGCACGTCATTGCCGG-1,5503,13747,1049,6101
GGCACGTGTATCGATC-1,8828,8930,1241,6061
GGCACGTTCCACCCTA-1,12120,69,291,3680
GGCACGTTCTACGGTA-1,32,7797,456,2603
GGCAGTCCACTATCGA-1,3125,13,631,1636
GGCAGTCCAGTTCCAA-1,17,8833,398,2356
GGCAGTCCATGAGTAA-1,44,13153,709,3582
GGCAGTCCATTAAGCC-1,38,21305,959,4551
GGCAGTCGTAGACGTG-1,8469,33,570,2990
GGCAGTCGTCCCAAAT-1,12074,144,883,3805
GGCAGTCGTCCCGTGA-1,8,7770,571,2396
GGCAGTCGTGATTCAC-1,13,4953,366,1676
GGCAGTCGTGCCTTTC-1,17,6118,384,2105
GGCAGTCGTGGCTTGC-1,9373,47,753,3307
GGCAGTCGTTACACTG-1,14222,158,952,4328
GGCAGTCGTTCTGAGT-1,27,7239,520,2314
GGCAGTCTCGATAACC-1,16162,116,952,4543
GGCAGTCTCGCAGATT-1,39,9951,716,2935
GGCAGTCTCTTCGCTG-1,45,14364,1004,3963
GGCGTCAAGAGCAGTC-1,12,6044,374,2206
GGCGTCAAGGTAGCCA-1,20,5191,312,2058
GGCGTCACAGATCACT-1,13,5438,280,1914
GGCGTCACATGCCGCA-1,10612,76,737,3916
GGCGTCAGTAAGTCAA-1,20,5554,504,1713
GGCGTCAGTACGAGCA-1,20,6279,568,1912
GGCGTCAGTGCTTCAA-1,13,4767,257,1720
GGCGTCAGTTTACCAG-1,20,6551,429,2149
GGCGTCAGTTTAGAGA-1,6812,31,653,2434
GGCGTCATCGTCTCAC-1,8431,51,325,2927
GGCTGTGAGATTTGCC-1,9023,68,542,3579
GGCTGTGAGCTCCGAC-1,15687,100,929,4630
GGCTGTGAGGTTACCT-1,43,4898,397,2020
GGCTGTGCACGTACTA-1,701,5,0,496
GGCTGTGGTATCTCGA-1,32,7271,758,2565
GGCTGTGGTTGGGCCT-1,23,8996,635,2661
GGCTGTGTCACTCGAA-1,14458,32,2,3371
GGCTGTGTCATTTGTC-1,3777,36,461,1764
GGCTGTGTCCGAGAAG-1,5528,31,389,2350
GGCTTGGAGACGGAAA-1,7642,55,566,2626
GGCTTGGAGAGTGTGC-1,4449,32,364,1807
GGCTTGGAGCAGTACG-1,25,7138,498,2124
GGCTTGGAGTCCTGCG-1,5,1993,200,543
GGCTTGGCATTACTCT-1,15,6950,437,2276
GGCTTGGGTAGCGAGT-1,44,9785,798,3067
GGCTTGGTCAGCACCG-1,29,6954,395,2533
GGCTTGGTCATCGCCT-1,18,7396,267,2422
GGCTTGGTCGAACGCC-1,16,7399,361,2683
GGCTTGGTCGGACAAG-1,14134,79,1037,4283
GGCTTTCAGAGGGTGG-1,16,5322,423,1946
GGCTTTCCAAAGGGCT-1,29,6271,393,1919
GGCTTTCCAATTGGTC-1,3,548,210,275
GGCTTTCCACACTTAG-1,62,11604,855,3597
GGCTTTCCACCCTAAA-1,26,7714,376,2551
GGCTTTCGTTCAGCTA-1,10841,63,689,3600
GGCTTTCTCCTTCTGG-1,4986,22,1,1782
GGCTTTCTCTAGGCCG-1,15,6799,300,2329
GGGAAGTAGAGCATTA-1,54,9183,562,2839
GGGAAGTAGCTCAGAG-1,19,6332,463,2180
GGGAAGTAGTACTCGT-1,14,6474,436,2085
GGGAAGTCAAGTGGTG-1,32,15634,373,3773
GGGAAGTCACTAACGT-1,34,9312,693,2826
GGGAAGTCATTGGATC-1,37,7164,639,2523
GGGAAGTGTTATTCTC-1,12,6855,339,2058
GGGAAGTGTTGTGTTG-1,23,7642,555,2454
GGGAAGTTCACCCTGT-1,41,10652,657,3195
GGGAAGTTCCATACAG-1,23,5153,479,1948
GGGAAGTTCCTAGAGT-1,5,3536,309,1386
GGGAAGTTCGGCATTA-1,7549,8812,1430,5391
GGGAAGTTCGTGCATA-1,27,9751,642,2899
GGGACAAAGACATCCT-1,39,13934,762,3730
GGGACAAAGCTGTTCA-1,34,9386,692,2877
GGGACAAAGGGTACGT-1,774,9,4,474
GGGACAAAGGTCGTCC-1,18,6273,518,2097
GGGACAACATTCAGCA-1,21,7866,325,2544
GGGACAAGTACGCGTC-1,20,10133,564,2783
GGGACAAGTCGGAAAC-1,12,6569,392,2001
GGGACCTAGGGACACT-1,10729,75,649,3946
GGGACCTAGTTCTCTT-1,25,9845,272,3033
GGGACCTCAGACCGCT-1,33,14594,556,3577
GGGACCTGTCCACATA-1,6848,40,425,2502
GGGACCTGTGAAGCGT-1,13,6082,449,2075
GGGACCTGTTGCATGT-1,35,7683,473,2642
GGGACCTTCAATCTCT-1,26,8765,645,2421
GGGACCTTCACGAGGA-1,20,4051,301,1497
GGGACCTTCTGGTGGC-1,33,7407,670,2369
GGGACTCAGTCCCTAA-1,28,10734,473,3093
GGGACTCAGTGCTCAT-1,40,14096,555,3461
GGGACTCCAAAGACGC-1,25,7717,702,2325
GGGACTCCAGCACAGA-1,26,8261,485,2882
GGGACTCGTCCGATCG-1,22436,95,1053,5126
GGGAGATAGAAATGGG-1,24,6182,505,2119
GGGAGATAGACCTCCG-1,11228,63,675,3477
GGGAGATAGGAGGTTC-1,19374,134,1742,5015
GGGAGATAGTTGCCTA-1,35,8856,474,2577
GGGAGATCACATATCG-1,29,8098,370,2834
GGGAGATCATCTTAGG-1,23,5778,382,1795
GGGAGATGTATCGAAA-1,29,9248,555,2833
GGGAGATGTATTTCTC-1,24,5352,341,2124
GGGAGATGTGCGCTCA-1,19,8107,1779,2827
GGGAGATGTGGAATGC-1,752,27,442,292
GGGAGATGTTAGAGTA-1,35,6163,421,1921
GGGAGATTCAAATGAG-1,8009,42,338,3035
GGGAGTAAGCCGTAAG-1,41,12341,945,3038
GGGAGTAAGGCAGGTT-1,5155,10292,1256,5684
GGGAGTAAGTCATGGG-1,24,4762,275,1790
GGGAGTATCCGTGCGA-1,30,6721,662,2137
GGGAGTATCCTACCAC-1,23,7637,461,2476
GGGAGTATCTAGGCAT-1,29,8653,593,2633
GGGATCCAGGAAAGAC-1,31,5471,431,1910
GGGATCCAGTTGCCTA-1,34,6794,477,2267
GGGATCCCAATAGGGC-1,945,10,2,602
GGGATCCCAGAATTCC-1,35,10362,695,3342
GGGATCCGTACGAAAT-1,20,4669,154,1878
GGGATCCGTATTGCCA-1,20,13196,633,3253
GGGATCCGTTACCCAA-1,15,4667,272,1776
GGGATCCGTTTCACTT-1,27,4859,301,1906
GGGATCCTCCCAACTC-1,42,12589,533,3700
GGGATGACATAGAAAC-1,12,6178,306,2054
GGGATGAGTAGACAAT-1,1987,12,0,923
GGGATGAGTCCGGACT-1,16,6084,340,2128
GGGATGATCCCTGTTG-1,30,8533,620,2748
GGGATGATCCTAGCCT-1,5502,15,3,1907
GGGATGATCGCTAATG-1,29,8356,493,2576
GGGATGATCTACCACC-1,3,1623,116,511
GGGCCATAGGACGCTA-1,15440,7973,1189,7368
GGGCCATAGGTAGTCG-1,611,23,565,70
GGGCCATAGTCGAAGC-1,8046,76,613,3267
GGGCCATCACAACATC-1,29,9301,586,2952
GGGCCATCACTTCAAG-1,9210,61,382,3071
GGGCCATCAGTGTGCC-1,13142,68,513,3869
GGGCCATTCGTCCTTG-1,1066,9,0,675
GGGCGTTAGCACCGTC-1,25,7382,522,2304
GGGCGTTAGCTAAATG-1,15043,106,1034,4541
GGGCGTTCACTTGGGC-1,69,26616,1165,5088
GGGCGTTGTACGTGTT-1,15,3653,435,1498
GGGCGTTGTGAGACCA-1,6980,12431,1487,5937
GGGCGTTTCGTCAAAC-1,32,7441,533,2434
GGGCGTTTCGTCGACG-1,16,5104,345,1742
GGGCTACAGGGTACGT-1,19,5861,398,2274
GGGCTACAGGTAGTAT-1,33,8452,525,2414
GGGCTACAGGTTGGTG-1,5242,36,558,2306
GGGCTACCAATACCTG-1,1220,14,1,651
GGGCTACCAATTCTCT-1,21,6503,470,2242
GGGCTACGTAAGCGGT-1,35,12985,700,3271
GGGCTACGTACTCGTA-1,30,9465,703,2884
GGGCTACGTCGTTCAA-1,8297,52,649,3038
GGGCTACGTGCCGAAA-1,8459,64,877,2938
GGGCTACTCCCATAGA-1,25,6482,422,2075
GGGCTCAAGCCAAGTG-1,17,9134,531,2906
GGGCTCACAATGCAAA-1,46,8682,481,2751
GGGCTCACAGAGAGGG-1,15,6481,433,2086
GGGCTCAGTCACGCTG-1,16,6426,360,2003
GGGCTCAGTTGTCCCT-1,20,5642,314,2005
GGGCTCAGTTTAGAGA-1,66,13937,970,3947
GGGCTCAGTTTGGGAG-1,32,8846,525,2718
GGGCTCATCCAGCCTT-1,8,2311,158,631
GGGCTCATCGTCAACA-1,4302,32,5,1577
GGGCTCATCTGCGGAC-1,17,6552,447,2163
GGGCTCATCTTAGCAG-1,29,7742,433,2751
GGGTAGACAACACACT-1,28,9750,346,2956
GGGTAGACACAGTCAT-1,22,7957,612,2536
GGGTAGAGTCTACAGT-1,37,9985,637,2913
GGGTAGAGTGATACAA-1,27,8191,620,2622
GGGTAGAGTGATGAAT-1,11114,55,614,3482
GGGTAGAGTTTGGAAA-1,4951,52,648,2384
GGGTAGATCACATACG-1,11161,77,529,3616
GGGTAGATCAGCGCGT-1,23,4323,329,1627
GGGTAGATCATCGTAG-1,13,4291,341,1645
GGGTAGATCTCTTAAC-1,21,4906,392,1879
GGGTATTAGAGATGCC-1,13108,118,903,4317
GGGTATTAGGCATCGA-1,4771,7967,864,4452
GGGTATTCATTGACCA-1,18,5795,409,2183
GGGTATTGTAGATCCT-1,47,12904,1035,3540
GGGTATTGTATTTCCT-1,7243,44,295,2865
GGGTATTGTTATTCTC-1,27,8335,411,2779
GGGTATTGTTTACGTG-1,43,10925,614,3092
GGGTATTGTTTCGTTT-1,35,8650,579,2896
GGGTATTTCACGTAGT-1,18679,138,989,5164
GGGTATTTCGGTCTAA-1,35,6008,454,2277
GGGTATTTCGTCGGGT-1,16,3594,267,1434
GGGTCACAGGGTCACA-1,40,13116,696,3654
GGGTCACGTATCCTTT-1,24,4965,352,1678
GGGTCACGTCGAAACG-1,13,11245,645,3164
GGGTCACGTTCAGGTT-1,14,5959,638,2019
GGGTCACTCACTAGCA-1,43,8742,525,2870
GGGTCACTCCTCACGT-1,19,7709,543,2249
GGGTCACTCGAATGCT-1,35,8633,416,2722
GGGTCACTCGCTTGCT-1,38,7155,559,2462
GGGTCACTCTTAGGAC-1,54,14298,563,3663
GGGTCTGGTCATGCAT-1,20,5023,331,1938
GGGTCTGGTGAACGGT-1,18,5420,390,1963
GGGTCTGTCGACGCTG-1,59,7813,637,2384
GGGTGAACAGATCCAT-1,7332,65,613,2872
GGGTGAACAGGTGGAT-1,10536,80,1049,3475
GGGTGAACATCCGCGA-1,68,16332,913,4220
GGGTGAAGTGTAAATG-1,26,5623,415,2052
GGGTGAATCGACGATT-1,11439,56,730,3675
GGGTGTCAGCCTCAAT-1,14,7383,271,2594
GGGTGTCAGTTAGAAC-1,31,5002,323,1571
GGGTGTCCAAGTGCTT-1,49,19650,834,4338
GGGTGTCCACCCATAA-1,8468,49,496,2835
GGGTGTCCACTGTGAT-1,36,8105,814,2494
GGGTGTCCAGGTGGAT-1,36,10254,593,3081
GGGTGTCGTACACGCC-1,14632,58,784,4010
GGGTTATAGAGCCCAA-1,10143,57,567,3586
GGGTTATAGTGCGTCC-1,23,8537,380,2976
GGGTTATCAAGAGAGA-1,20,6075,386,2051
GGGTTATCAGCCGTTG-1,9201,59,661,3295
GGGTTATGTAACAAGT-1,43,6984,570,2293
GGGTTATTCAATCAGC-1,13,5312,298,2100
GGGTTATTCATTCATC-1,1238,14,4,650
GGGTTATTCGTTCCTG-1,39,10599,613,3104
GGGTTATTCTGCTTAT-1,20,5754,502,1975
GGGTTTAAGAGTTGTA-1,17,3842,225,1502
GGGTTTAAGTAGCAAT-1,29,6819,440,2371
GGGTTTACAGGTTCGC-1,24,6543,299,2121
GGGTTTAGTATCAAGA-1,7332,65,651,2976
GGGTTTAGTGATGAAT-1,24,8634,289,2511
GGGTTTAGTTAAAGTG-1,20,10170,842,3023
GGGTTTATCAGACTGT-1,965,6,0,585
GGGTTTATCAGCCTTC-1,30,8314,658,2805
GGGTTTATCCGAACGC-1,17,10053,695,2993
GGTAACTCACATGGTT-1,37,6321,505,2367
GGTAACTCAGAGATTA-1,33,11600,691,3097
GGTAACTTCACTTTGT-1,11701,83,611,3809
GGTAACTTCTCATAGG-1,10,4970,452,1893
GGTAATCAGCCACTCG-1,35,6853,482,2253
GGTAATCAGTTGCCTA-1,22,6697,441,2193
GGTAATCCACAAAGTA-1,66,11252,617,3476
GGTAATCCAGACTGCC-1,38,15417,754,3932
GGTAATCCATACTGAC-1,31,7427,467,2468
GGTAATCGTACCGTCG-1,17,4816,349,1773
GGTAATCGTCGCCACA-1,4,1801,112,551
GGTAATCGTTAATCGC-1,13,6167,336,2168
GGTAATCTCCTCATAT-1,19,5183,217,2022
GGTAATCTCTTCGTAT-1,13,7796,330,2429
GGTAGAGCACCCTAGG-1,27,6718,637,2064
GGTAGAGCATTGTCGA-1,30,7916,571,2424
GGTAGAGGTCCATCTC-1,48,12634,791,3621
GGTAGAGGTTAGAGAT-1,8107,6096,868,4771
GGTAGAGTCCACCTGT-1,7636,51,369,3001
GGTCACGAGTTAACGA-1,58,11687,766,3581
GGTCACGCAATTGCCA-1,836,12,0,535
GGTCACGCATGGCTAT-1,632,9,0,417
GGTCACGCATTGACTG-1,27,4592,372,1814
GGTCACGGTCCGGTGT-1,30,10007,459,2962
GGTCACGTCAGCGGAA-1,707,11,0,503
GGTCACGTCAGTGATC-1,21,10294,558,2937
GGTCACGTCATTTGCT-1,7818,57,471,3169
GGTCTGGCAACGTAAA-1,591,11,0,347
GGTCTGGCAATCCTTT-1,32,7462,589,2370
GGTCTGGCATGCGGTC-1,18,6148,262,2200
GGTCTGGGTGAGCGAT-1,7358,37,495,2672
GGTCTGGTCGCGTGAC-1,26,8618,754,2656
GGTCTGGTCTGACAGT-1,39,12996,542,3387
GGTCTGGTCTGGACTA-1,18,3594,299,1590
GGTGAAGCACTAGAGG-1,28,10253,561,3065
GGTGAAGCATCCGATA-1,32,6948,432,2538
GGTGAAGGTGGGTCAA-1,57,13968,1056,3510
GGTGAAGTCCAAATGC-1,42,5112,325,1968
GGTGAAGTCCTCTCGA-1,17,7042,410,2306
GGTGATTAGCGAGTCA-1,6778,46,338,2924
GGTGATTAGGAACATT-1,45,8560,527,2846
GGTGATTAGGACACTG-1,1171,9,0,669
GGTGATTAGTTTGTCG-1,17132,3968,1499,6364
GGTGATTCAACCGTGC-1,23,8718,863,2659
GGTGATTCAGAGTCTT-1,37,8478,520,3069
GGTGATTTCGCCGATG-1,22,6103,446,2008
GGTGATTTCGGTCAGC-1,17,5227,234,1787
GGTGGCTAGCCATGCC-1,17301,105,912,4881
GGTGGCTCAGACGCTC-1,7123,36,630,2730
GGTGGCTGTCCTCATC-1,22,8492,749,2567
GGTGTCGAGGTTACCT-1,7776,6687,908,5169
GGTGTCGAGGTTGGTG-1,38,9488,746,2848
GGTGTCGCAACAGAGC-1,25718,137,1479,5091
GGTGTCGCAGACCTAT-1,40,12708,883,3673
GGTGTCGGTGGACAGT-1,13,2649,82,860
GGTGTCGGTTGCAACT-1,38,10923,931,3285
GGTGTCGTCATCGTAG-1,10,5655,353,1806
GGTGTTAAGCCAAGTG-1,18,5988,289,2026
GGTGTTACAGTCCCGA-1,17,7755,464,2465
GGTGTTAGTATCATGC-1,19,5050,321,1941
GGTGTTAGTTCAAAGA-1,30,10942,612,3224
GGTGTTAGTTCCGTTC-1,12606,47,465,3851
GGTGTTAGTTTGAACC-1,40,13651,1085,3737
GGTGTTATCAGACCGC-1,11,6061,491,2153
GGTGTTATCGGCATTA-1,8476,52,431,3137
GGTTAACAGATGATTG-1,20,5689,370,1947
GGTTAACCAGGTGTTT-1,19885,127,967,5228
GGTTAACGTGAGCCAA-1,19,12094,686,3213
GGTTAACTCCTTCAGC-1,66,5665,255,2093
GGTTAACTCTACTATC-1,29,6041,465,2213
GGTTCTCAGGACACTG-1,23,9874,584,2767
GGTTCTCCAGACAAAT-1,10512,71,543,3519
GGTTCTCGTAGACAGC-1,28,6884,296,2307
GGTTCTCGTAGGAGGG-1,15,4893,280,1676
GGTTCTCGTAGTCACT-1,44,9709,698,3111
GGTTCTCGTCAAAGAT-1,23,6563,386,2210
GGTTCTCGTGCATGTT-1,8,3887,228,1536
GGTTCTCGTGTGTCCG-1,20,9006,636,2886
GGTTGTAAGAATTTGG-1,38,11315,803,3275
GGTTGTAAGACTGAGC-1,7123,40,288,2668
GGTTGTACACGACGAA-1,6168,21,428,2188
GGTTGTACACGCTGAC-1,62,18347,967,4283
GGTTGTACACTCCTTG-1,31,14145,790,3927
GGTTGTAGTACAGTTC-1,26,9765,585,2787
GGTTGTAGTACTGCCG-1,27,9550,516,2995
GGTTGTATCGAAGGAC-1,6509,23,263,2306
GGTTGTATCGGTCGGT-1,29,7251,572,2523
GTAACACAGAACCGCA-1,13,4266,275,1504
GTAACACAGGGCCAAT-1,8739,32,1,2292
GTAACACAGGTAATCA-1,27,11285,742,3103
GTAACACAGTTTGGCT-1,3023,33,442,1768
GTAACACCAAGCAATA-1,52,9626,537,3070
GTAACACCAGCCTACG-1,5816,53,235,2451
GTAACACCAGGACGAT-1,23,6499,496,2162
GTAACACCATAACAGA-1,18,7114,758,2186
GTAACACGTGTCCATA-1,12,5749,485,1885
GTAACACTCATCGGGC-1,16,7907,505,2475
GTAACACTCGGCTTCT-1,26,6355,314,2358
GTAACCAAGACATCAA-1,9919,82,535,3509
GTAACCAAGAGCAGTC-1,10221,41,587,3357
GTAACCAAGCACGGAT-1,43,10691,736,3055
GTAACCAAGTATGAAC-1,50,10130,496,3034
GTAACCACAATCGCCG-1,13,6941,403,2254
GTAACCACATACGCAT-1,32,6415,518,2304
GTAACCACATCCAATG-1,20,6292,435,2333
GTAACCAGTCAGTCCG-1,3806,31,281,1975
GTAACCAGTGTATTGC-1,15212,99,746,4495
GTAACCATCATTGTTC-1,16,4189,371,1621
GTAACCATCGTAGTCA-1,22,5329,362,1828
GTAAGTCAGACATAAC-1,7398,64,387,2727
GTAAGTCGTATCGCGC-1,20,17515,641,3948
GTAAGTCGTCGCATCG-1,5,1568,40,403
GTAAGTCTCAACTGGT-1,11594,105,823,3900
GTAAGTCTCAGCCTTC-1,12,5926,242,1979
GTAAGTCTCCTGGCTT-1,33,4397,213,1926
GTAATCGAGAAGCCTG-1,30,9569,589,3058
GTAATCGAGTACTCGT-1,25,6153,381,2228
GTAATCGCAAAGGCGT-1,9598,57,732,3322
GTAATCGCAACTGAAA-1,42,9538,559,2993
GTAATCGCAATAGGGC-1,19,6008,350,2273
GTAATCGCAGCCCACA-1,25,10317,455,3012
GTAATCGGTACAAGTA-1,24,5033,386,1888
GTAATCGGTACTTCCC-1,9666,132,2535,3024
GTAATCGGTAGTAAGT-1,18173,7043,1644,7212
GTAATCGGTGCAGATG-1,16,5652,384,1881
GTAATCGTCAAGTTGC-1,19,7992,463,2611
GTAATCGTCAGTCCGG-1,11,4813,326,1926
GTAATCGTCTAGGCAT-1,13653,80,801,3922
GTAATCGTCTCTGCTG-1,22,6858,287,2423
GTAATGCAGCCGCACT-1,4086,21,2,1593
GTAATGCAGTCGCGAA-1,24,8435,565,2577
GTAATGCCACTGCATA-1,14406,112,808,4320
GTAATGCCAGACGGAT-1,22,5895,534,2052
GTAATGCCATAGGTTC-1,33,7576,558,2459
GTAATGCCATCTGCGG-1,19,11462,576,3076
GTAATGCTCTGGACCG-1,8827,41,454,3223
GTACAACAGCACTCAT-1,2259,6920,1316,3393
GTACAACAGCAGCACA-1,34,11696,681,3190
GTACAACAGGTGCTTT-1,8935,70,644,3385
GTACAACCAATAACCC-1,52,13081,677,3498
GTACAACGTCATCACA-1,36,8889,865,2712
GTACAACTCATTCATC-1,18,3897,146,1951
GTACAACTCGATAACC-1,20,8731,443,2782
GTACAACTCGCGTCGA-1,13,5513,470,1865
GTACAACTCTAGTTCT-1,53,7620,522,2518
GTACAGTAGTTTCTTC-1,8118,41,407,2978
GTACAGTGTCAGTCTA-1,59,11912,737,3476
GTACAGTGTCCCAAAT-1,12,5904,385,2113
GTACAGTGTCGATTCA-1,11,4931,189,2003
GTACAGTTCAATCCGA-1,67,7153,509,2301
GTACAGTTCTCGCCTA-1,11524,56,486,3696
GTAGAAAAGGAGAGGC-1,10,4386,377,1693
GTAGAAAAGGTTCCGC-1,7551,48,416,2883
GTAGAAACAACTCGTA-1,894,19,25,548
GTAGAAACACTCCTTG-1,37,6583,589,2499
GTAGAAAGTTATCTGG-1,30,13355,793,3507
GTAGAAATCCCTTGTG-1,41,5190,366,1703
GTAGAAATCTGGTTGA-1,8,3750,363,1434
GTAGAGGAGAAACCAT-1,51,9908,744,2982
GTAGAGGCAAATACAG-1,16,5309,456,2142
GTAGAGGCAGTATTCG-1,37,8567,518,2503
GTAGAGGGTCTCTCAC-1,19,5777,340,1940
GTAGAGGGTGCCTTTC-1,30,13082,771,3528
GTAGATCAGAAACTAC-1,28,4293,446,1565
GTAGATCAGATTAGTG-1,60,14008,1033,3714
GTAGATCAGCGTCGAA-1,13,6401,383,2153
GTAGATCAGTGTTGAA-1,25,5125,391,1726
GTAGATCCACTCCGAG-1,20,6585,601,2122
GTAGATCGTGAGTGAC-1,19302,124,1757,4927
GTAGATCTCGAGATAA-1,63,14808,920,3832
GTAGCTAGTACAACGG-1,6397,40,515,2568
GTAGCTAGTATGCGGA-1,2364,31,691,1096
GTAGCTAGTGTCACAT-1,29,8668,533,2718
GTAGCTAGTGTCGATT-1,19,4512,343,1949
GTAGCTAGTTCATCGA-1,6145,32,68,2733
GTAGCTATCGTCAACA-1,22,5289,484,1868
GTAGGAGAGGCCCACT-1,4033,36,815,2044
GTAGGAGAGTAAACGT-1,5221,44,299,2126
GTAGGAGCAAGGCTTT-1,3859,13,1,1515
GTAGGAGTCCCTGGTT-1,38,14174,1039,3172
GTAGGAGTCGTCAAAC-1,7268,3942,930,4405
GTAGGTTAGTATGAGT-1,19,6235,315,2100
GTAGGTTCAAGTAGTA-1,66,31282,949,5249
GTAGGTTCAATGACCT-1,36,8481,717,2480
GTAGGTTCAGCTCGGT-1,23,5138,371,1885
GTAGGTTCAGGTACGA-1,19569,125,1139,5038
GTAGGTTGTCTAGGTT-1,59,13766,721,3705
GTAGGTTGTGGCTCTG-1,11690,83,980,3689
GTAGGTTGTGTGTCCG-1,593,5,2,394
GTAGGTTTCAGTGCGC-1,12,4569,276,1863
GTAGGTTTCATCGACA-1,27,11041,644,2881
GTAGGTTTCCTGTAGA-1,22,5047,479,1739
GTAGGTTTCGCTGACG-1,12,4936,285,1798
GTAGGTTTCTCGTGGG-1,19,5141,409,1864
GTAGTACAGACTACGG-1,19,6623,428,2325
GTAGTACAGAGATTCA-1,52,13569,700,3493
GTAGTACAGATGGGCT-1,12,4743,335,1569
GTAGTACAGGCGACAT-1,24,8302,544,2699
GTAGTACAGGTGAGCT-1,24,5815,515,2124
GTAGTACAGGTGCGAT-1,2,2102,33,721
GTAGTACAGTGCAAAT-1,11764,93,770,3738
GTAGTACCAGCTGTAT-1,26,7678,146,2537
GTAGTACCAGGCTACC-1,19,6967,330,2280
GTAGTACCATAGGTAA-1,13597,112,693,4200
GTAGTACCATCTGGGC-1,1508,19,9,860
GTAGTACGTCGATGCC-1,27,12338,725,3344
GTAGTACGTCGCGTTG-1,581,24,17,439
GTAGTACGTGGAGGTT-1,12084,87,1068,3777
GTAGTACTCAGCCTCT-1,33,7410,452,2501
GTAGTACTCTGAGAAA-1,34,6448,543,2197
GTATTGGCACCTCTAC-1,30,8308,337,2729
GTATTGGCAGCCCACA-1,24,5575,271,2095
GTATTTCAGACGTCCC-1,24,5009,486,1759
GTATTTCAGCTGGCCT-1,32,6072,314,2128
GTATTTCAGTCTGGTT-1,4746,36,246,2343
GTATTTCCACGCTGAC-1,23,4793,242,1844
GTATTTCGTACAGTTC-1,38,7995,433,2508
GTATTTCGTCCTGTTC-1,12047,100,804,3875
GTATTTCTCAGACATC-1,14,5138,300,1883
GTATTTCTCATACGAC-1,18,6200,321,2128
GTATTTCTCGGACTTA-1,521,12,0,346
GTCAAACCACCAGCCA-1,9393,54,467,3448
GTCAAACCACTGTCGG-1,48,14705,1117,3500
GTCAAACCATAACAGA-1,37,12571,731,3377
GTCAAACCATATCTGG-1,12,6058,323,2057
GTCAAACGTCCGCAGT-1,33,13654,677,3995
GTCAAACGTGGCCACT-1,26,7572,476,2482
GTCAAACTCACGGACC-1,17,6959,533,2093
GTCAAACTCACGGGCT-1,24,9876,541,3025
GTCAAACTCCCTCGTA-1,17833,123,1527,4795
GTCAAACTCGGAGTGA-1,4460,27,353,1961
GTCAAACTCTCTGACC-1,13,4519,334,1648
GTCAAACTCTGGGCAC-1,15479,86,836,4645
GTCAAGTAGAGCTGAC-1,7545,49,591,2613
GTCAAGTAGCCACCGT-1,21,6893,392,2315
GTCAAGTAGCTACGTT-1,7,2929,162,1534
GTCAAGTCAGCTTTGA-1,29,8765,788,2560
GTCAAGTCATCCTATT-1,6225,56,656,2899
GTCAAGTGTAATCAAG-1,16,6244,427,2197
GTCAAGTGTTCTTGTT-1,18,6412,360,2187
GTCAAGTTCCCGTTGT-1,5875,18,0,1868
GTCAAGTTCGAGCCTG-1,8115,58,514,2629
GTCACGGCACTTGACA-1,25,6379,494,2250
GTCACGGCATAGTCAC-1,17810,104,1237,4850
GTCACGGCATTCACCC-1,30,8774,634,2674
GTCACGGGTTGGAGAC-1,23381,164,2336,5930
GTCACGGGTTTAAGGA-1,28,6742,503,2181
GTCACTCAGCCGTTGC-1,16,7610,544,2427
GTCACTCAGGGCTTCC-1,17,6850,487,1998
GTCACTCAGTCATGAA-1,34,9766,567,2769
GTCACTCGTAAGAACT-1,40,8617,576,2821
GTCACTCGTCTTGAGT-1,36,10619,715,3233
GTCACTCGTGATTGGG-1,29,7727,648,2304
GTCACTCGTTCACGAT-1,51,10657,677,3179
GTCACTCTCCCTATTA-1,26,6140,351,2128
GTCAGCGAGCGAGAAA-1,14,7243,553,2375
GTCAGCGAGTTCCATG-1,29,9263,729,2749
GTCAGCGCACAACCGC-1,32,9786,362,3095
GTCAGCGGTTCGGTCG-1,37,11971,620,3202
GTCAGCGTCATCACAG-1,14467,83,864,4111
GTCAGCGTCCCATACC-1,9,6273,265,1908
GTCATCCAGTACGAGC-1,9483,45,465,3299
GTCATCCAGTTTGAGA-1,45,15827,799,3835
GTCATCCCACAGTCGC-1,14,7492,466,2284
GTCATCCCACTTCAGA-1,11981,94,1044,4182
GTCATCCCAGACTGCC-1,17,10076,421,3024
GTCATCCCAGGTTCCG-1,27,12243,934,3432
GTCATCCCATTGTAGC-1,22,4492,286,1750
GTCATCCGTCATACCA-1,22,10168,456,3292
GTCATCCGTGAGGCAT-1,24,5907,508,2066
GTCATCCTCGATTTCT-1,9972,73,577,3721
GTCATGAAGACCTCAT-1,21,6650,264,2377
GTCATGAAGAGTTGTA-1,13,3969,312,1508
GTCATGAAGTCGCCCA-1,9,4054,259,1539
GTCATGAAGTGCGACA-1,15,8603,630,2476
GTCATGACAAAGGATT-1,35,5676,442,2105
GTCATGAGTCACCGCA-1,34,7825,701,2750
GTCATGAGTCGGATTT-1,24,5494,407,1957
GTCATGAGTGTACATC-1,40,11758,691,3349
GTCATGAGTTGCTTGA-1,24,7226,369,2442
GTCATGATCATACGAC-1,7830,44,454,2738
GTCATGATCGGTCTGG-1,4117,5979,723,3991
GTCATTTAGAGGTTTA-1,8232,62,663,3047
GTCATTTAGGCCATAG-1,50,11032,732,3397
GTCATTTAGTATGTAG-1,33,7182,527,2253
GTCATTTCAATCTGCA-1,22,6193,370,2303
GTCATTTCACAGTCAT-1,4979,30,292,2006
GTCATTTCAGGTTCAT-1,19,5453,324,2190
GTCATTTCATGACGTT-1,21,7777,309,2463
GTCATTTGTAACACGG-1,6245,65,423,2631
GTCATTTGTAGCGAGT-1,10873,131,39,3713
GTCATTTGTCTTTCTA-1,27,10492,496,3074
GTCATTTGTGTCCGTG-1,7034,33,446,2640
GTCATTTGTTGTGTAC-1,39,6943,443,2380
GTCATTTTCACAATGC-1,7483,63,542,3128
GTCATTTTCATGCCAA-1,7,2612,0,970
GTCCACTAGACTCGAG-1,39,11972,918,3590
GTCCACTAGTATGGAT-1,35,5491,702,1673
GTCCACTCAAGCTGCC-1,11850,93,849,4082
GTCCACTGTCACAGAG-1,13,6744,448,2362
GTCCACTGTGAGTCAG-1,40,13412,767,3595
GTCCACTGTTCTCGCT-1,33,6864,425,2439
GTCCACTGTTTACGTG-1,624,10,1,405
GTCCACTGTTTCGTGA-1,21355,15202,1058,9231
GTCCACTGTTTGATCG-1,9239,53,613,3186
GTCCACTTCATTCCTA-1,23,6107,283,2011
GTCCACTTCGTGTGGC-1,23,7876,392,2403
GTCCACTTCGTTAGTG-1,15,3977,309,1572
GTCCCATAGGCTCTAT-1,34,11729,778,3183
GTCCCATAGGTAAACT-1,25,6445,412,2228
GTCCCATCACGTAGAG-1,32,8694,664,2854
GTCCCATGTCTAGGCC-1,36,5802,417,2253
GTCCCATTCCAACCAA-1,8795,60,607,3241
GTCCTCACAACTCGTA-1,14,7125,469,2447
GTCCTCACAGCGGTCT-1,845,11283,567,3819
GTCCTCAGTAATGCGG-1,26,5063,412,1886
GTCCTCAGTCCGGATC-1,22,6381,396,2081
GTCCTCAGTTCGGGTC-1,3359,11,0,1414
GTCCTCATCTGACAGT-1,11073,87,745,4241
GTCGAATAGGGTTAAT-1,11,3622,288,1355
GTCGAATAGGTTACAA-1,3894,37,304,2058
GTCGAATAGTGGAATT-1,5599,49,422,2289
GTCGAATCAAAGCTCT-1,14,5247,276,2048
GTCGAATCAAGACCGA-1,49,18825,797,4223
GTCGAATGTAATGTGA-1,17,5290,178,1859
GTCGAATGTGCGCTCA-1,8091,43,309,3029
GTCGAATGTGGCCACT-1,10889,65,781,3589
GTCGAATGTTACGGAG-1,22,5909,355,1971
GTCGAATTCCTCTAGC-1,13,5441,353,2058
GTCGCGAAGATCGCTT-1,22,6293,381,2250
GTCGCGAAGGTCATAA-1,15,3523,329,1306
GTCGCGACAAATAAGC-1,11,6252,291,1892
GTCGCGACAATTTCTC-1,22,8410,414,2753
GTCGCGACATGCGGTC-1,11,3709,246,1398
GTCGCGAGTCCGGTCA-1,7,4278,230,1464
GTCGCGAGTGAGATAT-1,28,3440,242,1433
GTCGCGAGTGTTGCCG-1,19,7481,543,2520
GTCGCGATCGCTTACC-1,9,5089,327,1723
GTCGCGATCTCGACCT-1,10,3955,249,1605
GTCGTAAAGCAGCAGT-1,15,4163,237,1430
GTCGTAAAGTCCTGTA-1,5310,40,369,2146
GTCGTAACAGCTGTTA-1,17,4258,187,1587
GTCGTAACAGTAGTGG-1,15,5006,252,1788
GTCGTAAGTGCCCAGT-1,9962,27,486,3054
GTCGTAATCGAGTACT-1,6873,41,512,2666
GTCGTTCAGATCACCT-1,12,5265,297,1836
GTCGTTCAGCATGTTC-1,5049,12,0,1628
GTCGTTCCACAATTCG-1,12,6006,266,2089
GTCGTTCCATCATTTC-1,5,2854,179,1212
GTCGTTCGTAGTTAGA-1,13,3953,346,1195
GTCGTTCGTCGTTTCC-1,5342,4517,738,3887
GTCGTTCTCTGAGAAA-1,12,6124,343,2201
GTCTACCAGAACAGGA-1,39,9550,833,2830
GTCTACCAGGGAACAA-1,26298,8396,1320,8034
GTCTACCAGGGCCCTT-1,12,2951,235,824
GTCTACCCAAGGTACG-1,14,5833,340,1933
GTCTACCCACGCTTAA-1,55,11712,609,3530
GTCTACCCATATCTCT-1,23214,172,1316,5759
GTCTACCGTAGCTTTG-1,39,11115,857,3264
GTCTACCGTCAAGCCC-1,25,7281,436,2523
GTCTACCGTCCCTAAA-1,24,5343,318,1997
GTCTACCGTTGGGAAC-1,25,4518,333,1646
GTCTACCTCCTACAAG-1,34,7156,609,2386
GTCTACCTCGAAGCAG-1,11,4438,405,1686
GTCTACCTCGGCTCTT-1,26,6481,459,2288
GTCTACCTCGTCGCTT-1,6296,34,419,2657
GTCTAGAAGAATCGCG-1,2,1692,119,446
GTCTAGAAGAGTCTTC-1,20,6507,491,1850
GTCTAGAAGGAGGGTG-1,22,4403,259,1701
GTCTAGAGTGTTCATG-1,6300,51,386,2531
GTCTAGAGTTCATCTT-1,37,7298,479,2545
GTCTAGAGTTGGACTT-1,12,4688,361,1697
GTCTAGATCCTGGTCT-1,5143,39,308,2412
GTCTAGATCCTTCACG-1,29271,184,2418,6369
GTCTCACAGCACGTCC-1,27,7976,519,2739
GTCTCACCATACACCA-1,40,10865,531,3365
GTCTCACGTATGCAAA-1,27,6916,414,2184
GTCTCACTCAACGTGT-1,19,4936,224,1777
GTCTCACTCAGCTGTA-1,1130,3,1,559
GTCTCACTCCGGTTCT-1,23,12092,595,3485
GTCTCACTCGAACCTA-1,15,9482,511,2954
GTCTCACTCTAGGCCG-1,22,5677,455,1936
GTCTCACTCTCAGGCG-1,17,4682,385,1729
GTCTCACTCTCGTCAC-1,35,7816,796,2801
GTCTGTCAGATGAATC-1,2329,26,769,1218
GTCTGTCCAACTCGTA-1,8353,61,737,3098
GTCTGTCCACTTTAGG-1,11,5091,365,1943
GTCTGTCCAGATTAAG-1,44,21130,1269,4468
GTCTGTCGTCTAGTGT-1,12,3224,239,1315
GTCTGTCTCGTTGTTT-1,22,5144,400,1847
GTCTTTAAGAAGAGCA-1,10,3568,235,1450
GTCTTTAAGCATCTTG-1,38,7269,543,2658
GTCTTTACAAGTGGGT-1,12,4514,348,1655
GTCTTTACACATTCTT-1,9442,66,565,3508
GTCTTTACACGTGAGA-1,11,4920,442,1757
GTCTTTACAGGCGTTC-1,26,11245,524,3279
GTCTTTAGTGAATTAG-1,18,6067,317,2117
GTCTTTAGTGTATTGC-1,15,7928,393,2517
GTCTTTAGTTTGGGAG-1,9,4490,218,1711
GTCTTTATCTCAAAGC-1,20,5810,242,2098
GTGACGCCAACGAGGT-1,25,5812,507,2082
GTGACGCCACCGTACG-1,19,6072,323,1930
GTGACGCGTCGTTTCC-1,4,2827,225,1076
GTGACGCGTGGAATGC-1,14705,89,699,4319
GTGACGCGTGGACAGT-1,11334,28,476,3171
GTGACGCTCATCGCTC-1,25,5303,359,1731
GTGACGCTCATTCGGA-1,16,7178,564,2061
GTGACGCTCCCGGTAG-1,28,12903,809,3729
GTGACGCTCGCGCCAA-1,23,8968,541,2700
GTGAGCCAGCTTACGT-1,7625,51,645,2960
GTGAGCCAGTCTCTGA-1,48,13872,723,3679
GTGAGCCCAATTGTGC-1,15,7434,464,2424
GTGAGCCCAGTGACCC-1,20,6231,447,2022
GTGAGCCGTCGGAACA-1,26,9029,691,2790
GTGAGCCGTGGCTTGC-1,17,7107,521,2196
GTGAGGAAGGAACGTC-1,28,9950,748,2962
GTGAGGAAGGTTGCCC-1,20247,122,1413,4731
GTGAGGAAGTACAGAT-1,17624,230,1530,4855
GTGAGGACAAGTTTGC-1,36,6084,406,2055
GTGAGGACATCCTTCG-1,15,5585,362,1629
GTGAGGACATTGTAGC-1,2795,38,365,1316
GTGAGGAGTCCGGTGT-1,7003,55,677,2534
GTGAGGAGTCCTCCTA-1,50,13148,817,3756
GTGAGGAGTGACTGTT-1,10589,95,549,3684
GTGAGGATCAAGTCGT-1,26,7834,537,2387
GTGAGGATCTGGCCGA-1,11101,46,616,3346
GTGAGTTAGATGAAGG-1,61,16803,992,4081
GTGAGTTAGCGGATCA-1,7094,62,711,2794
GTGAGTTAGTAGGGTC-1,21,5040,383,1759
GTGAGTTCAGGGTCTC-1,21,9148,554,3029
GTGAGTTCATACAGGG-1,34,10070,687,2995
GTGAGTTCATCAGCAT-1,43,20875,1058,4280
GTGAGTTGTACAGAAT-1,21,5978,485,1973
GTGAGTTGTATACGGG-1,12,5933,474,1943
GTGAGTTGTTGAGGAC-1,5599,49,683,2589
GTGATGTAGTAGACCG-1,21,3281,329,1334
GTGATGTCAACCGTAT-1,30,8054,604,2434
GTGATGTCACACGCCA-1,27,10872,547,3348
GTGATGTGTTACGATC-1,9146,57,531,3338
GTGATGTTCAAGGCTT-1,24,6572,375,2337
GTGATGTTCGACCACG-1,20,8628,350,2695
GTGCACGAGAATGTTG-1,11,5155,414,1868
GTGCACGAGAGCTGCA-1,14449,811,1035,4644
GTGCACGCACGCTGCA-1,24,11199,545,3147
GTGCACGCAGATGCGA-1,20,6803,520,2228
GTGCACGCAGGTCCGT-1,35,12321,772,3503
GTGCACGGTCCAAAGG-1,7684,38,360,2809
GTGCACGTCCTGGCTT-1,716,8,1,473
GTGCAGCAGCTTGTGT-1,12,5547,637,1840
GTGCAGCCAAACTCGT-1,64,26057,976,5015
GTGCAGCCAAGTGGTG-1,47,12394,651,3319
GTGCAGCCACACGGAA-1,17,6225,379,2060
GTGCAGCCACGCTATA-1,36,10485,717,3060
GTGCAGCCACGTCGTG-1,10,4282,307,1477
GTGCAGCGTGGAATGC-1,21,9638,742,2816
GTGCAGCGTGGGTCAA-1,25,5692,309,1901
GTGCAGCGTTAGTCGT-1,11,6389,385,2127
GTGCAGCGTTCTGACA-1,22,11948,489,3069
GTGCAGCTCACGGACC-1,37,11155,420,3264
GTGCAGCTCCAGTACA-1,10838,81,627,3397
GTGCAGCTCTTCTAAC-1,32,9624,769,2879
GTGCGTGAGAATCGTA-1,11,6305,522,2128
GTGCGTGAGAGCCGAT-1,24,9468,613,2940
GTGCGTGAGCATCAAA-1,37,13770,887,3661
GTGCGTGAGCGCCCAT-1,12378,55,1023,3823
GTGCGTGAGGTTGGTG-1,23,7595,442,2576
GTGCGTGCAGAACTTC-1,20,6884,351,2439
GTGCGTGGTGGAACCA-1,20,5542,577,1864
GTGCGTGGTTAGGCCC-1,8735,48,629,3028
GTGCGTGTCCTTGACC-1,36,15419,557,3433
GTGCGTGTCGGTCTGG-1,8700,48,590,2965
GTGCTGGAGAATCCCT-1,30,6883,535,2225
GTGCTGGAGATCCGAG-1,27,8739,541,2612
GTGCTGGAGTGCTCAT-1,13,7013,517,2280
GTGCTGGCAAACTCTG-1,31,13314,724,3481
GTGCTGGCACACAGCC-1,38,11222,596,3378
GTGCTGGCACCTCTGT-1,11660,50,728,3720
GTGCTGGGTGTACATC-1,18,6663,385,1840
GTGCTGGTCGTGTCAA-1,48,12065,752,3362
GTGCTTCAGTGGCGAT-1,9346,48,472,3110
GTGCTTCCAAGAGATT-1,3117,9,14,1307
GTGCTTCCACAAGCCC-1,18,7258,628,2375
GTGCTTCGTCCTCCTA-1,50,14182,826,3580
GTGCTTCGTGCAACAG-1,8751,73,825,3181
GTGCTTCGTTGTGGCC-1,18096,92,1138,4721
GTGCTTCTCACTCCGT-1,33,9526,622,2874
GTGCTTCTCTAAGAAG-1,6689,33,424,2363
GTGCTTCTCTATCGTT-1,10070,51,640,3275
GTGGAAGAGGCATTTC-1,18,8083,323,2413
GTGGAAGAGTAGGCCA-1,5088,37,358,1733
GTGGAAGCAAACGTGG-1,36,12233,749,3234
GTGGAAGCAATTTCGG-1,29,9908,580,2791
GTGGAAGCAGTCGAGA-1,15026,82,861,4335
GTGGAAGGTAGGTTTC-1,30,10619,419,2969
GTGGAAGTCAAGCCGC-1,47,19783,686,4374
GTGGAGACAATCCTTT-1,30,5891,494,2157
GTGGAGACACCAACAT-1,34,5981,400,2125
GTGGAGACAGCAGAAC-1,27,6970,366,2241
GTGGAGACATAGTCAC-1,8475,52,590,3262
GTGGAGAGTGCGAACA-1,7536,5113,815,4631
GTGGAGATCTTGTGCC-1,15,5794,461,1953
GTGGCGTAGGAAAGTG-1,14,5532,371,1743
GTGGCGTAGTGGTTCT-1,28,6191,449,2092
GTGGCGTGTCACCGCA-1,23,11762,506,3214
GTGGCGTGTGGATCAG-1,20,7661,512,2561
GTGGCGTGTTGGCCTG-1,13,5642,390,1878
GTGGCGTTCAGTCACA-1,37,16414,832,3970
GTGGCGTTCCGGTTCT-1,13,3328,164,1496
GTGGGAAAGCGGTAGT-1,19,6530,514,2189
GTGGGAAAGCGGTATG-1,21,5040,300,1780
GTGGGAAAGGCACTAG-1,14940,5719,1148,5835
GTGGGAACATGGCCCA-1,26397,192,2418,6300
GTGGGAAGTATTTCGG-1,46,8693,587,2758
GTGGGAATCATCTACT-1,10294,88,633,3741
GTGGGAATCCTTGGAA-1,17,8465,531,2738
GTGGTTAAGGAACGAA-1,51,13491,798,3569
GTGGTTAAGGCTATCT-1,30,8097,419,2707
GTGGTTACACATTGTG-1,12,4948,338,1850
GTGGTTACACCTGTCT-1,33,11013,576,3532
GTGGTTACAGACCTAT-1,7,4319,225,1121
GTGGTTACAGCGAGTA-1,17,5864,199,2144
GTGTAACAGGATTACA-1,19,5829,135,2003
GTGTAACAGGGACCAT-1,72,16512,1006,3982
GTGTAACAGGGCAAGG-1,11409,76,962,3695
GTGTAACCACAGAAGC-1,15,6863,432,2260
GTGTAACGTGCGTCGT-1,8053,2264,733,3961
GTGTAACTCAAACCTG-1,23,4312,355,1603
GTGTAACTCAATCCGA-1,9511,28,0,2432
GTGTAACTCATGCCCT-1,34,7374,600,2423
GTGTAACTCCACTTTA-1,42,11479,587,3412
GTGTAACTCCTCATAT-1,10,4538,403,1724
GTGTCCTAGCAGCACA-1,48,11448,858,3520
GTGTCCTAGTGAGGTC-1,30,7335,537,2362
GTGTCCTCAACTCATG-1,20,7388,256,2255
GTGTCCTGTGTGTTTG-1,14671,78,921,4408
GTGTCCTTCTGTAAGC-1,16,6023,446,2052
GTGTGATAGATCGCTT-1,10,6639,494,2037
GTGTGATAGTAGTCAA-1,10527,70,619,3241
GTGTGATCAAGTAGTA-1,3322,9,0,1248
GTGTGATCACAAAGCG-1,12,6082,429,2122
GTGTGATCAGGACTAG-1,13,5517,446,1761
GTGTGATTCGCAATTG-1,2151,27,69,1162
GTGTGGCCATGTAACC-1,70,11553,728,3496
GTGTGGCGTCGTCAGC-1,22,8641,578,2627
GTGTTAGCAATCCTTT-1,26,7778,487,2461
GTGTTAGGTGATACAA-1,13165,84,813,4298
GTGTTAGTCAATGCAC-1,35,11061,725,3175
GTGTTAGTCGCACGGT-1,20,5799,308,2151
GTGTTAGTCTTTGCTA-1,27,5397,370,1979
GTGTTCCAGGAGTCTG-1,570,7,0,388
GTGTTCCCATCTAACG-1,17,6401,205,2101
GTGTTCCGTCAAGCGA-1,27,9461,576,2762
GTGTTCCGTTTACGAC-1,30,7070,442,2360
GTGTTCCTCAGACCTA-1,727,24,5,435
GTGTTCCTCTTCGCTG-1,9461,43,730,3362
GTTACAGAGACCCTTA-1,43,8970,448,2847
GTTACAGAGCAGTCTT-1,38,7121,469,2512
GTTACAGAGCCATTGT-1,10969,67,473,3376
GTTACAGAGGCTTAGG-1,12,1855,372,915
GTTACAGCACGACTAT-1,5390,37,711,2267
GTTACAGGTGCATACT-1,9377,62,601,3309
GTTACAGGTTACAGCT-1,9,4204,237,1711
GTTACAGTCCTCATAT-1,26,5660,400,2282
GTTACAGTCGCAACAT-1,27,10368,608,3023
GTTACCCAGACCAAGC-1,38,7690,632,2662
GTTACCCAGTGGACTG-1,21,7687,312,2525
GTTACCCCACAACGTT-1,12697,90,663,4256
GTTACCCCACTATGTG-1,20,5430,195,2088
GTTACCCCAGCTGTAT-1,41,8694,516,2799
GTTACCCCAGGAAGTC-1,24,12192,611,3247
GTTACCCGTCCTCATC-1,20,5709,321,2213
GTTACCCGTCGTTGGC-1,7151,42,466,2874
GTTACCCGTGGTCTAT-1,41,12028,679,3463
GTTACCCGTTTCCAAG-1,33,8318,450,2888
GTTACCCGTTTCTTAC-1,32,9214,584,2939
GTTACCCTCAAAGGAT-1,45,2595,353,779
GTTACCCTCACCCTGT-1,39,11402,708,3622
GTTACCCTCTACTGCC-1,20674,111,1023,5136
GTTACGACAATTCTTC-1,26,14079,507,3380
GTTACGACAGCTATAC-1,46,9605,582,2931
GTTACGACATGAAGGC-1,29,12500,539,3311
GTTACGAGTAATTGGA-1,13,4689,308,1903
GTTACGAGTAGACGTG-1,21,7797,423,2498
GTTACGAGTTCGAAGG-1,34,11692,662,3480
GTTACGATCACTAGCA-1,12873,52,617,3711
GTTAGACAGGGATGTC-1,27,8736,415,2677
GTTAGACAGTCGAAAT-1,6188,37,281,2505
GTTAGACAGTCTGGTT-1,13,4595,298,1873
GTTAGACCAAAGCAAT-1,12050,94,898,3720
GTTAGACCAATGTCTG-1,35,7405,489,2569
GTTAGACCAGGAATCG-1,32,10399,498,3010
GTTAGACGTACCACGC-1,34,11217,583,3047
GTTAGTGAGTTTGGCT-1,13,4522,328,1714
GTTAGTGCACGACCTG-1,35,14737,714,3829
GTTAGTGCACGAGGTA-1,37,6286,485,1956
GTTAGTGGTACGAGTG-1,42,5853,451,2077
GTTAGTGGTGGCGTAA-1,40,16556,1056,4077
GTTATGGAGGGAGGTG-1,25,5640,357,2069
GTTATGGCAAGTTGGG-1,25,9028,565,2604
GTTATGGCAATCTAGC-1,3535,26,455,1848
GTTATGGCACAAATGA-1,2703,20,1,1350
GTTATGGGTAGGGTAC-1,13,4147,345,1558
GTTATGGGTCTGCGCA-1,34,11534,716,3446
GTTATGGGTGGAAATT-1,22,5494,517,1892
GTTATGGGTTTACCTT-1,27,6123,249,2399
GTTATGGTCAAACCCA-1,33,6992,620,2074
GTTATGGTCGCCAGAC-1,22475,152,1444,5479
GTTCATTAGACGGTTG-1,29,6480,557,2110
GTTCATTGTAGGTCAG-1,26,9110,606,2743
GTTCATTGTCTACATG-1,20,4150,338,1595
GTTCATTGTGATAGAT-1,20,5844,333,1956
GTTCATTGTTACCTGA-1,43,14350,805,3717
GTTCATTTCATTGGTG-1,2372,24,714,1155
GTTCATTTCCGTCCTA-1,32,7891,742,2439
GTTCATTTCGAACACT-1,10,4622,283,1640
GTTCATTTCTCGCAGG-1,42,12978,642,3455
GTTCCGTAGAGTGTTA-1,36,11224,959,3127
GTTCCGTAGCGTGAGT-1,42,9427,855,3048
GTTCCGTAGTGAGCCA-1,4,2909,206,1377
GTTCCGTCACTGTCGG-1,26,11935,852,3066
GTTCCGTTCATAGGCT-1,20,6299,194,2086
GTTCCGTTCCCGTGAG-1,23,7232,511,2542
GTTCGCTAGAACCCGA-1,26,9822,534,2907
GTTCGCTAGGTAGACC-1,3,1693,62,621
GTTCGCTAGTTCTACG-1,38,8805,618,2583
GTTCGCTCAACGTATC-1,26,6677,365,2225
GTTCGCTGTAAGCAAT-1,18,4309,470,1525
GTTCGCTGTAGAGCTG-1,26,10440,536,2927
GTTCGCTGTATTGCCA-1,16,7271,437,2538
GTTCGCTGTCGGAAAC-1,28,6639,484,2251
GTTCGCTGTGCTGCAC-1,40,13145,645,3608
GTTCTATAGCGCGTTC-1,3284,25,411,1742
GTTCTATAGCTAAGTA-1,26,5345,222,2058
GTTCTATAGGAGCTGT-1,6040,46,509,2519
GTTCTATCAGACCTGC-1,18,5328,395,1945
GTTCTATCAGCGGTTC-1,6811,39,392,2573
GTTCTATTCCAGCAAT-1,9849,59,435,3468
GTTCTATTCTCGCAGG-1,10,4089,314,1638
GTTGAACAGTGCCCGT-1,34,10072,684,3199
GTTGAACCAGGTCAAG-1,22,6371,322,2113
GTTGAACCATGGGATG-1,11865,75,787,3536
GTTGAACGTAACCAGG-1,92,7870,549,2736
GTTGAACGTAATTGGA-1,68,11970,684,3381
GTTGAACGTCGAACGA-1,34,6400,443,2251
GTTGAACGTCGGCACT-1,9035,35,722,3267
GTTGAACGTTGATCGT-1,37,9177,538,2955
GTTGAACGTTTACCTT-1,36,9186,533,2985
GTTGAACTCAAGATAG-1,4937,16247,971,6060
GTTGAACTCACCTCTG-1,17510,135,882,5125
GTTGCGGAGGAAGTCC-1,9538,40,596,3200
GTTGCGGAGGATATGT-1,51,9851,830,3059
GTTGCGGCAGTCGAGA-1,36,8254,471,2575
GTTGCGGGTAAGTAGT-1,40,4963,412,1925
GTTGCGGGTAGTCTTG-1,26,8805,492,2761
GTTGCGGTCCACAGGC-1,32,10044,617,3009
GTTGCGGTCTACTCAT-1,17,5919,378,2116
GTTGCTCAGCTCGAAG-1,9504,70,653,3212
GTTGCTCAGTAAGCAT-1,8155,7440,986,5689
GTTGCTCCAAAGCAAT-1,24,5339,293,1907
GTTGCTCCACGACGTC-1,37,10074,709,3209
GTTGCTCGTACATTGC-1,9847,40,477,3321
GTTGCTCGTGGCAACA-1,10650,63,747,3351
GTTGCTCGTTCTCTAT-1,2657,14,1,1039
GTTGCTCGTTGGTACT-1,8994,53,532,3109
GTTGCTCTCGAACCAT-1,51,17032,1005,4351
GTTGTAGAGAACAGGA-1,15,4034,266,1560
GTTGTAGAGCCGTTGC-1,2337,18,847,1043
GTTGTAGAGCCTTGAT-1,40,8644,582,2770
GTTGTAGAGTACTGGG-1,33,4895,392,1845
GTTGTAGCAACTTCTT-1,16862,116,1353,4850
GTTGTAGCAAGCAATA-1,9746,78,507,3402
GTTGTAGCACACTTAG-1,8998,10217,1078,6552
GTTGTAGCACGACGAA-1,60,13753,774,3677
GTTGTAGCACGCAGTC-1,906,6,0,554
GTTGTAGGTGCGGATA-1,9214,79,792,3476
GTTGTAGGTGGCTGAA-1,47,12038,733,3445
GTTGTAGTCACGATAC-1,23,4132,487,1805
GTTGTCCAGCATTGAA-1,9152,64,537,3245
GTTGTCCAGGCAGGTT-1,35,6480,400,2277
GTTGTCCAGTTTGAGA-1,23,7692,562,2634
GTTGTCCCAGCTGGTC-1,23,6266,468,2215
GTTGTCCGTAATGCGG-1,22,8978,590,2733
GTTGTCCGTAGATTAG-1,19,7158,420,2223
GTTGTCCGTCACAGTT-1,45,11283,671,3419
GTTGTCCGTCATATGC-1,20,6893,415,2224
GTTGTCCGTCGCAGTC-1,20,6552,553,2123
GTTGTCCTCAGCGCAC-1,4,4411,242,1674
GTTGTCCTCCACGGAC-1,1556,9,0,767
GTTGTCCTCCGCAAAT-1,26,6511,479,2226
GTTGTCCTCCGTACGG-1,27,6941,618,2330
GTTGTCCTCGCTATTT-1,13232,116,746,4399
GTTGTGAAGTAGGTTA-1,33,6387,467,2201
GTTGTGAAGTCTGGTT-1,4624,27,509,1941
GTTGTGACATGGGCAA-1,21,5626,328,1943
GTTGTGATCCCAATAG-1,11475,67,653,3654
GTTGTGATCGTCCTTG-1,22,4571,275,1649
GTTGTGATCTGAGAGG-1,21,6999,568,2344
GTTTACTCAAGAGGTC-1,31,8057,323,2602
GTTTACTCACGATAGG-1,19,3967,261,1430
GTTTACTCAGTGACCC-1,14499,8198,1223,6761
GTTTACTCATGAGGGT-1,9190,99,698,3391
GTTTACTGTACAAGTA-1,14,4373,256,1794
GTTTACTGTTGCCAAT-1,37,7267,368,2438
GTTTGGAAGCGTATAA-1,8314,79,786,3116
GTTTGGAAGGAGATAG-1,29,4817,364,1878
GTTTGGAAGGTCGACA-1,8,4044,187,1614
GTTTGGAAGTCGCGAA-1,52,16896,1356,3843
GTTTGGACACTAAACC-1,26,6015,640,2058
GTTTGGACAGCAGATG-1,10017,73,466,3572
GTTTGGATCCAAGCTA-1,707,10,0,451
GTTTGGATCGGAGTGA-1,11,4083,316,1564
TAACACGAGCCTTGAT-1,40,18020,1276,4120
TAACACGAGGCAGGGA-1,24,5095,463,1801
TAACACGCAGTCGCAC-1,22,9998,734,2920
TAACACGGTCCACTTC-1,31,9703,728,3048
TAACACGGTCCGTTTC-1,7420,63,473,3210
TAACACGGTGTCCGTG-1,17,6958,513,2390
TAACACGGTTGTAGCT-1,7351,52,502,2895
TAACACGTCCGGCAGT-1,36,2649,409,1376
TAACACGTCCTCGATC-1,15,4360,217,1849
TAACACGTCTTACGTT-1,20,4317,264,1661
TAACCAGAGATCGCCC-1,28,10399,488,2940
TAACCAGAGCTAGTTC-1,48,9238,466,2965
TAACCAGAGGTGAGCT-1,6703,4189,960,4095
TAACCAGCACTCCTGT-1,48,13849,538,3779
TAACCAGCAGACCTAT-1,13709,103,774,4841
TAACCAGCAGAGTTCT-1,28,5635,526,2093
TAACCAGCATCCAATG-1,9824,45,537,3281
TAACCAGGTCTACAAC-1,50,18193,981,4198
TAACCAGGTGGTCAAG-1,14,5837,422,2107
TAACCAGTCAACCTTT-1,13,7403,457,2519
TAACGACAGTTAGAAC-1,9322,70,796,3418
TAACGACCAGAGATGC-1,36,13728,624,3676
TAACGACCAGGCATTT-1,28,8415,606,2756
TAACGACCATCACAGT-1,23,6554,510,2035
TAACGACGTAAGGCTG-1,18,6276,278,2158
TAACGACGTACAGTAA-1,53,15090,905,3910
TAACGACGTTCCAGGC-1,7057,40,287,2626
TAACGACTCCGCACTT-1,39,11066,588,3357
TAACGACTCCTAACAG-1,44,10225,490,3394
TAACGACTCCTACGAA-1,42,9955,682,3229
TAACGACTCGGTAACT-1,30,8843,375,3081
TAACTTCAGTCACACT-1,23,8879,278,3018
TAACTTCAGTGCCAGA-1,34,7352,455,2473
TAACTTCCAAGTGGAC-1,17,6436,383,2177
TAACTTCCATCCGTTC-1,1874,20,89,1088
TAACTTCGTTAACCTG-1,10,5612,243,2149
TAACTTCTCAGGACGA-1,29,8460,395,2770
TAAGCACAGCGATGAC-1,48,9210,519,2986
TAAGCACAGCTTTGTG-1,23,6111,352,2127
TAAGCACAGTAGTCCT-1,38,6500,337,2368
TAAGCACCATGAATAG-1,2,1767,18,567
TAAGCACGTACAAAGT-1,12,5555,391,2038
TAAGCACTCAGCAGAG-1,54,12138,916,3764
TAAGCACTCATGTCAG-1,180,5568,386,2061
TAAGCACTCCCTCTAG-1,15,7020,485,2240
TAAGCACTCCTCACGT-1,34,7465,339,2615
TAAGCCAAGATAGGGA-1,11560,65,795,3531
TAAGCCAAGGCCCAAA-1,25,6986,321,2525
TAAGCCACACCTAAAC-1,15106,93,727,4465
TAAGCCACACTCACTC-1,13392,104,738,4475
TAAGCCACAGGACATG-1,28,7952,521,2700
TAAGCCAGTCATGCAT-1,5205,5125,1346,4282
TAAGCCATCACACCCT-1,45,13499,482,3865
TAAGCCATCTCGTTTA-1,25,6279,446,2191
TAAGCGTAGACTACCT-1,6621,44,404,2567
TAAGCGTAGGGCCCTT-1,25,7024,501,2316
TAAGCGTAGTCATAGA-1,17,6188,251,2106
TAAGCGTCACCTTCCA-1,6988,8794,765,5242
TAAGCGTCATTGCTTT-1,1155,11,0,592
TAAGCGTGTATCGTAC-1,25,6416,384,2073
TAAGCGTGTCTTGAAC-1,24,4974,440,1669
TAAGCGTGTGTGATGG-1,38,8934,686,2847
TAAGCGTGTTGGGACA-1,15,7579,425,2408
TAAGCGTTCAGACCCG-1,9869,50,826,3442
TAAGCGTTCCCAACTC-1,48,6325,503,2126
TAAGCGTTCTTCCCAG-1,31,9697,513,2849
TAAGTCGAGACTTAAG-1,42,8943,564,2556
TAAGTCGAGAGGTTTA-1,25,5979,378,2060
TAAGTCGAGGCATGCA-1,24,8689,414,2730
TAAGTCGCAAGGAGTC-1,7,2508,148,1088
TAAGTCGCAGACAAGC-1,34,12105,924,3475
TAAGTCGCAGCAATTC-1,27,8174,558,2381
TAAGTCGCAGGCTCTG-1,17,4920,385,1823
TAAGTCGGTACCAGAG-1,2731,12,1,1074
TAAGTCGGTCGTACTA-1,27,6141,394,2129
TAAGTCGTCGGAGCAA-1,4725,36,555,2309
TAATCTCAGGTCTTTG-1,23,5133,360,1928
TAATCTCCAATTGGTC-1,32,6139,391,2354
TAATCTCCACAACGAG-1,13,4125,280,1637
TAATCTCCACCGTGCA-1,40,13124,705,3832
TAATCTCCATCCTAAG-1,11443,99,609,3799
TAATCTCCATGAATCC-1,7117,53,636,2426
TAATCTCGTGAGGAAA-1,7136,55,530,2594
TAATCTCGTGCTTCAA-1,20,8582,470,2792
TAATCTCTCCCTCGAT-1,5516,26,260,2583
TAATTCCCAATTTCTC-1,20,5429,220,2000
TAATTCCCAGCATCTA-1,47,9714,501,3389
TAATTCCGTCTGTAAC-1,22,9152,595,2687
TAATTCCTCAACACGT-1,21,7788,444,2601
TAATTCCTCAGTCCGG-1,20,6661,428,2226
TAATTCCTCATGGATC-1,10,5075,401,1666
TAATTCCTCTGTGCTC-1,2512,34,148,1123
TACAACGAGAAGCCTG-1,10,6760,322,2054
TACAACGAGAAGGGAT-1,15703,104,997,4382
TACAACGAGCAAGTGC-1,21,5917,391,1919
TACAACGCAAATGAAC-1,22,7048,380,2379
TACAACGCAAGCGAAC-1,15822,114,1109,4564
TACAACGCAATGACCT-1,33,8483,460,2609
TACAACGCACTTGAAC-1,22,8795,408,2788
TACAACGCAGGACTTT-1,46,8527,454,2800
TACAACGCATGGAGAC-1,83,8627,444,2690
TACAACGGTTGTGGAG-1,25,7525,596,2256
TACAACGGTTTATGCG-1,10,7858,506,2420
TACAACGTCTCGCGTT-1,33,4377,248,1845
TACAACGTCTGTCCCA-1,28,8881,759,2565
TACACCCAGAACGCGT-1,20,6790,322,2199
TACACCCAGGACGCAT-1,48,13057,633,3618
TACACCCAGGTTCTTG-1,15788,80,737,4545
TACACCCAGTTCATCG-1,10123,62,536,3430
TACACCCCACCTCTGT-1,24,8748,422,2959
TACACCCCAGCTCATA-1,9896,77,510,3830
TACACCCCATATCTGG-1,25,7537,463,2392
TACACCCGTAGACAAT-1,16,6585,512,2188
TACACCCGTCTGTGCG-1,14104,76,917,4354
TACACCCGTGCCCTTT-1,12,4196,190,1806
TACACCCTCAGCAATC-1,13151,106,785,4335
TACACCCTCCCTATTA-1,47,7854,297,2836
TACACCCTCCGCAACG-1,27,8090,547,2702
TACAGGTAGATCCCGC-1,9407,58,465,3232
TACAGGTAGGATATAC-1,4786,45,272,2271
TACAGGTCATGCCGAC-1,14,6730,443,2353
TACAGGTGTACTAACC-1,30,10838,494,3089
TACAGGTGTATCCCTC-1,22,8475,419,2706
TACAGGTGTCTGTAGT-1,8398,71,554,3013
TACAGGTGTGAGAGGG-1,32,7852,447,2661
TACATTCAGAATAGTC-1,11,5467,273,2050
TACATTCAGCCTCAGC-1,2158,10,111,720
TACATTCAGGTGAGCT-1,13,4555,203,1749
TACATTCCAACTCCCT-1,34,7670,326,2731
TACATTCCATGCCGCA-1,12,7789,371,2412
TACATTCGTGACAGGT-1,37,7213,123,2433
TACATTCTCACACGAT-1,10130,57,482,3423
TACATTCTCCCTGGTT-1,4220,36,118,1992
TACCCACAGACCTCCG-1,15,8248,381,2513
TACCCACAGAGGTCAC-1,23,7390,560,2354
TACCCACAGGTAACTA-1,22,9313,527,2918
TACCCACCAAGAGTTA-1,28,7111,432,2734
TACCCACCACGACTAT-1,28,6493,481,2279
TACCCACCAGAATTCC-1,57,15197,1042,4007
TACCCACCAGTTAAAG-1,7376,62,498,2938
TACCCACTCGCTACAA-1,60,14415,923,3837
TACCCACTCTTGCAGA-1,16,4584,257,1814
TACCCGTAGCGACTGA-1,9446,40,657,3169
TACCCGTAGGACCCAA-1,10694,42,611,3497
TACCCGTCAACCCTAA-1,31,9970,693,2982
TACCCGTCACGCACCA-1,34,11516,614,3184
TACCCGTCAGTCTGGC-1,10756,87,608,3746
TACCCGTGTGACGCCT-1,22,6009,427,2039
TACCCGTTCCAAGAGG-1,20,5175,319,1947
TACCCGTTCTGAGGTT-1,29,9190,389,2939
TACCGAAAGTGCGCTC-1,24,7612,416,2420
TACCGAACAAGTGTCT-1,25,6065,293,2071
TACCGAACACCTTCCA-1,26817,10585,1826,8535
TACCGAAGTCCATAGT-1,25,8848,546,2884
TACCGAAGTTCCAAAC-1,23,5264,389,1935
TACCGAATCAAACCTG-1,8478,55,487,3547
TACCGGGAGACCAAAT-1,25,10165,662,2764
TACCGGGCAATCGCGC-1,14,10996,627,3011
TACCGGGGTCAACCTA-1,29,7444,350,2459
TACCGGGGTGGCTGAA-1,13,5226,402,1762
TACCGGGTCCAACTGA-1,32,8590,383,3032
TACCGGGTCCACTGGG-1,6312,52,555,2144
TACCGGGTCGAACCTA-1,16,5237,277,1814
TACCGGGTCGCTTGCT-1,6,1575,117,815
TACCTCGAGGTGGTTG-1,17,5234,253,2045
TACCTCGCAAGCACAG-1,23,6616,358,2413
TACCTCGCACTTCAGA-1,14,4579,258,1722
TACCTCGCAGCGTTTA-1,14,4208,188,1630
TACCTCGGTCAGGTAG-1,33,7688,509,2487
TACCTCGGTTGTTGCA-1,15,5829,342,2137
TACCTCGTCTAGGCCG-1,22,7674,232,2733
TACCTGCAGTATCCTG-1,12,4793,277,2007
TACCTGCCAATACGAA-1,8458,54,526,3122
TACCTGCGTGCGGATA-1,24,8402,443,2539
TACCTGCGTTGGTAGG-1,29,7725,400,2395
TACGCTCAGCCTCATA-1,25,9076,409,2982
TACGCTCAGGCCACCT-1,26,5224,305,1855
TACGCTCAGGTTTGAA-1,19,7072,339,2290
TACGCTCAGTAGGGTC-1,507,18,0,415
TACGCTCAGTCCGCCA-1,4,2074,23,671
TACGCTCCACCGAATT-1,36,14213,728,3886
TACGCTCCACGCTGCA-1,10,5952,367,2041
TACGCTCCATGGAAGC-1,943,203,13,673
TACGCTCCATGGCACC-1,49,12356,688,3720
TACGCTCCATTGCCGG-1,36,11674,496,3373
TACGCTCGTCATCGCG-1,7,2560,161,1243
TACGCTCGTCTTGTCC-1,33,7426,517,2655
TACGCTCGTGAATTGA-1,2,1587,106,398
TACGGGCAGAGGTGCT-1,26,8616,599,2642
TACGGGCCATCAGTCA-1,47,17791,638,4290
TACGGGCGTCATAAAG-1,32,11531,612,2975
TACGGGCTCAATCGGT-1,13,5449,310,1856
TACGGGCTCGGATTAC-1,78,14914,1270,3628
TACGGTAAGAGCCTGA-1,16,5412,358,1888
TACGGTAAGATTGGGC-1,17,4531,292,1603
TACGGTAGTGACCTGC-1,25,8109,578,2631
TACGGTAGTGGATCAG-1,24563,144,2530,5821
TACGGTATCCATAGGT-1,23,8775,389,2572
TACGGTATCCTACGAA-1,19,7319,403,2575
TACGGTATCGAACACT-1,36,5454,449,2144
TACGTCCAGGGAGGAC-1,29,9660,578,2992
TACGTCCCACAAGCTT-1,8461,70,383,3341
TACGTCCCACAGAAGC-1,9065,23,525,2777
TACGTCCCATCAGTCA-1,32,13008,833,3446
TACGTCCGTAGGTAGC-1,14,6652,364,2203
TACGTCCGTCGAGTGA-1,12854,53,828,3697
TACTGCCAGAGTGGCT-1,15472,156,1263,4628
TACTGCCAGTAGGGTC-1,37,9263,711,2871
TACTGCCCAGAGGTAC-1,11517,71,776,3757
TACTGCCCATCCGGTG-1,2012,11,3,965
TACTGCCCATGACAAA-1,14754,101,1127,4449
TACTGCCGTATTTCGG-1,33,6078,589,1985
TACTGCCGTGGGCTCT-1,32,7064,517,2490
TACTGCCGTTCTTAGG-1,33,6677,525,2120
TACTGCCGTTTACCTT-1,3076,13,4,1206
TACTGCCTCAGCTGTA-1,67,14718,753,4015
TACTTACAGCCATTCA-1,19,6710,272,2363
TACTTACAGTGCAACG-1,14058,92,461,4550
TACTTACCAAGCGAGT-1,23,4541,390,1738
TACTTACCACTTGAAC-1,36,9774,618,3073
TACTTACCATCTTCGC-1,13,4159,182,1748
TACTTACGTAGTCGGA-1,10,5517,336,1845
TACTTACGTCCCGCAA-1,15,6029,303,2275
TACTTACGTGCGACAA-1,28317,158,2805,6216
TACTTACGTGTAGTGG-1,3524,24,194,1725
TACTTACGTTAAGAAC-1,24,5708,334,2071
TACTTACTCCGAGATT-1,47,9540,515,2890
TACTTACTCCGTGGGT-1,20,5074,272,2013
TACTTACTCGCCAGTG-1,28,6359,380,2188
TACTTCAAGCAGTACG-1,44,15249,585,3721
TACTTCAAGCCATTGT-1,1875,12,5,758
TACTTCAAGGTCGTGA-1,15,4761,363,1673
TACTTCACACCAACAT-1,34,5592,234,2301
TACTTCACATACCGTA-1,8717,58,552,3296
TACTTCACATACGCAT-1,17695,107,823,5053
TACTTCACATTCACCC-1,18,6837,289,2725
TACTTCAGTCATAACC-1,18,5784,291,2112
TACTTCAGTCTCTCTG-1,18,8312,415,2877
TACTTCATCAATCGGT-1,22,5752,286,2042
TACTTGTAGAACTCCT-1,6070,60,398,2527
TACTTGTAGCATTGTC-1,19,5327,197,2238
TACTTGTCAAGCAATA-1,21800,146,1681,5712
TACTTGTGTCTTACAG-1,23,4780,265,2015
TACTTGTGTGTTAAAG-1,35,4455,366,1665
TACTTGTTCACTCTTA-1,914,8,1,517
TAGACCAAGACCATGG-1,44,6154,554,2269
TAGACCAAGCCGGATA-1,33,10023,537,3030
TAGACCAAGTACCCTA-1,21706,127,1040,5335
TAGACCAAGTGCAGGT-1,16,6191,412,2100
TAGACCAAGTTGTCAC-1,23,5403,511,1972
TAGACCACATAGCTGT-1,8705,60,486,3180
TAGACCACATCACCAA-1,22,6026,501,2062
TAGACCAGTGGCATCC-1,9,2216,1,812
TAGACCATCCGCTGTT-1,19,7769,472,2511
TAGACTGAGAGCTGAC-1,1060,11,7,448
TAGACTGAGGCATGGT-1,35,13461,881,3484
TAGACTGCAGCATCTA-1,5287,53,468,2393
TAGACTGCAGCTCCTT-1,23,7738,333,2514
TAGACTGCATGACGGA-1,34,13348,658,3579
TAGACTGGTGGTAACG-1,21,9759,592,2916
TAGACTGGTTACGGAG-1,10621,72,842,3655
TAGACTGGTTCACGAT-1,12454,119,525,4197
TAGACTGTCAAATAGG-1,6060,64,360,2653
TAGACTGTCGCCGAAC-1,7134,27,538,2703
TAGACTGTCGTCCATC-1,7299,56,522,2842
TAGACTGTCTACGCAA-1,23,6348,405,2305
TAGAGTCAGATGGTCG-1,50,8858,493,2871
TAGAGTCAGCCGTTAT-1,702,4,1,458
TAGAGTCAGTAAGAGG-1,12,5935,320,1999
TAGAGTCAGTTCCGGC-1,36,11044,631,3173
TAGAGTCCAGTGACCC-1,17,8515,506,2735
TAGAGTCCATCCGAGC-1,22,8129,550,2806
TAGAGTCGTATGAAAC-1,33,6608,754,2107
TAGATCGAGAGGGCGA-1,16,4964,341,1887
TAGATCGAGCCAACCC-1,26,8828,526,2944
TAGATCGCACACGGAA-1,71,37270,1142,5592
TAGATCGGTAGGTCAG-1,20,5667,335,1942
TAGATCGTCAGAACCT-1,5410,33,282,2117
TAGATCGTCGACTCCT-1,840,4,0,481
TAGATCGTCTCGTCAC-1,41,6230,369,2213
TAGCACAAGGGTTAGC-1,40,8227,791,2378
TAGCACAGTAATTAGG-1,24,9245,986,2742
TAGCACAGTCGCGTCA-1,7000,38,248,2537
TAGCACAGTCTGATCA-1,20,7310,436,2557
TAGCACATCACCATAG-1,23,5770,386,2403
TAGCACATCCAAGCAT-1,27065,135,764,5649
TAGCACATCTTAGCAG-1,32,5075,323,1913
TAGGAGGCAAGCACCC-1,9143,47,550,3277
TAGGAGGGTACAGAAT-1,25,7454,447,2549
TAGGAGGGTAGGAGGG-1,26,7040,580,2308
TAGGAGGGTCGTCGGT-1,27,4639,355,1647
TAGGAGGGTCTCACAA-1,7865,82,582,3156
TAGGAGGGTGCACATT-1,27,6133,457,2127
TAGGAGGTCCCTTGTG-1,40,7802,590,2561
TAGGGTTAGATACCAA-1,567,32,370,219
TAGGGTTAGTAACCGG-1,30,7791,771,2646
TAGGGTTAGTGAGCCA-1,6513,53,447,2660
TAGGGTTAGTTTAGGA-1,16,6524,571,1964
TAGGGTTCAAATGATG-1,54,10225,638,3303
TAGGGTTCAAGCGAAC-1,29,13170,565,3405
TAGGGTTGTACCGTGC-1,23,8467,585,2722
TAGGGTTGTACGCTAT-1,30,11695,822,3303
TAGGGTTGTCACTGAT-1,39,13211,664,3705
TAGGGTTGTTTGCCGG-1,23,5032,520,1812
TAGGTACAGAGGTTAT-1,51,8942,746,2609
TAGGTACAGGCCACTC-1,12611,75,689,3695
TAGGTACAGGCTCACC-1,20,6807,558,2183
TAGGTACAGTTGAATG-1,13916,77,699,4298
TAGGTACGTAGGATAT-1,26,5109,417,1720
TAGGTACGTCCTCCAT-1,28,7420,672,2353
TAGGTACTCTAGAACC-1,7410,51,185,3231
TAGGTACTCTCTGACC-1,17,8951,358,2771
TAGGTTGCACCTCTGT-1,12960,108,932,4210
TAGGTTGGTAGGATAT-1,33,11452,602,3151
TAGGTTGGTGCGAACA-1,15,4506,571,1485
TAGGTTGGTTTACTTC-1,22,5345,297,2159
TAGGTTGTCCGAGAAG-1,23,8397,538,2671
TAGGTTGTCTTACCGC-1,29,7665,406,2664
TAGTGCAAGAGAGAAC-1,22,6546,511,2248
TAGTGCAAGAGGTTTA-1,7,5647,311,1964
TAGTGCAAGGATGCGT-1,10971,89,631,3794
TAGTGCAAGGTAGCAC-1,22,9085,362,2730
TAGTGCATCTGTCCGT-1,6872,51,470,2726
TATACCTAGATAGTGT-1,8,3871,267,1585
TATACCTAGTAGGGTC-1,19,4532,428,1631
TATACCTCACGACAAG-1,31,10087,525,3028
TATACCTCATGACGAG-1,18,7077,550,2298
TATACCTGTCAAAGTA-1,19,6050,296,2293
TATACCTGTCCAAATC-1,20,5937,351,2225
TATACCTGTCGAACGA-1,11238,71,576,3863
TATACCTTCACTGTCC-1,13,4157,350,1686
TATACCTTCGAGTCTA-1,46,10318,411,3269
TATATCCAGCCGGAAT-1,47,9872,591,3169
TATATCCAGGTAAAGG-1,35,8542,486,2723
TATATCCAGTGGTTGG-1,22,5127,477,1958
TATATCCCAATGGCAG-1,38,10460,725,3211
TATATCCCATCACAGT-1,87,25464,800,4861
TATATCCCATCCGGCA-1,24,7355,590,2216
TATATCCCATCCGTGG-1,8095,15465,875,6782
TATATCCTCAAGGTGG-1,17,5222,302,1821
TATATCCTCACTACTT-1,12885,92,523,4144
TATATCCTCCGGTAAT-1,17,6956,619,2167
TATATCCTCTTAGTTC-1,17,6805,354,2410
TATCAGGAGCAGTCTT-1,8,3224,200,1501
TATCAGGAGGTTGGAC-1,12708,101,775,3986
TATCAGGCAAGGCGTA-1,6058,39,460,2327
TATCAGGCACCTCAGG-1,16,5493,423,1825
TATCAGGCACTGTTCC-1,10742,52,457,3626
TATCAGGCAGCAGACA-1,11441,53,820,3440
TATCAGGGTCCAAAGG-1,12925,76,761,4091
TATCAGGTCAGTAGGG-1,23,7192,595,2143
TATCAGGTCCAACCGG-1,23,5793,360,2090
TATCAGGTCCACGGGT-1,17,5886,322,1888
TATCAGGTCCTACGAA-1,21,6449,449,2471
TATCAGGTCTACTGCC-1,43,12239,1002,3477
TATCCTAAGGAGGGTG-1,18263,87,967,4459
TATCCTAAGGCTAGCA-1,7337,41,401,2830
TATCCTACAGCACAGA-1,36,7351,388,2677
TATCCTATCCGAGCTG-1,19,7943,495,2626
TATCCTATCTAGAACC-1,6893,46,367,2875
TATCCTATCTGGCCTT-1,41,6589,362,2414
TATCGCCCACTCTCGT-1,12,3511,327,1492
TATCGCCGTAGGTTTC-1,8,4341,371,1519
TATCGCCTCGATTTCT-1,17,4083,224,1637
TATCTGTAGAAGCCAC-1,38,6492,485,2250
TATCTGTAGCGATGGT-1,14,4981,222,1757
TATCTGTAGTAAACTG-1,22,5701,308,2159
TATCTGTCACGGTGAA-1,13,4761,377,2186
TATCTGTCAGCCGGTT-1,20,9896,458,2874
TATCTGTCATGACAAA-1,20,6952,515,2436
TATCTGTGTTGCGGAA-1,16,5594,356,1766
TATCTGTTCACTTGGA-1,15,4048,190,1609
TATCTGTTCGTAGCTA-1,31,6209,527,2262
TATCTTGCACAAGTTC-1,19,4084,236,1886
TATCTTGCACGGATCC-1,5,1640,162,735
TATCTTGCATACTTTC-1,22,7672,283,2721
TATCTTGCATGGATCT-1,885,5,0,533
TATCTTGCATTCGATG-1,27,9762,473,2999
TATCTTGGTAGAGCTG-1,14,5166,397,1742
TATCTTGGTCAACCAT-1,8739,70,598,3401
TATCTTGTCTCGGTAA-1,25,6533,491,2473
TATGTTCCACGGTAGA-1,16,5703,253,2015
TATGTTCGTCAGCTTA-1,9196,86,776,3608
TATGTTCGTTCAAGTC-1,35,8488,588,2732
TATGTTCTCAGCTGTA-1,25,6864,380,2383
TATGTTCTCCCTGTTG-1,506,10,0,364
TATGTTCTCCGATCTC-1,8039,45,528,3133
TATGTTCTCGCGTAGC-1,24,7234,334,2573
TATGTTCTCGGTCATA-1,20,7155,249,2290
TATTCCACAAAGGCTG-1,7403,38,191,2991
TATTCCAGTGAATGTA-1,20342,147,1176,5773
TATTCCATCACTGGTA-1,21,4588,314,1980
TATTCCATCATGACAC-1,20,5905,204,2218
TATTCCATCCCACAGG-1,16,6504,480,2051
TATTCCATCGGCCCAA-1,29,12972,815,3519
TATTCCATCTCGTTTA-1,35,9961,672,2772
TATTGCTAGCAATAAC-1,19,8317,427,2415
TATTGCTAGCGACTGA-1,34,9076,523,2939
TATTGCTAGGGAGGGT-1,17,4942,332,1788
TATTGCTCAATCCAGT-1,14,5226,247,1923
TATTGCTGTTTCACAG-1,16,5281,282,1871
TATTGGGCAACCCTCT-1,24,6424,338,2217
TATTGGGCAGACACAG-1,17,5594,290,2005
TATTGGGCAGATTCGT-1,21,5610,388,1970
TATTGGGGTACATACC-1,56,9818,565,3011
TATTGGGGTATTCCTT-1,25,6525,381,2432
TATTGGGGTTACGTAC-1,31,8283,430,2818
TATTGGGGTTGGAGGT-1,14,5836,413,1962
TATTGGGGTTGTGCCG-1,20,3420,325,1274
TATTGGGTCCGGTTCT-1,25,8621,511,2616
TATTTCGAGGGACTGT-1,25,3853,291,1615
TATTTCGAGTCCCAGC-1,32,7169,567,2341
TATTTCGCAAGCGCAA-1,27,8463,515,2594
TATTTCGCACCCTGAG-1,14,6046,439,2049
TATTTCGCAGCGACAA-1,13,4874,650,1805
TATTTCGGTGAGATTA-1,13,5719,294,1997
TATTTCGGTGTCTTGA-1,23,5625,342,1975
TATTTCGGTTAAGGGC-1,19,4370,333,1543
TATTTCGTCCGCAACG-1,5,2673,128,983
TATTTCGTCCTTTAGT-1,1795,39,32,1039
TATTTCGTCGCTGTCT-1,13999,4612,1218,5459
TATTTCGTCTGGTGCG-1,27,7398,488,2612
TCAAGACAGATTGAGT-1,14,5422,322,1885
TCAAGACCACAGCTGC-1,25,9447,641,3106
TCAAGACCACTTCATT-1,30,6936,411,2307
TCAAGACTCAGCTAGT-1,43,13471,855,3769
TCAAGACTCCAACTGA-1,41,11311,739,3268
TCAAGACTCCGTGTGG-1,16,5669,342,2058
TCAAGACTCGACACCG-1,12607,55,789,3700
TCAAGACTCGATTCCC-1,23,7479,472,2497
TCAAGCAAGTCGAGGT-1,29,9640,668,2512
TCAAGCACAAATGCTC-1,42,15587,688,3826
TCAAGCACAACCGGAA-1,12962,57,577,4080
TCAAGCACATTGTACG-1,74,11148,793,3758
TCAAGCAGTCTTACAG-1,25,6941,423,2106
TCAAGCATCATTTACC-1,50,9169,453,3124
TCAAGCATCGGCTATA-1,12095,63,700,3674
TCAAGTGAGCTGTACT-1,29,9587,524,3015
TCAAGTGCAAAGCACG-1,25,6497,377,2312
TCAAGTGCACAGTATC-1,30,7037,405,2231
TCAAGTGCAGATACTC-1,6724,81,645,2877
TCAAGTGGTGAGGCAT-1,14,6267,400,2161
TCAAGTGTCAACTGAC-1,25,9986,548,2884
TCAAGTGTCATACGAC-1,27,7962,614,2341
TCAAGTGTCGCTGCGA-1,47,10487,1085,2855
TCAATCTAGGTGGGTT-1,8,4731,370,1755
TCAATCTCATCGTGGC-1,16,6169,299,2225
TCAATCTGTCACGTGC-1,34,8635,476,2968
TCAATCTGTGAATGTA-1,24,9257,526,2842
TCAATCTGTTCGTTCC-1,35,8410,516,3060
TCAATCTGTTGCCAAT-1,26,6418,239,2381
TCAATCTTCCTAAACG-1,14470,79,666,4278
TCAATCTTCGACGCTG-1,7849,41,365,2862
TCAATCTTCTCCTGCA-1,28,5592,303,2198
TCAATTCAGATAGTGT-1,35,9989,705,3032
TCAATTCAGCACCTGC-1,29,7776,436,2925
TCAATTCCACAGTCCG-1,12,6441,358,2301
TCAATTCTCAAGAAAC-1,7151,56,307,2951
TCAATTCTCAAGCCTA-1,7737,61,494,3172
TCAATTCTCAGCTCTC-1,29,8792,649,2960
TCAATTCTCGGTGAAG-1,30,9383,426,2934
TCAATTCTCTAAGGAA-1,6597,24,10,1786
TCACAAGCATGAATCC-1,23,8476,549,2446
TCACAAGGTCCACATA-1,7152,51,433,2983
TCACAAGGTGGGTTGA-1,22026,151,1831,5552
TCACAAGTCCGTATGA-1,27,8661,806,2608
TCACACCAGCTCATAC-1,58,11537,615,3639
TCACACCAGGACTTCT-1,531,13,477,77
TCACACCCAACTGTGT-1,33,13595,612,3666
TCACACCCATGCAGGA-1,19,6765,342,2133
TCACACCGTAAGTTAG-1,28462,190,2023,6273
TCACACCGTATACCCA-1,8417,56,527,3220
TCACACCGTATACGGG-1,10985,47,484,3619
TCACACCGTGCACAAG-1,14,9159,490,2767
TCACACCGTGCTGCAC-1,47,19363,703,4489
TCACACCGTTCTAACG-1,23,5761,398,2092
TCACACCTCGGTCGGT-1,28,11706,853,3200
TCACATTAGGACAGCT-1,19,6556,294,2207
TCACATTAGTTGAAAC-1,13,8519,400,2445
TCACATTCAGATCACT-1,48,8963,474,3002
TCACATTCATCGTTCC-1,22,9501,532,3044
TCACATTCATGGCTAT-1,10326,81,392,3789
TCACATTGTGCACAAG-1,15052,72,491,4378
TCACATTGTTGGGAAC-1,29,5125,384,1830
TCACATTTCATGCCCT-1,28,8487,508,2871
TCACATTTCCGATCGG-1,12,3710,289,1483
TCACATTTCGTTGCCT-1,26,6358,388,2259
TCACGCTAGAAATTCG-1,27,7142,535,2168
TCACGCTCACAGTGAG-1,18,8980,419,2696
TCACGCTCACTCATAG-1,6575,107,967,3212
TCACGCTCATCCCGTT-1,30,7765,362,2516
TCACGCTGTATGAAAC-1,11351,79,523,3855
TCACGCTGTCTAGTGT-1,7859,66,609,3134
TCACGCTGTGGTCTTA-1,38,8092,642,2666
TCACGCTTCCCGGTAG-1,13,5451,435,1906
TCACGCTTCCGTGACG-1,23,6951,365,2376
TCACGCTTCCTGTAGA-1,6966,53,481,2691
TCACGCTTCTTTGGAG-1,14,6542,372,2203
TCACGGGAGCAGAAAG-1,3220,11,1,1258
TCACGGGAGGTACAGC-1,22,7828,562,2448
TCACGGGAGGTACCTT-1,11724,90,919,3896
TCACGGGAGTATGAGT-1,41,11412,950,3242
TCACGGGAGTTAACAG-1,15550,104,1187,4480
TCACGGGCAATGAACA-1,17609,137,849,5001
TCACGGGCATAGACTC-1,21,6408,437,1976
TCACGGGCATTGCCGG-1,4,3536,309,893
TCACGGGGTCCACGCA-1,22,9001,634,2764
TCACGGGTCGTTCCTG-1,19,4643,345,1620
TCACGGGTCTTAGTTC-1,2608,39,444,1615
TCACTATCACAAAGCG-1,5817,26,333,2438
TCACTATCAGGTCCCA-1,28,6472,431,2320
TCACTATGTATAGGAT-1,18,6113,270,2215
TCACTATGTCAAGCCC-1,7578,67,316,3225
TCACTATGTCACAGAG-1,6,1504,266,714
TCACTATGTCGTGGTC-1,28602,136,1466,5622
TCACTATGTGAGCTCC-1,14,7990,357,2554
TCACTATGTTCGGCCA-1,7930,68,265,2859
TCACTATTCCTCGATC-1,14970,157,936,4800
TCACTCGAGGATTCCT-1,5286,14,0,1560
TCACTCGAGTATGATG-1,583,8013,515,2962
TCACTCGCACTCACTC-1,40,9196,485,3020
TCACTCGGTCACCCTT-1,28,9765,527,2991
TCACTCGTCCGGCAGT-1,10,6419,377,2189
TCAGCAAAGTATCTGC-1,35,9890,622,2998
TCAGCAAAGTCATGGG-1,41,12479,903,3385
TCAGCAACAAACCATC-1,39,12276,678,3262
TCAGCAACACCCTAGG-1,122,10840,956,3440
TCAGCAACACGCTTAA-1,17,8431,399,2734
TCAGCAACATCATCCC-1,41,10839,583,3138
TCAGCAACATCTTAGG-1,15121,108,1090,4434
TCAGCAACATTCTTCA-1,29,10148,433,3033
TCAGCAAGTCGAATTC-1,17,6609,355,2309
TCAGCAAGTGAGTTTC-1,36,7744,471,2412
TCAGCAATCGGTAAGG-1,33,6352,543,2432
TCAGCAATCGTGGGTC-1,5,4382,227,1780
TCAGCAATCTCCGCAT-1,25,6669,463,2279
TCAGCCTAGGATCATA-1,13,2634,316,1283
TCAGCCTAGTTCTCTT-1,18,6289,257,2399
TCAGCCTAGTTGTCGT-1,37,12765,611,3419
TCAGCCTCACCGTGGT-1,19,6016,441,2311
TCAGCCTCAGCGATTT-1,26,9824,540,3037
TCAGCCTGTACTAAGA-1,36,7032,369,2344
TCAGCCTGTGAATGTA-1,27,7384,427,2551
TCAGCCTGTGATTCAC-1,2,3209,105,901
TCAGCCTTCCAGTGCG-1,19,8214,590,2679
TCAGGGCAGCGTTCAT-1,10071,74,469,3575
TCAGGGCCAATGGCAG-1,490,10,5,346
TCAGGGCCAGATAAAC-1,41,9990,550,3366
TCAGGGCCAGGTCCGT-1,20,7073,465,2245
TCAGGGCCATAATCGC-1,38,14381,864,3931
TCAGGGCCATGTGACT-1,28,5773,490,1936
TCAGGGCGTTTGTTGG-1,42,9788,577,3143
TCAGGGCTCGACTCCT-1,11,3616,212,1418
TCAGGGCTCGAGAAAT-1,21,4657,375,1809
TCAGGTAAGAAATCCA-1,30,9079,605,2829
TCAGGTAAGTATGGCG-1,43,7306,587,2565
TCAGGTACAAGTCGTT-1,29,9144,416,2694
TCAGGTACAGGATGAC-1,19,6656,651,1995
TCAGGTACATACCACA-1,32,7878,430,2659
TCAGGTAGTGTTCGTA-1,24,7637,613,2445
TCAGTCCAGAGGACTC-1,14806,121,919,4327
TCAGTCCAGGTACCTT-1,8699,64,633,3252
TCAGTCCAGTTCACTG-1,26,7238,607,2300
TCAGTCCCAGTTGCGC-1,31,8485,503,2822
TCAGTCCGTACTGTTG-1,18890,107,1434,4776
TCAGTCCGTATCGGTT-1,17,5297,405,2025
TCAGTCCGTTCCACAA-1,10814,90,288,3917
TCAGTCCTCTTGCAAG-1,22,4948,197,2037
TCAGTGAAGCCTTCTC-1,12024,92,532,4078
TCAGTGAAGGGTAATT-1,28,5605,585,1837
TCAGTGAAGTAATCCC-1,30,3102,364,1426
TCAGTGACAGTCAGCC-1,5333,38,263,2451
TCAGTGAGTACCATAC-1,23,6101,287,2011
TCAGTGAGTACGCGTC-1,8001,44,613,2888
TCAGTGAGTATCCTCC-1,16,6958,539,2389
TCAGTGAGTCGGCCTA-1,14117,12046,1538,7134
TCAGTGAGTGGTCAAG-1,28,12099,614,3430
TCAGTGAGTGTCCATA-1,44,9896,698,3146
TCAGTGAGTGTTTGCA-1,26,9727,677,2700
TCAGTGATCAACGAGG-1,24,6370,281,2088
TCAGTTTAGATTGCGG-1,14,4023,341,1644
TCAGTTTAGGCCTTGC-1,44,11480,666,3543
TCAGTTTCAGAACATA-1,16,5911,339,2072
TCAGTTTCAGCTTCCT-1,19,4824,387,1769
TCAGTTTCATGACGAG-1,10,3675,191,1602
TCAGTTTGTAGGCTCC-1,9381,57,449,3219
TCAGTTTTCGACCCAG-1,12,6728,371,2461
TCATACTAGATAGCTA-1,10,4346,360,1594
TCATACTAGCAAATCA-1,24,4851,376,1771
TCATACTAGCCTTGAT-1,39,9346,564,3249
TCATACTGTCCCAAAT-1,28,9768,535,3137
TCATACTTCAGGAAGC-1,27,12322,886,3118
TCATACTTCCTCATAT-1,3230,8687,328,4131
TCATACTTCCTGCCAT-1,36,8323,641,2786
TCATACTTCGAATGCT-1,18279,116,1131,5392
TCATACTTCTGAGGTT-1,15,3195,341,1561
TCATATCAGTAGACCG-1,12,6325,436,2190
TCATATCAGTTGTAAG-1,3138,26,277,1346
TCATATCCACAGTCGC-1,21,8674,475,2657
TCATATCCAGGTGTTT-1,9088,67,452,3378
TCATATCCAGTTAAAG-1,6662,5348,1038,4543
TCATATCGTCATAACC-1,35,5967,365,2099
TCATATCTCTTAAGGC-1,47,8331,391,3066
TCATCATAGAGCACTG-1,18,5695,379,1991
TCATCATAGGGAGAAT-1,34,11755,880,3333
TCATCATCAAAGAGTT-1,5503,23,374,2133
TCATCATCAATTTCCT-1,11122,76,977,4102
TCATCATCACGTCATA-1,31,8997,352,2799
TCATCATGTTGACTGT-1,9288,55,490,3587
TCATCATTCCACGTAA-1,9437,58,235,3613
TCATCCGCAAGTATAG-1,41,13822,788,3850
TCATCCGCACCTGAAT-1,21,9698,489,2844
TCATCCGCATGAAGGC-1,27,6814,250,2352
TCATCCGGTAAGCAAT-1,26,9724,611,3061
TCATCCGGTCGTTATG-1,24,8614,484,2796
TCATCCGGTGAGTCAG-1,17,7665,527,2349
TCATCCGGTGTGTCGC-1,44,11458,967,3355
TCATCCGTCGTTCCTG-1,23,6691,438,2232
TCATCCGTCTCGACCT-1,9545,41,856,2974
TCATGAGAGGGCATGT-1,7806,162,616,3089
TCATGAGCAAAGGCGT-1,5930,57,428,2573
TCATGAGGTAGAGGAA-1,35,8053,506,2505
TCATGAGTCCATAAGC-1,10777,62,706,3553
TCATGCCAGAGGCGTT-1,18,6161,338,2241
TCATGCCAGGTACTGG-1,76,7879,437,2497
TCATGCCCACACAGCC-1,33,12740,346,3490
TCATGCCCAGGCGAAT-1,33,8693,540,2919
TCATGCCCATTGAGGG-1,47,12583,749,3467
TCATGCCGTCATCGGC-1,2604,24,42,1370
TCATGCCGTCTGTTAG-1,10768,67,639,3694
TCATGCCGTGGGCTTC-1,19,6710,541,2273
TCATGCCTCAGATGCT-1,16802,117,908,5065
TCATGCCTCTTGGTCC-1,13432,87,735,4461
TCATGGACAAGAGCTG-1,15,7182,288,2365
TCATGGACAAGAGGCT-1,8107,62,695,3022
TCATGGACAGAGATGC-1,38,11197,587,3186
TCATGGACATCAGCAT-1,19879,161,1092,5492
TCATGGAGTGAGTGAC-1,8819,57,813,3092
TCATGGATCATCGCAA-1,27,9380,579,2775
TCATGTTAGCGCCTTG-1,9982,80,705,3645
TCATGTTAGTAAACGT-1,27,7673,437,2743
TCATGTTCACATTCGA-1,23,6260,305,2192
TCATGTTCAGAGCGTA-1,18,3739,276,1508
TCATGTTCAGCTGTAT-1,14422,99,748,4690
TCATGTTCATACAGCT-1,33,6413,316,2374
TCATGTTGTGGGAGAG-1,22,5799,439,2065
TCATGTTGTTCCGGTG-1,18,7986,479,2706
TCATGTTTCCAACCGG-1,8482,42,609,3109
TCATGTTTCTACTCAT-1,11,5983,334,1872
TCATTACAGACTTAAG-1,23,6425,407,2359
TCATTACAGTAATACG-1,15,4649,274,1717
TCATTACCAGGCGTTC-1,9,5639,307,1987
TCATTACCAGGTACGA-1,26,9873,465,3114
TCATTACCATACCATG-1,25,8114,366,2514
TCATTACGTAAGTAGT-1,19,5173,309,1796
TCATTACGTACACGTT-1,48,14410,864,3971
TCATTACGTCCAATCA-1,14,6193,439,2172
TCATTACTCCACACCT-1,6717,64,372,2785
TCATTACTCCAGTGCG-1,54,11610,893,3541
TCATTCAAGTAGGAAG-1,10,7072,542,2205
TCATTCACATCATTGG-1,33,9304,578,2921
TCATTCACATGGCTAT-1,49,11514,659,3508
TCATTCAGTGCCGTAC-1,11813,118,776,4073
TCATTCAGTGTCTTAG-1,31,6627,598,1998
TCATTCAGTTAAAGTG-1,31,5840,518,2173
TCATTCATCGTAACTG-1,22,5275,252,2036
TCATTCATCTCAGAAC-1,40,10295,638,2940
TCATTGTAGCAGCGAT-1,16,8312,336,2640
TCATTGTAGTCATAGA-1,30,5971,488,2106
TCATTGTGTGGTCCCA-1,53,12063,552,3422
TCATTGTGTTCTCGCT-1,24,4668,307,1800
TCATTGTTCTTAGCTT-1,22,6903,427,2365
TCATTTGGTAAGAACT-1,22,5599,259,2018
TCATTTGGTCTAACTG-1,22,6127,470,2007
TCATTTGGTGTAACGG-1,12,7588,299,2515
TCATTTGGTTAAGACA-1,13,5478,311,2039
TCATTTGTCTTTCCGG-1,12205,55,829,4257
TCCACCAAGACTCGAG-1,22,5617,388,2155
TCCACCAAGAGGCGTT-1,19,5107,393,1789
TCCACCAAGTTGCTGT-1,6605,46,500,2654
TCCACCAAGTTGTCGT-1,67,9345,760,2943
TCCACCACACAACGTT-1,34,14232,571,3985
TCCACCACACCAACAT-1,23,6624,268,2284
TCCACCACATCTGTTT-1,34,9225,465,2849
TCCACCACATGACTTG-1,10640,13329,1378,6827
TCCACCAGTATACCCA-1,41,15027,501,3938
TCCACCAGTGAGAACC-1,8207,23,13,2199
TCCACCAGTGGTCTTA-1,56,11770,905,3517
TCCACCATCGGCCCAA-1,22,6965,546,2406
TCCACCATCTCCGCAT-1,34,13627,866,3700
TCCACGTAGACTTCAC-1,18764,113,1427,5249
TCCACGTAGCCGAATG-1,23,6848,477,2464
TCCACGTAGTTTCAGC-1,12,5665,326,1876
TCCACGTCAAAGTATG-1,23,5542,433,1895
TCCACGTCAATTTCTC-1,6667,27,458,2767
TCCACGTGTATCCCAA-1,29,5573,373,1933
TCCACGTGTTGTTGAC-1,9383,67,625,3431
TCCACGTTCAGGGTAG-1,17,6670,490,2332
TCCACGTTCATGGATC-1,10,5272,355,1865
TCCAGAAAGTGGAAGA-1,24,5839,422,2062
TCCAGAAAGTGTAGTA-1,31,12857,553,3346
TCCAGAACAGCTCCTT-1,7565,85,702,3206
TCCAGAAGTTCGGTCG-1,10,5035,403,1702
TCCAGAATCATCTGTT-1,5785,42,377,2713
TCCAGAATCCTAGCGG-1,37,8319,498,2645
TCCAGAATCGATACTG-1,4376,47,536,1983
TCCAGAATCTGGGATT-1,23,9673,476,2961
TCCATCGAGATACTGA-1,15,4622,332,1823
TCCATCGAGCTCTTCC-1,9,4805,424,1819
TCCATCGAGTAGAATC-1,9181,63,590,3196
TCCATCGAGTTAGAAC-1,41,8214,437,2746
TCCATCGCACCTTCGT-1,12009,65,749,3869
TCCATCGCACTGCACG-1,12849,102,802,4238
TCCATCGCAGGTATGG-1,4094,16,212,1733
TCCATCGGTCTGCAAT-1,25,6164,466,2068
TCCATCGGTTTCACTT-1,7,3695,279,718
TCCATCGTCTTAGCAG-1,15,10877,391,3077
TCCATGCAGAGCCCAA-1,34,9885,645,3175
TCCATGCAGTATCCTG-1,21,9024,891,2758
TCCATGCAGTATGATG-1,4618,38,617,2121
TCCATGCAGTTGGAAT-1,8279,57,710,3088
TCCATGCCATCTCCCA-1,49,13365,671,3963
TCCATGCGTCGTCGGT-1,12278,7437,724,5264
TCCCACAAGACTTCAC-1,5768,34,286,2813
TCCCACAAGATCGACG-1,24,8695,611,2997
TCCCACAAGCCATATC-1,29,14775,484,3797
TCCCACAAGCCTCACG-1,49,11857,820,3716
TCCCACAGTCTTTATC-1,35,7746,322,2736
TCCCACATCACAGAGG-1,5786,19,0,1783
TCCCACATCACTTATC-1,37,9490,627,3342
TCCCACATCGGCCCAA-1,13593,52,925,3902
TCCCAGTAGAGGTATT-1,22,6459,432,2175
TCCCAGTAGATCCCGC-1,17,6572,408,2052
TCCCAGTAGTAAACTG-1,17981,111,1648,4986
TCCCAGTAGTCGGCCT-1,24,8060,578,2745
TCCCAGTAGTGCAACG-1,316,1678,88,552
TCCCAGTCATGAGAAT-1,13,4784,25,1637
TCCCAGTGTGGCGCTT-1,22803,311,1199,5734
TCCCAGTTCATCACCC-1,19,7317,320,2646
TCCCATGTCCGTGTAA-1,6,3488,269,861
TCCCATGTCTTTCCGG-1,42,14342,904,3559
TCCGAAACAACACGAG-1,61,15020,997,4033
TCCGAAACACACGGTC-1,25,6692,410,2360
TCCGAAACATTGGGAG-1,9,2262,100,574
TCCGAAAGTCCAAGAG-1,36,11792,1209,3047
TCCGAAAGTGCTTATG-1,10660,62,659,3551
TCCGAAAGTGTCCGGT-1,14,5455,355,1888
TCCGAAAGTTCTATCT-1,18,4417,279,2008
TCCGAAATCACCTCTG-1,23,6044,432,2123
TCCGATCGTATCATGC-1,7958,59,597,3229
TCCGATCTCCAATCTT-1,7347,120,364,2613
TCCGGGAAGCTTCTAG-1,7873,42,684,2884
TCCGGGAAGGTGATCG-1,35,8128,698,2384
TCCGGGACACAAATGA-1,9007,39,456,3303
TCCGGGACACGGCCAT-1,23,15299,683,3916
TCCGGGACAGATCCAT-1,18097,174,1212,5359
TCCGGGACAGGTGACA-1,32,9054,549,2744
TCCGGGACATAGGCGA-1,47,10289,668,2978
TCCGGGAGTAATACCC-1,24,6796,353,2270
TCCGGGATCACAGAGG-1,11472,56,641,3565
TCCGGGATCCATACTT-1,21,8296,321,2767
TCCGGGATCGGAGTGA-1,8264,47,481,3051
TCCGTGTGTGAAGCTG-1,12,4486,207,1904
TCCGTGTGTGAGGATC-1,14,4935,334,1873
TCCGTGTGTTGCCAAT-1,10,4358,317,1487
TCCGTGTTCACTTGTT-1,6750,45,488,2573
TCCGTGTTCCCGTGTT-1,19,1643,120,432
TCCGTGTTCTACAGGT-1,18,7920,366,2566
TCCTAATAGAAGCGAA-1,7908,56,572,2801
TCCTAATAGCAGTAAT-1,7171,41,308,2890
TCCTAATCAAGAGTAT-1,5606,11713,1942,5129
TCCTAATCACCGGAAA-1,29,7364,464,2611
TCCTAATCATAACCCA-1,4006,31,39,1806
TCCTAATGTCAAACGG-1,34,11797,417,3192
TCCTAATGTCGAATGG-1,6298,43,486,2589
TCCTAATGTCGCCTAG-1,20,8018,486,2744
TCCTAATGTTCTCGCT-1,23,5277,237,2250
TCCTCCCAGACGCATG-1,35,12045,857,3425
TCCTCCCCAGAGCGTA-1,3059,29,717,1689
TCCTCCCCATCAGCTA-1,15,5287,381,1757
TCCTCCCGTACCGGCT-1,6224,338,178,3602
TCCTCCCGTATCGGTT-1,5,1967,45,549
TCCTCCCGTGTTCGAT-1,23,5071,264,1956
TCCTCCCTCCGGTTCT-1,31,8283,406,2619
TCCTCCCTCCTGGCTT-1,10,7173,280,2631
TCCTCCCTCTCGCAGG-1,25,11396,658,2917
TCCTCGAAGACGGTCA-1,7833,47,516,2870
TCCTCGAAGCGCCTAC-1,11506,86,775,3922
TCCTCGAGTCACCGCA-1,20658,95,1049,5299
TCCTCGAGTGGGTCAA-1,9935,50,589,3413
TCCTCGAGTGTCCCTT-1,10942,71,667,3710
TCCTCGATCAGAACCT-1,48,7401,633,2502
TCCTCGATCCATCGTC-1,12974,80,763,4287
TCCTCTTAGCTCCACG-1,1129,47,211,632
TCCTCTTAGGTGGGTT-1,15,6299,501,1948
TCCTCTTCATAATCCG-1,36,10973,692,3401
TCCTCTTGTGTTAACC-1,13,5250,346,1873
TCCTCTTTCATTTCGT-1,28,7944,630,2470
TCCTCTTTCTCGCAGG-1,17373,88,1009,5035
TCCTGCAAGCACCTGC-1,18483,116,1198,5490
TCCTGCAAGCCTTTCC-1,28,12624,485,3574
TCCTGCATCACTCTTA-1,19,5880,241,2354
TCCTTCTAGAAGTCTA-1,9900,93,737,3469
TCCTTCTAGCAGCAGT-1,14041,68,519,4062
TCCTTCTAGTATGATG-1,18,3464,313,1449
TCCTTCTAGTCGTCTA-1,31,9425,594,3075
TCCTTCTAGTGTTCCA-1,14,5376,354,2034
TCCTTCTCAAGAGAGA-1,575,14,1,396
TCCTTCTGTCTCAGGC-1,13,6076,421,2324
TCCTTCTGTGAATTAG-1,51,17569,798,4308
TCCTTCTGTTGCCGCA-1,28,7133,390,2713
TCCTTCTTCAAAGCCT-1,18046,100,1237,4991
TCCTTCTTCACTTGGA-1,18,5435,298,2047
TCCTTCTTCCGGACGT-1,22,7855,681,2525
TCCTTCTTCGACACTA-1,507,12,3,356
TCCTTCTTCGCAGTGC-1,19,5289,311,2101
TCCTTCTTCGTCTACC-1,14,5809,346,2256
TCCTTTCAGACTCGAG-1,36,10016,753,3127
TCCTTTCCACGAGAAC-1,14493,59,780,4221
TCCTTTCCAGCGATTT-1,26,5966,428,2266
TCCTTTCCATCCTTCG-1,14,6788,375,2442
TCCTTTCGTAGTCACT-1,22,6055,451,2471
TCCTTTCGTCGACTTA-1,7,2050,107,677
TCCTTTCGTGCATTAC-1,29,11590,628,3375
TCCTTTCTCCAATCTT-1,23,7492,294,2490
TCCTTTCTCCGTGTCT-1,61,10627,640,3442
TCCTTTCTCTTTCCGG-1,18,4928,344,1902
TCGAACAAGCGAACTG-1,17,5967,283,2101
TCGAACAAGGATTTCC-1,7197,42,396,2794
TCGAACACAAACTCGT-1,21,7079,383,2190
TCGAACACACCCAACG-1,30,10710,552,3189
TCGAACACACGTTGGC-1,33,8225,636,2793
TCGAACACACTACCCT-1,23,5324,273,2078
TCGAACACATTGTAGC-1,8897,20,2,2534
TCGAACAGTACCTAGT-1,24,6762,352,2390
TCGAACAGTCACTTCC-1,13,5681,318,1920
TCGAACATCTGGCCAG-1,706,5253,1001,2110
TCGAAGTAGAAATTCG-1,31,14909,870,3615
TCGAAGTAGCAAGGAA-1,6403,52,521,2386
TCGAAGTCAATCGCCG-1,10748,64,551,3436
TCGAAGTGTACTCGCG-1,12284,60,798,3697
TCGAAGTGTAGGTGCA-1,26,10558,729,2770
TCGAAGTGTAGTATAG-1,14,6063,310,2113
TCGAAGTTCGGAGTGA-1,40,11572,1012,3359
TCGAAGTTCTACACTT-1,9598,108,630,3582
TCGAAGTTCTGCACCT-1,17829,82,875,5009
TCGAAGTTCTGGAAGG-1,13,4339,377,1531
TCGACCTAGACTGAGC-1,37,8145,587,2643
TCGACCTAGTGCCTCG-1,9301,70,667,3402
TCGACCTAGTTGGAGC-1,9069,54,511,3159
TCGACCTCAGCAATTC-1,14,6213,294,2185
TCGACCTCATATGAAG-1,9154,59,520,3624
TCGACCTGTACTCGTA-1,43,10970,834,3156
TCGACCTGTCCAGGTC-1,22,6877,386,2545
TCGACCTGTCGAAGCA-1,33,7915,735,2534
TCGACCTTCAGTCCGG-1,20692,99,1499,5193
TCGACCTTCGCCTTGT-1,29,8593,384,2846
TCGACGGAGCACCAGA-1,6972,40,416,2754
TCGACGGAGCAGATAT-1,32,5000,386,1796
TCGACGGAGCTACTGT-1,26,11288,611,3151
TCGACGGAGGGTACGT-1,10947,62,1094,3698
TCGACGGAGGTGCAGT-1,7286,38,417,2536
TCGACGGAGGTTGACG-1,30,8242,507,2944
TCGACGGAGGTTTGAA-1,5758,10,6,1626
TCGACGGAGTGCGACA-1,21,7721,455,2315
TCGACGGCACCCTCTA-1,17748,94,635,4971
TCGACGGCAGCTCCTT-1,13,5970,383,2053
TCGACGGGTAGTTCCA-1,4074,19,384,1961
TCGACGGTCGCGCTGA-1,33,9367,496,2847
TCGATTTGTAGTCGGA-1,8614,36,531,2907
TCGATTTGTGTCATCA-1,41,8113,592,2700
TCGCACTAGCTGCCTG-1,35,11378,1005,3625
TCGCACTCAGGCGAAT-1,20,9774,611,3083
TCGCACTGTATCGATC-1,23,9189,437,2867
TCGCACTTCCTTCACG-1,12,7856,399,2635
TCGCACTTCCTTTGAT-1,23,6558,456,2300
TCGCACTTCGGAATTC-1,8828,48,566,2898
TCGCACTTCTTCGCTG-1,26,6778,296,2425
TCGCACTTCTTTGCGC-1,8,4738,152,1804
TCGCAGGGTCCACAGC-1,4,3525,228,1620
TCGCAGGGTGCGGTAA-1,7654,33,334,2783
TCGCTCAAGCTGAGTG-1,14,3825,319,1603
TCGCTCACACCAAAGG-1,12,6159,296,2365
TCGCTCAGTCTCTCTG-1,38,10544,780,3503
TCGCTCAGTGTCGATT-1,15,4123,232,1634
TCGCTCAGTTCTTAGG-1,28,10694,795,3042
TCGCTCATCATAGAGA-1,17,4780,317,1906
TCGCTCATCGGTAACT-1,16074,99,910,4450
TCGCTTGAGCAGTCTT-1,28426,166,3520,6023
TCGCTTGCAGAGACTG-1,23,8830,472,2577
TCGCTTGCATACACCA-1,44,10788,812,3375
TCGCTTGGTGGACCTC-1,29,7627,385,2558
TCGCTTGGTTCGGTTA-1,10363,66,593,3556
TCGGATAAGATCCTAC-1,27,12422,573,3391
TCGGATAAGGGATCGT-1,21,4542,363,1573
TCGGATACAATGGCCC-1,54,14842,1098,4029
TCGGATACAGCGACAA-1,4681,13,14,1495
TCGGATAGTCACATTG-1,23,9997,546,2943
TCGGATAGTCCAGCAC-1,17,6528,359,1991
TCGGATAGTCGCACAC-1,17332,66,914,5003
TCGGATATCACATTGG-1,18,5319,185,2033
TCGGATATCATTTGCT-1,24,7139,537,2386
TCGGATATCTCATTTG-1,19474,140,1313,5078
TCGGGACAGAGAGAAC-1,32,5124,555,1921
TCGGGACCAAGTATAG-1,30,12729,683,3216
TCGGGACCAATTGAAG-1,20,4033,301,1487
TCGGGACCAGCCTATA-1,1426,9,1,646
TCGGGACCAGGACTTT-1,9951,61,496,3389
TCGGGACCAGTTGTTG-1,22738,97,1058,5284
TCGGGACCATTGAGGG-1,23,6356,351,2078
TCGGGACGTGTTCCAA-1,9979,54,560,3401
TCGGGACTCATATGGC-1,15,4482,366,1686
TCGGGACTCCTAGCTC-1,30,6447,629,2086
TCGGGACTCTTTCTAG-1,5852,32,437,2566
TCGGGCAAGATCGCTT-1,37,9221,621,2929
TCGGGCAAGCGTTGTT-1,6,3511,355,1326
TCGGGCAAGTGCAGGT-1,9,5210,375,1729
TCGGGCACAAAGACTA-1,21,6359,394,2189
TCGGGCACAGGTTTAC-1,915,13,20,511
TCGGGTGAGACAACAT-1,25,7695,478,2622
TCGGGTGAGAGGTCAC-1,37,10469,554,3297
TCGGGTGCACGGTAGA-1,21,2680,237,1180
TCGGGTGCATAATGCC-1,26,5564,431,1938
TCGGGTGGTATGAGCG-1,15,4262,352,1493
TCGGGTGGTCATCACA-1,2846,32,278,1388
TCGGGTGGTCTTCAAG-1,33,7656,439,2472
TCGGGTGGTGAATTGA-1,6,4571,321,1607
TCGGGTGGTGGATCAG-1,17,7207,507,2302
TCGGGTGTCAACCCGG-1,35,8549,607,2947
TCGGGTGTCCAACCAA-1,32,11870,740,3383
TCGGTCTAGAAATCCA-1,19,6653,298,2120
TCGGTCTAGTGGCAGT-1,19,7157,461,2431
TCGGTCTCATTCCTCG-1,46,10066,580,3255
TCGGTCTCATTGCTGA-1,8506,46,402,3203
TCGGTCTGTAGAGGAA-1,24452,137,1269,5556
TCGGTCTTCAAGGACG-1,125,7426,507,2503
TCGGTCTTCAGAGCGA-1,3288,662,281,1929
TCGGTCTTCCTTTGAT-1,9,4592,374,1711
TCGGTCTTCGCTTGCT-1,35399,185,3196,6702
TCGTAGAAGCATGATA-1,5365,42,421,2357
TCGTAGAAGTAGGAAG-1,16,4245,411,1640
TCGTAGACAACGCCCA-1,14,6534,272,2009
TCGTAGACAAGTTCGT-1,16,5102,315,1744
TCGTAGAGTATTGCCA-1,26,8946,576,2643
TCGTAGAGTTCGGGTC-1,15,4627,303,1701
TCGTAGATCCTCTCGA-1,9,3698,244,1528
TCGTAGATCGCCAGAC-1,33,5539,421,2041
TCGTCCAAGTGAGGCT-1,32,6769,375,2445
TCGTCCAAGTGTTGTC-1,10953,69,907,3612
TCGTCCACAACGGCCT-1,22,7008,431,2294
TCGTCCACAGTGACCC-1,11,1728,469,896
TCGTCCACAGTTGTCA-1,15456,122,1048,4816
TCGTCCAGTTGGACTT-1,38,17849,677,4020
TCGTCCATCGAAACAA-1,6199,34,418,2667
TCGTCCATCGTGTCAA-1,6917,34,381,2612
TCGTGCTAGTTCCGTA-1,4,2790,150,1191
TCGTGCTCAAGTTTGC-1,13,3350,238,1431
TCGTGCTCAATGAACA-1,18,4130,297,1623
TCGTGCTCACAAATGA-1,196,5262,246,2115
TCGTGCTCATGTGCTA-1,16,5676,366,2063
TCGTGCTGTTTCTTAC-1,41,2531,192,1158
TCGTGCTTCCGACATA-1,10,3848,251,1573
TCGTGCTTCCGATGTA-1,7277,87,448,2580
TCGTGCTTCTAGTGAC-1,3827,25,273,1790
TCGTGGGCACCTGCTT-1,11,4085,286,1715
TCGTGGGCATCTCATT-1,5930,41,321,2614
TCGTGGGCATTGGATC-1,10,4164,335,1715
TCGTGGGGTACAGAAT-1,5666,27,298,2329
TCGTGGGGTATGAAAC-1,1692,11,0,789
TCGTGGGGTGCATACT-1,24,5728,375,2199
TCGTGGGGTTGTGTTG-1,10,3418,223,1450
TCGTGGGTCAACTCTT-1,341,4067,260,1962
TCGTGGGTCATCCTAT-1,21,3560,196,1354
TCTAACTAGACCATAA-1,24,7303,347,2492
TCTAACTAGATTCGAA-1,7,2741,161,653
TCTAACTCACAAGCAG-1,47,5945,423,2168
TCTAACTCATGTGTCA-1,15,6541,268,2226
TCTAACTGTAGCTTGT-1,58,9172,545,3043
TCTAACTTCAGTGATC-1,14,4795,301,1770
TCTAACTTCCTTTAGT-1,20,6902,359,2553
TCTAACTTCGGATACT-1,23,5019,297,1870
TCTACATAGAGGATCC-1,40,8314,608,2812
TCTACATAGCCTCAAT-1,21,4830,331,1881
TCTACATCACGCCAGT-1,35,7418,407,2780
TCTACATCATAGAATG-1,3245,37,577,1699
TCTACATCATGGCTGC-1,11,4315,235,1842
TCTACATGTCGATTAC-1,12,3480,167,1428
TCTACATGTCGCAACC-1,9752,51,377,3333
TCTACATGTCTTACAG-1,36,11780,416,3425
TCTACATTCAAGCCGC-1,18,8506,458,2549
TCTACATTCAGCCTCT-1,8,2079,500,1044
TCTACCGCACTCATAG-1,43,10767,482,3536
TCTACCGGTCTTAGTG-1,30,11184,580,3042
TCTACCGGTTCGGTAT-1,12017,61,656,3561
TCTACCGTCGCGTGCA-1,996,9,0,489
TCTACCGTCGGTTCAA-1,14940,84,1184,4486
TCTATACAGGTTCCGC-1,23,7560,476,2712
TCTATACAGTTACGAA-1,29,7556,495,2527
TCTATACCACACCTAA-1,27,8573,342,2826
TCTATACCACCTTCGT-1,13121,310,935,4648
TCTATACCACGTACAT-1,14501,106,793,4606
TCTATACGTGGCCACT-1,8933,45,556,3158
TCTATACTCGTCCATC-1,45,12822,923,3756
TCTATCAAGCTTTCCC-1,1151,16,3,760
TCTATCACAATAGAGT-1,23,10789,559,3004
TCTATCACAATAGTAG-1,20,3913,397,1452
TCTATCACAGAAACCG-1,8,1910,42,428
TCTATCACAGGACAGT-1,16,5044,324,1966
TCTATCAGTAGACGTG-1,8356,62,453,2904
TCTATCAGTATCGCAT-1,26,5905,286,2064
TCTATCAGTTGAGTCT-1,21139,147,1592,5508
TCTATCAGTTGGCTAT-1,26,7890,460,2356
TCTCACGAGGTAAGTT-1,1808,12,15,1040
TCTCACGCACAAGTTC-1,19734,143,1150,5505
TCTCACGCAGTCGGTC-1,24,5520,342,1875
TCTCACGCATATGAAG-1,12352,78,736,3967
TCTCACGGTACTTCCC-1,14,6163,340,2220
TCTCACGGTAGTGGCA-1,29,7640,706,2286
TCTCACGGTGCTGATT-1,21,5812,377,2069
TCTCACGGTTGGCCGT-1,10,6244,381,2132
TCTCACGTCCACGTGG-1,26,6594,343,2175
TCTCACGTCCTCTTTC-1,34,6279,358,2240
TCTCACGTCTGTCGTC-1,18,5856,344,2039
TCTCAGCAGCACGTCC-1,18,6266,228,2139
TCTCAGCAGTAGGATT-1,3500,25,224,1618
TCTCAGCCAGCAATTC-1,26,8248,343,2752
TCTCAGCCATCACCAA-1,6186,62,366,2558
TCTCAGCTCAATCTCT-1,31,10199,450,3350
TCTCAGCTCACAATGC-1,24,5504,370,2131
TCTCAGCTCACTACTT-1,29,9145,430,3022
TCTCCGAAGAGCCATG-1,32,20246,953,4076
TCTCCGAAGCAAGGAA-1,17,7692,362,2357
TCTCCGAAGGTAGCCA-1,34,12702,789,3737
TCTCCGACAAAGTATG-1,32,6763,470,2499
TCTCCGACAACCGTAT-1,18,5091,311,1990
TCTCCGACAAGGTCTT-1,24,8711,386,2697
TCTCCGACACCATTCC-1,16,7687,400,2872
TCTCCGACACCGTCGA-1,8964,57,553,3548
TCTCCGACACGGTAGA-1,7,3155,148,1258
TCTCCGACAGCACGAA-1,27,3843,255,1624
TCTCCGAGTTCGGTCG-1,9059,50,609,3247
TCTCCGATCACCTCAC-1,43,8863,386,2979
TCTCCGATCAGTGATC-1,44,8217,550,2835
TCTCTGGAGACAGCTG-1,19,6633,428,2164
TCTCTGGAGCATGGGT-1,1421,19,0,768
TCTCTGGCAATTGAAG-1,35,10304,768,3051
TCTCTGGCACGTCGTG-1,9,2963,279,1262
TCTCTGGCATAGGTAA-1,23,8534,620,2626
TCTCTGGGTACAGTTC-1,19,6753,352,2485
TCTCTGGGTTCAGTAC-1,12712,8139,1635,6492
TCTCTGGTCATCGTAG-1,10200,45,587,3471
TCTCTGGTCCGGTAAT-1,24,6044,349,1955
TCTCTGGTCTAGCAAC-1,34,13986,470,3897
TCTCTGGTCTTCCTAA-1,16,5079,304,2085
TCTGCCAAGAGCCGAT-1,14,6914,349,2367
TCTGCCAAGTGTTCAC-1,20,6571,468,2324
TCTGCCAAGTTAGTGA-1,22,5043,383,1838
TCTGCCACAGCTAACT-1,6794,39,480,2757
TCTGCCAGTGGCTACC-1,26,10149,806,2994
TCTGCCAGTGTGGACA-1,27,7251,582,2312
TCTGCCATCAGTGATC-1,16,5116,280,2087
TCTGGCTAGACTGAGC-1,13,5198,411,1886
TCTGGCTAGTCTCTGA-1,17,4920,391,1965
TCTGGCTCAATCTAGC-1,31,10118,422,3236
TCTGGCTCACCTGTCT-1,12,4096,185,1810
TCTGGCTCATGAGATA-1,515,4,0,360
TCTGGCTGTAGTGGCA-1,12,5298,278,1842
TCTGGCTGTCGAGCTC-1,10016,49,730,3504
TCTGGCTGTGTATTGC-1,6452,34,405,2402
TCTGTCGAGACTCTTG-1,8880,223,549,3137
TCTGTCGAGGTCGCCT-1,17,5652,356,1927
TCTGTCGAGTACAGAT-1,45,10034,838,2892
TCTGTCGCACTCGATA-1,9,5740,290,1901
TCTGTCGCAGCTACAT-1,24,7061,433,2419
TCTGTCGGTAGCGCCT-1,1134,43,2,648
TCTGTCGTCCATTTGT-1,31,7161,579,2369
TCTTAGTAGAGGTCAC-1,35,5885,358,2105
TCTTAGTAGATTAGTG-1,27,6327,322,2165
TCTTAGTAGGTAGACC-1,36,12958,622,3265
TCTTAGTGTCATCGCG-1,17,4195,338,1808
TCTTAGTGTCCATACA-1,20,7516,279,2455
TCTTAGTGTCCATCTC-1,9396,59,678,3398
TCTTAGTGTGGATACG-1,34,10957,743,3183
TCTTAGTGTTCAATCG-1,51,10758,544,3192
TCTTAGTGTTGTGTTG-1,6448,31,438,2447
TCTTAGTTCAATCTTC-1,16,4195,277,1759
TCTTAGTTCTAGCATG-1,25,6663,458,2535
TCTTAGTTCTCGTGAA-1,9107,84,582,3315
TCTTCCTAGAATTCAG-1,8232,44,412,3101
TCTTCCTAGATTGAGT-1,43,4975,382,2009
TCTTCCTAGCCACCGT-1,44,8188,677,2860
TCTTCCTCATACTGTG-1,8544,59,479,3119
TCTTCCTCATGGCACC-1,43,6157,288,2475
TCTTCCTGTTGCATCA-1,31,6631,579,2376
TCTTCCTGTTGCTTGA-1,29,17195,597,4130
TCTTCCTTCGGAAGGT-1,13,3196,219,1294
TCTTGCGCAGAGGAAA-1,18,4417,258,1718
TCTTGCGGTGCTCGTG-1,8,8409,360,2550
TCTTTGAAGACCATAA-1,13453,97,1025,4049
TCTTTGAAGATTCGAA-1,17,4859,302,1817
TCTTTGACAGTCGCAC-1,38,11320,743,3335
TCTTTGAGTGAATTGA-1,9280,40,428,3275
TCTTTGAGTGGAAATT-1,12,4073,371,1578
TCTTTGATCCATGATG-1,15,6352,447,2166
TCTTTGATCCTATGGA-1,2932,36,405,1524
TCTTTGATCGCCAGTG-1,16334,108,1324,4742
TGAACGTAGACGTCGA-1,8753,613,694,3371
TGAACGTAGAGTCCGA-1,3481,14,3,1451
TGAACGTAGCAAGCCA-1,10287,57,794,3255
TGAACGTAGCGATGAC-1,27,9691,793,2807
TGAACGTCAGGTAGTG-1,20,7931,408,2407
TGAACGTGTCGTTATG-1,21,6116,517,2122
TGAACGTGTCGTTGCG-1,2159,25,614,1204
TGAACGTGTGAGTAGC-1,7973,53,548,3083
TGAACGTGTGGAAGTC-1,24,8616,570,2430
TGAACGTGTGGTAATA-1,41,7065,561,2294
TGAACGTGTTACGCCG-1,19148,116,1086,4980
TGAACGTTCGGCTGTG-1,14298,93,1093,4380
TGAATCGAGCAAGGAA-1,8114,48,447,2971
TGAATCGCACGTTGGC-1,13408,66,636,3865
TGAATCGCAGCAGTTT-1,10830,62,607,3942
TGAATCGCATAGAATG-1,13427,94,1391,4359
TGAATGCAGAGCAACC-1,21,5211,445,1847
TGAATGCAGCGACCCT-1,29,8784,584,2767
TGAATGCAGCTAAATG-1,42,12690,654,3426
TGAATGCAGGCACTAG-1,3023,32,659,1636
TGAATGCAGTGGAAAG-1,31,5272,383,1989
TGAATGCCAAACAGGC-1,11409,73,633,4075
TGAATGCCACACAGCC-1,22,8935,432,2812
TGAATGCCACGGCGTT-1,27,7740,569,2462
TGAATGCCAGAGGGTT-1,732,8,19,477
TGAATGCCAGGTCCGT-1,20,9802,592,3049
TGAATGCCAGGTGGAT-1,18,6330,608,2097
TGAATGCCATCGATCA-1,41,6614,548,2417
TGAATGCGTCCTTGTC-1,16,4166,214,1640
TGAATGCGTGCTGTCG-1,36,14198,741,3577
TGAATGCGTGGTCAAG-1,6,4570,374,1670
TGAATGCGTTTCGTTT-1,38,13259,699,3561
TGAATGCTCGGCCAAC-1,29,8083,444,2702
TGAATGCTCTTGGTCC-1,8359,79,442,3680
TGACAGTAGAGCGACT-1,11050,98,676,3874
TGACAGTAGCAGTCTT-1,12806,95,1132,4049
TGACAGTAGGTGCTTT-1,18,5914,383,1971
TGACAGTCAAATGAAC-1,34,9995,462,3089
TGACAGTCACAAAGCG-1,1596,9578,540,3698
TGACAGTCACGTAGAG-1,19,7449,548,2501
TGACAGTCACTTACAG-1,26,6513,569,2198
TGACAGTCATCCTTGC-1,25,7328,485,2363
TGACAGTGTACTCCCT-1,9581,45,517,3012
TGACAGTGTATCGATC-1,37,9333,444,2752
TGACAGTTCCGTAATG-1,29,5219,506,1858
TGACAGTTCGTGCGAC-1,63,9806,881,3125
TGACCCTCAGCCGGTT-1,8732,60,399,3387
TGACCCTGTACCGCGT-1,1146,10,0,672
TGACCCTGTCGTTGGC-1,14,6076,479,1920
TGACCCTGTTAAGGGC-1,29,6391,392,2108
TGACGCGAGACCATAA-1,23,8544,446,2590
TGACGCGAGCGGCTCT-1,34,15079,610,3668
TGACGCGCAAGTGTCT-1,11112,70,878,3829
TGACGCGCAGCGATTT-1,22705,113,1322,5436
TGACGCGCAGGGAGAG-1,19,7006,332,2307
TGACGCGGTCATCCCT-1,19,4435,312,1702
TGACGCGGTCTCACAA-1,19,6758,361,2299
TGACGCGTCGCATTAG-1,9,2581,150,1184
TGACGCGTCGCTACAA-1,3300,20,298,1561
TGACGCGTCTTGCGCT-1,7646,38,420,2801
TGACTCCAGTGTAGTA-1,16168,127,1188,4497
TGACTCCCAGAACTAA-1,27,7207,382,2361
TGACTCCCAGGTCAAG-1,29,6083,697,2077
TGACTCCGTAAGGCTG-1,21,3829,176,1415
TGACTCCGTCCCGGTA-1,415,16945,641,4216
TGACTCCGTCTGGTTA-1,28,6579,536,2125
TGACTCCTCCAAGCCG-1,40,9781,552,3020
TGACTCCTCGAGTGAG-1,15,5290,347,1929
TGAGACTAGCTGGAGT-1,7383,72,438,2984
TGAGACTCAAAGGCAC-1,10883,51,497,3509
TGAGACTCAACACGAG-1,7265,59,448,2820
TGAGACTCAGGCGAAT-1,9247,62,577,3263
TGAGACTCAGTATTCG-1,28,3468,257,1458
TGAGACTGTCGTACAT-1,3211,52,618,1711
TGAGACTGTGAGCGAT-1,23,6540,494,2117
TGAGACTGTGGCGCTT-1,10730,52,610,3428
TGAGACTTCGCTTGAA-1,39,10235,713,3193
TGAGCATCAAATGGTA-1,24,7089,434,2322
TGAGCATCAAATTAGG-1,115,8888,538,2996
TGAGCATCAACCGATT-1,32,7267,595,2459
TGAGCATCAATACGAA-1,21,4824,402,1786
TGAGCATCAGTCTTCC-1,11635,73,889,3666
TGAGCATGTCGGAACA-1,9813,64,558,3224
TGAGCATGTTTGGAGG-1,29,5368,505,1883
TGAGCGCAGTATGGCG-1,15,5490,256,1845
TGAGCGCCACAGTATC-1,30,11736,920,3296
TGAGCGCCAGCGAGTA-1,20,6455,345,2376
TGAGCGCCATGGGTTT-1,22,6461,420,2475
TGAGCGCGTAGACAGC-1,12,4001,293,1528
TGAGCGCGTCCCACGA-1,11,3042,150,1256
TGAGCGCGTTACGTAC-1,21,5493,417,1949
TGAGCGCGTTGCGAAG-1,10752,5419,1261,5347
TGAGCGCTCCACGGGT-1,52,12644,1219,3478
TGAGCGCTCCAGTACA-1,178,9396,753,2986
TGAGCGCTCGAGTTGT-1,9129,62,748,3036
TGAGCGCTCTAATTCC-1,27289,134,682,5816
TGAGGAGAGAGGATGA-1,37,5712,471,1937
TGAGGAGAGGACAGCT-1,9868,82,798,3390
TGAGGAGAGGGATCAC-1,42,6635,614,2384
TGAGGAGAGTTCAACC-1,8601,66,596,3190
TGAGGAGGTAACACGG-1,41,10735,752,3275
TGAGGAGGTAGGGAGG-1,22,11470,770,3155
TGAGGAGGTCTCAAGT-1,26,4941,452,1636
TGAGGAGGTGATGGCA-1,42,9633,660,2834
TGAGGAGTCTAGTACG-1,46,10088,609,3125
TGAGGGACAAAGGTTA-1,30,8351,650,2752
TGAGGGACACTGAATC-1,23,6055,489,1996
TGAGGGACATGTGGTT-1,31,6124,617,2050
TGAGGGACATTAAGCC-1,7144,80,405,2894
TGAGGGAGTAGAATAC-1,7439,9517,1125,5465
TGAGGGAGTCTCAGGC-1,38,10127,616,3068
TGAGGGAGTGAACTAA-1,13617,64,985,4035
TGAGGGATCAGTCATG-1,22,6514,427,2281
TGAGGGATCATGGATC-1,24,8035,432,2633
TGAGGGATCCCTCTAG-1,2315,201,28,1152
TGAGGGATCGGAGATG-1,6119,37,538,2481
TGAGGGATCGGTCGAC-1,21,6399,403,2126
TGAGGGATCGTTCCTG-1,36,10284,691,3189
TGAGGGATCGTTGCCT-1,5426,32,315,2439
TGAGGTTAGCTACTGT-1,14,4591,353,1728
TGAGGTTCAAATACGA-1,42,9262,601,2850
TGAGGTTCATACAGAA-1,10,5197,378,1802
TGAGGTTCATGAGTAA-1,11035,74,823,3624
TGAGGTTGTAAGATAC-1,18,6055,452,1930
TGAGGTTGTGACCTGC-1,25,8928,616,2699
TGAGGTTGTGGACCTC-1,8005,37,421,2840
TGAGGTTGTGTTAAAG-1,26,6465,637,1828
TGAGGTTGTTCAATCG-1,9,3948,345,1497
TGAGGTTGTTGGTGTT-1,12683,106,1077,4029
TGAGGTTTCAAACTGC-1,9152,39,542,3284
TGAGGTTTCATCCCGT-1,35,7256,400,2242
TGAGTCAAGCGACTGA-1,22,9207,536,2888
TGAGTCACATCGCTCT-1,35,8462,428,2761
TGAGTCAGTATTGAGA-1,55,11716,852,3415
TGAGTCAGTCACCCTT-1,29,7754,577,2508
TGAGTCAGTCATGACT-1,36,5624,461,2012
TGAGTCAGTCCGAAGA-1,46,11982,815,3442
TGAGTCATCAGACCCG-1,14,5481,346,1954
TGAGTCATCCTGGGAC-1,9536,48,442,3462
TGAGTCATCTCCCATG-1,43,8016,561,2691
TGATCAGAGGGAGTTC-1,30,9492,528,2656
TGATCAGAGGTTGGTG-1,22,4995,269,1972
TGATCAGAGTACTCGT-1,25,5571,375,1807
TGATCAGGTGCCGAAA-1,23,10947,538,3004
TGATCAGTCATTACTC-1,38,7183,388,2366
TGATCTTAGCATCGAG-1,169,5110,253,2161
TGATCTTAGCGTGTCC-1,11,3965,357,1570
TGATCTTCAAATTGGA-1,22,6121,361,1999
TGATCTTCAACGGTAG-1,2236,25,401,1252
TGATCTTCACACGTGC-1,2,3214,111,873
TGATCTTGTTGTAGCT-1,15,6744,427,2330
TGATCTTTCGAAGGAC-1,13474,5648,1052,5845
TGATGCAAGACGGAAA-1,39,13042,1118,3286
TGATGCAAGACTAAGT-1,15,5279,223,1871
TGATGCAAGAGCCGTA-1,22,6064,383,2025
TGATGCAAGCCACCGT-1,18,5957,385,2014
TGATGCAAGGCTTTCA-1,54,14925,686,4060
TGATGCACATCCGAAT-1,4987,54,1020,2512
TGATGCACATTGGGAG-1,10163,98,541,3748
TGATGCAGTGAATAAC-1,54,12723,750,3660
TGATGCAGTTCGGCTG-1,11270,60,950,3838
TGATGCATCGCGCTGA-1,16,4188,392,1645
TGATGCATCTAGGCCG-1,12637,92,825,4408
TGATGGTAGCATTTCG-1,31,13663,820,3129
TGATGGTAGGTTCATC-1,23,5025,313,1800
TGATGGTTCACTGATG-1,17954,116,1421,5060
TGATGGTTCATCGCCT-1,3,1909,173,500
TGATGGTTCTATTCGT-1,16,5268,375,1918
TGATGGTTCTCGAACA-1,13,6368,395,2209
TGATTCTAGGGATCAC-1,41,10704,505,3280
TGATTCTAGTAGACAT-1,6345,12816,1326,6624
TGATTCTCAAACACGG-1,27,6562,422,2126
TGATTCTCAACAGTGG-1,47,11788,603,3306
TGATTCTCACTCAAGT-1,24,5380,334,1943
TGATTCTGTTTGAACC-1,83,6141,352,2225
TGATTCTGTTTGCCGG-1,23,5651,275,2017
TGATTCTTCCATTGGA-1,26,4159,286,1861
TGATTTCAGAGTCAAT-1,44,6663,315,2248
TGATTTCAGCGCCTAC-1,22,6442,434,2017
TGATTTCAGTCCTGTA-1,7396,57,349,2993
TGATTTCCACCGAATT-1,7570,50,527,3001
TGATTTCCACGTCATA-1,18,6507,549,1936
TGATTTCCATTGAAAG-1,570,7,0,418
TGATTTCGTGGCTGCT-1,18,6676,193,2257
TGCACGGAGGAACGAA-1,43,6743,506,2306
TGCACGGCACTGGACC-1,46,13148,844,3506
TGCACGGGTAATGCGG-1,1712,20,102,775
TGCACGGGTCGATTTG-1,21,8412,401,2512
TGCACGGGTGGATGAC-1,19,9916,754,2674
TGCACGGGTGTCATGT-1,37,8426,543,2802
TGCACGGGTTCACCGG-1,26,10446,530,3156
TGCACGGTCGGACGTC-1,10289,42,924,3309
TGCACGGTCGGATAAA-1,26,4869,377,1691
TGCAGATAGAAGTATC-1,24,5105,323,1781
TGCAGATAGACCGTTT-1,21,8483,361,2832
TGCAGATAGACGGTTG-1,19,4873,395,1745
TGCAGATCAAACTCGT-1,24,9162,701,2761
TGCAGATCAACATCGT-1,37,9742,689,3059
TGCAGATCACTAGGCC-1,26,7641,371,2465
TGCAGATCAGTAACCT-1,43,9325,664,2966
TGCAGATGTAATCAGA-1,58,12836,822,3583
TGCAGATGTTACCTTT-1,25,5658,421,2016
TGCAGATGTTCGATTG-1,17688,66,931,4311
TGCAGATTCCCGTAAA-1,32,6500,424,2161
TGCAGATTCCCGTTGT-1,40,11634,615,3267
TGCAGATTCCGGCAGT-1,36,11342,548,3211
TGCAGGCAGGTACAAT-1,43,14969,897,3764
TGCAGGCCAATAAGGT-1,41,13526,690,3680
TGCAGGCCACTCCGAG-1,34,10636,808,3224
TGCAGGCGTAAGTAGT-1,506,7,1,359
TGCAGTAAGACAGCTG-1,27,8977,449,2579
TGCAGTAAGAGTTGAT-1,25,10136,503,2790
TGCAGTAAGCAATAAC-1,22,7021,373,2286
TGCAGTAAGGTACAAT-1,35,13862,621,3567
TGCAGTACAATACGAA-1,42,10604,633,2974
TGCAGTACAATTGAAG-1,27,8809,656,2528
TGCAGTACACCCTGTT-1,30,7070,712,2600
TGCAGTACAGAACATA-1,40,7937,471,2486
TGCAGTACAGTAACAA-1,14,4569,321,1834
TGCAGTACATGAGGGT-1,13,5049,517,1793
TGCATCCAGGGCAATC-1,53,12004,721,3419
TGCATCCCAAGCCCAC-1,14,7380,583,2497
TGCATCCCAGAGTTCT-1,38,7515,535,2356
TGCATCCCATCATCCC-1,12023,75,497,3774
TGCATCCGTCCTTTGC-1,20,6151,283,2195
TGCATCCGTGTTTGCA-1,50,15624,1112,3823
TGCATCCGTTCTCGCT-1,25,8032,588,2849
TGCATCCTCATGGAGG-1,6501,29,388,2443
TGCATCCTCATTGCTT-1,53,10652,634,3106
TGCATCCTCCGGCAGT-1,10,6091,347,2224
TGCATCCTCGAAGCCC-1,43,15048,976,3701
TGCATGAAGACGACTG-1,11,4331,269,1670
TGCATGAAGCCGTCGT-1,22,10055,561,2910
TGCATGAAGTTGCTCA-1,25,9518,378,2695
TGCATGACACTATGTG-1,16,6636,438,2318
TGCATGACAGATAAAC-1,62,9833,657,2877
TGCATGATCAATCGGT-1,17,7445,424,2495
TGCATGATCAGGAACG-1,17783,90,1302,4573
TGCATGATCTCAGTCC-1,16251,104,1051,4898
TGCATGATCTTCTCAA-1,10206,76,426,3594
TGCCGAGCAGTTTGGT-1,8815,45,595,2969
TGCCGAGGTGGAACAC-1,27,7160,532,2238
TGCCGAGTCGAAATCC-1,5912,548,213,2735
TGCCGAGTCTTGTGCC-1,9,4377,318,1589
TGCCGAGTCTTTGATC-1,49,11043,736,3524
TGCGACGAGGGCAGTT-1,49,10866,794,3200
TGCGACGAGTTTGTCG-1,12456,56,722,3646
TGCGACGCAATATCCG-1,14,5523,233,1975
TGCGACGGTACCCAGC-1,26,8912,277,2697
TGCGACGGTCCAGCGT-1,31,4998,282,1822
TGCGACGGTCCGGCAT-1,24,5660,451,2108
TGCGACGGTGGTCTAT-1,29,6295,472,2084
TGCGACGGTGTCCACG-1,27,5802,311,1936
TGCGACGGTTAAGCAA-1,22,5992,432,2007
TGCGACGTCAGATGCT-1,20,10923,387,3238
TGCGACGTCGGTGCAC-1,16,6770,399,2170
TGCGACGTCTTTGCAT-1,1687,7,0,845
TGCGATAAGAGCAACC-1,16,7038,576,1781
TGCGATAAGATGTAGT-1,23,3853,362,1473
TGCGATAAGCAGCACA-1,27,7044,537,2434
TGCGATAAGCGTGCCT-1,12364,73,504,3562
TGCGATAAGGTGCTGA-1,39,10161,1014,2969
TGCGATACAAGAATAC-1,11776,91,862,3751
TGCGATACAGGCAATG-1,49,11707,1068,3169
TGCGATACATGACGGA-1,19,7220,660,2363
TGCGATAGTGTGTCCG-1,9,4542,360,1707
TGCGATATCTCAAAGC-1,29,9693,595,3001
TGCGATATCTCTCTAA-1,8996,66,319,3425
TGCGGCAAGGGACAGG-1,26,6891,362,2112
TGCGGCAAGTCATACC-1,27,7544,430,2538
TGCGGCAAGTCGCCAC-1,35,14631,522,3478
TGCGGCACAAACACCT-1,4840,10,0,1595
TGCGGCACAAGGCAAC-1,16,5183,323,1724
TGCGGCAGTATGTCAC-1,40,9275,543,3141
TGCGGCAGTCGTCATA-1,11,5990,360,2125
TGCGGCATCACGAGGA-1,24,7246,518,2359
TGCGGCATCGCGCTGA-1,17579,90,1161,5033
TGCGGCATCTATTCGT-1,25,7238,440,2531
TGCGGGTAGTGCTCAT-1,12,2788,168,964
TGCGGGTAGTTGGGAC-1,10564,13293,1622,6913
TGCGGGTCAATCCTAG-1,23,6596,419,2415
TGCGGGTCACATTACG-1,12196,118,703,3760
TGCGGGTCATGCAGGA-1,35,8428,484,2662
TGCGGGTGTAAGGCCA-1,18,7177,422,2349
TGCGGGTGTAATTAGG-1,573,7,1,340
TGCGGGTTCACATACG-1,23,9838,419,3008
TGCGGGTTCGTCAACA-1,17,8258,508,2325
TGCTCCACAATCCAGT-1,38,10061,663,3393
TGCTCCACACCGGCTA-1,20,13440,505,3730
TGCTCCACAGAGAGGG-1,13651,85,888,4041
TGCTCGTAGGATGTTA-1,27,10751,377,3079
TGCTCGTAGGCCTAAG-1,20,6344,494,2222
TGCTCGTAGGGCTTCC-1,11190,56,346,3416
TGCTCGTCAATCGCGC-1,21,6333,541,2174
TGCTCGTCACTTGACA-1,41,16069,706,4076
TGCTCGTCATGTCGTA-1,15,5436,361,1889
TGCTCGTGTATTGACC-1,6055,30,443,2679
TGCTCGTGTCAGCTTA-1,36,13124,721,3329
TGCTCGTGTTCATCTT-1,32,7756,709,2351
TGCTCGTTCCCTCTAG-1,14,6533,460,2253
TGCTCGTTCTTGATTC-1,13275,97,1225,4180
TGCTGAAAGGCGTTGA-1,16,6705,514,2077
TGCTGAAAGGTCCAGA-1,45,9308,725,2939
TGCTGAAAGTCACTAC-1,23,7654,533,2454
TGCTGAACAGTTTCAG-1,19,7987,653,2392
TGCTGAAGTGATCATC-1,31,8102,415,2505
TGCTGAATCACTGGGC-1,14327,73,809,4713
TGCTGAATCGCGATCG-1,18709,109,1598,4948
TGCTTCGAGGAGACCT-1,30833,212,2290,6511
TGCTTCGCAGTTCCAA-1,19,7371,398,2445
TGCTTCGCATATGGCT-1,14,5848,396,2079
TGCTTCGTCTCGAGTA-1,31,6295,562,2239
TGCTTCGTCTTGGTCC-1,8534,42,428,3020
TGCTTGCCAAATACGA-1,8236,51,463,3195
TGCTTGCCAAGCACAG-1,40,10460,551,3228
TGCTTGCCACCAGGTC-1,28,10283,527,3024
TGCTTGCCACCCTCTA-1,1455,16,0,839
TGCTTGCCAGCTATAC-1,17,6791,462,2241
TGCTTGCGTATGTGTC-1,34,7896,677,2439
TGCTTGCGTGTCCAAT-1,23,6572,413,1934
TGCTTGCTCCCATAAG-1,35,6689,538,2375
TGGAACTAGCTCCGAC-1,17750,8685,2020,7724
TGGAACTCATCGGAGA-1,9534,34,587,2950
TGGAACTGTCGACGCT-1,20,7466,313,2493
TGGAACTTCTAGCATG-1,11,4430,329,1597
TGGAGAGAGACTAAGT-1,33,9206,681,2573
TGGAGAGCAGCTTTCC-1,10067,37,732,3603
TGGAGAGCATTGGGAG-1,17,6944,651,2137
TGGAGAGGTGATGGCA-1,13130,61,740,3868
TGGAGAGGTGCATCTA-1,31,7256,606,2198
TGGAGAGTCAATGTCG-1,25,8305,514,2755
TGGAGAGTCGGCTGGT-1,29,8317,764,2398
TGGAGGAAGAACTGAT-1,18,6108,316,2248
TGGAGGAAGAGTGTTA-1,3680,22,591,1760
TGGAGGAAGCACTGGA-1,29635,182,914,5270
TGGAGGAAGCCATCCG-1,44,12798,966,3400
TGGAGGAAGGATATAC-1,836,32,683,177
TGGAGGAAGGGAGGAC-1,43,11005,879,3168
TGGAGGACAACGACTT-1,24,8179,363,2776
TGGAGGATCACCCTCA-1,32,5769,537,2012
TGGAGGATCACTTATC-1,14,5603,302,2083
TGGAGGATCCATTGTT-1,8591,86,520,3482
TGGAGGATCGCTTGAA-1,30,9952,371,3038
TGGATCAGTATGTGTC-1,8,2028,12,413
TGGATCATCTCTTAAC-1,22,6272,279,2177
TGGATGTAGAGGGTGG-1,32,8664,633,3027
TGGATGTAGTAGCTCT-1,25,8194,541,2638
TGGATGTCAATTGTGC-1,7269,55,561,3098
TGGATGTCAATTTCGG-1,70,12052,974,3446
TGGATGTGTGATGAAT-1,10840,66,757,3218
TGGATGTTCATGGATC-1,11793,67,725,3502
TGGATGTTCCAAGCAT-1,5633,42,2,2305
TGGCGTGAGGTATCTC-1,10,5679,472,1728
TGGCGTGCACTAACCA-1,33,10789,554,3149
TGGCGTGCATTCACAG-1,22,7373,544,2278
TGGCGTGGTAGACAAT-1,44,9798,737,3392
TGGCGTGGTTAGAGTA-1,30,4040,169,1550
TGGCGTGTCCCAGCGA-1,33,10306,789,2972
TGGCGTGTCGCAAGAG-1,7861,42,681,3065
TGGCGTGTCTACGGTA-1,17,8109,430,2441
TGGCGTGTCTTAGGAC-1,9729,56,767,3122
TGGGAAGAGCTTGTGT-1,4,1637,211,756
TGGGAAGCAAATGAGT-1,12012,61,599,3440
TGGGAAGCAAGTGCTT-1,45,12764,745,3730
TGGGAAGCAAGTTTGC-1,25,10245,578,2736
TGGGAAGCAATTCTCT-1,53,10149,588,3097
TGGGAAGGTCATTGCA-1,126,8310,862,2626
TGGGAAGGTCGTCTCT-1,1237,12,38,749
TGGGAAGTCATGGAGG-1,30,17086,807,4067
TGGGAAGTCCACATAG-1,13765,80,936,4425
TGGGAGACACTTGGCG-1,51,14247,810,3956
TGGGAGACATCATCTT-1,9250,52,617,3030
TGGGAGAGTAGACACG-1,53,10885,755,3150
TGGGAGAGTCTACTGA-1,10484,56,895,3345
TGGGAGATCTTAGCAG-1,50,14773,964,3624
TGGGATTAGACAGCGT-1,8107,62,668,3103
TGGGATTCATAGGTAA-1,23,4364,843,1920
TGGGATTGTAACGATA-1,61,16199,1160,3886
TGGGATTGTAGGACCA-1,21,5816,309,2072
TGGGATTGTAGTCACT-1,14018,91,734,3854
TGGGATTGTATTGAGA-1,47,9160,422,2814
TGGGATTGTGTCCAAT-1,6371,42,236,2686
TGGGATTGTTCCAAAC-1,22,5982,310,1976
TGGGATTTCTCGTGGG-1,27,6783,494,2500
TGGGATTTCTTGGGCG-1,21,7035,457,2204
TGGGCGTAGAGTGGCT-1,82,9980,618,2926
TGGGCGTAGCCAGAGT-1,21,8991,342,2719
TGGGCGTCAATACGAA-1,4882,64,614,2048
TGGGCGTCAATCAGCT-1,19,6345,481,2111
TGGGCGTCAATCCAGT-1,19,6061,374,1822
TGGGCGTCATTGCCTC-1,16,6093,534,1931
TGGGCGTGTCAATCTG-1,34,6369,491,2179
TGGGCGTGTTACCTTT-1,5972,40,460,2526
TGGGCGTTCCCAAGTA-1,27,11582,639,2985
TGGGCGTTCCCTCATG-1,4424,24,282,1907
TGGGCGTTCGCATTAG-1,33,7043,405,2313
TGGGCTGAGGTATTGA-1,13186,82,809,3830
TGGGCTGAGTCTAGCT-1,11,4552,256,1659
TGGGCTGCACGTAGTT-1,19,6081,277,2126
TGGGCTGGTTCCATTT-1,19,5265,325,1737
TGGGCTGTCGTCTACC-1,28,6962,625,2113
TGGGTTAAGGAGGGTG-1,26,8044,618,2597
TGGGTTAAGTTCGCAT-1,24,7237,412,2114
TGGGTTACAGACACCC-1,45,14765,736,3724
TGGGTTAGTGATATAG-1,24,6630,405,2209
TGGGTTATCTAGTCAG-1,37,8419,570,2592
TGGTACAAGGAATCGC-1,5,1832,120,500
TGGTACAGTGGTTTGT-1,37,8023,574,2364
TGGTACATCTAGGCAT-1,29,7638,461,2356
TGGTAGTAGAGGTCGT-1,6266,32,445,2329
TGGTAGTAGGCCCGTT-1,19153,124,1213,5314
TGGTAGTAGTAGTGCG-1,7452,61,347,3030
TGGTAGTCACTTCATT-1,19,7220,374,2103
TGGTAGTGTAGACACG-1,15718,4023,1070,5584
TGGTAGTGTTAGGCCC-1,54,12226,743,3231
TGGTAGTGTTGGGACA-1,54,11711,787,3442
TGGTGATAGCGAGAAA-1,7742,23,3,2402
TGGTGATAGTAATTGG-1,26,7226,374,2460
TGGTGATAGTATGGAT-1,9679,58,660,3244
TGGTGATCAAATGAAC-1,36,9318,340,2984
TGGTGATCAAGCCTGC-1,562,10,78,383
TGGTGATCAGGCATGA-1,19,4941,314,1826
TGGTGATCATGAGGGT-1,47,9106,591,3100
TGGTGATCATTAGGCT-1,7559,61,591,2867
TGGTGATGTACACTCA-1,8185,66,574,3076
TGGTGATGTATCAAGA-1,46,9532,640,3059
TGGTGATGTGCGTCGT-1,16,4205,359,1729
TGGTGATGTGTACGCC-1,559,11,1,389
TGGTGATGTTATGTCG-1,6235,47,476,2690
TGGTGATTCTCATTTG-1,18,5453,271,1918
TGGTGATTCTCTCCGA-1,45,10469,517,3125
TGGTTAGAGAAAGCGA-1,13,4309,335,1537
TGGTTAGAGAAGCGAA-1,9203,56,608,3005
TGGTTAGAGAGGGCGA-1,35,10825,600,2917
TGGTTAGAGCTTACGT-1,25,5640,369,1817
TGGTTAGAGGAATCGC-1,57,11771,1061,3590
TGGTTAGAGTTTGTCG-1,49,10383,897,2897
TGGTTAGCAAGTACCT-1,45,8980,663,2758
TGGTTAGGTCTTGAGT-1,21,4504,339,1687
TGGTTAGGTGATAGAT-1,28,482,130,276
TGGTTAGGTTCTATCT-1,41,11156,569,3420
TGGTTAGTCAAGCCGC-1,3,2023,0,683
TGGTTAGTCACCTGGG-1,9403,91,650,3531
TGGTTAGTCCACATAG-1,45,7733,470,2561
TGGTTAGTCGACGCTG-1,13629,65,1138,4209
TGTAACGAGCACGGAT-1,13526,128,581,4009
TGTAACGAGCGATTCT-1,25,8101,752,2563
TGTAACGAGCTAATGA-1,29,5721,371,1784
TGTAACGAGCTGGCTC-1,20,6767,434,2193
TGTAACGAGGGCAATC-1,24,6567,392,2212
TGTAACGGTACATACC-1,10117,78,777,3492
TGTAACGGTCAACGCC-1,7782,35,267,2823
TGTAACGTCACGGGCT-1,22,5915,499,1943
TGTAACGTCCGATTAG-1,46,8889,640,2880
TGTAACGTCGAGATGG-1,15,7506,681,2415
TGTAACGTCGTTCAGA-1,23359,156,1986,5687
TGTAAGCAGACCCTTA-1,36,7086,526,2328
TGTAAGCAGCATGCGA-1,26,9759,432,2696
TGTAAGCAGCGATCGA-1,512,6,2,354
TGTAAGCAGGCAGGGA-1,18,8938,691,2470
TGTAAGCAGGCCTAAG-1,50,9462,639,2643
TGTAAGCAGGTAGTCG-1,50,12617,707,3366
TGTAAGCAGGTGGGTT-1,23,4358,317,1756
TGTAAGCCACGGGCTT-1,21,5399,272,2060
TGTAAGCCACGGTGCT-1,17,5966,447,2081
TGTAAGCCAGAAGTGC-1,13821,86,610,4171
TGTAAGCGTGTTAACC-1,50,13888,724,3721
TGTAAGCTCCCGATCT-1,41,10483,766,3205
TGTACAGAGGAATGTT-1,11831,86,1294,3807
TGTACAGAGGATGAGA-1,16,3543,201,1493
TGTACAGCAACAGCCC-1,37,10218,431,3044
TGTACAGCAAGCAGGT-1,6844,60,708,2706
TGTACAGCATGTGCCG-1,30,8104,562,2454
TGTACAGTCACAAGGG-1,17243,159,914,4915
TGTAGACAGACTTCGT-1,14,6173,297,2264
TGTAGACAGCCACTCG-1,34,14843,893,3689
TGTAGACAGGCCTGCT-1,10,8209,438,2450
TGTAGACCATCGCCTT-1,25,9700,518,2854
TGTAGACCATCGGATT-1,10,2811,270,1024
TGTAGACGTAACGATA-1,5434,41,238,2318
TGTAGACGTGGGTATG-1,20,5531,326,2046
TGTAGACTCAAGTTGC-1,29,5811,527,1917
TGTCAGAAGAAGTATC-1,19,5207,492,1692
TGTCAGACAAGAAACT-1,20,6426,358,2181
TGTCAGACACTTCCTG-1,53,12294,846,3309
TGTCAGACATCCTTCG-1,8272,51,388,3004
TGTCAGAGTCTTGAGT-1,19,3796,380,1347
TGTCAGAGTGCTGTCG-1,6998,43,394,2668
TGTCAGAGTTAAGCAA-1,12,4075,323,1595
TGTCAGATCCTGTAAG-1,26,4469,391,1623
TGTCAGATCGCTGACG-1,29,8598,744,2506
TGTCCACAGAATTGCA-1,23,6154,470,2047
TGTCCACAGAGCCTGA-1,20,5054,319,1884
TGTCCACAGATTAGCA-1,15,7451,499,2353
TGTCCACAGGGCAACT-1,21,6204,563,2167
TGTCCACCAACAAGTA-1,36,9981,767,2910
TGTCCACCATAACAGA-1,3377,21,370,948
TGTCCACCATATGGCT-1,59,8869,750,2996
TGTCCACGTCAGCGTC-1,26,7039,500,2713
TGTCCACGTCTACGAT-1,22,8266,395,2646
TGTCCACGTGTGGACA-1,15651,65,704,4185
TGTCCACTCTAGACCA-1,24,4991,215,2004
TGTCCCAAGCCGATCC-1,24,5526,287,2050
TGTCCCAAGGCATGCA-1,15,8152,414,2491
TGTCCCAAGGCTGAAC-1,20,7671,499,2390
TGTCCCAAGGTCATAA-1,8020,11113,1349,6151
TGTCCCAAGGTCGAGT-1,18,4634,277,1962
TGTCCCACACAGTATC-1,27,8269,152,2336
TGTCCCACACCGGCTA-1,10597,70,808,3646
TGTCCCACACGCGTCA-1,7301,33,728,2861
TGTCCCAGTGAAGCTG-1,20,6253,393,2258
TGTCCCATCAACGCTA-1,2567,24,2,1048
TGTCCCATCACGGACC-1,18,5535,558,1773
TGTCCCATCACTTCTA-1,12,4173,376,1515
TGTCCTGAGCACCAGA-1,14,4151,235,1594
TGTCCTGAGGCGTCCT-1,21,7529,479,2317
TGTCCTGAGGTCACAG-1,6604,47,437,2708
TGTCCTGCACTATCCC-1,13,5356,237,2028
TGTCCTGCACTGGCCA-1,12482,71,681,3670
TGTCCTGCATGAATCC-1,21,9869,538,2901
TGTCCTGGTCTGTCAA-1,8133,69,510,3227
TGTCCTGGTTACCTGA-1,388,6595,328,2371
TGTCCTGGTTTCCATT-1,20,6226,230,2191
TGTCCTGTCCATTCAT-1,5840,41,15,2384
TGTCCTGTCTCGCTCA-1,21,5654,264,2192
TGTGAGTAGAATCCCT-1,43,15591,578,3716
TGTGAGTAGAGGGTCT-1,24,5842,534,2123
TGTGAGTAGGCATGGT-1,15,5059,346,1752
TGTGAGTAGTGCGCTC-1,1499,13,425,801
TGTGAGTCAAAGCTCT-1,41,8214,441,2577
TGTGAGTGTATGCGGA-1,18,8958,578,2496
TGTGAGTGTTGCTCAA-1,19,4831,388,1819
TGTGAGTTCGGTAGAG-1,25,8454,665,2634
TGTGATGAGAAACCAT-1,27,4623,342,1762
TGTGATGCAAGCGCTC-1,15,5198,250,1940
TGTGATGCATGCAGCC-1,25,10048,652,2977
TGTGATGTCCACACCT-1,7202,10176,1127,5905
TGTGATGTCCCTTGGT-1,9,3443,194,1458
TGTGATGTCGCTATTT-1,39,9146,631,3003
TGTGCGGAGGTAGTAT-1,8501,50,448,2836
TGTGCGGAGTTCTCTT-1,528,10,0,409
TGTGCGGCAAAGGCAC-1,12413,78,1179,3875
TGTGCGGCAGAATTCC-1,7546,37,499,2909
TGTGCGGCATTAAGCC-1,11236,67,696,3556
TGTGCGGCATTCTTCA-1,33,10150,706,2965
TGTGCGGGTATGTGTC-1,23,8690,750,2730
TGTGCGGGTCTACAAC-1,24,11977,498,3255
TGTGCGGGTTGCAAGG-1,20,8439,477,2504
TGTGCGGGTTGCGTAT-1,41,10915,1008,3210
TGTGCGGTCATGCCCT-1,25,6320,538,1990
TGTGCGGTCCTAGCGG-1,23,9453,457,2711
TGTGCGGTCTAGAGCT-1,33,6861,350,2303
TGTGCGGTCTTCGTAT-1,8205,48,418,2977
TGTGGCGAGACCTCCG-1,18,8911,403,2612
TGTGGCGAGAGACAAG-1,19,6730,380,2240
TGTGGCGAGCCGTCGT-1,20,7023,462,2091
TGTGGCGAGCGGTAAC-1,18,7295,433,2249
TGTGGCGCACTACCGG-1,20553,91,629,4634
TGTGGCGCAGGTCCCA-1,607,77,0,490
TGTGGCGCATACAGAA-1,23,8912,786,2707
TGTGGCGGTAGCACAG-1,28,10150,591,3046
TGTGGCGGTGGTTTGT-1,11970,88,779,4048
TGTGGCGTCCCTCTTT-1,10,4972,359,1710
TGTGGCGTCGCCTTGT-1,17,7659,439,2444
TGTGGCGTCGGCTGTG-1,27,10774,621,3078
TGTGGCGTCTCCGAAA-1,15199,87,1126,4344
TGTGTGAAGAGTTGCG-1,26,6747,467,2359
TGTGTGAAGATTACCC-1,24,4945,287,1626
TGTGTGAAGCCTCAGC-1,7211,50,473,2776
TGTGTGAAGGACTTCT-1,30,6612,207,2263
TGTGTGAAGGGAGTTC-1,9808,66,758,3170
TGTGTGAAGTTGCGCC-1,10,5469,367,1858
TGTGTGACAAGTCATC-1,12424,73,876,4094
TGTGTGAGTCACAATC-1,33,14138,701,3342
TGTGTGAGTGCCGTTG-1,28,5453,460,1975
TGTGTGAGTGTAGGAC-1,25,8684,517,2748
TGTGTGATCAGCCCAG-1,24,8710,300,2857
TGTGTGATCATATGGC-1,25,5440,385,1849
TGTGTGATCTCATTAC-1,28,5802,428,2045
TGTTACTAGTAGAGTT-1,22,5750,576,1874
TGTTACTCAGAACTAA-1,54,10071,998,2869
TGTTACTCATGAATAG-1,29,8925,461,2830
TGTTACTGTAAGCTCT-1,22,3858,235,1532
TGTTACTGTACCCACG-1,21,7607,576,2190
TGTTACTGTCTGCAAT-1,28,5991,291,2140
TGTTACTGTTGGGAAC-1,9621,53,527,3291
TGTTACTGTTTGGGAG-1,10,4696,394,1632
TGTTACTTCAGGAACG-1,17,4079,361,1641
TGTTACTTCATTATCC-1,52,9138,548,3199
TGTTCATCACCAGACC-1,24,4813,343,1802
TGTTCATGTCACTTAG-1,5772,31,388,2416
TGTTCATGTTCTTCAT-1,15,5966,339,2159
TGTTCCGAGCAAATCA-1,8351,61,415,3129
TGTTCCGAGGCATGGT-1,14,5594,477,1772
TGTTCCGCAGCTATTG-1,27,9034,497,2850
TGTTCCGGTCAGCGTC-1,9,5084,307,1789
TGTTCCGGTCGGAACA-1,706,6,2,484
TGTTCCGTCGAACCTA-1,26,5669,386,2009
TGTTCTACAACTTCTT-1,14,4942,280,1643
TGTTCTAGTATCGTGT-1,23,5088,445,1896
TGTTCTAGTTCAAAGA-1,37,7407,480,2317
TGTTCTAGTTGTACGT-1,14,6181,361,2193
TGTTCTATCACTTTGT-1,16708,121,1351,4636
TGTTCTATCATGAGTC-1,21,5067,439,1617
TGTTCTATCGTTCAGA-1,5876,43,188,2105
TGTTGAGCAAAGGATT-1,26,3654,362,1498
TGTTGAGCAACTGCCG-1,8,3823,296,1653
TGTTGAGCAATCCTTT-1,17,5295,344,1859
TGTTGAGCAGTCAGTT-1,30,7026,478,2278
TGTTGAGGTGACACAG-1,839,8,0,516
TGTTGAGGTTCTCCAC-1,17,8141,527,2687
TGTTGAGTCAGAGCGA-1,22,5949,382,2273
TGTTGAGTCTCTTGCG-1,40,13501,1130,3150
TGTTGGAAGGTAGATT-1,28,4716,423,1633
TGTTGGAAGGTTGACG-1,25,8827,460,2680
TGTTGGATCAAGCTGT-1,3373,31,376,1696
TGTTGGATCGCGTGCA-1,11,7591,387,2322
TGTTGGATCTAATTCC-1,9200,72,793,3401
TGTTTGTAGCGACTGA-1,10655,83,838,3580
TGTTTGTAGCTTCTAG-1,27,7024,471,2341
TGTTTGTAGGAGATAG-1,18,5826,357,2010
TGTTTGTAGGCTGTAG-1,22,4812,293,1594
TGTTTGTAGGGTCTTT-1,21,5813,380,1956
TGTTTGTAGTCCCAAT-1,7059,50,349,2750
TGTTTGTCAAATACGA-1,21,4444,323,1654
TGTTTGTCAAGATGTA-1,3750,48,423,1697
TGTTTGTTCACTGGGC-1,28,7504,635,2597
TGTTTGTTCCTCACGT-1,27,8083,564,2617
TGTTTGTTCCTGCTAC-1,8,3995,189,1643
TGTTTGTTCTCGAGTA-1,20,4349,373,1629
TTAATCCCAACAGCTT-1,19002,107,937,5020
TTAATCCCACAAAGCG-1,4455,16,205,2003
TTAATCCCACCCTGAG-1,523,10,0,439
TTAATCCCAGGGTTGA-1,31,14224,709,3745
TTAATCCCAGTAGAGC-1,13626,101,808,4271
TTAATCCGTACTGCCG-1,13,4400,231,1749
TTAATCCGTCCGGTGT-1,11535,80,606,3610
TTAATCCGTCGCATCG-1,16147,65,730,4561
TTAATCCGTCTCAGAT-1,32,7719,387,2692
TTAATCCGTTAGTTCG-1,52,15338,949,3897
TTAATCCTCAGACATC-1,16696,149,851,5126
TTAATCCTCCTTATAC-1,1655,9,28,979
TTAATCCTCTAGTGTG-1,39,6848,562,2387
TTACAGGCATGCGTGC-1,11004,73,686,3708
TTACAGGGTCACAATC-1,20,5366,304,1911
TTACAGGGTCCCTCAT-1,15052,111,780,4715
TTACAGGTCCCTGTTG-1,1154,65,20,808
TTACCATCAGACCATT-1,5,4862,39,1426
TTACCATCAGTTGAAA-1,22,5903,443,1976
TTACCATGTGAGCCAA-1,12499,96,1046,4407
TTACCATGTGGGTCAA-1,30,8748,638,2731
TTACCATTCATACAGC-1,9818,79,502,3775
TTACCATTCCGCATAA-1,4236,21,3,1600
TTACCGCAGATACAGT-1,19,4122,248,1827
TTACCGCAGGCTCCCA-1,17,7079,533,2486
TTACCGCAGGGATCTG-1,19,8559,623,2612
TTACCGCGTTCTGAGT-1,18,4929,364,1820
TTACGCCAGAAGGTAG-1,511,9,0,359
TTACGCCAGCAGTAAT-1,51,9095,727,3092
TTACGCCAGCATGCAG-1,22,7714,426,2476
TTACGCCCAAAGCTCT-1,30,7384,510,2172
TTACGCCCACTATCGA-1,24,7539,230,2675
TTACGCCCAGCACGAA-1,25,9475,502,2772
TTACGCCGTAAGCTCT-1,43,9924,776,2982
TTACGCCGTTCTGACA-1,9412,55,613,3494
TTACGCCTCACCTCGT-1,27,9583,680,2849
TTACGCCTCTGGCTGG-1,27,8646,572,2988
TTACGTTAGAACAGGA-1,17,4712,328,1798
TTACGTTAGCCGATTT-1,8804,11481,952,6117
TTACGTTCAAAGCACG-1,574,9,0,406
TTACGTTCAATTGCTG-1,45,11080,548,3455
TTACGTTCACCCTATC-1,19,6608,296,2343
TTACGTTTCTTGATTC-1,15,5819,289,2206
TTACTGTAGCCGTTGC-1,18,7870,492,2554
TTACTGTCATTCAGCA-1,18,6598,399,2230
TTACTGTGTCGTACTA-1,6467,45,491,2434
TTACTGTTCTGAGATC-1,11214,70,905,3896
TTACTGTTCTTCTTCC-1,16,5069,224,2012
TTACTGTTCTTGGATG-1,15,4735,261,1803
TTAGGCAAGATCGCTT-1,23,8508,511,2527
TTAGGCAAGATTGATG-1,78,24835,1448,4778
TTAGGCAAGGACAGTC-1,26,5899,392,2009
TTAGGCAAGGGTTAGC-1,23,9168,444,2742
TTAGGCAAGGTTGGAC-1,27,10458,602,3055
TTAGGCACAAATTGCC-1,22,8223,473,2544
TTAGGCACATCGCTCT-1,23,8944,460,2678
TTAGGCAGTGGACAGT-1,18,6064,371,2125
TTAGGCAGTTCCAGGC-1,20,8364,506,2320
TTAGGGTAGTCACTAC-1,16,6749,322,2330
TTAGGGTAGTGATGGC-1,30,5574,428,1882
TTAGGGTCAAACCGGA-1,8640,49,711,3082
TTAGGGTCACTTCTCG-1,15520,77,924,4576
TTAGGGTCATAGTCGT-1,29,4029,385,1739
TTAGGGTGTAGTAAGT-1,38,14120,1067,3248
TTAGGGTGTCTACAGT-1,15,5446,538,1956
TTAGGGTTCTAGACAC-1,24,5185,385,1839
TTAGTCTAGGCTTAGG-1,22,7099,378,2433
TTAGTCTAGTTAGTAG-1,7,4358,214,1637
TTAGTCTGTACCCGCA-1,12263,66,770,3938
TTAGTCTGTATTTCCT-1,19,4544,244,1712
TTAGTCTGTCCATACA-1,5383,65,341,2446
TTAGTCTGTGATATAG-1,6985,52,98,2287
TTAGTCTTCCTACACC-1,24,6664,447,2315
TTAGTCTTCCTACTGC-1,34,10476,655,3135
TTAGTCTTCGGCATAT-1,26,6394,416,2097
TTATTGCAGACAAGCC-1,31,5473,410,1951
TTATTGCAGGGCAGAG-1,4,2925,200,1301
TTATTGCAGTTCCGTA-1,11663,75,609,3629
TTATTGCCATCATCCC-1,33,6468,491,2341
TTATTGCTCCATAGAC-1,20,4642,400,1961
TTATTGCTCCCACAGG-1,22,10888,472,3163
TTCAATCAGCAAGGAA-1,15319,145,1050,4545
TTCAATCAGTTGCTGT-1,21,7190,404,2326
TTCAATCCACTTGGCG-1,28,5942,455,2216
TTCAATCCATCCGTTC-1,53,13739,568,4014
TTCAATCCATCGAAGG-1,5397,5064,593,4031
TTCAATCCATTAGGCT-1,10436,40,450,3477
TTCAATCGTATGTCCA-1,15,6154,367,2180
TTCAATCGTGAGCAGT-1,18,6471,300,2159
TTCAATCTCACCCATC-1,18269,125,736,5086
TTCAATCTCCGAGAAG-1,32,7178,452,2676
TTCAATCTCTCATTAC-1,8743,76,669,3695
TTCACCGAGGCAGTCA-1,1569,7,0,933
TTCACCGCACAGTCCG-1,77,13761,668,4037
TTCACCGTCGCTAAAC-1,13,3955,222,1664
TTCACCGTCTCAATCT-1,9043,76,620,3502
TTCACGCAGTAGATCA-1,18,4075,248,1499
TTCACGCAGTTGCGCC-1,20,6439,318,2348
TTCACGCCAAGACGAC-1,8,3362,1,1207
TTCACGCCAATCGCCG-1,17,7444,319,2538
TTCACGCCACGCCAGT-1,32,10552,747,3049
TTCACGCCAGCCGTTG-1,37,11313,704,3405
TTCACGCCATGGACAG-1,24,12191,709,3382
TTCACGCGTTAACCTG-1,1047,17,35,687
TTCACGCGTTCTCGCT-1,35,11730,558,3385
TTCACGCTCAATCCAG-1,35,4612,357,1761
TTCACGCTCATCGACA-1,29,7309,604,2394
TTCACGCTCGAGTGAG-1,13843,107,964,4444
TTCACGCTCTCTCCGA-1,35,8033,591,2632
TTCACGCTCTGGGAGA-1,31,19877,797,4289
TTCAGGAAGATCGCTT-1,40,8151,579,2625
TTCAGGAAGCCTATTG-1,32,10045,558,2790
TTCAGGAAGTGACACG-1,40,8249,548,2778
TTCAGGACAACCCGCA-1,19699,151,872,5000
TTCAGGACACTACGGC-1,36,12371,697,3226
TTCAGGACACTTGTGA-1,21,7138,599,2250
TTCAGGAGTAATGATG-1,42,9946,633,3072
TTCAGGAGTATAGCTC-1,40,15833,774,3738
TTCAGGAGTGCGGATA-1,10,5777,357,2145
TTCAGGATCCTGCCAT-1,29,7467,542,2416
TTCATGTAGAGGCCAT-1,17,5756,246,1971
TTCATGTAGAGTGGCT-1,3697,3036,536,3147
TTCATGTAGGACAAGA-1,4071,24,260,1865
TTCATGTAGGCTAACG-1,262,2243,270,1056
TTCATGTAGGCTCACC-1,11,3340,258,1424
TTCATGTCAAAGAGTT-1,39,9830,665,2890
TTCATGTCACCTGCAG-1,47,9367,668,3189
TTCATGTCACTATCCC-1,7942,56,558,3099
TTCATGTCAGGGATAC-1,9243,63,619,3308
TTCATGTGTATCGCGC-1,46,5766,302,2097
TTCATGTGTGGGTATG-1,9548,67,781,3544
TTCATGTGTGTCTCCT-1,5647,50,550,2111
TTCATGTTCCGGACTG-1,29,14941,928,3647
TTCATTGAGGCCCAAA-1,9061,46,447,3156
TTCATTGAGTGGTTGG-1,25,9242,774,2780
TTCATTGCAATATCCG-1,6203,13993,1122,6077
TTCATTGCAGGTTTAC-1,10503,86,615,3660
TTCATTGGTACTAACC-1,10,4842,266,1845
TTCATTGGTCTTGTCC-1,15,5297,303,1856
TTCATTGGTGATATAG-1,27,8377,414,2734
TTCATTGGTGCAGGAT-1,22,9875,616,2919
TTCATTGGTTGCTCAA-1,8610,51,483,3160
TTCATTGGTTGGCTAT-1,16,4971,369,1741
TTCATTGTCCCAATAG-1,29,10915,626,3209
TTCATTGTCGAGTTGT-1,15,4693,292,1597
TTCATTGTCTTGGCTC-1,12,4228,179,1563
TTCCAATCAATTTCGG-1,10419,46,311,3284
TTCCAATCAGAAGTGC-1,17,5928,349,2086
TTCCAATCAGACTCTA-1,22,5784,368,2046
TTCCAATCAGAGATTA-1,41,7716,616,2570
TTCCAATGTGCGAGTA-1,674,15,1,479
TTCCAATGTGTGCTTA-1,12,5528,312,2064
TTCCAATTCAATCTTC-1,25338,157,1206,6151
TTCCAATTCCTACAAG-1,36,10313,523,2981
TTCCAATTCCTCACGT-1,43,5561,279,2269
TTCCAATTCTTAGCCC-1,21,6812,350,2489
TTCCACGAGTAGTCTC-1,6854,23,29,2062
TTCCACGCACGGTCTG-1,26,8758,416,2702
TTCCACGGTACTGAGG-1,1034,10,1,681
TTCCACGGTGCCCTTT-1,22,8061,604,2716
TTCCACGGTTCCTACC-1,10380,179,726,4173
TTCCACGTCATCGACA-1,18,5660,308,1784
TTCCACGTCCTCTTTC-1,38,7219,377,2694
TTCCACGTCGACGCGT-1,21,6283,424,2136
TTCCGGTCAGCTGCCA-1,50,22679,873,4867
TTCCGGTGTTGGATCT-1,1550,5,0,796
TTCCGGTGTTTGGGAG-1,16,5163,411,1791
TTCCGGTTCAATCGGT-1,16,5802,376,1980
TTCCGGTTCAGTGTTG-1,8,4382,391,1426
TTCCGGTTCATGCCCT-1,29,9028,502,3242
TTCCGGTTCCTTCTTC-1,17,4914,312,2078
TTCCGGTTCGAGTGAG-1,3953,37,56,1639
TTCCGTGAGATGCCGA-1,12076,86,673,3929
TTCCGTGAGGAGGTTC-1,11,4228,386,1518
TTCCGTGAGTTCCAGT-1,11077,72,791,3775
TTCCGTGCACAAGGTG-1,12690,85,828,4531
TTCCGTGCACTACGGC-1,1702,18,489,962
TTCCGTGGTAGACGGT-1,11103,43,630,3304
TTCCGTGGTAGCGAGT-1,33,10945,755,3176
TTCCGTGGTAGTCTTG-1,23,7621,404,2604
TTCCGTGGTCTGTCAA-1,11,5800,360,1878
TTCCGTGGTCTTTCAT-1,6979,42,361,3025
TTCCGTGTCCACCCTA-1,27066,144,1270,6000
TTCCTAAAGGTGCAGT-1,7491,41,578,2852
TTCCTAACAGCAGTCC-1,49,11570,548,3717
TTCCTAAGTCAAAGCG-1,6433,41,361,2469
TTCCTAAGTCCCGGTA-1,8393,5314,914,5005
TTCCTCTCAATTCTCT-1,6,2424,151,916
TTCCTCTCACTCCGGA-1,28,4735,233,1931
TTCCTCTCAGTAACAA-1,26,5955,315,2378
TTCCTCTGTAAGACCG-1,26,7926,310,2578
TTCCTCTGTACAACGG-1,16437,3848,1160,6329
TTCCTCTGTACCAATC-1,46,10960,620,3712
TTCCTCTGTAGGGAGG-1,35,10577,785,3021
TTCCTCTGTCTACGTA-1,22,6079,363,2122
TTCCTCTTCATCTACT-1,8209,3427,461,4891
TTCCTCTTCGCACGGT-1,12,6324,477,2249
TTCCTCTTCTGTCTCG-1,11,7346,505,2417
TTCCTTCAGAGTGACC-1,10515,73,801,3729
TTCCTTCAGGTCATCT-1,12,4193,182,1722
TTCCTTCAGTCACTGT-1,3184,8,0,1226
TTCCTTCCAAGGGCAT-1,34709,180,2424,6992
TTCCTTCTCCTTACCG-1,25,6173,300,2110
TTCCTTCTCTTCGCTG-1,12,4975,146,2035
TTCGATTAGCCATCCG-1,22,12125,809,3362
TTCGATTCACATGAAA-1,13,3823,204,1721
TTCGATTCAGCATACT-1,55,9490,461,3262
TTCGATTGTAGAGTTA-1,35,5431,433,1848
TTCGATTGTGTAGCAG-1,17,4191,248,1562
TTCGATTTCAACACGT-1,51,12054,801,3662
TTCGATTTCCAAGGGA-1,24,6227,449,2146
TTCGATTTCGTGTCAA-1,20,4610,298,1842
TTCGCTGAGACCTCAT-1,21,9153,306,2743
TTCGCTGAGGTTCCGC-1,6980,53,434,2764
TTCGCTGAGTGAGGCT-1,26,3725,298,1467
TTCGCTGCACGTACAT-1,26,7917,469,2608
TTCGCTGCACTCAGAT-1,21,5878,362,2162
TTCGCTGCAGCCGTTG-1,32,8350,721,2712
TTCGCTGCATCCTAAG-1,21,8108,501,2773
TTCGCTGTCGCCACTT-1,11132,62,614,3447
TTCGCTGTCTCAAAGC-1,32,11538,711,3113
TTCGCTGTCTTCCCAG-1,15,3678,212,1463
TTCGCTGTCTTGCAAG-1,20,5721,472,1870
TTCGGTCAGATTAGTG-1,23,7039,525,2226
TTCGGTCAGGGTGGGA-1,16610,94,1015,4549
TTCGGTCAGGTCACTT-1,43,10672,728,3362
TTCGGTCAGTGACCTT-1,17,5257,533,1893
TTCGGTCCAACAGTGG-1,17,5062,474,1828
TTCGGTCCACGGCTAC-1,24,11418,721,3224
TTCGGTCCACGTAGAG-1,9680,47,649,3142
TTCGGTCCAGGTGGAT-1,13,4797,379,1754
TTCGGTCGTCCGTACG-1,7,4578,372,1527
TTCGGTCGTCTCAGAT-1,25,7298,390,2443
TTCGGTCGTGATTCAC-1,22,9052,603,2717
TTCGGTCGTGGAGAAA-1,21,6463,497,2071
TTCTAACAGGCGACAT-1,22,5855,373,2160
TTCTAACAGTCAGCGA-1,7424,55,574,3072
TTCTAACCAACGATCT-1,32,5555,341,2059
TTCTAACCAAGAGAGA-1,13,5124,250,1883
TTCTAACCAAGAGGTC-1,4328,36,215,2172
TTCTAACCACCGTACG-1,16,5064,334,1822
TTCTAACCACGACGAA-1,36,8066,643,2746
TTCTAACGTGATGGCA-1,11,3538,360,1442
TTCTAACGTTAAGCAA-1,49,12165,540,3654
TTCTAGTCAAATCAAG-1,14,4165,185,1685
TTCTAGTCAGTTACCA-1,31,8084,517,2743
TTCTAGTGTGAGAGGG-1,12,4124,442,1733
TTCTAGTGTGCAAGAC-1,43,9744,838,3036
TTCTAGTGTTGTTGTG-1,25,7264,336,2111
TTCTAGTTCACCTGGG-1,30,5942,500,2047
TTCTAGTTCCTAGCGG-1,22,5717,269,2059
TTCTAGTTCGCAGTTA-1,15,4507,360,1640
TTCTAGTTCTTGGATG-1,7517,63,521,2989
TTCTCTCAGATGACAT-1,34,8590,538,2793
TTCTCTCAGCTAAACA-1,49,7759,329,2777
TTCTCTCAGGTGATCG-1,51,15111,1159,4069
TTCTCTCCAAACGGCA-1,26,7027,542,2257
TTCTCTCCAACTGGTT-1,8191,52,564,3095
TTCTCTCCAATAGTGA-1,1394,10,20,873
TTCTCTCCAGAGATTA-1,45,10157,457,3115
TTCTCTCCAGATCCAT-1,1496,11,0,730
TTCTCTCCAGTTAAAG-1,37,7375,576,2541
TTCTCTCCATTCCTAT-1,20,5600,312,2072
TTCTCTCGTAACATCC-1,31,7758,228,2548
TTCTCTCGTATCATGC-1,8846,52,529,3295
TTCTCTCGTGGTCTCG-1,10891,52,580,3436
TTCTCTCTCGAGATGG-1,27,7818,388,2510
TTCTCTCTCGCTGCGA-1,49,13689,622,3939
TTCTCTCTCTACCCAC-1,24177,103,464,5781
TTCTGTAAGCGTGCCT-1,20,5248,412,1870
TTCTGTACAGCAGACA-1,11557,75,651,3694
TTCTGTACAGGCTATT-1,10,4512,275,1719
TTCTGTAGTGGACTAG-1,4976,30,240,2324
TTCTGTAGTTACGGAG-1,18,5886,560,1841
TTCTGTATCACGAGGA-1,7074,39,424,2752
TTCTGTATCCGTGGTG-1,23,6045,388,2289
TTCTGTATCGAAATCC-1,9318,77,502,3478
TTCTGTATCGTAGGGA-1,36,7199,432,2419
TTCTGTATCGTGGACC-1,34,8200,457,2632
TTCTTCCCACCTGTCT-1,23,5892,271,2341
TTCTTCCCAGATTAAG-1,68,7338,452,2396
TTCTTCCCAGCCCAGT-1,31,9126,534,2998
TTCTTCCCAGGAGACT-1,24,6324,312,2065
TTCTTCCCAGGTCCCA-1,21,5644,335,2143
TTCTTCCCAGTATACC-1,25,8941,251,2785
TTCTTCCCATCACAGT-1,10,4217,191,1785
TTCTTCCCATGGAGAC-1,42,8027,432,2587
TTCTTCCGTCGCCTAG-1,18,5948,338,1985
TTCTTCCGTGCGGCTT-1,25,6074,353,2161
TTCTTCCGTGTCCATA-1,35606,189,1687,6847
TTCTTCCTCACCGCTT-1,3778,46,661,2090
TTCTTCCTCAGACCTA-1,12,5145,270,1920
TTCTTGAAGCTGAGTG-1,6067,6,2,1966
TTCTTGAAGGATGTTA-1,17,6726,261,2432
TTCTTGAAGTAGACCG-1,19,4901,326,1821
TTCTTGAAGTATTAGG-1,35,10620,577,3162
TTCTTGAAGTTAGAAC-1,34,6605,354,2309
TTCTTGACAGCTGTTA-1,20,5330,325,2062
TTCTTGATCACCTGTC-1,6,3023,247,1264
TTCTTGATCACCTTAT-1,32,6167,509,2126
TTCTTGATCCAAATGC-1,8,4749,411,1790
TTCTTGATCCTGTAAG-1,11,5257,334,1913
TTGAACGAGAGTTGCG-1,21,6518,457,2110
TTGAACGAGGAACGAA-1,21,3866,294,1480
TTGAACGCAACAGTGG-1,21,8365,489,2789
TTGAACGCACGAGGAT-1,10316,42,559,3283
TTGAACGCAGCCTACG-1,15,6001,412,2206
TTGAACGCAGCTCGGT-1,9384,38,705,2946
TTGAACGCAGTCTCTC-1,15,6116,332,1960
TTGAACGGTGTACGCC-1,25,6343,602,2166
TTGAACGTCAGTGCGC-1,35,12525,891,3436
TTGAACGTCCTAAGTG-1,8888,69,763,3186
TTGAACGTCGAGAGAC-1,8636,44,588,2773
TTGAACGTCGCTGTTC-1,23310,152,1767,5441
TTGAACGTCTGTCCGT-1,16,4512,330,1605
TTGACCCCACATTCGA-1,13439,69,771,4250
TTGACCCCATGACTAC-1,35,10594,576,3162
TTGACCCGTGTGTGTT-1,10,4287,297,1528
TTGACCCGTTGTTGCA-1,14,6232,658,2064
TTGAGTGCAATCGCAT-1,53,12479,1036,3621
TTGAGTGCAATTAGGA-1,21,8692,347,2645
TTGAGTGGTGAGTAAT-1,19372,159,1914,4902
TTGAGTGGTTAGGCCC-1,55,11985,779,3370
TTGAGTGGTTGCGTAT-1,8410,66,557,3127
TTGAGTGTCCCTGTTG-1,13,4768,224,1888
TTGAGTGTCGACGTCG-1,6,5908,324,2072
TTGATGGAGAATTGCA-1,9,4311,195,1622
TTGATGGCACAATCTG-1,15637,116,649,5030
TTGATGGCAGACCATT-1,23,6697,394,2489
TTGATGGGTAGGTACG-1,13824,86,881,4232
TTGATGGGTGAGAGGG-1,18,4922,308,1696
TTGCATTAGGCGAAGG-1,15,4090,334,1376
TTGCATTAGGCGTTAG-1,10414,56,380,3474
TTGCATTCAAGTTTGC-1,13,4794,306,1945
TTGCATTCATGGGCAA-1,5259,6024,869,4145
TTGCATTGTAACATGA-1,2442,16,0,986
TTGCATTGTATGTCAC-1,22,8765,343,2903
TTGCATTGTGCGCTCA-1,9,4131,313,1622
TTGCATTGTTCGTTCC-1,10910,77,384,3566
TTGCATTTCCCAATAG-1,13167,83,1099,4462
TTGCCTGAGAGTCTGG-1,852,27,2,508
TTGCCTGAGCGCCTCA-1,19,5678,387,2056
TTGCCTGGTAGACTGG-1,6,2339,202,606
TTGCCTGGTATTGGCT-1,32,10528,707,3374
TTGCCTGGTGGTCTCG-1,17,6180,337,2171
TTGCCTGGTGTGTTTG-1,14,4150,271,1613
TTGCCTGGTTGCTAGT-1,39,11050,829,3118
TTGCCTGTCCGCGATG-1,4692,38,319,2421
TTGCGTCCAGAGCTAG-1,16798,93,1558,4741
TTGCGTCCAGGAATAT-1,18,7245,344,2208
TTGCGTCTCTCATGGA-1,40,7770,487,2561
TTGCGTCTCTGAGCAT-1,12,5956,408,2055
TTGCTGCAGCGGATCA-1,22,6244,462,2114
TTGCTGCCAATAGTCC-1,30,7162,466,2421
TTGCTGCGTGACTGAG-1,20,8536,555,2850
TTGCTGCTCTAGTGAC-1,24,10553,432,3092
TTGGATGCAGTGTATC-1,24,8416,475,2610
TTGGATGGTCTTCGAA-1,27,6033,527,2089
TTGGATGTCATCGCTC-1,14,4759,291,1668
TTGGATGTCGAGTCCG-1,17,4950,397,1612
TTGGGATCAGGAATCG-1,27,5682,489,2023
TTGGGATCATAGTCAC-1,34,9654,540,2878
TTGGGATCATTCTCCG-1,36,10923,697,3167
TTGGGATGTCTCCCTA-1,20,7136,601,2438
TTGGGATTCAGACCTA-1,50,9477,581,3035
TTGGGATTCTATTCGT-1,27,8890,492,2570
TTGGGCGAGAATCTAG-1,7173,43,404,2368
TTGGGCGAGCTTACGT-1,17,5103,407,1827
TTGGGCGAGGATACGC-1,11477,77,600,3461
TTGGGCGAGGGCTAAC-1,50,11701,716,3454
TTGGGCGCAGAACCGA-1,19,6342,341,2190
TTGGGCGCAGTGAGCA-1,12071,60,791,3955
TTGGGCGGTATCAGCT-1,13,4444,304,1760
TTGGGCGGTCAGGCAA-1,523,8,3,353
TTGGGCGGTCGTACAT-1,12,5203,322,1913
TTGGGTACAAACCATC-1,13986,125,994,4498
TTGGGTACAAGTGCTT-1,30,7511,540,2507
TTGGGTACAATGGCAG-1,12394,86,869,3862
TTGGGTACACCATATG-1,7021,51,590,2531
TTGGGTACAGACAAAT-1,30,6108,294,2154
TTGGGTACAGACACAG-1,23,7458,424,2521
TTGGGTACAGGCTATT-1,22,4615,363,1940
TTGGGTACATAGACTC-1,7,5231,230,1945
TTGGGTAGTATGGGAC-1,9070,23,2,2390
TTGGGTAGTCCGGCAT-1,40,11918,761,3361
TTGGGTATCCACTTTA-1,9073,75,615,3209
TTGGGTATCTCTATGT-1,6828,12232,829,5729
TTGGGTATCTTCGTAT-1,72,10021,595,3190
TTGGTTTCAAACACCT-1,19644,139,1204,5412
TTGGTTTCAGATCATC-1,11447,56,639,3605
TTGGTTTCAGGTGGAT-1,9,3618,224,1383
TTGGTTTGTAGATCCT-1,30,6378,381,2172
TTGGTTTGTTTGAAAG-1,18,6550,199,2139
TTGGTTTTCCTACACC-1,32,9438,635,3182
TTGGTTTTCCTGTTAT-1,1724,6,1,755
TTGTGGACATCAGCGC-1,16,4853,290,1941
TTGTGGATCAGATTGC-1,6591,43,472,2648
TTGTGGATCGCTAATG-1,38,10381,683,3194
TTGTGGATCGGCTGTG-1,1215,8,2,702
TTGTGTTCAGCGTAGA-1,22,5983,404,2093
TTGTGTTGTTACGCCG-1,17,4878,263,1794
TTGTGTTGTTCCATTT-1,10,4532,217,1841
TTGTGTTGTTGCACGC-1,19,7771,928,1897
TTGTGTTTCCCATACC-1,40,6121,404,2300
TTGTTCAAGGATTCAA-1,19,6265,393,2318
TTGTTCACAACTACGT-1,24,6178,407,2078
TTGTTCACAAGGGCAT-1,20,6348,512,2190
TTGTTCACACACCTGG-1,27,6501,323,1980
TTGTTCAGTATGGGAC-1,24,3931,229,1762
TTGTTCAGTGCGAGTA-1,19,7318,354,2420
TTGTTCAGTTCCACGG-1,21,4436,236,1646
TTGTTCATCAGCGGAA-1,8701,60,517,3130
TTGTTCATCTATTCGT-1,16,4842,217,2005
TTGTTGTAGAGAGAAC-1,36,8118,476,2542
TTGTTGTAGATGACCG-1,18,1029,244,657
TTGTTGTAGCATACTC-1,22,7406,365,2499
TTGTTGTAGCCTGTGC-1,9888,59,558,3312
TTGTTGTCAGCTCTGG-1,10,5091,336,1950
TTGTTGTCATCGTCCT-1,13,5569,314,2021
TTGTTGTGTAGCCCTG-1,3899,3942,271,3231
TTGTTGTGTCACATTG-1,13,4891,284,1963
TTGTTGTGTTGCGAAG-1,6535,43,451,2516
TTGTTGTTCTATCCAT-1,23,5421,235,1903
TTGTTTGCACAGTCCG-1,18,5887,465,2066
TTGTTTGCATAGAGGC-1,18,4888,218,1715
TTGTTTGGTCGAATTC-1,19,10562,782,2924
TTGTTTGGTCTACAGT-1,27,7021,366,2356
TTGTTTGGTTACCCTC-1,1698,13,63,689
TTGTTTGGTTGATGTC-1,14,6034,347,2262
TTGTTTGTCGCTGATA-1,28,7423,633,2279
TTGTTTGTCTACAGGT-1,18,6229,298,2313
TTTACCAAGAAGGCTC-1,29,9260,643,2727
TTTACCACAGGAATCG-1,6570,49,449,2717
TTTACCAGTAGTTCCA-1,15,3980,250,1624
TTTACCAGTCTAGGCC-1,38,14900,590,3629
TTTACCATCAGGACGA-1,38,10203,602,3092
TTTACCATCCCATACC-1,32,8730,458,2954
TTTACCATCTATCCAT-1,20,4970,243,2083
TTTACCATCTCGGTAA-1,62,7638,345,2660
TTTACCATCTGACAGT-1,23,4565,253,1757
TTTACCATCTGGACTA-1,45,9078,624,2880
TTTACCATCTTACCGC-1,21,6750,398,2594
TTTACGTAGGGCCAAT-1,23,6314,290,2232
TTTACGTAGGTTAAAC-1,61,10321,527,3429
TTTACGTCAATTGCAC-1,3,1742,249,1011
TTTACGTCATCGGATT-1,608,15,2,410
TTTACGTGTCCCACGA-1,27,11765,432,3459
TTTACGTGTTGGACCC-1,15,6197,302,2141
TTTACTGAGACGCCAA-1,5130,28,3,1741
TTTACTGCAGCGCTTG-1,7901,37,415,2897
TTTACTGCAGTCCGTG-1,1064,9,2,566
TTTACTGCAGTTCCAA-1,23,9258,421,2892
TTTACTGCAGTTTCGA-1,14,6419,209,2079
TTTACTGTCTGCCTGT-1,9,4332,250,1769
TTTAGTCAGCATAGGC-1,21,6123,531,1876
TTTAGTCCAGCATGCC-1,22,5212,268,1841
TTTAGTCGTAATGCGG-1,20,8248,596,2466
TTTAGTCGTGCCGAAA-1,20,9261,539,2733
TTTAGTCGTGGAGGTT-1,36,9729,617,2999
TTTATGCAGGTTCCAT-1,21,5193,256,2098
TTTATGCCAACACTAC-1,25,5454,368,1951
TTTATGCCAATAACCC-1,18,5019,413,1853
TTTATGCCACGTTCGG-1,11239,70,515,3981
TTTATGCCAGATCCAT-1,70,12734,780,3566
TTTATGCCATCGGTTA-1,16202,114,1450,4721
TTTATGCGTAAGGAGA-1,8097,43,752,2921
TTTATGCGTCCAGAAG-1,4629,44,889,2132
TTTATGCTCTATACGG-1,15216,116,1238,4843
TTTCACAAGTACAGAT-1,10,3873,176,1527
TTTCACACAAAGTATG-1,18,3946,318,1493
TTTCACACAAATCAGA-1,47,6524,375,2473
TTTCACAGTGTGCCTG-1,20,8188,770,2534
TTTCACATCACATTGG-1,22,6243,377,2284
TTTCAGTAGCGCCGTT-1,8400,63,426,2877
TTTCAGTCAATCCTAG-1,7878,57,386,3006
TTTCAGTCAGCATCTA-1,3791,30,128,1932
TTTCAGTCAGTAGAGC-1,15,4722,525,1651
TTTCAGTGTCCTATAG-1,26,4474,282,1816
TTTCAGTTCATGAAAG-1,7864,50,628,3125
TTTCAGTTCCCTCTAG-1,34,9913,617,2952
TTTCAGTTCCTTATCA-1,13900,99,721,4351
TTTCATGAGATTCGCT-1,24,8173,452,2620
TTTCATGAGGTACCTT-1,7,5364,288,2046
TTTCATGGTAATCAAG-1,11,4247,226,1553
TTTCATGGTTACACAC-1,31,6296,295,2322
TTTCATGTCATCTATC-1,18,5070,354,1871
TTTCCTCAGCACTCAT-1,14,5991,241,2270
TTTCCTCAGGGACAGG-1,12,5226,278,1947
TTTCCTCCAAGACGGT-1,28,8214,274,2723
TTTCCTCCACTAGAGG-1,19,7053,209,2243
TTTCCTCGTTCCGCTT-1,22,4167,190,1864
TTTCCTCTCGAGAATA-1,19,4476,328,1765
TTTCCTCTCGTTCTGC-1,21,7142,305,2591
TTTCGATAGCATCCCG-1,36,4417,351,1662
TTTCGATAGGTAGCCA-1,20,6446,293,2226
TTTCGATCAACGTATC-1,14,7995,288,2490
TTTCGATCAACTACGT-1,40,7509,599,2830
TTTCGATCAGGCAATG-1,26,6089,519,2040
TTTCGATGTATCGCTA-1,47,13351,920,3769
TTTCGATGTATGCAAA-1,23,4476,256,1697
TTTCGATGTGTTCCTC-1,24,6548,299,2278
TTTCGATTCAAACTGC-1,8797,44,422,3146
TTTGACTAGAAGCGCT-1,22,5953,398,2175
TTTGACTAGACCGCCT-1,39,9392,577,3014
TTTGACTAGATGATTG-1,31,6431,392,2159
TTTGACTAGTCAGAGC-1,5,4682,453,1702
TTTGACTCACAGCCTG-1,36,7057,351,2535
TTTGACTCACATGGTT-1,28,4914,449,1949
TTTGACTGTCAACCAT-1,37,7999,395,2507
TTTGACTGTCACGACC-1,27,9036,443,2855
TTTGACTGTCTGTGTA-1,24,7024,366,2462
TTTGACTGTGTCCATA-1,23,8152,418,2657
TTTGACTGTTGTCAGT-1,12,4478,281,1563
TTTGACTTCAACGTGT-1,36,10230,523,3225
TTTGACTTCTTGGGCG-1,18,9018,372,2743
TTTGATCAGGCTTTCA-1,14,4981,410,1807
TTTGATCCAACCACGC-1,18,6153,388,1857
TTTGATCCACGCTGAC-1,11,5372,231,1892
TTTGATCGTATGGAAT-1,8,4102,275,1451
TTTGATCGTTGTGTTG-1,28,7261,597,2522
TTTGATCTCTGACGCG-1,14,5592,258,1927
TTTGGAGAGATGGCGT-1,12,6618,452,2225
TTTGGAGCAAACGGCA-1,11,5074,352,1900
TTTGGAGCACTATCCC-1,34,12090,794,3305
TTTGGAGCAGTGTACT-1,49,6737,502,2252
TTTGGAGGTGCGTCGT-1,2774,10,479,1452
TTTGGAGGTTTCGATG-1,6298,29,324,2500
TTTGGAGTCATATGGC-1,21,5488,364,2193
TTTGGAGTCGTTCTCG-1,4316,20,540,1777
TTTGGTTAGACGCCCT-1,15,6599,337,2284
TTTGGTTAGGAAGTGA-1,6371,6231,1002,4579
TTTGGTTAGTTCCGTA-1,41,7164,638,2304
TTTGGTTCAAGTGGTG-1,22,4949,317,1783
TTTGGTTCAGAGGTAC-1,40,10672,696,3148
TTTGGTTGTACGTACT-1,27,5847,383,2197
TTTGGTTGTCTTCCGT-1,10,5621,326,1956
TTTGGTTTCTTGAACG-1,30,9826,589,3146
TTTGTTGAGCAGCAGT-1,21,4973,395,1750
TTTGTTGCATATGCGT-1,27,6733,518,2317
TTTGTTGCATCGGAGA-1,2937,23,61,1200
TTTGTTGGTACAAGCG-1,17,6511,265,2187
TTTGTTGGTCGTTGGC-1,8,4877,303,1882
TTTGTTGTCCACACAA-1,24,7834,377,2598
TTTGTTGTCCCGAAAT-1,43,9978,650,3156
TTTGTTGTCGCAATGT-1,11,3776,375,1663
TTTGTTGTCTTGGCTC-1,24,5667,250,2193
