barcode,homo_sum_gex,mus_sum_gex,mito_sum,features_gex
AAACCCAAGACGGAAA-1,28,6265,400,2271
AAACCCAAGGAAAGAC-1,10504,50,585,3587
AAACCCAAGGGTACGT-1,17799,86,1079,5014
AAACCCACACACACTA-1,1897,1542,97,1994
AAACCCACACTACAGT-1,22019,140,1420,5826
AAACCCACAGACTCTA-1,36,7601,245,2692
AAACCCACAGTTGGTT-1,29,9211,699,2700
AAACCCACATTGGATC-1,59,11623,883,3148
AAACCCAGTATGCGTT-1,39,5229,368,2091
AAACCCAGTCACCTTC-1,17,5190,391,2016
AAACCCATCGGTCTGG-1,37,9041,713,2799
AAACCCATCTAACGGT-1,33,8810,416,2887
AAACGAACAAAGGCTG-1,15160,36,652,4059
AAACGAACACGTAGTT-1,6704,26,390,2586
AAACGAACAGTGACCC-1,8367,44,329,3059
AAACGAAGTATGGAGC-1,2606,1912,592,2078
AAACGAAGTTCCGCAG-1,25,5370,395,1876
AAACGAATCGATTCCC-1,3352,380,221,1954
AAACGAATCGGTAGAG-1,802,8,29,617
AAACGAATCTCCAAGA-1,16804,59,946,4726
AAACGCTAGCCTGGAA-1,17,922,47,546
AAACGCTAGGGCTTCC-1,16941,68,1280,4623
AAACGCTCACATCATG-1,50,11910,534,3410
AAACGCTCACGCTATA-1,25,5335,435,2057
AAACGCTTCCATAGAC-1,1525,30,19,995
AAACGCTTCTTTGCAT-1,59,13468,819,3841
AAAGAACAGAGCCATG-1,150,2081,223,1148
AAAGAACAGATAGTGT-1,51,10515,992,3067
AAAGAACAGCTGAAGC-1,605,2162,301,1414
AAAGAACCAAACGTGG-1,12376,42,757,3754
AAAGAACCAACAAGAT-1,16261,69,1127,4305
AAAGAACCAATGAAAC-1,38,11001,426,3121
AAAGAACCACGTAACT-1,15407,51,634,4247
AAAGAACTCGTAACCA-1,26855,115,1857,5918
AAAGGATAGCAATTCC-1,71,8889,698,2751
AAAGGATCATCCAACA-1,7952,33,549,2736
AAAGGATTCCCATTCG-1,73,12575,1134,3450
AAAGGGCAGCACGTCC-1,12960,33,596,3694
AAAGGGCAGGTAGTCG-1,32,6858,493,2349
AAAGGGCCACACAGCC-1,2980,202,210,1601
AAAGGGCCACAGCCAC-1,27041,89,1251,5736
AAAGGGCGTATCAAGA-1,37,11440,734,3272
AAAGGGCGTCGATTCA-1,7115,13,424,2826
AAAGGGCTCCATAGAC-1,16898,70,1368,4515
AAAGGTAAGGTAGGCT-1,2960,13,2,1181
AAAGGTACAACTGGTT-1,7686,40,340,2961
AAAGGTACACTATGTG-1,8317,45,523,2940
AAAGGTACATTCATCT-1,34,8546,468,2670
AAAGGTAGTCCACATA-1,6750,25,320,2575
AAAGGTATCGCTTACC-1,24,7179,423,2667
AAAGTCCAGCAACTTC-1,17542,77,1111,5012
AAAGTCCAGTAGTGCG-1,36,5445,381,2138
AAAGTCCAGTGCAAAT-1,56,11464,604,3324
AAAGTCCCAATCAAGA-1,46,10765,734,3121
AAAGTCCCACCTGTCT-1,584,2942,523,1606
AAAGTCCCACGTATAC-1,7388,24,608,3035
AAAGTCCCAGACCGCT-1,5823,18,263,2371
AAAGTCCCAGTGTGCC-1,6919,22,375,2666
AAAGTCCCATCTGTTT-1,1319,1664,144,1737
AAAGTCCGTGTGTCGC-1,2612,280,253,1540
AAAGTCCTCGCCGAAC-1,9404,30,630,3411
AAAGTCCTCTCAATCT-1,58,10567,744,3274
AAAGTGAAGACATACA-1,13119,56,909,4162
AAAGTGAAGCCACTCG-1,98,7669,611,2660
AAAGTGAAGTGTCATC-1,15,5195,290,1850
AAAGTGACAACGGTAG-1,19680,74,1265,4735
AAAGTGACACAGAGCA-1,21839,86,1384,5108
AAAGTGACATCCCGTT-1,10730,40,534,3644
AAAGTGAGTACTAAGA-1,8946,49,771,3344
AAAGTGATCATTGCTT-1,16025,72,1052,4438
AAATGGAAGATGACCG-1,17978,84,1398,5119
AAATGGAAGCTACTGT-1,11535,38,568,4265
AAATGGAAGGAGAGTA-1,24,7274,271,2415
AAATGGACAAGAGCTG-1,2642,17,658,1279
AAATGGACACCAGGTC-1,63,14551,1028,3944
AAATGGAGTAGTCGGA-1,30,6911,510,2091
AAATGGAGTCGAATGG-1,9458,36,903,3213
AAATGGATCTAACGGT-1,67,9075,558,2753
AACAAAGAGGATACCG-1,46667,168,3567,7876
AACAAAGAGTACCATC-1,74,11030,515,3127
AACAAAGAGTAGTGCG-1,7185,30,444,2573
AACAAAGAGTATGGCG-1,24,6318,297,2289
AACAAAGAGTGGCCTC-1,16888,523,1432,4632
AACAAAGCACCAGTTA-1,17935,64,973,4810
AACAAAGCAGGTTACT-1,779,706,71,1036
AACAAAGCATGATCTG-1,34,7976,392,2794
AACAAAGGTACTAAGA-1,5015,23,126,1765
AACAAAGGTCATCGCG-1,43,9757,589,3072
AACAAAGGTTATGGTC-1,4917,12,298,2232
AACAAAGGTTGAGGAC-1,24690,96,1382,5677
AACAAAGTCCCGTTCA-1,829,2242,85,1639
AACAAAGTCCCTCAAC-1,7209,19,431,2595
AACAAAGTCGTGTGGC-1,23,6691,439,2478
AACAACCAGGCTGAAC-1,11867,41,512,3743
AACAACCCACAGCTGC-1,1147,1979,138,1792
AACAACCCATAGCTGT-1,58,9756,595,2960
AACAACCGTACTGAGG-1,31,11213,564,3404
AACAACCGTCCTTGTC-1,976,1631,158,1551
AACAACCGTGAGGCAT-1,8858,33,634,3246
AACAACCTCCATACAG-1,11877,45,562,3897
AACAACCTCGTCTACC-1,20,6033,381,2104
AACAAGAAGGCTCTCG-1,94,15836,1166,4061
AACAAGAAGGTAGATT-1,15,4326,175,1754
AACAAGAAGTTGAAGT-1,40,10654,539,3020
AACAAGACAGGCTACC-1,1636,395,74,1320
AACAAGAGTATGAGCG-1,36,6966,642,2347
AACAAGAGTGAGTTGG-1,8535,33,715,2932
AACAAGAGTTTAGAGA-1,16,4655,322,1774
AACACACAGCTGGCCT-1,14201,80,1175,4484
AACACACCAGGTGAGT-1,12206,79,547,3892
AACACACCATGACTTG-1,95,14983,1018,4135
AACACACGTACCGTCG-1,14854,53,1174,4201
AACACACGTCATCAGT-1,32,8234,401,2828
AACACACGTCTACAGT-1,10114,17,545,3387
AACACACGTGACTATC-1,14389,65,904,4514
AACACACTCAAGAGTA-1,12,4390,277,1837
AACACACTCTCTTGCG-1,13839,45,528,4440
AACAGGGAGCTGCCTG-1,8445,28,622,3005
AACAGGGCAACCAACT-1,16,6392,268,2490
AACAGGGCAACCGTAT-1,14969,52,1131,4448
AACAGGGCACAAGTTC-1,12812,54,608,4048
AACAGGGCAGCAGATG-1,10473,32,741,3358
AACAGGGGTATCGCAT-1,11424,64,935,4054
AACAGGGGTGGGAGAG-1,32,9084,519,2910
AACAGGGTCAGCCTCT-1,22,4995,253,1939
AACAGGGTCCGTATGA-1,11556,56,1135,3913
AACAGGGTCCTCACCA-1,128,22804,1339,5229
AACAGGGTCGAGCACC-1,14603,36,818,3900
AACCAACAGCGTTCAT-1,23,5596,178,2220
AACCAACGTAGTTAGA-1,56,8440,685,2673
AACCACAAGTGAGTGC-1,17,5975,301,2114
AACCACACACATAGCT-1,8963,27,483,3234
AACCACACATCCTCAC-1,47,8452,512,3072
AACCACAGTCGATTTG-1,66,10075,768,3305
AACCACAGTTCGCGTG-1,37,11555,651,3207
AACCATGAGACCTCAT-1,62,14408,1199,3934
AACCATGCAAGTACCT-1,28692,170,2171,6348
AACCATGGTGGTCTAT-1,12238,12427,1733,7481
AACCATGTCTTAGGAC-1,64,9549,678,2986
AACCCAAAGATGCGAC-1,32,12361,746,3448
AACCCAAAGCCTCTCT-1,11919,37,770,3854
AACCCAAAGTAACGTA-1,14223,60,903,4303
AACCCAAAGTCATACC-1,23,5428,360,1883
AACCCAACAAACTCGT-1,917,3759,285,1989
AACCCAACAACGCCCA-1,19,4213,328,1662
AACCCAAGTAGACACG-1,49,10610,951,2955
AACCCAAGTCGCACGT-1,9618,29,481,3466
AACCCAATCATCACTT-1,2115,1640,199,2086
AACCCAATCGCCTCTA-1,13338,67,696,4322
AACCCAATCGTGCACG-1,5110,25,364,2373
AACCCAATCTAGCAAC-1,8442,29,382,2997
AACCTGAAGAAGTCCG-1,54,9424,993,2544
AACCTGAAGAATAGTC-1,44,4231,360,1510
AACCTGAAGCGTCAGA-1,11606,62,688,4005
AACCTGAAGGTACCTT-1,2805,1480,207,2264
AACCTGAAGTTCCGTA-1,24,6366,333,2307
AACCTGACAATGCAGG-1,59,10707,1322,3171
AACCTGACACTCCGAG-1,2592,482,182,1754
AACCTGACAGACATCT-1,21,972,50,631
AACCTGACAGCACGAA-1,122,13354,903,3879
AACCTGACATAGGAGC-1,55,13621,796,3734
AACCTGATCACACCCT-1,248,844,28,769
AACCTGATCATGCGGC-1,19,5661,474,1836
AACCTGATCCCTCTTT-1,3771,499,205,2139
AACCTGATCCTGCTAC-1,575,3990,229,2061
AACCTGATCGACCCAG-1,30,8953,846,2501
AACCTTTAGCTGAGTG-1,49,8401,436,2761
AACCTTTGTCTATGAC-1,59,10859,768,3367
AACCTTTTCGCAAGAG-1,25,6556,316,2157
AACCTTTTCTCGTCAC-1,9308,44,389,3024
AACGAAAAGGGTGGGA-1,6986,16,341,2630
AACGAAAAGTGGACTG-1,4919,17,0,1889
AACGAAACAAACCGGA-1,487,1896,236,1253
AACGAAACAAGTTTGC-1,53,9714,728,3030
AACGAAACACCAGCGT-1,60,12409,768,3593
AACGAAATCGCTTGCT-1,11896,56,614,3774
AACGAAATCTACCACC-1,1971,1947,176,2063
AACGAAATCTGAACGT-1,21,8250,333,2434
AACGGGAAGCGTTGTT-1,9955,32,593,3121
AACGGGAAGGTCGTCC-1,19,5259,391,1879
AACGGGACAATAGAGT-1,50,10676,708,3015
AACGGGACACAAGCAG-1,76,11261,489,3366
AACGGGACAGAGTAAT-1,12079,35,594,3694
AACGGGAGTCTGTTAG-1,11136,27,630,3535
AACGGGATCGGCACTG-1,8730,45,815,3321
AACGGGATCGTTCTAT-1,41,1142,60,682
AACGTCAAGCACCGTC-1,9818,36,438,3446
AACGTCACACATAACC-1,557,1187,52,1148
AACGTCACACCTCTGT-1,27,6435,447,2053
AACGTCACATGTCGTA-1,67,13304,1013,3626
AACGTCAGTCCAAAGG-1,44,9962,1348,2996
AACGTCAGTGACTAAA-1,7515,18,490,2595
AACGTCAGTTATGACC-1,7425,30,549,2874
AACTTCTCAAGGTCAG-1,46,9485,822,2846
AACTTCTCACATTCTT-1,9135,29,457,3388
AACTTCTCACGCCACA-1,13978,58,764,4667
AACTTCTCAGCGTGAA-1,2640,234,235,1484
AACTTCTCAGGTGAGT-1,11034,53,605,4064
AACTTCTCAGGTTACT-1,133,20801,1242,4578
AACTTCTGTCCTCAGG-1,76,21035,1432,4451
AACTTCTTCCCGTGAG-1,19,5730,275,1951
AACTTCTTCTACGCAA-1,6484,26,324,2694
AACTTCTTCTGAGTCA-1,1227,391,29,1070
AAGAACAAGACTCTAC-1,39,6900,560,2475
AAGAACAAGGCTTAAA-1,23,5864,417,2192
AAGAACAAGGGCAGTT-1,29,5845,901,2160
AAGAACACACTTGTCC-1,43,765,40,499
AAGAACACATGGTACT-1,30,7941,460,2579
AAGAACAGTCCCTAAA-1,52,9015,544,3094
AAGAACAGTCGACGCT-1,56,10783,1037,3240
AAGAACAGTCTGCATA-1,12006,380,986,3988
AAGAACAGTCTTCAAG-1,8860,17,469,2994
AAGAACAGTGACTGTT-1,516,1900,233,1248
AAGAACAGTTTGATCG-1,18,5942,494,1994
AAGAACATCACACGAT-1,2087,392,91,1489
AAGAACATCACCCTGT-1,9138,52,380,3382
AAGAACATCGCCGTGA-1,26,4463,458,1692
AAGACAAAGCGATGGT-1,18,5260,390,1999
AAGACAACAATACAGA-1,37,9263,563,2888
AAGACAACACGAGGAT-1,25,8613,454,2786
AAGACAACAGCACAAG-1,84,17418,1022,4505
AAGACAAGTAGCTCGC-1,34,7539,690,2253
AAGACAAGTCAGCGTC-1,3,1958,101,931
AAGACAATCGACGATT-1,17235,49,845,4561
AAGACAATCGAGAGAC-1,5845,12,298,2381
AAGACTCAGGCATGGT-1,42,746,101,514
AAGACTCCACCTCAGG-1,1190,2150,202,1805
AAGACTCCACGAGGTA-1,31,10621,424,3176
AAGACTCGTACCGGCT-1,9619,29,650,3522
AAGACTCGTACGTTCA-1,17604,43,987,4269
AAGACTCGTATTCTCT-1,4262,11,226,1994
AAGACTCGTCACGTGC-1,24,8178,493,2778
AAGACTCGTCCGAAAG-1,17,7722,293,2355
AAGACTCGTCCTTAAG-1,44,7709,708,2767
AAGACTCGTCTTGAGT-1,40,8740,559,2604
AAGACTCGTGGATGAC-1,43,7802,686,2390
AAGACTCGTTTGCAGT-1,9238,29,698,3293
AAGACTCTCATTGCCC-1,1972,500,79,1544
AAGATAGAGTATAGGT-1,31,4881,441,2023
AAGATAGAGTCCCGAC-1,509,2770,277,1649
AAGATAGCAGCTTTGA-1,54,9897,477,3213
AAGATAGTCATGCCCT-1,16,3326,171,1462
AAGCATCAGGCCACCT-1,15367,160,934,4694
AAGCATCAGGGTACGT-1,68,12941,815,3593
AAGCATCGTAGAGATT-1,13,5838,212,2025
AAGCATCGTTACAGCT-1,11146,23,124,3174
AAGCATCTCATCGTAG-1,14010,49,902,4027
AAGCATCTCTCGACGG-1,9013,33,634,3391
AAGCCATAGAACGTGC-1,8830,34,511,3093
AAGCCATAGCACTAGG-1,15998,56,1194,4641
AAGCCATAGCGACAGT-1,40,8160,503,2895
AAGCCATAGGCTTAGG-1,20,3336,164,1328
AAGCCATAGTTTGGCT-1,46,11338,1091,3057
AAGCCATCAATAGGGC-1,6707,30,194,2797
AAGCCATCACGTAACT-1,78,12043,809,3454
AAGCCATCAGAGTCAG-1,16549,59,1147,4601
AAGCCATCAGATTCGT-1,11996,80,806,4045
AAGCCATCATATAGCC-1,822,265,32,793
AAGCCATGTAGTCGGA-1,13292,55,1196,3935
AAGCCATGTCACTAGT-1,28294,102,1897,6368
AAGCCATTCCGTAATG-1,12716,37,943,3970
AAGCCATTCTCGTGAA-1,20,7108,229,2443
AAGCGAGAGACAGTCG-1,19,1270,213,650
AAGCGAGAGAGGGTGG-1,8223,3394,707,4297
AAGCGAGAGCCTGACC-1,20,2587,218,655
AAGCGAGAGGTCGTCC-1,9935,28,629,3707
AAGCGAGCAATCAAGA-1,40,10024,628,2941
AAGCGAGCACAACATC-1,3791,10,451,1355
AAGCGAGCAGTTCACA-1,7,1637,75,844
AAGCGAGCATATCTCT-1,17,4207,242,1565
AAGCGAGCATTCTTCA-1,9923,42,695,3436
AAGCGAGGTAAGGCCA-1,10375,32,867,3228
AAGCGAGGTGGCTCTG-1,16,3159,711,1216
AAGCGAGTCCACAAGT-1,10,5386,366,1894
AAGCGAGTCGGCCAAC-1,25177,44,1515,5173
AAGCGAGTCTCAGGCG-1,16,2314,348,594
AAGCGTTAGACATATG-1,13,5755,353,2077
AAGCGTTCACATTGTG-1,15,3294,245,1417
AAGCGTTGTAGGTACG-1,10795,28,816,3266
AAGCGTTTCAAAGGAT-1,7891,15,510,2801
AAGCGTTTCGGATACT-1,13,3465,225,1494
AAGGAATCAACTCCAA-1,19537,100,1226,5270
AAGGAATCAAGTGCAG-1,51,12155,673,3302
AAGGAATCAATGCTCA-1,21171,99,1597,5359
AAGGAATCACATTACG-1,9652,30,495,3298
AAGGAATTCAATGTCG-1,27,7804,368,2720
AAGGAATTCCCTCTCC-1,29,9154,365,2867
AAGGAATTCCCTGTTG-1,59,11514,816,3124
AAGGTAAAGCCTTCTC-1,16,4528,355,1829
AAGGTAAAGTAGTGCG-1,48,7539,259,2400
AAGGTAAAGTGGCGAT-1,5821,99,451,2544
AAGGTAACAAATGCGG-1,12716,52,738,4292
AAGGTAACACTTGTGA-1,12825,51,969,3998
AAGGTAACAGGGAGAG-1,24626,136,2359,5772
AAGGTAAGTACGTACT-1,23,3686,299,1555
AAGGTAAGTAGCACGA-1,975,2469,287,1673
AAGGTAATCCCGAATA-1,13219,219,914,4398
AAGGTAATCCGCGATG-1,21076,47,1220,4634
AAGTACCAGCGTCGAA-1,87,4641,355,1579
AAGTACCAGCTAAACA-1,84,11885,540,3641
AAGTACCAGCTACTAC-1,5149,30,521,2348
AAGTACCCATCTCCCA-1,59,9666,633,2941
AAGTACCGTCTTTCAT-1,11220,52,583,3822
AAGTACCTCAGCAGAG-1,67,11669,745,3280
AAGTACCTCGCGCCAA-1,53,10806,550,3212
AAGTCGTAGAGTGAAG-1,5000,18,9,1946
AAGTCGTAGCGAGAAA-1,109,4554,216,1892
AAGTCGTCACCGCTGA-1,18,4614,408,1557
AAGTCGTCATAGCACT-1,7765,31,839,3164
AAGTCGTTCGCAGTGC-1,9,3922,217,1618
AAGTGAAAGACCAGCA-1,9510,31,678,3112
AAGTGAAAGCCAGTAG-1,61,11117,753,2839
AAGTGAACAACTACGT-1,36,11051,625,3081
AAGTGAACAGAGGCTA-1,31,5689,331,2163
AAGTGAACAGGGAATC-1,43,10893,715,2960
AAGTGAACATGGCACC-1,3316,16,1085,1536
AAGTGAAGTTTGACAC-1,19738,88,1140,5167
AAGTGAATCTGTACAG-1,56,13482,526,3541
AAGTTCGAGAACGTGC-1,6000,19,471,2524
AAGTTCGAGACTCATC-1,14,4269,276,1608
AAGTTCGCACATCATG-1,10807,36,648,3588
AAGTTCGGTATCAAGA-1,83,17210,1117,4301
AAGTTCGGTGAATTAG-1,33,8491,606,2691
AATAGAGCAATCACGT-1,33,6111,402,2307
AATAGAGGTATGACAA-1,9,4029,295,1651
AATAGAGTCAGATGCT-1,13556,48,1051,4034
AATAGAGTCAGGGATG-1,9509,38,538,3156
AATAGAGTCTACCACC-1,10499,54,610,3721
AATAGAGTCTGCGGGT-1,40,6690,619,2303
AATCACGAGGACACTG-1,98,14596,818,3733
AATCACGAGGCTCAAG-1,21,5940,481,2199
AATCACGCATCAGCGC-1,163,1095,70,768
AATCACGCATGCACTA-1,29,2158,74,954
AATCACGGTAACGCGA-1,41,8179,740,2728
AATCACGGTACTTGTG-1,52,11737,887,3466
AATCACGGTCATATGC-1,24805,125,1646,6313
AATCACGTCCATACAG-1,486,866,50,904
AATCACGTCCGATTAG-1,12,3905,256,1584
AATCACGTCTAGCCTC-1,13,4597,210,1874
AATCACGTCTGCTCTG-1,8221,1168,896,3601
AATCGACAGCCGATCC-1,2679,141,96,1373
AATCGACGTCAGGTGA-1,14,2619,0,878
AATCGACGTGGATTTC-1,21,5449,375,1983
AATCGACGTGTTCCAA-1,392,9970,696,3375
AATCGACTCCGCATAA-1,23,6736,276,2404
AATCGACTCGGACCAC-1,10416,32,647,3437
AATCGTGAGGGTACAC-1,5938,23,515,2457
AATCGTGCAAAGAACT-1,17302,57,1029,4578
AATCGTGCAATGACCT-1,38,9968,542,3114
AATCGTGGTCTGCATA-1,8121,250,618,3022
AATGAAGAGAGCCATG-1,15457,66,1112,4424
AATGAAGAGTGCTACT-1,11207,24,593,3582
AATGAAGCAACACTAC-1,19,4464,313,1749
AATGAAGCACTTTATC-1,24,7188,433,2549
AATGAAGGTCAACGCC-1,16,7325,381,2416
AATGAAGGTGAGTCAG-1,20,6074,293,1907
AATGAAGTCGTCTCAC-1,19285,69,1373,4905
AATGACCAGACGACGT-1,16328,74,1145,4782
AATGACCAGGTCCAGA-1,8822,25,337,3121
AATGACCAGTCCCGAC-1,13633,62,653,4332
AATGACCCACACCGAC-1,50,11791,960,3336
AATGACCCACACTTAG-1,2770,1280,257,2103
AATGACCCAGCTGAGA-1,13525,69,676,4929
AATGACCCAGGTTACT-1,366,1417,126,1084
AATGACCTCAAAGGTA-1,16014,76,939,4757
AATGACCTCAGATGCT-1,12701,53,800,4396
AATGACCTCCACTTTA-1,2794,13,111,1467
AATGACCTCCATACTT-1,40,7536,405,2800
AATGACCTCGGCATAT-1,3669,10761,897,5064
AATGCCAAGTGCAAAT-1,33,10048,635,2920
AATGCCACAGATTTCG-1,22769,95,1398,5665
AATGCCAGTGTAGCAG-1,7646,18,570,2884
AATGCCATCGCACGGT-1,10914,35,492,3770
AATGGAAAGACCATGG-1,319,2764,393,1445
AATGGAAAGTTGAAAC-1,9390,32,811,3479
AATGGAACAAGAGTGC-1,9001,33,509,3177
AATGGAACAGCAGACA-1,40,8374,508,2817
AATGGAACATGGCACC-1,8087,7933,794,5665
AATGGAAGTACGAGCA-1,5517,29,531,2106
AATGGAAGTCATGCAT-1,81,12416,894,3363
AATGGAATCTTGAGCA-1,9542,72,664,3383
AATGGCTAGCACTTTG-1,578,1193,85,1124
AATGGCTAGGTAGCCA-1,25,6321,316,2143
AATGGCTCAATGCAAA-1,22490,88,1117,5596
AATGGCTCAGAAATTG-1,78,12392,807,3819
AATGGCTCAGTTGTCA-1,48,10151,1087,2904
AATGGCTCATCGAACT-1,20764,59,974,4639
AATGGCTGTCCTCATC-1,53,13363,779,3913
AATGGCTGTGGTTTAC-1,37,8957,466,3022
AATGGCTGTGTCTTCC-1,11918,67,582,4206
AATGGCTGTTACGCCG-1,25166,95,1432,5695
AATGGCTTCATTACGG-1,5692,7,0,1861
AATGGCTTCATTCATC-1,12385,47,862,3933
AATGGCTTCCATCACC-1,3255,25,463,1717
AATGGCTTCCGCCTAT-1,12,5712,359,2072
AATGGCTTCCTCTTTC-1,13,3356,193,1400
AATGGCTTCTAGACAC-1,44,7235,260,2524
AATTCCTAGACATAAC-1,48,14558,686,3767
AATTCCTAGACGAGCT-1,41,8200,416,2622
AATTCCTAGATAGCAT-1,12739,57,738,4082
AATTCCTAGCTCGAAG-1,12580,53,841,3948
AATTCCTAGGGAGGCA-1,17,4561,344,1837
AATTCCTAGGGCTTCC-1,109,779,51,591
AATTCCTCAATCCAGT-1,53,10496,538,3278
AATTCCTCATATTCGG-1,17146,62,626,4533
AATTCCTGTCGTGCCA-1,58,4171,425,1724
AATTCCTGTGCATTTG-1,74,15542,1464,4081
AATTCCTGTTAGGGAC-1,18382,69,1197,5183
AATTCCTGTTTCGACA-1,14,2167,372,1171
AATTCCTTCATTACCT-1,9789,42,571,3626
AATTCCTTCTAAACGC-1,134,8050,525,2930
AATTCCTTCTATCGGA-1,11801,48,768,3795
AATTTCCAGCCTTTCC-1,57,9789,346,3138
AATTTCCAGTAGGAAG-1,12568,61,599,4009
AATTTCCAGTTTGTCG-1,45,8780,391,2902
AATTTCCCACCTATCC-1,33,4379,301,1764
AATTTCCGTACGGGAT-1,26,966,129,579
AATTTCCGTGGACCTC-1,23437,203,1564,6010
ACAAAGAGTAGATCCT-1,6777,19,330,2674
ACAAAGAGTCTTCATT-1,201,1213,310,809
ACAAAGATCACACCCT-1,9628,25,523,3232
ACAAAGATCTACGGGC-1,40,9351,463,2836
ACAAAGATCTGGGATT-1,86,2036,131,635
ACAACCACAAGTAGTA-1,7116,47,438,2919
ACAACCACATCGCTAA-1,43,7822,544,2642
ACAACCACATGACTGT-1,66,9952,749,3153
ACAACCACATTGAGGG-1,8288,42,535,3241
ACAACCAGTAGACACG-1,10305,50,915,3421
ACAACCAGTATGTCCA-1,2771,208,218,1590
ACAACCAGTCCGACGT-1,20,1571,81,830
ACAACCAGTGCTTCAA-1,39,7455,616,2481
ACAACCAGTTCCCAAA-1,31494,97,1647,5848
ACAACCAGTTGAGTCT-1,9108,34,668,3177
ACAACCATCAATCAGC-1,26,6876,426,2459
ACAACCATCCAGTTCC-1,113,23366,1373,5116
ACAACCATCCCTCGTA-1,774,1807,128,1413
ACAACCATCGGAAGGT-1,2828,343,424,1401
ACAAGCTAGGTGAGAA-1,18,3428,749,568
ACAAGCTAGTTGAAGT-1,5923,17,421,2224
ACAAGCTCAGCCCAGT-1,2958,570,194,1894
ACAAGCTGTGCATACT-1,14333,56,899,3973
ACAAGCTTCAGAATAG-1,67,9926,940,2769
ACAAGCTTCAGTGCGC-1,16,4404,366,1706
ACAAGCTTCGGACCAC-1,116,1619,144,951
ACACAGTAGACCGCCT-1,41,8880,557,2439
ACACAGTCAGGCGATA-1,29,6931,546,2332
ACACAGTCATGTCGTA-1,49,8099,632,2625
ACACAGTGTCATTGCA-1,4609,66,1059,2004
ACACAGTGTTGTGGAG-1,662,7,25,520
ACACAGTTCATCTATC-1,5165,24,341,2401
ACACAGTTCCACAGCG-1,17,1202,5,595
ACACCAAAGCAACTTC-1,39,10748,453,3105
ACACCAAAGCTCCCTT-1,123,28972,1271,5526
ACACCAACACATGAAA-1,21327,102,1429,5291
ACACCAACACGTTGGC-1,13,4719,303,1832
ACACCAACACTTACAG-1,21,7099,328,2406
ACACCAAGTAGTCGGA-1,48,8392,486,2797
ACACCAATCTGGTGCG-1,7084,25,504,2904
ACACGCGAGACTCCGC-1,403,1280,58,1041
ACACGCGAGCCTCTCT-1,1700,1228,90,1775
ACACGCGAGGGCAACT-1,21,6560,430,2260
ACACGCGAGGTCCTGC-1,45,5883,289,2566
ACACGCGCAAGATGGC-1,9540,9347,938,6015
ACACGCGCAAGCAGGT-1,109,20407,1495,4796
ACACGCGCACCTCTAC-1,760,2414,95,1746
ACACGCGCAGCTGCCA-1,19174,79,1487,5036
ACACGCGGTCATACCA-1,51,9564,713,2745
ACACGCGGTCTAACGT-1,23,9877,653,2643
ACACGCGGTTGTACGT-1,11683,40,718,3525
ACACTGAAGAGAACCC-1,16462,44,799,4125
ACACTGAAGGGTTAGC-1,21,5979,302,2031
ACACTGACAGTGTATC-1,34,8575,580,2744
ACACTGAGTATGGGAC-1,36,9987,508,3052
ACACTGAGTGGTAACG-1,28,8286,515,2886
ACACTGATCCGATAGT-1,15327,60,789,4111
ACACTGATCGTAATGC-1,8370,37,556,3007
ACAGAAAAGCGTATAA-1,9023,29,588,3200
ACAGAAACACTTGTGA-1,17333,60,764,4627
ACAGAAACAGGTGTTT-1,70,10056,592,3169
ACAGAAAGTAGGACCA-1,13576,74,924,3852
ACAGAAAGTTGTTGAC-1,9471,41,620,3510
ACAGAAATCGGAGATG-1,20433,92,1397,5537
ACAGAAATCTGGAAGG-1,56,8843,417,2955
ACAGCCGAGCATTTGC-1,42,9340,486,2876
ACAGCCGCAAGCAGGT-1,13448,42,700,4015
ACAGCCGCAAGTTCGT-1,34,12893,667,3674
ACAGCCGCACGCCACA-1,1602,2264,179,2066
ACAGCCGGTATCCCTC-1,5380,32,3,2236
ACAGGGAAGACCATAA-1,41,11021,772,3040
ACAGGGAAGCATGATA-1,45,8572,419,2652
ACAGGGAAGCGTTCAT-1,37,8083,571,2624
ACAGGGAAGGGAGGCA-1,24,3930,377,1519
ACAGGGACACACGGAA-1,34780,135,1615,6722
ACAGGGACATTGAAAG-1,41,9438,624,2903
ACAGGGAGTAATACCC-1,24,1594,101,842
ACAGGGAGTACGAGTG-1,47,13543,737,3442
ACAGGGAGTAGAAACT-1,10376,42,781,3104
ACAGGGAGTCCAGTTA-1,15089,79,1150,4389
ACAGGGAGTCGAGATG-1,2489,7,198,1308
ACAGGGAGTCGTGGAA-1,54,12412,710,3355
ACAGGGAGTTGAAGTA-1,52,10685,897,3191
ACAGGGATCCGCCTAT-1,14665,50,698,3599
ACAGGGATCGAACTCA-1,26,5015,302,1920
ACAGGGATCTCTGACC-1,209,874,44,711
ACATCCCAGGCAGGTT-1,10216,48,1071,3724
ACATCCCCACAGCCTG-1,1677,1501,145,1853
ACATCCCGTACGACAG-1,4415,9,199,1923
ACATCCCGTATGCGTT-1,72,5027,245,1939
ACATCCCGTCAGGTGA-1,12114,44,680,4004
ACATCCCTCACCCATC-1,40,8036,416,2643
ACATCCCTCCATCCGT-1,1767,2299,187,2081
ACATCCCTCCGCCTAT-1,41463,156,2465,7661
ACATCCCTCCGTGTCT-1,49,10917,544,3383
ACATCCCTCCTTCTAA-1,50,9839,519,3271
ACATCCCTCTCCGAGG-1,47,10565,452,3380
ACATCGAAGGACAGTC-1,9617,26,425,3258
ACATCGAAGTCTGCGC-1,5146,18,409,2339
ACATCGACACGACGAA-1,32,8077,458,2689
ACATCGAGTTGATCGT-1,74,14911,930,3996
ACATCGATCCTGCTAC-1,28,7460,444,2441
ACATCGATCGGCGATC-1,7159,19,336,2658
ACATCGATCTGATGGT-1,67,7295,476,2589
ACATGCAAGCCTTCTC-1,23196,100,1851,5849
ACATGCAAGCTATCTG-1,3028,18,431,1081
ACATGCAAGGTCATCT-1,19568,61,691,4620
ACATGCACACATAACC-1,15610,49,770,4593
ACATGCACACGACGCT-1,44,7651,480,2533
ACATGCACATTGAGGG-1,23,6111,186,2258
ACATGCAGTATCTCTT-1,103,19831,1488,4772
ACATGCAGTGTCCGTG-1,21,5104,459,1948
ACATGCATCGATAACC-1,24,6817,281,2436
ACATGCATCGGCTTGG-1,6980,17,391,2720
ACATGCATCTTCACGC-1,61,15571,609,4014
ACATTTCAGACTACCT-1,231,6148,298,2628
ACATTTCAGTAGCTCT-1,4165,61,67,1289
ACATTTCGTAACTAAG-1,204,531,38,548
ACATTTCTCGCTCCTA-1,31,1129,38,684
ACATTTCTCGGTCGAC-1,36,6790,336,2329
ACATTTCTCTATCGTT-1,4810,14,205,2104
ACCAAACAGAATACAC-1,1644,4,0,928
ACCAAACCAAAGGCTG-1,1475,154,68,1045
ACCAAACCACTCTCGT-1,95,15690,1515,4236
ACCAAACGTGCCTGCA-1,42,9872,587,3126
ACCAAACTCAAATAGG-1,77,13450,927,3764
ACCAAACTCAGTCAGT-1,1690,2405,252,2034
ACCAAACTCCGCACTT-1,53,12208,850,3422
ACCAAACTCCTCACCA-1,19208,90,1164,5390
ACCAAACTCGGACAAG-1,2740,11,302,850
ACCAAACTCGTCCTCA-1,29,7979,399,2866
ACCAAACTCGTGCTCT-1,4735,2236,389,3090
ACCAACAAGGAGACCT-1,53,12188,697,3285
ACCAACAAGTAACCTC-1,1078,1381,117,1489
ACCAACAAGTAGCTCT-1,14083,83,802,4241
ACCAACAAGTATGGAT-1,97,14341,869,3957
ACCAACAAGTTGGAAT-1,21,6458,577,2074
ACCAACACAACTGCTA-1,1183,1600,112,1566
ACCAACACACCTGCGA-1,39576,118,1399,7154
ACCAACACACGTTCGG-1,24899,107,1048,5730
ACCAACACATCGCTAA-1,952,2219,286,1759
ACCAACAGTTCCGGTG-1,21894,55,977,5102
ACCAACAGTTTGGAAA-1,7079,35,389,2807
ACCAACATCCACCTGT-1,56,6768,674,2707
ACCAACATCCTATTTG-1,667,498,28,850
ACCAACATCCTCATAT-1,44,10634,443,3279
ACCAACATCTCTGCTG-1,534,981,79,993
ACCACAAAGACCATTC-1,21,4929,196,2095
ACCACAAAGTGGTGAC-1,4347,18,290,1758
ACCACAACAGAATTCC-1,3228,565,210,1961
ACCACAACATCTTAGG-1,89,13390,835,4031
ACCACAAGTCACTACA-1,19480,60,884,4676
ACCACAAGTTCTCGTC-1,1341,490,82,1199
ACCACAAGTTTCGGCG-1,34,7749,435,2649
ACCACAATCCATCTAT-1,2541,396,116,1708
ACCACAATCGCCATAA-1,31446,99,2036,6080
ACCACAATCGCTGCGA-1,19358,68,2228,4954
ACCACAATCGTCGCTT-1,67,13729,935,3788
ACCACAATCTCCGATC-1,22005,88,1293,5506
ACCATTTAGAGCAACC-1,50,8290,702,2695
ACCATTTAGGAACTCG-1,11279,43,712,3713
ACCATTTAGGCGAACT-1,2864,375,144,1672
ACCATTTAGTTGCTGT-1,4188,20,219,2140
ACCATTTCACCGTACG-1,13605,56,733,4069
ACCATTTCACGACCTG-1,15324,31,849,4495
ACCATTTCAGACCATT-1,99,14710,765,4235
ACCATTTCATACTTTC-1,1903,920,77,1699
ACCATTTCATCATGAC-1,20,4336,292,1771
ACCATTTGTATTAAGG-1,18,4553,280,1728
ACCATTTGTATTGGCT-1,13756,72,905,4369
ACCATTTGTCCGGACT-1,8367,25,470,2950
ACCATTTGTGGTACAG-1,9237,36,619,3312
ACCATTTGTTGTCATG-1,13734,76,877,4177
ACCATTTTCAGACCTA-1,817,402,26,900
ACCATTTTCATTACGG-1,20039,56,1106,5046
ACCATTTTCTAGCAAC-1,10004,52,439,3799
ACCATTTTCTTCACAT-1,12,2793,245,1211
ACCCAAAAGACGACTG-1,19,4288,225,1856
ACCCAAAAGGCCACTC-1,67,10336,664,3153
ACCCAAAAGTAGCCAG-1,56,9820,612,3148
ACCCAAACAGGGTTGA-1,23,5737,184,1182
ACCCAAAGTGGCGTAA-1,13,3634,421,1465
ACCCAAAGTTGGGTTT-1,91,20175,1465,4296
ACCCAAATCCAACCAA-1,34,9947,544,3207
ACCCTCAAGTGGACGT-1,171,3177,396,1556
ACCCTCACACCCAAGC-1,858,1993,68,1633
ACCCTCACATATAGCC-1,339,1054,25,897
ACCCTCACATCATCCC-1,24670,78,1383,5788
ACCCTCACATGACCCG-1,38,7423,449,2624
ACCCTCACATGATGCT-1,37,8568,318,2864
ACCCTCAGTCATACCA-1,17188,66,1190,4754
ACCCTCAGTGCCTTCT-1,25610,67,929,5495
ACCCTTGAGGGCCAAT-1,19678,65,707,5319
ACCCTTGAGGTCCTGC-1,35,11891,610,3212
ACCCTTGCAAACCGGA-1,40,10022,582,3061
ACCCTTGCAACGATTC-1,1509,1475,114,1787
ACCCTTGCAAGGCAAC-1,60,14771,757,3921
ACCCTTGCAATTTCTC-1,21976,89,1410,5519
ACCCTTGCAGTAACGG-1,30,2014,124,957
ACCCTTGGTCAATGGG-1,5114,17,603,2074
ACCCTTGGTTTCAGAC-1,6730,22,425,2800
ACCCTTGTCGCGGACT-1,12957,29,389,3922
ACCCTTGTCTACTTCA-1,12450,37,517,4157
ACCCTTGTCTCAACGA-1,9,950,50,581
ACCGTTCAGAAGCGGG-1,20,7119,178,2319
ACCGTTCAGGTACATA-1,83,16933,1227,4366
ACCGTTCAGGTCACTT-1,20090,87,1051,5412
ACCGTTCCAAAGAACT-1,7712,25,417,3167
ACCGTTCCAAAGCTCT-1,673,1796,96,1329
ACCGTTCCATTGTCGA-1,7583,292,433,2663
ACCGTTCGTCGATTCA-1,42,10830,502,3280
ACCGTTCGTGGTCAAG-1,53,14028,830,3660
ACCGTTCTCAAGAAAC-1,61,8266,593,2881
ACCTACCAGACTACCT-1,80,12647,821,3793
ACCTACCCAAGGTCTT-1,96,13418,881,3835
ACCTACCCACAAGCCC-1,23564,109,1437,5906
ACCTACCCAGGTCCGT-1,303,524,13,643
ACCTACCGTCGGCCTA-1,88,15540,1150,4150
ACCTACCGTGTCTCCT-1,8779,40,351,3128
ACCTACCTCACGATAC-1,16831,78,999,4977
ACCTACCTCAGTGATC-1,12681,36,661,3948
ACCTACCTCCTGTAGA-1,43,6341,481,2374
ACCTGAACACCTCTGT-1,185,10669,669,3416
ACCTGAACAGAGGACT-1,12942,74,982,4123
ACCTGAACATACCATG-1,22858,3847,1603,6722
ACCTGAAGTCGACGCT-1,50,7911,638,2741
ACCTGAAGTCGAGATG-1,27513,109,1629,5830
ACCTGAAGTTAGCGGA-1,19,3650,335,1509
ACCTGAATCATCGTAG-1,11389,66,732,4102
ACCTGTCAGCGATGGT-1,318,3216,267,1493
ACCTGTCAGCTGACCC-1,33,8845,423,2888
ACCTGTCAGTTGCGAG-1,9844,39,833,3266
ACCTGTCAGTTGCTGT-1,20608,63,739,5046
ACCTGTCGTACGCTTA-1,9009,31,555,3364
ACCTGTCGTCGATTTG-1,2456,12,0,1173
ACCTGTCGTTCTTAGG-1,7425,23,455,2830
ACCTGTCTCAATCTTC-1,321,3842,202,1791
ACGATCAAGGCTCCCA-1,16,4849,283,1693
ACGATCACAACCCTAA-1,142,14793,862,4183
ACGATCACAATCACGT-1,29,5080,534,1982
ACGATCACATCAGCAT-1,17298,72,1008,5128
ACGATCAGTAGGACCA-1,1003,188,54,862
ACGATCAGTCAGACGA-1,15,5822,363,2129
ACGATCAGTTCATCTT-1,9030,33,406,3077
ACGATCATCGCAGAGA-1,12,4665,422,1674
ACGATGTAGCGAATGC-1,9469,27,613,3235
ACGATGTAGTTAACGA-1,43,9814,493,2919
ACGATGTCAACAAGTA-1,23,7161,419,2403
ACGATGTCACCCGTAG-1,27693,73,1640,6154
ACGATGTCACTAGAGG-1,14,2996,203,1385
ACGATGTCATCTCATT-1,114,18076,1403,4640
ACGATGTTCCAACACA-1,67,15748,750,4208
ACGATGTTCCGTCACT-1,15068,68,1012,4579
ACGCACGCACTACAGT-1,17776,58,995,4774
ACGCACGGTATTGACC-1,12115,43,754,3755
ACGCACGGTGCAACAG-1,9705,24,576,3188
ACGCACGGTTAACCTG-1,8332,33,411,3196
ACGCACGGTTGTGGCC-1,21479,57,1557,5416
ACGCACGTCATTCACT-1,1143,1505,116,1575
ACGCACGTCCGTAGGC-1,22,4376,373,1694
ACGCACGTCGGACCAC-1,6250,19,433,2352
ACGGAAGAGGACATCG-1,3863,17,295,1668
ACGGAAGAGTGGCGAT-1,3473,8,14,1914
ACGGAAGCAATGAGCG-1,14588,35,831,4101
ACGGAAGCATGTGGCC-1,14756,44,828,4606
ACGGAAGGTAATGTGA-1,13737,54,903,4084
ACGGAAGGTCCAGCAC-1,10077,38,657,3059
ACGGAAGGTCGTTGGC-1,17471,46,978,4718
ACGGAAGGTGGTCTAT-1,67,10753,974,2822
ACGGAAGGTGTCTTCC-1,13501,42,901,4092
ACGGAAGTCATGAGGG-1,36,9308,653,2757
ACGGAAGTCATGAGTC-1,22,5264,277,2032
ACGGAAGTCGGCCTTT-1,11718,42,1101,3688
ACGGAAGTCTCAACGA-1,652,14,86,469
ACGGAAGTCTTCCACG-1,56,12699,973,3638
ACGGGTCAGCGATGGT-1,6019,24,329,2239
ACGGGTCAGGTACAGC-1,28,8605,587,2600
ACGGGTCAGTACCATC-1,84,16387,980,3938
ACGGGTCCAGAATTCC-1,1031,13,34,774
ACGGGTCCATGAATCC-1,52,10453,915,3074
ACGGGTCCATGGGTCC-1,22567,43,1119,5393
ACGGGTCTCACCCTCA-1,10737,37,551,3573
ACGGGTCTCTCTCAAT-1,11461,27,393,3630
ACGGTCGAGCATGTTC-1,8463,55,490,2921
ACGGTCGAGTTGCGCC-1,8214,22,334,3127
ACGGTCGCAGCGGTCT-1,37,12796,995,3407
ACGGTCGGTCAGCGTC-1,9674,32,723,3381
ACGGTCGGTGCGTTTA-1,55,15843,1001,3992
ACGGTCGTCGAGATGG-1,48,10579,751,3172
ACGGTTACACGTGAGA-1,20396,82,1268,5114
ACGGTTACACTCTCGT-1,14718,69,1120,4434
ACGGTTACAGAAGTTA-1,8863,51,678,3311
ACGGTTACAGGCACAA-1,51,8506,771,2793
ACGGTTAGTCACCGAC-1,43,11660,606,3303
ACGGTTAGTCTACTGA-1,9654,35,592,3201
ACGGTTAGTGAATATG-1,10059,35,697,3132
ACGGTTAGTGTGTTTG-1,13958,66,1127,4361
ACGGTTATCCATAGGT-1,17572,67,1200,4912
ACGGTTATCGATAACC-1,224,426,11,520
ACGTAACAGGACACTG-1,23,5411,516,1937
ACGTAACAGTCAGGGT-1,27,7463,505,2481
ACGTAACCAGAGCGTA-1,3430,186,372,1697
ACGTAACCAGTGACCC-1,31,786,32,533
ACGTAACGTCATCCGG-1,88,19630,1140,4424
ACGTAACTCCAGTTCC-1,71,16633,906,4007
ACGTAACTCGTGTGAT-1,40,3478,308,1553
ACGTACAAGAGGGTAA-1,50,8060,530,2620
ACGTACAAGGGTGAAA-1,13640,56,996,4296
ACGTACACAAGTGCAG-1,16038,50,1175,4294
ACGTACACACGGTAGA-1,11255,50,749,3798
ACGTACACATAGCACT-1,20,6443,347,2303
ACGTACAGTACTCGAT-1,60,10837,775,3105
ACGTACAGTATCACGT-1,22123,104,1401,5510
ACGTACAGTCCGCAGT-1,348,1202,124,957
ACGTACAGTGGGTATG-1,51,8786,701,2597
ACGTACATCATCTGTT-1,4161,14,168,1983
ACGTACATCCGTAATG-1,19799,61,1491,5095
ACGTAGTAGTATGGAT-1,18,3538,257,1420
ACGTAGTCAAGTTCCA-1,39,12367,741,3272
ACGTAGTCATTGAAAG-1,21,5032,347,1899
ACGTAGTGTCACTGAT-1,5073,43,1296,1978
ACGTAGTGTCGAACAG-1,32,5341,578,1842
ACGTAGTGTGTGCCTG-1,20551,105,1834,5182
ACGTAGTTCACAATGC-1,997,4164,248,2312
ACGTAGTTCATATGGC-1,20,4824,177,2218
ACGTAGTTCTTAATCC-1,22,5144,334,2012
ACGTCCTAGACAGTCG-1,16,3830,336,1560
ACGTCCTAGCTCGACC-1,13613,39,683,3981
ACGTCCTCAAGATGGC-1,3480,358,429,1969
ACGTCCTCAATCGAAA-1,9631,30,440,3360
ACGTCCTCACCAAATC-1,1467,759,69,1429
ACGTCCTCACCTCGTT-1,24,2151,96,1146
ACGTCCTCAGAGATTA-1,39850,185,2679,7116
ACGTCCTGTGGATTTC-1,25807,77,1344,5637
ACGTCCTGTTAAGACA-1,17,6565,393,2361
ACGTCCTTCATCCTGC-1,280,950,25,802
ACGTTCCAGAGGCGTT-1,11138,41,902,3530
ACGTTCCAGCCGTTAT-1,37,7313,626,2505
ACGTTCCCAACATCGT-1,40,10062,461,3225
ACGTTCCCACAGCATT-1,18,5442,241,2102
ACGTTCCGTAGCGCCT-1,19231,83,1218,5293
ACGTTCCGTTGGCTAT-1,6055,19,492,2660
ACGTTCCGTTGTGGAG-1,55,12387,824,3597
ACGTTCCTCTCTGGTC-1,1762,1412,116,1927
ACTACGACAATTAGGA-1,7919,26,644,2814
ACTACGACACTGGACC-1,14962,61,733,4092
ACTACGAGTCTTGCGG-1,65,12691,868,3525
ACTACGATCAAGAGGC-1,38,9426,635,2862
ACTACGATCAATCCGA-1,12158,48,364,3882
ACTACGATCGGAATTC-1,32,5346,380,2055
ACTACGATCGTAGTCA-1,33,6392,596,2251
ACTACGATCGTTGCCT-1,17,3700,192,1656
ACTACGATCTAGACAC-1,22,7104,440,2345
ACTACGATCTGCCTCA-1,1785,208,109,1214
ACTATCTAGAGTAACT-1,92,8457,685,2898
ACTATCTAGCCGATCC-1,65,14511,740,3852
ACTATCTAGGACAGTC-1,3272,218,535,1608
ACTATCTCAAATCAGA-1,56,8260,601,2846
ACTATCTGTATCGCGC-1,20,5267,194,2113
ACTATCTGTCGTGGTC-1,61,17290,819,4063
ACTATCTTCAGCTGTA-1,9086,45,553,3519
ACTATGGAGATACCAA-1,21328,60,1238,5306
ACTATGGAGCATCAGG-1,65,13509,1151,3737
ACTATGGAGTATAGGT-1,18813,83,1633,5319
ACTATGGAGTCACTAC-1,65,8173,467,2798
ACTATGGAGTTAGTGA-1,27,2898,608,1185
ACTATGGAGTTCAACC-1,6170,24,217,2573
ACTATGGCAACAAGTA-1,53,7272,507,2799
ACTATGGCACAGCCTG-1,55,696,54,523
ACTATGGCACTACAGT-1,8527,25,528,3141
ACTATGGCATCCGAAT-1,2979,1850,213,2387
ACTATGGTCACATCAG-1,10587,55,399,3848
ACTATGGTCCAACCGG-1,23,6671,296,2376
ACTATTCAGACTACCT-1,714,1909,122,1382
ACTATTCAGTTGGACG-1,2110,3260,478,2684
ACTATTCCACACACTA-1,26044,99,1284,6175
ACTATTCCACTGTCCT-1,1575,69,68,1039
ACTATTCCAGCTTCCT-1,94,16356,1013,4468
ACTATTCGTACACTCA-1,23,8068,517,2830
ACTATTCGTATGCGGA-1,26,8817,41,2366
ACTATTCGTCAGATTC-1,41,8554,395,2716
ACTATTCGTCCTCATC-1,2066,78,71,1207
ACTATTCTCATCGGGC-1,64,8423,385,2660
ACTATTCTCGTGTCAA-1,8183,11713,1738,6436
ACTATTCTCTGCGATA-1,9713,39,573,3477
ACTATTCTCTTGATTC-1,13,3249,228,1355
ACTCCCAAGATGTAGT-1,18535,73,1583,5004
ACTCCCAAGGCTATCT-1,17273,50,789,4455
ACTCCCACAACCGGAA-1,15430,47,677,4079
ACTCCCACAACTAGAA-1,14325,50,806,4048
ACTCCCAGTCATGCAT-1,43,13654,720,3483
ACTCCCAGTTGCACGC-1,7812,30,467,3200
ACTCCCATCCATATGG-1,21,4940,243,2091
ACTCCCATCCGAACGC-1,18306,168,1353,5034
ACTCTCGAGACCAAGC-1,26,11096,628,3056
ACTCTCGAGTTGTACC-1,7829,25,608,3104
ACTCTCGCATACCACA-1,27,3189,212,1476
ACTCTCGGTGGACAGT-1,6398,16,282,2455
ACTCTCGTCATTTACC-1,11,1027,52,616
ACTCTCGTCCCTCTTT-1,16130,81,1044,4502
ACTGATGAGCATCTTG-1,49,9852,767,3040
ACTGATGCAAGGAGTC-1,9015,33,581,2980
ACTGATGGTGATGTAA-1,26,782,56,510
ACTGATGTCTATGCCC-1,19,4413,205,1816
ACTGCAACAAGTATCC-1,8383,29,486,2987
ACTGCAAGTTTCACAG-1,64,12251,1147,3100
ACTGCAATCCGTGACG-1,126,20371,1209,4906
ACTGCAATCTACAGGT-1,9470,34,574,3388
ACTGCAATCTGCGGAC-1,7907,27,451,3111
ACTGCAATCTGTGCTC-1,25834,143,1188,6297
ACTGTCCAGACGCTCC-1,6214,27,588,2832
ACTGTCCAGATGATTG-1,6843,16,435,2493
ACTGTCCAGGTTGAGC-1,45,11934,880,3242
ACTGTCCAGTAGCTCT-1,9123,42,554,3272
ACTGTCCAGTTGTCAC-1,41,7676,539,2733
ACTGTCCCAAGCTGCC-1,42,852,36,584
ACTGTCCCAAGTGGGT-1,1504,9,42,1008
ACTGTCCCAATGCTCA-1,5120,36,1200,2385
ACTGTCCGTACACTCA-1,33,9320,353,3008
ACTGTCCGTATATGGA-1,56,8779,611,2841
ACTGTCCGTGACAACG-1,18416,75,1077,4896
ACTGTCCGTGTTCATG-1,20,9566,547,2790
ACTGTCCTCTATTTCG-1,7718,26,356,2955
ACTGTGAAGAACAAGG-1,36688,149,2744,6765
ACTGTGAAGTGGACGT-1,70,12631,774,3761
ACTGTGACAGGTGGAT-1,8875,30,509,3478
ACTGTGATCATCTACT-1,19,5200,289,1929
ACTGTGATCTGGGCGT-1,6952,20,446,2545
ACTGTGATCTTAAGGC-1,12129,55,1412,3831
ACTTAGGCATGAAAGT-1,20,1248,110,673
ACTTAGGGTGAGCCAA-1,21,3959,246,1545
ACTTAGGGTGCCTGCA-1,233,771,45,717
ACTTATCAGCGATGCA-1,8619,22,449,2983
ACTTATCAGCTGAAGC-1,1968,5,121,1100
ACTTATCAGCTGGCCT-1,553,620,45,854
ACTTATCAGCTGTGCC-1,64,10840,663,3510
ACTTATCAGTGTTGTC-1,18,6402,306,2180
ACTTATCCAATGGGTG-1,6167,22,263,2370
ACTTATCCAATGTCAC-1,830,2029,72,1580
ACTTATCGTACCGGCT-1,48,9867,547,2897
ACTTATCGTCCTTAAG-1,20,830,36,552
ACTTATCGTGTGTGGA-1,30,10114,514,2996
ACTTATCTCCACGTCT-1,6518,24,338,2542
ACTTATCTCCGACGGT-1,68,14562,1003,3879
ACTTATCTCGTGCATA-1,11308,41,704,3743
ACTTCCGAGGGTTGCA-1,214,977,64,802
ACTTCCGCAAACTAGA-1,46,7542,602,2484
ACTTCCGCACGTCATA-1,39,9606,306,2974
ACTTCCGCACTATCGA-1,38,9381,714,2957
ACTTCCGGTAAGCTCT-1,22,6569,375,2219
ACTTCCGGTTAGGACG-1,63,15890,782,4094
ACTTCCGGTTCGTGCG-1,4676,21,290,2063
ACTTCGCAGAGAGAAC-1,14006,55,848,3788
ACTTCGCAGGCCATAG-1,11,5561,370,2010
ACTTCGCGTCATACCA-1,35,9962,645,2885
ACTTCGCGTCTACAAC-1,255,904,20,774
ACTTCGCTCCGGTTCT-1,32,6160,448,2272
ACTTCGCTCTGAACGT-1,76,15879,1077,4153
ACTTTCACAATTGCGT-1,11,2907,138,1396
ACTTTCACATTCAGGT-1,2733,1671,423,2206
ACTTTCAGTCCAAATC-1,473,1037,49,961
ACTTTCAGTCCGGACT-1,25,4475,292,1746
ACTTTCAGTGGCTGCT-1,9,2007,179,601
ACTTTCAGTGGTATGG-1,13168,51,854,4236
ACTTTCAGTTAGCGGA-1,15,3135,449,1436
ACTTTGTAGACATAAC-1,6846,21,312,2768
ACTTTGTAGCATTGAA-1,75,12384,822,3694
ACTTTGTAGGCTCCCA-1,7390,21,351,2751
ACTTTGTGTATCGCAT-1,9025,31,304,3257
ACTTTGTGTGGCCACT-1,4695,11,244,2129
ACTTTGTTCGTCACCT-1,8968,55,558,3543
ACTTTGTTCTCAACGA-1,21853,81,1136,5939
AGAAATGAGACTACGG-1,7798,34,505,2933
AGAAATGAGAGCAGCT-1,25,5011,398,1768
AGAAATGAGGACTGGT-1,1891,18,97,1083
AGAAATGCAACCTAAC-1,22,696,18,482
AGAAATGCAACTCCAA-1,77,11506,590,3251
AGAAATGCAAGAGGCT-1,15872,166,986,4944
AGAAATGCAAGTCCCG-1,64,12190,763,3540
AGAAATGCACAGCGCT-1,85,18459,1146,4436
AGAAATGCACTCCACT-1,9415,48,680,3245
AGAAATGCATAACAGA-1,8087,21,322,2760
AGAAATGGTAAGTCAA-1,10573,42,924,3556
AGAAATGGTAGAATGT-1,17166,121,1130,4810
AGAAATGGTCAATGGG-1,7274,27,452,2635
AGAAATGGTCATTGCA-1,114,20371,1051,4718
AGAAATGTCAACTACG-1,14354,56,1054,4222
AGAAATGTCCGATGCG-1,207,881,35,741
AGAAATGTCGCCTTTG-1,6757,26,312,2629
AGAACAAAGATGCTAA-1,13740,54,868,4004
AGAACAAAGCAGCACA-1,8219,25,506,2929
AGAACAAAGCGACCCT-1,11759,33,500,3392
AGAACAAAGGATACAT-1,259,6393,380,2040
AGAACAAAGTAACCTC-1,406,1596,96,1143
AGAACAACACGTCGGT-1,7,3917,243,1608
AGAACAACAGGCACTC-1,58,8934,737,2865
AGAACAAGTCAGTTTG-1,70,11591,685,3516
AGAACAAGTCTGTGGC-1,50,8971,509,2958
AGAACCTAGTAGAGTT-1,8415,19,421,2964
AGAACCTAGTTTGAGA-1,17292,79,1332,5002
AGAACCTCACCGTGCA-1,19097,75,1409,5144
AGAACCTCAGGGCTTC-1,48,12541,578,3500
AGAACCTCATGGGAAC-1,9951,24,516,3204
AGAACCTGTACGTGTT-1,6392,19,403,2327
AGAACCTGTAGTCTGT-1,23520,84,1714,5715
AGAACCTGTATGAGCG-1,15,3755,279,1581
AGAACCTGTTCTCCCA-1,57,11340,646,3461
AGAACCTTCCAATCTT-1,8012,26,209,3026
AGAACCTTCGGATACT-1,56,7642,332,2532
AGAAGCGAGAAACTCA-1,35,11961,720,3403
AGAAGCGAGGCTCACC-1,5831,21,306,2447
AGAAGCGCACCAGCCA-1,4776,10,393,1941
AGAAGCGCATTAAAGG-1,22,6003,299,2106
AGAAGCGGTTAGCTAC-1,6483,11,593,2366
AGAAGCGGTTCAGCGC-1,1227,63,29,853
AGAAGTAAGAGCACTG-1,49,8769,536,2764
AGAAGTAAGCGAATGC-1,5197,20,286,2218
AGAAGTAAGCTTACGT-1,27,9232,393,2835
AGAAGTAAGGTAAGGA-1,153,3306,736,1465
AGAAGTACAAGCACAG-1,78,9217,535,2976
AGAAGTACAGCCTACG-1,8740,5384,877,5361
AGAAGTACAGTGGCTC-1,54,12006,1085,3470
AGAAGTAGTACGATTC-1,5828,19,340,2193
AGAAGTAGTAGCGAGT-1,12793,40,971,3858
AGAAGTAGTCCTGGGT-1,6602,82,911,2702
AGAAGTAGTCGAACAG-1,28,7509,323,2506
AGAAGTAGTGGGCTCT-1,51,10947,853,3169
AGAAGTATCACAATGC-1,106,12294,506,3814
AGACAAAAGCATGCAG-1,14400,49,972,4059
AGACAAACAACGGCTC-1,402,1786,195,1223
AGACAAACAATAGAGT-1,64,746,19,578
AGACAAATCATGTCAG-1,16100,53,995,4511
AGACAAATCGAGGCAA-1,10,2986,168,1272
AGACACTAGCTGGTGA-1,16271,88,1367,4755
AGACACTAGTAGCCAG-1,8516,32,500,3304
AGACACTCAATAGTAG-1,34,7501,394,2588
AGACACTCAGAGGCAT-1,8918,24,307,3217
AGACACTGTCCACTTC-1,35,10639,586,3355
AGACACTGTGATACCT-1,121,14794,736,3936
AGACACTTCAAGCGTT-1,21,3967,249,1679
AGACAGGAGATTCGCT-1,13,2531,0,868
AGACAGGAGGAACTAT-1,55,11220,539,3341
AGACAGGCACATGAAA-1,8290,26,506,2906
AGACAGGGTAGCTTGT-1,35,7100,480,2447
AGACAGGGTGCTCTCT-1,28,3377,285,1426
AGACAGGTCCCTGTTG-1,4038,720,446,2307
AGACAGGTCTCCATAT-1,24826,118,1827,6008
AGACCATCATGAAAGT-1,27466,115,1807,6631
AGACCATGTGCCGTTG-1,2389,279,214,1490
AGACCATGTTTACGTG-1,16798,73,1037,4704
AGACCATTCATGGGAG-1,32,7301,315,2229
AGACCATTCCGAAGGA-1,23,5990,373,2094
AGACCATTCTCACTCG-1,13348,31,756,3775
AGACCATTCTTTGCTA-1,746,2400,121,1621
AGACCCGAGAAACCCG-1,23294,103,1128,5773
AGACCCGAGGGAGTTC-1,14273,35,1210,3999
AGACCCGCACACCTTC-1,2240,56,93,1278
AGACCCGCACGCAGTC-1,18676,66,1263,5026
AGACCCGCATTCCTCG-1,32,9529,384,2972
AGACCCGGTCTGTCAA-1,7158,23,384,2706
AGACCCGTCATTCCTA-1,14391,68,1192,4556
AGACCCGTCCTTCAGC-1,31,4751,293,1946
AGACCCGTCGGACGTC-1,14118,45,1530,3938
AGACCCGTCGTCCATC-1,11931,47,595,3897
AGACTCAAGAATAACC-1,84,10765,793,3176
AGACTCAAGTGCGCTC-1,11497,40,714,3656
AGACTCAGTGGACAGT-1,10742,46,673,3526
AGACTCATCGTTGTAG-1,5537,22,281,2301
AGACTCATCTACTTCA-1,10543,7242,1330,6273
AGAGAATCAGAATGTA-1,91,12772,815,3841
AGAGAATGTACGAGTG-1,9509,30,625,3045
AGAGAATTCATATGGC-1,23257,103,1557,5774
AGAGAATTCCTACAAG-1,46,8657,711,2756
AGAGAGCAGAAAGTCT-1,59,7098,377,2443
AGAGAGCAGCGGTATG-1,8229,7880,1063,5418
AGAGAGCCAATCGAAA-1,6542,22,406,2690
AGAGAGCCAATCGCAT-1,7750,25,296,2919
AGAGAGCCACACGTGC-1,14839,62,992,4527
AGAGAGCCATCTTTCA-1,10338,35,476,3192
AGAGAGCGTAGGACTG-1,16,4531,292,1802
AGAGAGCTCCAACTGA-1,62,12191,849,3124
AGAGAGCTCGAGAACG-1,9052,20,541,2996
AGAGCAGCAGTTCCAA-1,12460,13658,1900,7321
AGAGCAGCATTATGCG-1,21081,70,1618,5233
AGAGCAGTCGATTTCT-1,12653,40,549,3766
AGAGCAGTCGTTCAGA-1,164,5060,422,2004
AGAGCCCAGACTTCGT-1,13071,54,814,3709
AGAGCCCAGTGATAGT-1,6604,24,372,2480
AGAGCCCCAAAGGCAC-1,22,6586,365,2137
AGAGCCCCACACGGAA-1,19628,40,1472,4768
AGAGCCCGTATCAGGG-1,103,16743,1029,4363
AGAGCCCGTATCGCTA-1,6119,21,379,2550
AGAGCCCGTTTAGACC-1,22,6225,442,2092
AGAGCCCTCCTAGCGG-1,9683,40,635,3424
AGAGCCCTCTAAGGAA-1,20,5067,492,1780
AGATAGAAGAAGGGAT-1,9874,36,771,3116
AGATAGAAGACATGCG-1,16,3641,265,1488
AGATAGAAGTAAGCAT-1,9490,50,670,3314
AGATAGACAAACCATC-1,31,5621,303,2005
AGATAGAGTTGGCCTG-1,11234,59,795,3780
AGATCCACACTGTCCT-1,19260,67,830,5279
AGATCCAGTCGCGTCA-1,20,5773,260,2310
AGATCCAGTTAATCGC-1,21,668,44,453
AGATCCATCGCAATTG-1,22118,83,373,5758
AGATCGTAGAATACAC-1,35,6219,553,2162
AGATCGTCAAAGCTAA-1,44,7077,612,2516
AGATCGTCACATGAAA-1,7654,34,272,2800
AGATCGTCACGGTAGA-1,5750,22,558,2384
AGATCGTGTCGGTAAG-1,44,7902,544,2681
AGATCGTGTTAAACCC-1,8190,38,518,2910
AGATCGTTCCCATTCG-1,16248,54,1076,4716
AGATGAAAGAGGTTAT-1,24,6692,311,2351
AGATGAACAAAGGAGA-1,16,2726,217,1102
AGATGAACAACTGTGT-1,6,936,3,507
AGATGAACACCTCTAC-1,4511,21,216,2086
AGATGAACAGTCAACT-1,904,2037,146,1549
AGATGAACATAATGCC-1,107,13416,607,4129
AGATGAAGTTAGGAGC-1,34,9022,562,2662
AGATGAATCAGGTAAA-1,17608,93,1098,5059
AGATGAATCATCGCAA-1,10261,37,726,3423
AGATGAATCCGTTGAA-1,236,6716,429,2672
AGATGCTAGCCTAGGA-1,32,6449,557,2263
AGATGCTAGTGCAAAT-1,10624,9461,2120,6182
AGATGCTCAATGACCT-1,26,7819,320,2572
AGATGCTGTCTCACAA-1,34,7670,539,2676
AGATGCTGTGGCTGAA-1,142,12353,612,3356
AGATGCTTCGAACTCA-1,55,9397,788,2797
AGATGCTTCGCGCTGA-1,29,9852,832,2719
AGCATCAAGACGGATC-1,95,16168,932,4362
AGCATCAAGCAAGGAA-1,65,7044,548,2331
AGCATCAAGGTGCAGT-1,7650,31,422,2883
AGCATCACACAACATC-1,23,5211,314,2000
AGCATCACAGAACTTC-1,72,14807,660,3752
AGCATCACAGTCAGTT-1,117,1227,56,839
AGCATCACATACACCA-1,1918,71,70,1192
AGCATCACATGCAGCC-1,1398,442,47,1188
AGCATCACATGCCGAC-1,50,15121,817,4147
AGCATCAGTAGCGAGT-1,11149,44,582,3713
AGCATCAGTGATAGAT-1,111,16957,1076,4015
AGCATCAGTGCATTTG-1,14,4653,304,1795
AGCATCAGTTGGGATG-1,22,6661,426,2211
AGCATCATCAAGATAG-1,52,10724,967,2861
AGCATCATCCACTTTA-1,69,12233,498,3416
AGCCAATCAAACAGGC-1,1430,1920,191,1812
AGCCAATCACCCTAAA-1,104,15211,1090,3865
AGCCAATCAGAAACCG-1,14524,66,911,4333
AGCCAATGTCGATGCC-1,43,9233,580,2815
AGCCAATGTGAATGAT-1,2049,2785,788,2344
AGCCAATTCCCACAGG-1,6951,23,306,2735
AGCCACGAGAATTGTG-1,7212,25,384,2684
AGCCACGAGACCGCCT-1,12482,39,777,3978
AGCCACGAGGAAACGA-1,10047,28,515,3535
AGCCACGCAGACCGCT-1,31108,89,1612,6576
AGCCACGGTATGAGGC-1,14617,58,1030,4301
AGCCACGGTCGAACGA-1,38,7902,640,2632
AGCCACGGTTGCAACT-1,142,4454,105,1022
AGCCACGTCGAGTCCG-1,25,7169,381,2545
AGCCACGTCTCGGGAC-1,1255,10,426,535
AGCCAGCAGCTGAAGC-1,28,6568,451,2329
AGCCAGCAGTCTTCCC-1,8953,34,628,3191
AGCCAGCGTAGGCTCC-1,101,23243,1252,4830
AGCCAGCGTTGACTAC-1,8813,21,443,3050
AGCCAGCTCGATACTG-1,28,6716,431,2192
AGCGATTAGAAGCCTG-1,15140,51,506,4326
AGCGATTAGATCGACG-1,7237,18,417,2724
AGCGATTAGGCAGCTA-1,7501,29,277,2905
AGCGATTTCGAAGCCC-1,52,14859,774,3978
AGCGATTTCGATCCAA-1,100,16987,933,4171
AGCGCCAAGGGCCCTT-1,64,19204,881,4518
AGCGCCAAGTCGAGGT-1,20,540,39,395
AGCGCCACATATCTCT-1,6471,14,397,2534
AGCGCCAGTCGAGTGA-1,18332,84,1379,5174
AGCGCCAGTGTCCACG-1,75,10785,916,3242
AGCGCCATCATAGGCT-1,18783,65,1103,4852
AGCGCCATCCTACAAG-1,357,1251,66,975
AGCGCCATCGGACGTC-1,33,9570,609,2857
AGCGCCATCGTGCACG-1,47,10474,933,3341
AGCGCCATCTGCTTTA-1,8768,26,683,3287
AGCGCTGCAACCGCTG-1,11781,24,719,3658
AGCGCTGCAATTCTCT-1,36,5854,308,2207
AGCGCTGCAGATCATC-1,13923,39,898,3914
AGCGCTGCATAATCCG-1,38,9020,286,2936
AGCGCTGTCCAAAGGG-1,24,9569,497,3032
AGCGCTGTCCAGCTCT-1,16,5880,281,2081
AGCGCTGTCGCGAAGA-1,80,11631,414,3250
AGCGCTGTCTGATTCT-1,13435,55,883,3950
AGCGCTGTCTTCGTGC-1,38,11096,654,3153
AGCGTATAGATAGTCA-1,69,12639,916,3625
AGCGTATCAATGCAGG-1,45,8695,904,2864
AGCGTATCACGCTGTG-1,61,14820,823,3608
AGCGTATCAGGTGAGT-1,8879,58,384,3363
AGCGTATGTCATCAGT-1,50,7242,514,2471
AGCGTATGTTACAGCT-1,5643,40,458,2326
AGCGTATTCCATCACC-1,42,11110,583,3136
AGCGTATTCCCGTGTT-1,112,15560,1108,3497
AGCGTATTCCGCCTAT-1,58,9580,541,2854
AGCGTCGAGAAATGGG-1,2224,2,111,1207
AGCGTCGAGAGAGCCT-1,3,1107,64,609
AGCGTCGAGCATAGGC-1,9,4648,208,1925
AGCGTCGAGCCGATTT-1,22,4596,292,1779
AGCTACAAGAGTCTGG-1,14842,52,951,4247
AGCTACAAGATCCCGC-1,11054,31,434,3840
AGCTACACAAAGGATT-1,52,10777,575,3382
AGCTACACAAGTTCCA-1,72,8750,449,3045
AGCTACACACGTAGTT-1,25424,96,1728,5647
AGCTACACATGTAACC-1,73,10261,603,3226
AGCTACAGTTGGCTAT-1,12794,67,1116,4157
AGCTACATCCCGTGTT-1,2101,15,110,1205
AGCTCAACAGCACAAG-1,30,7311,461,2730
AGCTCAACATGACTCA-1,1555,2130,431,1770
AGCTCAAGTGTATTCG-1,26,5874,453,1983
AGCTCAATCACATACG-1,102,17380,998,4692
AGCTCAATCCCATTCG-1,72,14737,750,3899
AGCTCAATCCTCTAAT-1,3057,1156,172,2181
AGCTCAATCGTACACA-1,13256,55,737,3994
AGCTTCCCAACGATTC-1,2266,19,114,1208
AGCTTCCCAGAGTCTT-1,14,5060,360,1908
AGCTTCCGTCCGGTCA-1,25,8209,451,2635
AGCTTCCGTTCCGGTG-1,39,9788,853,3119
AGCTTCCGTTGTGTAC-1,3084,20,3,1346
AGCTTCCTCAACACGT-1,28,11421,441,3398
AGCTTCCTCACTGTCC-1,60,10600,735,3351
AGCTTCCTCATCTGTT-1,18,5977,357,2194
AGCTTCCTCCAAACCA-1,46,7390,375,2603
AGCTTCCTCCCACAGG-1,106,5768,325,2147
AGCTTCCTCGAAATCC-1,21,4536,198,1713
AGGAAATCAAATTGCC-1,10660,39,509,3614
AGGAAATCAACCAATC-1,15,3850,413,849
AGGAAATCACAGTATC-1,20281,96,1319,4922
AGGAAATCACTTGTGA-1,12933,32,715,4019
AGGAAATCAGATTCGT-1,1903,247,39,1169
AGGAAATCAGCCTTCT-1,8564,30,528,3006
AGGAAATTCAACACGT-1,48,9151,815,2846
AGGAAATTCAACCGAT-1,52,9692,528,3129
AGGAAATTCTTCTAAC-1,27,5552,235,2027
AGGAATAAGATTGTGA-1,3062,8,2,1304
AGGAATAAGCCTAACT-1,7911,24,399,2996
AGGAATACAAGTGGCA-1,4783,22,312,2155
AGGAATACAGGATGAC-1,46,8331,557,2728
AGGAATAGTCGCATTA-1,8,4181,327,1593
AGGAATAGTGGTCCCA-1,60,7978,574,2449
AGGAATAGTTAAGAAC-1,23258,71,1154,5315
AGGAATATCTGAGAAA-1,7173,25,392,2640
AGGACGACACCGCTAG-1,18076,76,864,4920
AGGACGAGTATCTCTT-1,29,4584,347,1823
AGGACGAGTCTTCCGT-1,49,15028,760,3834
AGGACGAGTTGCCAAT-1,8237,31,396,2821
AGGACGAGTTGGGATG-1,20,1695,81,793
AGGACGATCGGTAGGA-1,10050,41,802,3028
AGGACTTAGTATAGGT-1,4515,24,307,1999
AGGACTTCAGAGTGAC-1,11516,51,1079,3572
AGGACTTCATCAGTGT-1,11584,54,732,3824
AGGACTTGTATATGGA-1,16402,68,1060,4443
AGGACTTGTGTCGCTG-1,11,4519,216,1683
AGGACTTGTGTTACAC-1,18,4538,246,1813
AGGACTTTCGGAGTGA-1,12370,40,909,3889
AGGACTTTCTTCACAT-1,5335,20,304,2468
AGGAGGTAGCTCGAAG-1,3172,15,39,1401
AGGAGGTAGGCCGCTT-1,14,8637,327,2632
AGGAGGTCAAAGCTAA-1,6867,28,386,2653
AGGAGGTTCACTTTGT-1,19,4060,276,1747
AGGAGGTTCAGCTAGT-1,9,3201,395,1364
AGGAGGTTCCTCTAGC-1,48,9189,430,2949
AGGAGGTTCTTCGTGC-1,118,8832,507,2895
AGGATAAAGGCCACCT-1,1590,6,8,948
AGGATAAAGGTAGCAC-1,18,677,60,451
AGGATAACAAGTTGGG-1,7683,28,487,2909
AGGATAACACAAGTTC-1,13781,57,789,4113
AGGATAACACGACCTG-1,15267,45,1003,4572
AGGATAACAGACGCTC-1,55,10396,817,3087
AGGATAACATCACGGC-1,10246,34,642,3383
AGGATAAGTGAATATG-1,12555,88,968,3913
AGGATAAGTGCAACAG-1,6023,26,323,2151
AGGATAATCGGTCGGT-1,14868,61,1078,4180
AGGATAATCTAACGGT-1,4023,11,238,1799
AGGATCTAGCCACCGT-1,85,16158,1043,4320
AGGATCTCACCATTCC-1,1471,383,38,1211
AGGATCTCATTGACTG-1,55,10878,806,3198
AGGATCTGTCACGCTG-1,8144,27,421,3100
AGGATCTGTGGAGAAA-1,98,17837,1085,4116
AGGATCTGTTGGTGTT-1,37,5913,396,2145
AGGATCTTCTTAGCCC-1,46,10515,585,3123
AGGATCTTCTTCACAT-1,25,4880,299,1928
AGGCATTAGAAACTCA-1,7186,37,453,2749
AGGCATTAGCTGAAAT-1,6390,27,341,2849
AGGCATTAGGCTTAGG-1,13088,52,480,4379
AGGCATTCAACGGCTC-1,25,6396,298,2272
AGGCATTCAGGCACAA-1,16075,43,510,4356
AGGCATTGTATCCCTC-1,44,6316,581,2484
AGGCATTGTGTATCCA-1,21,5009,405,1893
AGGCATTTCTCTAGGA-1,9,2169,0,807
AGGCCACAGAATCGTA-1,2809,216,358,1508
AGGCCACAGAGAGTTT-1,7551,21,416,2711
AGGCCACAGATGTTAG-1,54,11740,859,3226
AGGCCACAGTGAGGTC-1,6442,20,440,2631
AGGCCACCAAACCATC-1,4722,594,344,2468
AGGCCACCAGTTTCGA-1,62,18104,1118,4368
AGGCCACCATCAGCGC-1,27,7194,372,2404
AGGCCACGTACATACC-1,36,5795,372,2220
AGGCCACGTCAAGTTC-1,38,6370,544,2243
AGGCCACGTGAGTTTC-1,48,14191,629,3890
AGGCCACGTTACTCAG-1,1380,1405,155,1646
AGGCCACGTTTACTGG-1,26,785,49,515
AGGCCACTCGACCATA-1,21886,107,1526,5692
AGGCTGCAGCAGATAT-1,22,852,34,569
AGGCTGCAGGAACATT-1,5527,14,345,2131
AGGCTGCAGGTACAGC-1,14379,51,1092,4063
AGGCTGCCAGGGAGAG-1,57,9772,736,3168
AGGCTGCGTATCCTTT-1,27,9708,551,3035
AGGCTGCGTTCAGCGC-1,15,821,46,515
AGGCTGCGTTCGTTCC-1,16868,51,1265,4767
AGGCTGCTCATTCGTT-1,50,7024,415,2302
AGGCTGCTCGTCACCT-1,23,493,14,381
AGGCTGCTCGTTCTCG-1,21,6178,420,2221
AGGGAGTAGAGTTGCG-1,8566,41,535,3171
AGGGAGTCACATAACC-1,93,15537,1140,3968
AGGGAGTCACTTTAGG-1,56,13178,1046,3658
AGGGAGTCATTGCCTC-1,11886,58,881,3910
AGGGAGTGTCCAGAAG-1,34,7133,400,2252
AGGGAGTGTCCGACGT-1,11025,33,565,3604
AGGGAGTTCATCGGGC-1,5873,18,292,2301
AGGGAGTTCCAAACCA-1,7362,22,384,2622
AGGGAGTTCTTGAGCA-1,3204,14,158,1512
AGGGCCTAGCCTGACC-1,7390,28,764,2819
AGGGCCTAGTTCCGTA-1,15,5516,225,2084
AGGGCCTCACGTCATA-1,45,10292,647,3241
AGGGCCTCATCCCGTT-1,35,11797,814,3512
AGGGCCTGTCCCTGAG-1,60,12424,664,3710
AGGGCCTGTGTTATCG-1,27,6270,280,2218
AGGGCTCAGTTTGGCT-1,9865,48,593,3641
AGGGCTCCACCTCGTT-1,44,10243,448,3120
AGGGCTCGTCCCTGTT-1,14800,60,1249,4272
AGGGCTCGTCCGGTGT-1,2736,7,1,1194
AGGGCTCTCCGGCTTT-1,6736,31,310,2761
AGGGCTCTCTATCGCC-1,16809,209,987,4801
AGGGTCCAGCGTTCCG-1,30,881,41,628
AGGGTCCCAATTAGGA-1,27,6287,363,2267
AGGGTCCCACACCGAC-1,11,5414,379,1770
AGGGTCCCAGGATTCT-1,19122,96,1091,4784
AGGGTCCCATGCCGGT-1,37,10244,605,2958
AGGGTCCGTTGGGATG-1,17096,49,1061,4738
AGGGTCCTCCGTTTCG-1,3,523,2,392
AGGGTCCTCCTACGAA-1,10479,29,684,3436
AGGGTCCTCGTAGTCA-1,23,3927,389,1583
AGGGTGAAGAGAGCAA-1,30,9277,572,2791
AGGGTGAAGTATGAAC-1,7257,33,425,2934
AGGGTGACAATCTGCA-1,20,7102,587,2339
AGGGTGACACAATTCG-1,9430,29,677,3186
AGGGTGACAGGAGGTT-1,47,12713,657,3478
AGGGTGACAGTACTAC-1,151,15467,1112,4145
AGGGTGAGTCGCGTCA-1,13,4257,354,1700
AGGGTGAGTTAGGCTT-1,15,4719,392,1763
AGGGTGAGTTCTTCAT-1,7317,27,323,2943
AGGGTTTAGACGACTG-1,62,9499,637,3068
AGGGTTTCAATTGTGC-1,7419,50,470,2483
AGGGTTTCACTACCGG-1,25686,92,1623,6137
AGGGTTTGTACTGAGG-1,53,9785,497,3108
AGGGTTTGTAGTCACT-1,55,7764,767,2488
AGGGTTTGTATGGAAT-1,127,16206,978,4230
AGGGTTTGTGGTGATG-1,6665,97,342,2730
AGGGTTTGTGTTAACC-1,3546,22,163,1692
AGGGTTTTCCTAACAG-1,18,5445,283,2007
AGGTAGGAGACGAGCT-1,14,3014,611,1138
AGGTAGGCACCCGTAG-1,30,8445,741,2658
AGGTAGGCACCTGATA-1,13010,55,884,4316
AGGTAGGGTAGTCGTT-1,13,3564,346,1346
AGGTAGGGTGCGAGTA-1,86,14621,944,3802
AGGTAGGTCGACACCG-1,26,4577,473,1751
AGGTAGGTCGAGATGG-1,8113,34,581,2953
AGGTAGGTCTGCGGCA-1,10606,59,908,3524
AGGTCATAGTAGCCAG-1,10938,37,867,3631
AGGTCATCAAATAGCA-1,20,4631,176,1691
AGGTCATCACTGGAAG-1,50,12156,809,3513
AGGTCATGTACGTAGG-1,10548,63,944,3139
AGGTCATGTATACGGG-1,236,773,42,711
AGGTCATGTCAATCTG-1,808,9,4,615
AGGTCATTCACCTCAC-1,800,785,47,1058
AGGTCTAAGAACGTGC-1,19,4653,263,1725
AGGTCTACAACTTGGT-1,20134,65,1300,5244
AGGTCTAGTACCACGC-1,4576,447,718,2246
AGGTCTAGTATACCCA-1,16653,127,1135,4572
AGGTCTAGTCAACATC-1,53,9693,902,2928
AGGTCTAGTGACGCCT-1,65,13973,773,3746
AGGTCTAGTGCCTATA-1,22,5202,362,1943
AGGTCTAGTGGAACCA-1,12917,59,704,4180
AGGTCTAGTTTACTGG-1,53,6625,425,2466
AGGTCTATCACTGTCC-1,121,959,38,678
AGGTCTATCATCACAG-1,49,14016,763,3873
AGGTCTATCCCGTTCA-1,52,9275,539,3276
AGGTGTTCAAAGGCTG-1,16220,80,981,4806
AGGTGTTCACACCGCA-1,8985,22,507,3170
AGGTGTTCAGCCTTCT-1,10781,44,555,3614
AGGTGTTGTGTGGTCC-1,12276,34,704,4148
AGGTGTTTCAGCGTCG-1,12622,47,858,3861
AGGTGTTTCGAAACAA-1,20172,88,1396,5097
AGGTGTTTCGCTGACG-1,20,1446,122,701
AGGTGTTTCGTTGCCT-1,3620,16,223,1873
AGGTGTTTCTCGTGAA-1,71,12246,810,3631
AGGTTACAGCTCAGAG-1,37,9636,517,2957
AGGTTACAGTCCTGCG-1,9618,23,489,3011
AGGTTACCAAAGCGTG-1,28,8007,570,2656
AGGTTACCATCCTCAC-1,1594,136,84,1101
AGGTTACGTGGTCTTA-1,93,17825,1121,4343
AGGTTACGTTCTCTCG-1,7867,27,389,2904
AGGTTACGTTTGGGAG-1,11340,38,552,3987
AGGTTGTAGATAACAC-1,24,6838,336,2701
AGGTTGTCACACTGGC-1,14603,75,1131,4481
AGGTTGTCAGAGAAAG-1,16011,99,1384,4849
AGGTTGTGTTTACTGG-1,21,8469,691,2620
AGGTTGTTCCCGTGAG-1,20,4542,405,1682
AGGTTGTTCGGAGTGA-1,15198,39,1319,4334
AGGTTGTTCTGCTGAA-1,28,6375,235,2283
AGTAACCAGATCACCT-1,23,4544,331,1699
AGTAACCAGCATCAAA-1,28675,149,2467,6711
AGTAACCAGGCCATAG-1,1063,3213,686,2058
AGTAACCCACCCAAGC-1,3868,13,6,1437
AGTAACCTCCAAACCA-1,6240,34,425,2726
AGTAACCTCGCCGAGT-1,87,13448,665,3933
AGTACCAAGTAGGAAG-1,17,5260,351,1955
AGTACCACACTGGCCA-1,29,8212,350,2674
AGTACCACACTTCAAG-1,13784,43,666,3963
AGTACCACAGCCGTTG-1,23,7822,979,2575
AGTACCACATGAAGCG-1,20,5513,282,2092
AGTACCACATGGAACG-1,34,6243,190,2161
AGTACCACATTGGATC-1,105,22393,1030,4627
AGTACCAGTATGTCTG-1,23,7423,326,2671
AGTACCAGTCGGCACT-1,10391,730,745,3990
AGTACCAGTGGCATCC-1,847,1789,184,1488
AGTACTGAGACTACCT-1,7877,35,542,3010
AGTACTGAGGATAATC-1,85,13169,1333,3552
AGTACTGAGGTTATAG-1,10711,71,668,3958
AGTACTGCAGTTTCAG-1,41,8538,373,2780
AGTACTGGTCGCTGCA-1,37,10895,648,3010
AGTACTGGTCGTATTG-1,686,6,1,523
AGTACTGGTTGCCGAC-1,39,10964,840,3012
AGTACTGTCAACGTGT-1,14113,61,881,4409
AGTAGCTCACAGTGTT-1,13878,51,627,4078
AGTAGCTCATGGAAGC-1,18064,60,998,4585
AGTAGCTGTGCCGAAA-1,13260,62,964,3850
AGTAGCTGTTAAGCAA-1,17862,56,1496,4807
AGTAGCTTCATCACCC-1,7029,32,206,2892
AGTAGCTTCTCACCCA-1,2399,974,205,1901
AGTAGTCAGACCTCCG-1,363,1872,220,1175
AGTAGTCAGATGAAGG-1,7932,50,612,2960
AGTAGTCAGCTGAAAT-1,23,5346,361,1913
AGTAGTCCAAATGGTA-1,72,15050,1237,3684
AGTAGTCCAACCGATT-1,33,7495,615,2419
AGTAGTCGTCACTAGT-1,79,5103,319,2001
AGTAGTCGTCGTGTTA-1,4688,17,388,2086
AGTAGTCGTTTCAGAC-1,905,16,883,44
AGTAGTCTCACCATCC-1,22,6372,198,2506
AGTAGTCTCCACGTCT-1,8937,26,587,3288
AGTCAACAGCCATCCG-1,12,4630,311,1731
AGTCAACAGCTGGCCT-1,18,6773,346,2456
AGTCAACAGTCTCTGA-1,32,6356,400,2186
AGTCAACCAGACAATA-1,35,5048,396,1816
AGTCAACGTTCATCTT-1,8,5185,337,1766
AGTCAACGTTCGGCCA-1,17,3623,202,1771
AGTCAACGTTGCCAAT-1,26,6631,349,2369
AGTCAACTCAAAGGTA-1,18,3940,347,1542
AGTCAACTCTGAATCG-1,7968,24,663,3143
AGTCACACAAGTCCCG-1,31408,109,1535,6386
AGTCACACACCACATA-1,60,10202,843,3228
AGTCACACAGAAGTTA-1,10648,44,679,3594
AGTCACACAGGGCTTC-1,26,4659,186,1951
AGTCATGAGACGAAGA-1,85,14971,973,3847
AGTCATGAGGAACTCG-1,78,20888,1037,4478
AGTCATGAGGGTCTTT-1,22,5138,254,2013
AGTCATGCACTAGGTT-1,13404,69,876,4196
AGTCATGCAGTATTCG-1,34,3638,507,1750
AGTCATGTCCCTAGGG-1,70,1106,89,690
AGTCTCCAGCTAGATA-1,18,5672,197,1962
AGTCTCCAGGCATGGT-1,32414,98,1931,6421
AGTCTCCAGTGATAAC-1,42,9286,763,2914
AGTCTCCCAAAGCTCT-1,87,15586,627,3841
AGTCTCCCATCCGTGG-1,9017,21,640,3104
AGTCTCCGTACCGGCT-1,32,7727,375,2688
AGTCTCCGTCGTACTA-1,40,11413,689,3042
AGTCTCCGTGATTCAC-1,34871,101,2513,6542
AGTCTCCTCCGTGTAA-1,959,43,21,712
AGTCTCCTCTCTAGGA-1,19,5092,203,1976
AGTGACTCAACGCATT-1,12127,56,1315,3747
AGTGACTCACAAAGTA-1,29,5104,335,1859
AGTGACTCACAACGAG-1,11153,36,584,3532
AGTGACTGTCAGACGA-1,8656,28,291,2915
AGTGACTGTGAGTGAC-1,9,869,288,466
AGTGACTTCATTCACT-1,30,8490,500,2594
AGTGACTTCTACGCAA-1,14930,40,1202,4290
AGTGACTTCTGGGTCG-1,6620,18,465,2234
AGTGATCAGCATTTCG-1,155,1206,139,816
AGTGATCCAACCGGAA-1,22,6071,389,2152
AGTGATCCAAGCGAAC-1,8605,40,627,2894
AGTGATCGTCTTCTAT-1,22,5088,289,1994
AGTGATCTCAAAGAAC-1,11160,67,1094,3625
AGTGATCTCAATCTCT-1,51,7552,774,2519
AGTGATCTCATTCACT-1,4647,1219,535,2587
AGTGCCGAGGTACCTT-1,42,12567,836,3350
AGTGCCGAGTTACGGG-1,39,9311,569,2961
AGTGCCGCACAGTATC-1,12419,32,594,3641
AGTGCCGCATGGCTGC-1,22259,78,1599,5192
AGTGCCGGTCTGTAAC-1,21872,73,1081,5311
AGTGCCGGTGTTATCG-1,5258,25,369,2305
AGTGCCGGTTAAGGAT-1,10101,52,626,3153
AGTGCCGTCTCTATGT-1,15621,78,696,4522
AGTGTTGAGGCATCAG-1,31,8346,568,2536
AGTGTTGCATGAGATA-1,59,9770,713,3127
AGTGTTGCATTCGGGC-1,28,9215,483,2887
AGTGTTGGTCATGACT-1,16,1074,98,610
AGTGTTGGTCCTACAA-1,11,3467,208,1547
AGTGTTGTCAAGCTTG-1,27,5041,348,1961
AGTGTTGTCGGTGTAT-1,13701,39,506,3916
AGTTAGCAGTCATAGA-1,4229,13,365,1832
AGTTAGCCAACCGATT-1,24428,105,1777,5392
AGTTAGCCAGGTACGA-1,28,7963,381,2602
AGTTAGCGTCAACATC-1,7903,17,341,3000
AGTTAGCGTCCTGGTG-1,12828,41,892,3657
AGTTAGCTCAGATTGC-1,13240,50,937,3849
AGTTAGCTCGCAAGAG-1,10812,46,835,3650
AGTTAGCTCTCCAAGA-1,11228,51,809,3780
AGTTCCCAGAACCGCA-1,11749,54,760,3779
AGTTCCCAGCCTTCTC-1,29,8745,351,2867
AGTTCCCCAATGAAAC-1,10755,29,363,3473
AGTTCCCCAGCATTGT-1,28,871,46,559
AGTTCCCCATCCTTCG-1,26,8462,442,2557
AGTTCCCCATCTATCT-1,11724,31,813,3811
AGTTCCCCATTGACAC-1,26,2673,156,1299
AGTTCCCGTAGGGTAC-1,19,5982,189,2301
AGTTCCCGTCTTGAAC-1,60,12032,695,3387
AGTTCCCGTGCAATGG-1,20923,41,826,4686
AGTTCCCTCCATACTT-1,6886,33,399,2960
AGTTCCCTCTTTCCGG-1,20,4668,307,1757
AGTTCGAAGACCCGCT-1,43,6633,686,2538
AGTTCGAAGGACTTCT-1,16339,61,929,4443
AGTTCGAAGGCGCTTC-1,37,6560,511,2143
AGTTCGACAACTCATG-1,2499,2658,510,2457
AGTTCGACACACGGTC-1,16142,67,1057,4981
AGTTCGACACCTCAGG-1,6238,11,327,1207
AGTTCGAGTGTGGACA-1,33,5546,254,2001
AGTTCGAGTTAAGCAA-1,51,9889,1228,2952
AGTTCGATCCATTGCC-1,3301,16,730,1624
AGTTCGATCGAGAACG-1,10710,5981,1053,5986
AGTTCGATCGCTGCGA-1,29754,112,1654,6386
AGTTCGATCTCGACCT-1,41,7592,393,2734
ATACCGAAGTTGTAAG-1,13061,6203,1163,6518
ATACCGACAAGGGTCA-1,9606,20,591,3234
ATACCGAGTCGGAAAC-1,9252,30,555,3198
ATACCGAGTTCCCACT-1,18,4560,244,1939
ATACCGAGTTCTGACA-1,3030,9,0,1359
ATACCGATCGGTGAAG-1,10072,47,720,3294
ATACCGATCTTAGCTT-1,5739,22,214,2535
ATACCTTAGGTTCTTG-1,10168,48,617,3608
ATACCTTCAGTTGGTT-1,58,11626,631,3341
ATACCTTCATCGGTTA-1,5826,16,275,2349
ATACCTTGTCGAATTC-1,30781,116,1333,5868
ATACCTTGTCTTCCGT-1,576,1281,61,1171
ATACCTTGTTGGCCGT-1,52,9788,662,2888
ATACCTTTCCACGTGG-1,378,1505,68,1127
ATACCTTTCCTCACGT-1,29,8023,397,2644
ATACCTTTCGTGGCTG-1,12092,55,826,3830
ATACTTCAGGTGATAT-1,13155,59,945,4331
ATACTTCAGTAACCGG-1,16909,65,1167,4739
ATACTTCAGTTACGGG-1,107,5270,303,2129
ATACTTCCATATACCG-1,45,1538,46,813
ATACTTCGTGTTCAGT-1,9895,43,611,3516
ATACTTCTCCGTGGTG-1,92,13115,824,3893
ATACTTCTCGCCTATC-1,27,6908,323,2623
ATACTTCTCGGTAACT-1,124,743,40,604
ATAGACCAGCATCAAA-1,51,10653,970,3088
ATAGACCAGCTATCCA-1,15825,10695,1400,8202
ATAGACCCAAGTTTGC-1,81,14118,986,3978
ATAGACCCAATACGAA-1,26453,90,1388,5752
ATAGACCCAATCTCTT-1,73,14206,582,3836
ATAGACCGTAAGCAAT-1,22,7546,395,2604
ATAGACCGTATGCGGA-1,21327,41,1085,5062
ATAGACCGTCCAATCA-1,53,10733,676,3070
ATAGACCGTGACAACG-1,10937,36,800,3440
ATAGACCGTTGACGGA-1,16440,51,996,4522
ATAGACCTCTGGGCCA-1,10735,69,1064,3842
ATAGAGAAGTAACGAT-1,252,1211,110,895
ATAGAGACAATGCTCA-1,21,2109,158,725
ATAGAGACAGAATGTA-1,11347,88,679,3340
ATAGAGACAGCGTTGC-1,2741,20,8,1180
ATAGAGACATCACCAA-1,6426,10002,1554,5958
ATAGAGAGTCCATCTC-1,18,608,28,442
ATAGAGATCATTATCC-1,155,4534,296,2020
ATAGAGATCCACACAA-1,17,5605,546,2025
ATAGAGATCCATCTGC-1,7,3777,442,1400
ATAGAGATCCTACCAC-1,19163,52,1055,4737
ATAGAGATCGTAACTG-1,8494,34,504,3062
ATAGGCTAGCCATTTG-1,14616,51,1328,4601
ATAGGCTAGCTTTCCC-1,13,935,861,81
ATAGGCTCAAGGGCAT-1,14,1498,73,866
ATAGGCTCACACACGC-1,48,10670,825,3257
ATAGGCTGTAAGACCG-1,9020,26,444,3017
ATAGGCTGTACAAAGT-1,12186,41,754,3716
ATAGGCTTCGGCTATA-1,66,10022,816,2918
ATATCCTAGGGCCTCT-1,14746,66,982,4625
ATATCCTAGTTTCGAC-1,1944,463,44,1432
ATATCCTCAGCTTTCC-1,12101,33,483,3908
ATATCCTGTCATCCCT-1,5264,26,152,2537
ATATCCTTCAGAACCT-1,16316,71,861,4990
ATCACAGAGATCGCTT-1,14832,59,1032,4284
ATCACAGAGCCAGAGT-1,18,4805,371,1709
ATCACAGAGCTGAGCA-1,5511,31,276,2200
ATCACAGCAATTCACG-1,49,2427,170,1219
ATCACAGCAGATCCTA-1,79,14985,1061,3832
ATCACAGCAGCGAACA-1,3615,626,267,2131
ATCACAGGTCTCAGAT-1,72,9932,786,2839
ATCACAGTCAATCAGC-1,2581,2407,297,2561
ATCACAGTCAGCGCAC-1,926,1874,229,1582
ATCACAGTCCACCCTA-1,1052,1787,92,1699
ATCACAGTCCGCGAGT-1,24,6105,353,2384
ATCACAGTCGATGCAT-1,8692,35,688,2986
ATCACAGTCTAACGGT-1,20155,70,1064,5120
ATCACAGTCTGAGAAA-1,91,16183,1197,4456
ATCACGAAGGCTCAAG-1,17097,52,998,4339
ATCACGAAGTTAGTGA-1,34,9165,611,2559
ATCACGACAAGCGCTC-1,13820,56,770,4323
ATCACGACAGTATGAA-1,3145,16,0,1345
ATCACGATCAGTAGGG-1,11314,49,747,3696
ATCACGATCCACTGAA-1,7346,21,328,2628
ATCACGATCGAACCTA-1,6334,23,488,2605
ATCACTTAGCATACTC-1,60,7979,532,2943
ATCACTTAGTAACCGG-1,15575,62,844,4800
ATCACTTCAAATACAG-1,8622,36,469,3293
ATCACTTCAAGATCCT-1,10280,24,6,2738
ATCACTTCAATCTGCA-1,22,3177,203,1564
ATCACTTCAGGTTTAC-1,18,2478,140,1288
ATCACTTCATCGTGCG-1,18,617,21,416
ATCACTTGTATCTTCT-1,6772,27,282,2772
ATCACTTGTTATGACC-1,30,8077,370,2672
ATCACTTTCATTACTC-1,10,701,15,531
ATCAGGTAGCAGCAGT-1,13460,45,671,3869
ATCAGGTAGTGAGGTC-1,8469,36,581,3057
ATCAGGTCACATTCTT-1,24797,98,1240,5726
ATCAGGTCATTCTGTT-1,14240,10387,1840,7670
ATCAGGTGTCGGTGTC-1,27,7326,248,2400
ATCAGGTGTGCTAGCC-1,19,5490,266,2085
ATCAGGTGTTCGAAGG-1,5800,15,476,2209
ATCAGGTGTTCGAGCC-1,3593,21,572,2098
ATCAGGTGTTCGGTCG-1,7966,17,522,2952
ATCAGGTTCATAGAGA-1,9674,50,839,3637
ATCATTCAGGCATGGT-1,58,9814,691,2967
ATCATTCAGGGCCCTT-1,23,4538,321,1865
ATCATTCAGTGCAGGT-1,38,9113,442,3115
ATCATTCCACCGCTAG-1,32,9833,437,3050
ATCATTCCACTAAACC-1,3815,564,304,2196
ATCATTCGTGGCCCAT-1,44,11369,787,3123
ATCATTCGTTTCACAG-1,54,13658,894,3808
ATCCACCAGAAGTCTA-1,27,846,37,562
ATCCACCAGCACTCCG-1,56,12720,549,3758
ATCCACCAGTGCCCGT-1,66,13542,1126,4093
ATCCACCCAAGCTGTT-1,17146,71,1159,4793
ATCCACCCACTCAGAT-1,2349,741,222,1778
ATCCACCGTATCTCGA-1,9023,39,576,3356
ATCCACCTCCTCCACA-1,1026,595,31,1112
ATCCACCTCTAGTCAG-1,10480,57,930,3458
ATCCATTAGGACAGTC-1,26,8421,478,2738
ATCCATTAGTGGTTCT-1,22921,95,1771,5712
ATCCATTAGTTCGCAT-1,60,11352,780,3414
ATCCATTCAAACACGG-1,1239,393,80,1094
ATCCATTCAGACTCTA-1,9036,29,470,3083
ATCCATTCAGCAGACA-1,60,9528,726,2996
ATCCATTCAGCTTCCT-1,4162,5019,582,3724
ATCCATTTCGCTAAAC-1,469,1533,70,1151
ATCCATTTCGTTCATT-1,3533,15,307,1709
ATCCCTGAGATGGTAT-1,42,6527,609,2224
ATCCCTGAGGCTCCCA-1,10758,56,510,3582
ATCCCTGAGTCCGCCA-1,1427,9962,847,3873
ATCCCTGCAGAAGCTG-1,62,10885,501,3410
ATCCCTGCAGCTGAAG-1,18092,7550,1891,7285
ATCCCTGGTCCATAGT-1,19,581,26,361
ATCCCTGGTCGAGCAA-1,20191,104,1355,5648
ATCCCTGTCAGCTTGA-1,10144,33,509,3755
ATCCCTGTCCAACACA-1,66,17321,788,4430
ATCCCTGTCGCCAACG-1,17193,73,777,5214
ATCCCTGTCTTGTTAC-1,90,14722,1151,4002
ATCCGTCCAACTCATG-1,20649,84,1317,5368
ATCCGTCCAAGCGCTC-1,12837,48,1097,3913
ATCCGTCCAGTGGTGA-1,70,9475,746,3003
ATCCGTCCATAGAGGC-1,13,4241,214,1599
ATCCGTCTCTATTCGT-1,429,1507,78,1110
ATCCTATAGGATCACG-1,13,4238,241,1672
ATCCTATCACACGTGC-1,1529,186,59,1073
ATCCTATCAGTTGAAA-1,40,7819,409,2827
ATCCTATGTCGGATTT-1,12157,56,713,3781
ATCCTATGTGCAATAA-1,69,8310,485,2899
ATCCTATGTGTGGACA-1,8085,28,402,3072
ATCCTATGTTTGATCG-1,8927,31,576,3175
ATCGATGAGGTGTGAC-1,8180,6626,814,5080
ATCGATGCAGAGCGTA-1,17,4827,319,1877
ATCGATGCATCGGAGA-1,44,10839,569,3253
ATCGATGTCCCGGTAG-1,10287,42,731,3387
ATCGCCTAGTGCGACA-1,56,10483,568,2969
ATCGCCTCACTGTTCC-1,17,4659,257,1856
ATCGCCTCAGTGTGGA-1,11003,51,865,3746
ATCGCCTGTCGATTCA-1,8042,25,511,2934
ATCGCCTGTCTGTCAA-1,37,8469,401,2699
ATCGCCTGTGAGTCAG-1,19,5429,441,1849
ATCGCCTGTTCGGCCA-1,50,13019,802,3601
ATCGCCTTCACAAGAA-1,11100,46,581,3376
ATCGCCTTCCGTTGGG-1,3229,48,1508,1340
ATCGCCTTCGCGCTGA-1,82,15151,1063,4099
ATCGCCTTCTGCGATA-1,17909,94,1130,4971
ATCGGATAGAACTTCC-1,6856,26,549,2579
ATCGGATAGCTAAACA-1,12134,61,1260,3806
ATCGGATAGGCTCAAG-1,2602,5,8,977
ATCGGATAGGTGCAGT-1,8305,21,671,3093
ATCGGATCAAGAATGT-1,48,10804,859,2883
ATCGGATCACTCCGGA-1,18806,74,1159,4924
ATCGGATCACTTTATC-1,22,4495,298,1796
ATCGGATCATGGTACT-1,3170,1103,370,1993
ATCGGATGTCCGAAAG-1,8980,48,667,3320
ATCGGATGTGCATTAC-1,6931,20,594,2557
ATCGGCGAGCATCCTA-1,11308,7110,1255,5899
ATCGGCGAGTTGCTGT-1,40,7215,459,2431
ATCGGCGCAAACTAAG-1,16651,66,1116,4647
ATCGGCGCACACGCCA-1,27467,68,1608,5743
ATCGGCGCATGTGCTA-1,25645,97,1046,5831
ATCGGCGGTAACAGTA-1,13622,36,1038,4080
ATCGTAGCAATTGCGT-1,19218,91,1597,5025
ATCGTAGCACTTCCTG-1,63,12384,800,3733
ATCGTAGGTAACGTTC-1,37,9998,583,2981
ATCGTAGGTGGGAGAG-1,17,5190,348,1899
ATCGTAGGTTTGAAAG-1,134,7198,646,2583
ATCGTAGGTTTGGAGG-1,9544,32,702,3440
ATCGTAGTCAGCTAGT-1,34,9018,391,2724
ATCGTAGTCATAGACC-1,37,7331,521,2498
ATCGTAGTCTCCATAT-1,56,9769,767,2940
ATCGTCCAGCTGACCC-1,8249,54,38,3247
ATCGTCCAGTTGCCTA-1,1700,2885,488,2254
ATCGTCCCAAGTTCGT-1,21135,115,1902,5269
ATCGTCCCACTAACCA-1,320,955,26,840
ATCGTCCCATCCGTGG-1,31,7444,456,2516
ATCGTCCGTCACTCGG-1,2669,470,259,1643
ATCGTCCTCGAACGCC-1,13018,55,534,4053
ATCGTCCTCTGTGCAA-1,7567,32,411,2837
ATCGTGAAGAGCATCG-1,7,1706,98,849
ATCGTGAAGATGTAGT-1,15,4867,222,1810
ATCGTGAAGCTCGCAC-1,6341,19,406,2573
ATCGTGAAGGTGCTTT-1,7864,4768,1162,4642
ATCGTGACAGCTTTCC-1,7194,47,306,2814
ATCGTGACATACACCA-1,17034,77,875,4617
ATCGTGACATGTGGTT-1,303,1337,94,958
ATCGTGAGTCCTTGTC-1,7816,36,424,3127
ATCGTGATCAATGCAC-1,11426,38,878,3886
ATCGTGATCGAAGCCC-1,33,7889,468,2551
ATCTCTAAGAATCGTA-1,5966,19,418,2356
ATCTCTAAGTGCGCTC-1,4937,21,233,2094
ATCTCTACACCTCGTT-1,24,1615,55,819
ATCTCTAGTAACAGGC-1,47,7419,416,2721
ATCTCTATCAACCCGG-1,59,11894,649,3371
ATCTCTATCAGATTGC-1,542,16531,1160,4530
ATCTCTATCAGGAGAC-1,6309,26,195,2461
ATCTCTATCCACGTCT-1,8890,40,326,3407
ATCTCTATCCTATTTG-1,2930,15,130,1691
ATCTCTATCTTCCACG-1,14,3862,228,1602
ATCTTCACACTGCGAC-1,35,7816,486,2655
ATCTTCAGTACGGCAA-1,7416,23,506,2805
ATCTTCAGTGCCTGCA-1,18098,82,1008,5151
ATCTTCATCTACGGGC-1,48,8812,538,2866
ATCTTCATCTCCCATG-1,27,4233,183,1832
ATCTTCATCTTCTAAC-1,5700,22,276,2527
ATGAAAGAGAAACACT-1,42,6682,529,2117
ATGAAAGAGGCTGAAC-1,7222,31,444,2668
ATGAAAGCAGGTAGTG-1,12569,48,952,3856
ATGAAAGCATTGAAGA-1,872,3383,218,1812
ATGAAAGGTTAGGCCC-1,25,2925,326,1090
ATGAAAGGTTGCTCAA-1,52,11341,933,3296
ATGACCAAGAGTACCG-1,5596,23,342,2238
ATGACCAAGGTTCTTG-1,1115,123,48,863
ATGACCACACCAACAT-1,24,9517,401,2750
ATGACCAGTACGGCAA-1,34,10043,456,2960
ATGACCATCGATGCAT-1,41,9019,466,2979
ATGACCATCTGGGCCA-1,605,210,22,656
ATGAGGGCAATCTAGC-1,57,8090,1004,2543
ATGAGGGCACTTGGGC-1,3944,11,2,1416
ATGAGGGCATACCGTA-1,23475,86,1610,5364
ATGAGGGGTAACACCT-1,2927,491,257,1802
ATGAGGGGTTGTGTAC-1,21,5817,358,2147
ATGAGGGTCCTACCAC-1,16,3742,282,1563
ATGAGGGTCTCCTGTG-1,9333,34,645,3223
ATGAGGGTCTCTTGCG-1,34,10041,674,2957
ATGAGTCAGCGGTAAC-1,10710,32,756,3502
ATGAGTCCAAGGTCAG-1,15,4874,424,1820
ATGAGTCCAGATCCTA-1,12522,35,646,3811
ATGAGTCGTCCAGTTA-1,9744,33,459,3091
ATGAGTCGTGCCTACG-1,4515,13,578,1794
ATGAGTCGTTGTGTTG-1,7449,49,7,3436
ATGAGTCTCCGGTTCT-1,8886,25,491,3188
ATGATCGAGATCGACG-1,34,10355,656,3022
ATGATCGAGGCTAGCA-1,8827,30,495,3041
ATGATCGCATACAGCT-1,9913,45,744,3372
ATGATCGCATGTGCCG-1,60,15266,1050,4075
ATGATCGGTCCCTAAA-1,40,7783,626,2410
ATGATCGGTCGGATTT-1,4963,14,368,2067
ATGATCGGTCTATGAC-1,16,3998,266,1544
ATGATCGGTGTACAGG-1,75,14651,1012,3876
ATGCATGAGCAGCAGT-1,7505,27,376,2851
ATGCATGCAGAGATTA-1,3424,15,180,1673
ATGCATGCAGCGACAA-1,42,10290,520,2984
ATGCATGCATCGAAGG-1,1167,14,19,835
ATGCATGGTTGCAAGG-1,31,8631,381,2882
ATGCATGTCCAGTGTA-1,50,9767,820,2847
ATGCATGTCGTCTCAC-1,1891,11,1,947
ATGCATGTCGTTATCT-1,3752,39,276,1997
ATGCCTCAGAAACCAT-1,11909,40,688,3866
ATGCCTCAGAGAGAAC-1,9601,32,554,3144
ATGCCTCCAGAATCGG-1,13467,43,863,3828
ATGCCTCCATGTGCTA-1,74,12775,757,3635
ATGCCTCGTGTTCAGT-1,13,2927,242,1347
ATGCCTCTCATCGACA-1,30,1113,40,674
ATGCCTCTCCATTTAC-1,18,3688,242,1619
ATGCCTCTCCGCTGTT-1,677,564,35,903
ATGCCTCTCGCGTTTC-1,10257,57,625,3587
ATGCCTCTCTACACAG-1,18525,85,1278,5161
ATGCCTCTCTAGCATG-1,67,11351,637,3518
ATGCCTCTCTGTAACG-1,1792,2585,247,2227
ATGCGATAGCCACCGT-1,10703,124,594,3550
ATGCGATAGCTAGTTC-1,30,7933,519,2566
ATGCGATCAATGGGTG-1,432,2141,203,1276
ATGCGATCATCTGGGC-1,18927,103,962,5098
ATGCGATGTTTACTGG-1,5511,19,433,2216
ATGCGATTCGAGTCCG-1,18,3604,237,1512
ATGGAGGAGCAAGCCA-1,55,10398,809,2964
ATGGAGGAGGGTCAAC-1,15053,142,858,4545
ATGGAGGCAACACGTT-1,22,5770,474,2140
ATGGAGGCAAGGCGTA-1,6990,51,564,2346
ATGGAGGCACGAGAAC-1,23,4939,367,1865
ATGGAGGGTAACTTCG-1,9325,37,562,3229
ATGGAGGGTAATGATG-1,15,4239,473,1640
ATGGAGGGTGTCCACG-1,16,5442,235,1973
ATGGAGGTCACCTGTC-1,18622,88,958,4516
ATGGAGGTCCGAACGC-1,10390,1008,2085,3590
ATGGATCAGACCCGCT-1,127,18327,919,4701
ATGGATCAGATTTGCC-1,12373,49,1066,4202
ATGGATCCAATCTCTT-1,23119,84,1184,5709
ATGGATCCAGTAGTGG-1,15874,50,1090,4235
ATGGATCTCAAGTGGG-1,61,13393,769,3527
ATGGATCTCCAATCTT-1,56,12518,624,3526
ATGGATCTCGCCATAA-1,15170,210,914,4506
ATGGATCTCTTCGACC-1,18520,75,1012,5189
ATGGGAGGTGACCGTC-1,32,13378,661,3528
ATGGGAGTCGATAACC-1,40,9515,813,3094
ATGGGAGTCGCCAGTG-1,57,13685,915,3606
ATGGGAGTCTCCGAGG-1,14,5319,378,2045
ATGGGTTAGACGTCGA-1,10581,32,675,3579
ATGGGTTCAGATTCGT-1,27,4002,272,1704
ATGGGTTGTTTCGTAG-1,25,3941,257,1707
ATGGTTGAGAGCTTTC-1,24,5512,302,1962
ATGGTTGCAGGTCCGT-1,8283,33,376,2993
ATGGTTGGTGTTACAC-1,34,5854,324,2227
ATGGTTGTCCTGGGTG-1,19,4166,354,1788
ATGGTTGTCTTACCAT-1,10616,29,649,3494
ATGTCCCAGTCGCTAT-1,57,6364,414,2308
ATGTCCCGTAACATCC-1,9777,24,549,3123
ATGTCCCGTCTGTGAT-1,11037,35,511,3354
ATGTCCCTCAGAGCGA-1,10368,41,876,3708
ATGTCCCTCATTACGG-1,14,4051,300,868
ATGTCTTAGGTACTGG-1,6423,25,274,2550
ATGTCTTAGTTAACGA-1,19336,59,884,5187
ATGTCTTCACGCTGTG-1,12034,41,673,4064
ATGTCTTCATCCGAGC-1,28,7973,520,2665
ATGTCTTGTATCTTCT-1,21,3808,173,1648
ATGTCTTGTGCCGAAA-1,15570,93,1508,4632
ATGTCTTGTTCAAGGG-1,38,10081,795,3015
ATTACCTAGGTCTGGA-1,12,3078,171,1286
ATTACCTAGTCCCGGT-1,42,8146,678,2516
ATTACCTCAAACTAGA-1,4694,28,554,2060
ATTACCTCACAACATC-1,42,8549,429,2848
ATTACCTGTAGCGATG-1,14869,50,1160,3928
ATTACCTGTTCTTCAT-1,12,2715,208,1189
ATTACCTTCTCCTGCA-1,6413,27,305,2616
ATTACTCAGAGTATAC-1,15890,73,1070,4943
ATTACTCAGGCAATGC-1,8213,34,446,3279
ATTACTCAGTCTGCGC-1,1822,893,114,1647
ATTACTCCATGTTCGA-1,33,11319,415,3176
ATTACTCGTACGCTTA-1,6341,27,346,2739
ATTACTCGTCCAGCCA-1,13454,70,1009,4652
ATTACTCGTGGTTTAC-1,23,4751,236,1924
ATTACTCGTTAGGACG-1,46,8566,609,2992
ATTACTCTCATGTCAG-1,14,3333,200,1526
ATTACTCTCGAGTGGA-1,6419,41,473,2866
ATTATCCAGATCACCT-1,43,8599,654,2959
ATTATCCAGTCATACC-1,747,2148,158,1679
ATTATCCCACCGTACG-1,43,11355,576,3184
ATTATCCCACCTGATA-1,59,13184,777,3684
ATTATCCGTCGCCTAG-1,23,4953,292,1946
ATTATCCGTGTGACCC-1,29,1650,109,881
ATTATCCTCACAGAGG-1,17,4771,198,1856
ATTATCCTCCTCATAT-1,1968,668,72,1548
ATTATCCTCGCAGTTA-1,337,1536,59,1121
ATTATCCTCGCTGTCT-1,1049,2201,151,1779
ATTATCCTCGTTGTGA-1,50,3874,421,1526
ATTCACTAGGATTTAG-1,12146,50,760,4214
ATTCACTAGGTAATCA-1,11864,38,759,3768
ATTCACTCAAGCACAG-1,16,1044,37,613
ATTCACTCAATCGAAA-1,51,7085,582,2534
ATTCACTCAATGCAGG-1,6,3396,229,1418
ATTCACTCAGCCATTA-1,16,4325,313,1747
ATTCACTGTCTAGATC-1,39,9072,728,2545
ATTCACTGTGAGTGAC-1,47,7233,430,2506
ATTCACTGTTCAACGT-1,88,11647,858,3695
ATTCACTGTTGCGTAT-1,16,5098,340,2026
ATTCACTTCATGCCGG-1,2763,1290,445,2016
ATTCACTTCTCGGGAC-1,21,6165,303,2272
ATTCACTTCTCTAGGA-1,6252,19,216,2581
ATTCAGGAGAATAGTC-1,5536,18,391,2212
ATTCAGGAGTCTCCTC-1,2931,35,57,1502
ATTCAGGCACAGAAGC-1,57,8174,565,2768
ATTCAGGCAGGTTCAT-1,21,9709,432,3016
ATTCATCAGAGAGTGA-1,46,7972,647,2353
ATTCATCAGAGTCTTC-1,141,893,38,647
ATTCATCAGCCGAACA-1,55,7988,694,2688
ATTCATCAGTTCACTG-1,7398,24,459,2903
ATTCATCCAAGTCCAT-1,66,9925,557,2996
ATTCATCGTACTCGAT-1,8035,26,381,2979
ATTCATCGTCTAATCG-1,16,3396,326,1479
ATTCATCGTGATTGGG-1,14329,60,1182,4172
ATTCATCGTGTCCAAT-1,849,2603,442,1619
ATTCATCTCCCGATCT-1,1034,1746,131,1587
ATTCCATAGCAAGTCG-1,2626,4,0,1169
ATTCCATAGTCGCCCA-1,14998,38,1146,4209
ATTCCATAGTCGGCCT-1,5080,23,263,2248
ATTCCATCAGATGCGA-1,4255,22,243,2078
ATTCCATGTAGATGTA-1,73,7979,523,2753
ATTCCATGTCCAGCCA-1,16608,68,557,4624
ATTCCATGTGAGGCAT-1,4878,16,338,2113
ATTCCATTCACCGGGT-1,12662,47,491,4283
ATTCCATTCCAACCGG-1,8016,28,399,2919
ATTCCATTCCACCTCA-1,37,7292,381,2718
ATTCCATTCCAGTTCC-1,58,10747,433,3411
ATTCCCGAGATGCTGG-1,3844,4834,320,3598
ATTCCCGCAGACCAAG-1,14,4493,170,1985
ATTCCCGCATACCAGT-1,1343,96,35,964
ATTCCCGCATGTAACC-1,758,30,666,120
ATTCCCGGTACAAGCG-1,9814,43,960,3269
ATTCCCGGTAGCTAAA-1,19194,66,1104,4987
ATTCCCGGTCCCAAAT-1,62,9319,430,3091
ATTCCCGGTCGCGTCA-1,17232,51,1234,5090
ATTCCCGGTTCCCACT-1,14417,63,1701,4565
ATTCCCGTCCCTCTCC-1,590,1960,106,1492
ATTCCCGTCTGCAGCG-1,10445,49,550,3952
ATTCCTAAGTTAGAAC-1,5536,21,390,2396
ATTCCTACACAAATGA-1,20,3090,216,1424
ATTCCTACAGAGGACT-1,52,8332,774,2878
ATTCCTACATACACCA-1,10183,67,685,3773
ATTCCTACATCCGTTC-1,52,12054,723,3650
ATTCCTACATCTATCT-1,23,3643,198,1646
ATTCCTACATGTCTAG-1,30,5181,181,2168
ATTCCTAGTCAAGGCA-1,16,2919,248,1421
ATTCCTAGTGACCGAA-1,4135,21,300,1986
ATTCCTAGTGGAACAC-1,53,9150,510,2873
ATTCCTAGTGTATACC-1,95,3068,183,1431
ATTCCTAGTTGTTGTG-1,10666,33,527,3522
ATTCCTATCTCAACCC-1,33,6268,314,2533
ATTCCTATCTGTCAGA-1,39155,148,2839,7109
ATTCGTTAGACAACAT-1,14702,111,1038,4631
ATTCGTTAGAGCCGAT-1,26,8383,588,2495
ATTCGTTAGCATCAAA-1,13247,49,741,3963
ATTCGTTAGTCAGGGT-1,10545,35,636,3623
ATTCGTTCACGTACTA-1,13780,96,705,4367
ATTCGTTCACTGTTCC-1,1751,2207,106,1889
ATTCGTTCATGAGATA-1,4780,20,318,1886
ATTCGTTGTGAGACGT-1,10382,50,1059,3636
ATTCGTTGTTACGCCG-1,32,6866,555,2440
ATTCGTTGTTCTCTCG-1,32,6629,455,2316
ATTCGTTTCAGATGCT-1,62,13294,810,3799
ATTCGTTTCGAGAAAT-1,8418,24,365,2903
ATTCTACCAGCTACAT-1,26556,11434,2567,9101
ATTCTACCAGGTGGAT-1,64,886,44,637
ATTCTACGTCTCTCAC-1,69,3715,240,1602
ATTCTACGTTCGGTAT-1,51,9095,600,2821
ATTCTTGAGTCGGGAT-1,6905,23,532,2624
ATTCTTGCAGACCTGC-1,22385,64,1130,5752
ATTCTTGCAGATCACT-1,2009,14,187,1021
ATTCTTGCAGCACCCA-1,47,9847,831,3132
ATTCTTGCATATACCG-1,13804,47,877,4015
ATTCTTGGTACGAAAT-1,996,36,571,389
ATTCTTGGTATACCTG-1,40,7266,641,2578
ATTCTTGGTGCGAGTA-1,13,3004,168,1374
ATTCTTGGTTCAAACC-1,61,14827,710,4106
ATTGGGTAGACATAAC-1,25,4159,256,1653
ATTGGGTAGTTACGGG-1,12,4006,263,1601
ATTGGGTCAACACGTT-1,106,13946,1002,3982
ATTGGGTCAAGCCTGC-1,13,1971,355,1134
ATTGGGTCACCCTTAC-1,472,1410,115,1097
ATTGGGTCATGAGTAA-1,33,8220,744,2586
ATTGGGTGTCAAATCC-1,12,4109,343,1608
ATTGGGTGTCTGTAGT-1,32,6586,367,2533
ATTGGGTGTTTGGAGG-1,5,2055,64,730
ATTGGGTTCATTACGG-1,12757,65,731,4352
ATTGGGTTCTTCGACC-1,11509,36,934,3904
ATTGTTCAGTTTCGAC-1,16410,63,866,4801
ATTGTTCCACAAGCTT-1,6607,32,351,2718
ATTGTTCGTATCGAGG-1,7828,15,3,2269
ATTGTTCGTCCATAGT-1,68,10755,744,3036
ATTGTTCGTGTCCTAA-1,13129,54,739,4055
ATTGTTCTCAGCCCAG-1,29,7927,426,2746
ATTGTTCTCCACGAAT-1,6226,22,261,2683
ATTGTTCTCCCGAATA-1,16294,69,885,4867
ATTGTTCTCTGGCTGG-1,2964,452,177,1823
ATTGTTCTCTGTAACG-1,16623,72,1051,4502
ATTTACCAGCGCACAA-1,33,8576,592,2736
ATTTACCCAACCGTAT-1,29,1125,88,672
ATTTACCCAATTTCCT-1,40,9835,591,3262
ATTTACCCAGAGGACT-1,30,955,63,595
ATTTACCCAGAGTGTG-1,43,6479,718,2280
ATTTACCGTAGGTTTC-1,9127,27,498,3406
ATTTACCGTCACCGAC-1,15742,68,868,5212
ATTTACCGTCCCTAAA-1,73,13180,747,3973
ATTTACCGTCGTGCCA-1,25,7662,450,2508
ATTTACCGTGGCTTAT-1,13628,64,720,4138
ATTTACCGTTACCTTT-1,2391,433,52,1676
ATTTACCTCCATCGTC-1,709,308,27,775
ATTTACCTCGCACGGT-1,537,1457,123,1206
ATTTACCTCTAGTGTG-1,6635,18,271,2628
ATTTACCTCTCCTGAC-1,17749,59,975,4519
ATTTACCTCTCTAAGG-1,3339,17,214,1621
ATTTCACAGCTCGACC-1,4963,1373,332,2786
ATTTCACAGGTAGCAC-1,449,1856,105,1255
ATTTCACGTCCGTTTC-1,10987,46,754,3157
ATTTCACTCAAGGTGG-1,16,4774,338,1748
ATTTCACTCCAATGCA-1,44,9224,526,3180
ATTTCACTCCGGTAGC-1,452,1117,74,1034
ATTTCACTCGCACTCT-1,47,10963,799,3263
ATTTCACTCTCAGAAC-1,6320,19,196,2767
ATTTCTGAGGGCAATC-1,10440,32,807,3688
ATTTCTGCAACCGTGC-1,15702,58,908,4477
ATTTCTGGTGGCTTAT-1,6819,32,325,2779
ATTTCTGTCCATCTAT-1,855,181,25,758
CAAAGAAAGATGCTTC-1,25,5833,381,2311
CAAAGAAAGTCGGGAT-1,27,5190,541,1850
CAACAACAGCATGGGT-1,26,2653,365,1121
CAACAACCAAACTGCT-1,2403,104,103,1383
CAACAACGTACTGCGC-1,54,12449,685,3672
CAACAACGTCTCGCGA-1,23,7113,287,2506
CAACAACGTGCTTCAA-1,4282,15,1,1772
CAACAACTCACGACTA-1,4050,309,233,2130
CAACAACTCATTATCC-1,574,1587,84,1232
CAACAACTCGCTTTAT-1,17487,79,868,4843
CAACAACTCTAGTACG-1,56,9085,491,2760
CAACAGTAGCGATCGA-1,79,16105,877,4143
CAACAGTAGGTAACTA-1,52,9572,431,3150
CAACAGTCAACGAGGT-1,5321,44,319,2363
CAACAGTCAAGAGGTC-1,13556,53,1164,4373
CAACAGTCACCGTGCA-1,31,8104,592,2685
CAACAGTCAGGGCTTC-1,16917,37,890,4263
CAACAGTGTCCACAGC-1,27,5269,406,1949
CAACAGTGTTGAATCC-1,7958,21,432,2698
CAACCAAAGAACTCCT-1,8291,33,401,3136
CAACCAAAGATGTAGT-1,28,6597,408,2269
CAACCAACAACACACT-1,3111,166,76,1714
CAACCAACACACGTGC-1,18,5166,392,2031
CAACCAACACTGGCCA-1,47,823,31,551
CAACCAACAGCTCCTT-1,6159,422,305,2634
CAACCAACATCTTCGC-1,50,855,30,572
CAACCAAGTAGACAAT-1,9,2751,185,1019
CAACCAAGTATGTGTC-1,4401,59,761,1859
CAACCAAGTCACCTTC-1,9796,18,470,3363
CAACCAAGTTAAGGGC-1,26,7041,302,2264
CAACCAATCACTGCTC-1,1623,1546,93,1869
CAACCAATCATTCGGA-1,19,4016,413,1619
CAACCAATCCCTCTAG-1,82,15218,848,4030
CAACCTCAGAACAAGG-1,20,4800,233,1818
CAACCTCAGACTCAAA-1,625,1586,56,1301
CAACCTCAGCGCTTCG-1,17682,69,1125,4901
CAACCTCCACTCTGCT-1,9707,39,573,3570
CAACCTCGTCAACCTA-1,23597,67,1428,5550
CAACCTCTCTTAGCAG-1,13105,42,768,4319
CAACGATAGCATCGAG-1,12055,51,1011,3747
CAACGATAGGTTGGTG-1,56,11047,854,2981
CAACGATAGTCAGAGC-1,33,6925,514,2272
CAACGATCATTGACTG-1,2858,764,221,1822
CAACGATGTCTCGGAC-1,40,11205,446,3206
CAACGATGTGACAACG-1,1382,84,36,969
CAACGATGTGAGTAGC-1,22064,73,1868,5551
CAACGATTCAAAGAAC-1,30,4067,385,1548
CAACGATTCAATGCAC-1,96,15998,1004,4345
CAACGATTCAGTAGGG-1,68,9841,843,3020
CAACGATTCCATTCAT-1,3301,1195,190,2227
CAACGATTCGATACAC-1,10502,37,505,3645
CAACGATTCGATCCAA-1,3115,635,213,1964
CAACGGCAGAAGGGAT-1,39,9131,488,2909
CAACGGCAGCAGCCCT-1,19,6852,380,2093
CAACGGCAGCCATATC-1,19958,56,1188,4939
CAACGGCAGCTCACTA-1,12836,47,726,3936
CAACGGCTCCTTCTAA-1,40,6250,395,2306
CAACGGCTCTGCTAGA-1,34,11979,585,3442
CAAGACTAGATCACCT-1,7540,30,510,2961
CAAGACTAGTTTCAGC-1,76,18927,1281,4248
CAAGACTCAACAAAGT-1,8334,26,474,3197
CAAGACTCACGCAAAG-1,1283,1411,132,1638
CAAGACTTCCTACCAC-1,78,19187,652,4388
CAAGACTTCCTTCGAC-1,1035,2050,165,1705
CAAGAGGAGCGTTAGG-1,37,8324,548,3001
CAAGAGGCAACCAATC-1,92,15027,931,4168
CAAGAGGCACCGGTCA-1,13151,28,725,3829
CAAGAGGGTACAAGCG-1,31,7622,494,2339
CAAGAGGGTGGAACAC-1,21,7922,485,2465
CAAGAGGGTTTATGCG-1,8,3548,213,1559
CAAGAGGTCAAGTCGT-1,11672,58,768,3910
CAAGAGGTCCCGTTCA-1,19,7448,295,2568
CAAGAGGTCTTTCTAG-1,56,7643,473,2332
CAAGCTAAGGGTACGT-1,17,5677,337,2195
CAAGCTACAGCATTGT-1,7913,32,389,3093
CAAGCTACAGTTCACA-1,1115,1301,74,1465
CAAGCTAGTACTGCGC-1,20,8511,415,2686
CAAGCTAGTCCAAGAG-1,47,8910,805,2653
CAAGCTATCCCTCTAG-1,2899,2471,337,2621
CAAGCTATCTCTGCCA-1,6070,8082,663,5011
CAAGGGAAGATGCAGC-1,13,3688,368,1433
CAAGGGACACGCGCAT-1,53,10576,795,3353
CAAGGGAGTATCTTCT-1,38,5557,456,2052
CAAGGGAGTGATACAA-1,7379,26,368,2759
CAAGGGATCCACAGGC-1,10229,20,464,3349
CAAGGGATCTTAGCTT-1,2512,13,249,1263
CAATACGAGAAACCAT-1,23,5628,210,2087
CAATACGCAAATGGCG-1,19806,59,1121,4794
CAATACGCAGAGGTAC-1,57,14723,1036,3656
CAATACGGTCTCACAA-1,9103,31,379,3130
CAATACGGTGAGTTGG-1,28,8603,707,2662
CAATACGTCAACCCGG-1,15679,60,472,4536
CAATACGTCATTTGGG-1,13555,28,636,3721
CAATACGTCTGCACCT-1,1488,2333,240,2098
CAATCGACAGAACCGA-1,22,6690,335,2415
CAATCGAGTACAAGTA-1,3,1866,83,867
CAATCGAGTCGAGCAA-1,56,10396,917,3308
CAATCGATCATGCGGC-1,41,8463,668,2572
CAATCGATCTCGCAGG-1,15358,44,706,4205
CAATGACAGTGCCTCG-1,2655,413,209,1719
CAATGACCACAACGCC-1,9385,47,312,3705
CAATGACCATATGCGT-1,6855,52,446,2741
CAATGACGTTTACCTT-1,78,15038,777,3990
CAATTTCAGCAAGTGC-1,58,10934,1013,3002
CAATTTCAGCTGACAG-1,36,5685,496,2144
CAATTTCAGGAAGTGA-1,42,5929,496,2060
CAATTTCCAGAAGTGC-1,37,4361,238,1707
CAATTTCGTATGCTAC-1,8267,30,517,3032
CACAACAAGAATCCCT-1,9999,47,489,3760
CACAACAGTCCTTAAG-1,738,2470,171,1733
CACAACAGTGACTCTA-1,20112,61,1052,5136
CACAACAGTGTCCCTT-1,43,8888,394,2941
CACAACATCGCTATTT-1,16849,75,968,4855
CACACAAAGAAACTCA-1,124,19882,897,4689
CACACAAAGCAAATCA-1,90,12683,770,3988
CACACAAAGCACTAGG-1,30,4772,326,1802
CACACAAAGCCTAACT-1,12729,40,509,4155
CACACAACACGTCGTG-1,8667,31,604,3015
CACACAACAGAGAATT-1,17926,69,962,5022
CACACAAGTATCCTTT-1,24094,81,1574,5881
CACACAAGTGCTTCAA-1,106,24644,895,4912
CACACAATCACGTCCT-1,101,15263,1246,4092
CACAGATAGATCACCT-1,2950,491,150,1806
CACAGATAGGCCTAGA-1,39,7020,440,2325
CACAGATAGTGGCGAT-1,21,4840,210,1772
CACAGATCAACCAGAG-1,51,6860,416,2514
CACAGATCACACCTAA-1,4269,643,204,2286
CACAGATCAGTGACCC-1,30,8004,287,2710
CACAGATTCCTACAAG-1,13045,59,1042,4480
CACAGATTCGTAGTCA-1,21,2961,255,1544
CACAGGCAGAACTTCC-1,20141,70,878,5336
CACAGGCAGCGCCTCA-1,43,8666,758,2793
CACAGGCAGGGCATGT-1,6441,25,270,2634
CACAGGCAGTGAATAC-1,12164,53,852,3438
CACAGGCCAGCTTCGG-1,21,7930,832,2577
CACAGGCCATGGAAGC-1,25,6446,465,2294
CACAGGCGTCATAGTC-1,13,5003,479,1764
CACAGGCGTCATATGC-1,6171,20,353,2589
CACAGGCGTCCTTGTC-1,31,9838,807,2749
CACAGGCGTCTCTCAC-1,10336,28,543,3285
CACAGGCTCAAGTCTG-1,30,8149,547,2473
CACAGGCTCGTGCGAC-1,17,6038,443,2090
CACATGAAGACCAACG-1,65,13182,778,3562
CACATGAAGATGGTCG-1,10627,33,669,3234
CACATGACAATAACGA-1,3115,2051,283,2503
CACATGACAGAGAATT-1,10,2644,181,624
CACATGACAGTTAGGG-1,10857,29,495,3579
CACATGAGTTAAGACA-1,1041,136,58,822
CACATGATCAATGCAC-1,18,4166,299,1688
CACATGATCTAGCAAC-1,6643,23,390,2738
CACATGATCTTCTAAC-1,25,1605,230,900
CACCAAAAGTATCCTG-1,19507,87,1198,5306
CACCAAACACCTCTGT-1,76,14333,525,3841
CACCAAACACGCCACA-1,3040,1098,111,2237
CACCAAACATGTGGCC-1,36,7621,397,2716
CACCAAAGTAGGCAGT-1,48,10071,629,2784
CACCAAAGTTAATCGC-1,8652,43,494,3485
CACCAAATCACGAACT-1,49,11548,847,3246
CACCAAATCATTTGCT-1,10956,63,575,4073
CACCAAATCCGTAATG-1,718,994,62,1118
CACCAAATCGCTGTTC-1,9215,45,624,3092
CACCAAATCTTGCGCT-1,11773,80,633,3684
CACCGTTAGTACTGTC-1,11455,58,601,4126
CACCGTTAGTCATACC-1,7875,29,477,3104
CACCGTTCAAATCAGA-1,8216,34,543,2940
CACCGTTCACTTGTGA-1,380,5211,516,2017
CACCGTTCATCATCTT-1,926,696,37,1114
CACCGTTCATCGAAGG-1,38,1875,242,916
CACCGTTCATCGCCTT-1,25,4460,342,1703
CACCGTTCATCGGTTA-1,508,312,19,665
CACCGTTTCTCCGTGT-1,21490,65,1127,5169
CACCGTTTCTCGTCGT-1,42,8513,510,2704
CACGAATAGATGGCAC-1,3520,932,295,2209
CACGAATAGGCGAACT-1,455,2611,205,1493
CACGAATCACCGTGGT-1,13689,59,666,4169
CACGAATCAGCCATTA-1,127,23966,990,5258
CACGAATCAGGTATGG-1,25,5751,561,2060
CACGAATCATGTGGCC-1,10232,27,555,3436
CACGAATGTATACGGG-1,10700,59,465,4065
CACGAATGTATCGAAA-1,8478,28,509,3028
CACGAATGTATGAAAC-1,409,1855,169,1212
CACGAATGTCACAGTT-1,771,790,70,1083
CACGAATGTCGGAACA-1,14830,32,1086,3711
CACGAATGTGCTCGTG-1,12731,52,732,4143
CACGAATGTTCTCTAT-1,8737,33,317,3478
CACGAATTCATAGCAC-1,17242,59,895,5129
CACGAATTCCCGTGAG-1,10139,41,609,3637
CACGAATTCCTTCTAA-1,53,11888,902,3235
CACGGGTAGATTTGCC-1,68,13353,987,3509
CACGGGTAGTAACCGG-1,23,2733,1,802
CACGGGTCAACCGCCA-1,14,2024,1,667
CACGGGTCACAGTGTT-1,14,4476,139,1816
CACGGGTCACGAAAGC-1,24,836,89,511
CACGGGTCAGTTTCGA-1,16093,65,785,4455
CACGGGTGTGCTCTTC-1,31,10769,620,3227
CACGGGTTCGGTTCAA-1,25,5828,410,2202
CACGGGTTCTAACACG-1,14995,45,616,4177
CACGTGGAGGACAAGA-1,86,12717,1126,3573
CACGTGGAGTGGATTA-1,16520,66,1477,4510
CACGTGGCAATGCTCA-1,26,6469,356,2323
CACGTGGGTTCCACAA-1,22412,77,1262,5252
CACGTGGTCATTGTTC-1,103,6453,371,2308
CACGTGGTCCTCTCTT-1,14733,74,805,4504
CACGTGGTCCTTACCG-1,15,1686,0,795
CACGTTCAGCCTCATA-1,12991,36,217,4150
CACGTTCAGTATGATG-1,8395,22,636,3047
CACGTTCCAAACACGG-1,59,16108,1043,4102
CACGTTCCAATGGCAG-1,2420,121,149,1432
CACGTTCCAGACTCTA-1,713,1810,119,1417
CACGTTCCATGACAAA-1,15973,61,756,4750
CACGTTCGTATCGATC-1,40,7878,444,2569
CACGTTCGTCTGCAAT-1,57,12120,917,3477
CACGTTCGTCTGTAGT-1,13366,52,1162,4021
CACGTTCGTGCCTACG-1,51,15553,730,3913
CACGTTCGTTTCACAG-1,420,1103,87,964
CACGTTCTCATGCAGT-1,21718,165,1307,5460
CACGTTCTCATTGCTT-1,67,10569,718,3352
CACGTTCTCGGTCTGG-1,8522,27,524,3070
CACGTTCTCTGGGAGA-1,51,9411,846,2726
CACTAAGAGAGAGAAC-1,17025,62,913,4705
CACTAAGAGCATTTGC-1,22,5222,357,2009
CACTAAGAGCGGATCA-1,40,9188,454,2860
CACTAAGCATTCCTCG-1,23565,91,1713,5529
CACTAAGGTCGAACGA-1,26,9839,487,3068
CACTAAGGTGCATTAC-1,34,7451,417,2437
CACTAAGGTTTACACG-1,128,25403,1303,5415
CACTAAGTCAAGTCTG-1,6722,29,838,2423
CACTAAGTCCAGCAAT-1,724,2289,168,1488
CACTGAAAGAACGCGT-1,7642,33,502,3006
CACTGAAAGGCTCACC-1,13174,58,447,4520
CACTGAAAGGTCTGGA-1,9421,46,590,3174
CACTGAAAGGTTTGAA-1,46,7104,368,2544
CACTGAAAGTTACGAA-1,16928,57,1173,4616
CACTGAACAGTCAACT-1,25,5320,377,2064
CACTGAACAGTGTGGA-1,6719,29,624,2606
CACTGAAGTATAGCTC-1,4649,24,259,2278
CACTGAAGTATTAAGG-1,9784,16,529,3535
CACTGAAGTGATACTC-1,5449,23,268,2573
CACTGAAGTGGCTGCT-1,35,9694,365,3030
CACTGAAGTTTATGCG-1,50,9334,784,2801
CACTGAATCAGCTCTC-1,7618,46,368,3205
CACTGAATCAGGAGAC-1,7467,30,528,2919
CACTGAATCATCGTAG-1,16987,63,1155,4592
CACTGGGAGAAGTCCG-1,45,11304,743,3217
CACTGGGCAATGGCAG-1,55,12983,597,3702
CACTGGGGTCACTTCC-1,1124,1751,127,1652
CACTGGGGTTCGAACT-1,497,484,31,751
CACTGGGTCGTCTACC-1,5,802,1,476
CACTGGGTCTAGACAC-1,29,6472,325,2338
CACTGTCAGAATCGAT-1,17896,76,1745,4792
CACTGTCAGGCGTCCT-1,14,4083,278,1758
CACTGTCCAAACCATC-1,31,7120,395,2555
CACTGTCCAAATCGGG-1,67,11489,637,3293
CACTGTCCAACTGGTT-1,8669,44,438,3403
CACTGTCCAATCGTCA-1,94,19007,1203,4569
CACTGTCCAGTATACC-1,3848,24,221,1852
CACTGTCGTATTGACC-1,38,2298,153,1022
CACTGTCGTTCGAGCC-1,18478,69,1058,5054
CACTGTCTCAGATTGC-1,35,8466,389,2893
CACTGTCTCATTCATC-1,1128,929,51,1371
CACTGTCTCCAAGCTA-1,25,9233,455,3137
CACTGTCTCCCAAGCG-1,35,6276,471,2416
CACTGTCTCTTTGCAT-1,664,2791,186,1826
CACTTCGAGACGGTCA-1,15748,79,1752,4598
CACTTCGAGTCGAGGT-1,14762,71,772,4601
CACTTCGCATCCGCGA-1,46,1016,25,604
CACTTCGGTACCCGAC-1,78,16644,844,4456
CACTTCGGTGCCCACA-1,3720,34,158,1479
CACTTCGGTTATAGAG-1,8574,28,518,2864
CACTTCGGTTCGAGCC-1,17999,67,1075,5096
CACTTCGTCATTTACC-1,1666,377,69,1284
CAGAGCCAGAGCGACT-1,8471,21,609,3101
CAGAGCCAGTAATACG-1,9074,19,406,3241
CAGAGCCCAGCTACTA-1,17286,66,1188,4616
CAGAGCCCATTATGCG-1,19810,68,809,4940
CAGAGCCCATTCAGCA-1,51,11163,477,3345
CAGAGCCGTGTCCATA-1,7566,21,678,2801
CAGAGCCGTTTACTGG-1,6359,19,390,2552
CAGAGCCTCACCATGA-1,36,8300,590,2567
CAGAGCCTCTACGGTA-1,3681,17,54,1629
CAGAGCCTCTACTTCA-1,26557,121,1806,6303
CAGATACAGACTCCGC-1,44,10274,627,3129
CAGATACCACACACTA-1,66,9745,597,2836
CAGATACCAGTAGAGC-1,7672,25,655,2731
CAGATACCATATAGCC-1,10456,31,607,3441
CAGATACGTGGACCTC-1,20419,59,1430,4884
CAGATACGTGGCATCC-1,10902,53,1175,3308
CAGATACTCCGTATAG-1,5317,36,471,2412
CAGATACTCCTGTAAG-1,11776,43,757,4075
CAGATACTCTTCCCGA-1,3706,1182,195,2363
CAGATCAAGAACGCGT-1,9432,9474,1293,5606
CAGATCAAGAGTCTTC-1,24,7103,465,2289
CAGATCAAGCCTGTGC-1,11477,49,794,3866
CAGATCACAAACTCTG-1,4864,15,450,1935
CAGATCACAACAGAGC-1,49,9344,808,2934
CAGATCACAAGCTGCC-1,24,8694,471,2925
CAGATCACACAAGCAG-1,8,4880,279,1912
CAGATCACACGACAGA-1,14393,65,828,4252
CAGATCACAGAACTTC-1,19,2519,142,531
CAGATCACAGATCCTA-1,15,1136,73,666
CAGATCACAGCCGGTT-1,25,8463,479,2591
CAGATCACATCACAGT-1,42,9442,545,2824
CAGATCATCACACCCT-1,721,2267,248,1605
CAGATCATCGACGCTG-1,9760,35,536,3273
CAGATCATCGATTCCC-1,8306,28,443,2953
CAGATCATCTCTTGCG-1,14666,53,698,4392
CAGATCATCTTGGAAC-1,9608,41,445,3384
CAGATTGAGAGTGACC-1,22235,109,1689,5444
CAGATTGAGCACACAG-1,17,4737,362,1731
CAGATTGAGTCCCAGC-1,59,13063,1031,3369
CAGATTGCAACCGACC-1,399,2399,134,1460
CAGATTGCAACTGCTA-1,3539,12,169,1669
CAGATTGCATGGCTAT-1,117,15719,699,4475
CAGATTGGTCGCATCG-1,6562,27,580,2396
CAGATTGGTCTGATAC-1,10094,31,894,3612
CAGCAATAGACGAGCT-1,9579,9995,1494,6281
CAGCAATAGCCTAGGA-1,29396,132,1511,6167
CAGCAATAGGTCACCC-1,62,7753,231,2608
CAGCAATAGTCGTTAC-1,7692,39,536,3169
CAGCAATCAAATCCCA-1,117,22847,1245,4707
CAGCAATGTATCGAGG-1,6123,33,455,2695
CAGCAATTCAACACCA-1,13759,56,627,3991
CAGCAATTCGCAATTG-1,40,9909,486,2989
CAGCAATTCGCCGAGT-1,76,13928,800,3971
CAGCAATTCGGCATAT-1,30618,111,1341,6076
CAGCACGAGCTAAATG-1,47,8516,765,2747
CAGCACGAGTACTGGG-1,329,3502,495,1740
CAGCACGAGTGACCTT-1,68,12856,1253,3308
CAGCACGCAGATCCAT-1,42,5443,491,2303
CAGCACGCAGTTTCGA-1,50,8885,746,2563
CAGCACGGTACGACTT-1,97,17077,1057,4233
CAGCACGGTAGTCGGA-1,13118,63,1201,4355
CAGCACGGTAGTGTGG-1,9115,25,573,2998
CAGCACGGTTTACCTT-1,3559,476,408,1888
CAGCACGTCCTCTAGC-1,5657,21,259,2410
CAGCACGTCGTGTTCC-1,8,2365,160,1173
CAGCACGTCTTACCAT-1,12096,35,568,3677
CAGCAGCCACTTGGCG-1,8959,18,316,2883
CAGCAGCCAGAACTTC-1,16,571,2,381
CAGCAGCCATCTGGGC-1,16,1057,37,645
CAGCAGCGTTGTAGCT-1,1133,3513,185,2164
CAGCAGCTCCATTGGA-1,25207,59,1414,5440
CAGCCAGAGATCCCAT-1,39,8844,390,2998
CAGCCAGAGCATGATA-1,34,5099,246,1937
CAGCCAGAGTTCGGTT-1,17,6889,369,2405
CAGCCAGCAAGGTCTT-1,12156,31,570,3558
CAGCCAGCACCTGATA-1,42,10835,715,3209
CAGCCAGGTCGCACAC-1,697,2139,268,1436
CAGCCAGGTGAGTAGC-1,35,8953,520,2854
CAGCCAGGTGGCAACA-1,4093,9,3,1501
CAGCCAGGTGTGTGTT-1,12629,61,742,4106
CAGCCAGTCCTCACTG-1,644,1833,100,1461
CAGCCAGTCGACGATT-1,55,11843,1085,3514
CAGCCAGTCGATACGT-1,15,7383,523,2413
CAGCGTGAGCCAAGGT-1,36,8072,528,2860
CAGCGTGCAAACACCT-1,6006,76,585,2436
CAGCGTGCATTGTAGC-1,18,8102,508,2551
CAGGCCAAGACATCCT-1,7972,32,546,3128
CAGGCCAAGATAGTCA-1,12868,42,717,3622
CAGGCCAAGGTATTGA-1,70,15149,1227,3689
CAGGCCAAGGTGCCTC-1,20687,93,1398,5245
CAGGCCAAGTAGTCTC-1,3226,2129,396,2655
CAGGCCAAGTGCGCTC-1,68,12147,1123,3288
CAGGCCAAGTTGTCAC-1,9413,20,473,3098
CAGGCCAGTACCCACG-1,22,9470,476,2931
CAGGCCAGTCATCGCG-1,18100,12878,1402,8195
CAGGGCTAGCCGTAAG-1,47,10540,958,2725
CAGGGCTAGGCTAACG-1,12469,49,885,3657
CAGGGCTAGTAGTCAA-1,21,7070,430,2298
CAGGGCTCATCTCATT-1,18,4868,234,1761
CAGGGCTCATGACGGA-1,21523,63,1650,5107
CAGGGCTCATTCGGGC-1,45,10297,519,3270
CAGGGCTGTCTCGGGT-1,90,1465,144,860
CAGGGCTGTCTCTCCA-1,13590,69,1024,3861
CAGGGCTGTGTTAAAG-1,22,3861,354,1633
CAGGGCTTCAAGGCTT-1,14,5934,342,2147
CAGGGCTTCGAGAATA-1,8,1472,1,661
CAGGTATAGGGACAGG-1,3689,21,406,1741
CAGGTATCAAACCACT-1,20,4583,279,1776
CAGGTATCAGACGGAT-1,12161,42,702,3879
CAGGTATGTAGGACTG-1,38,8109,754,2573
CAGGTATGTGGATACG-1,29,6687,406,2429
CAGGTATGTGTTATCG-1,2264,262,49,1319
CAGGTATTCACGATCA-1,31,8970,359,2915
CAGGTATTCGCAACAT-1,75,18353,1230,4325
CAGGTATTCTTCCAGC-1,31,8096,838,2430
CAGTGCGAGTAATACG-1,7867,20,405,2794
CAGTGCGGTAACGCGA-1,16856,52,1033,4516
CAGTGCGGTATCAGGG-1,35,9330,830,2735
CAGTGCGGTCAACCAT-1,50,8784,484,2945
CAGTGCGGTCCTGTCT-1,11668,52,634,3629
CAGTGCGGTCGTGATT-1,27,8422,486,2711
CAGTGCGTCTTTGATC-1,10512,32,744,3534
CAGTTAGCACCGCTAG-1,66,13915,727,3898
CAGTTAGCACGCTATA-1,17831,77,1064,4848
CAGTTAGCACGGTAGA-1,14032,36,885,3921
CAGTTAGCAGAGCTAG-1,12328,44,792,3831
CAGTTAGGTGATTGGG-1,5374,21,407,2340
CAGTTAGGTTGCATCA-1,18989,77,1120,5294
CAGTTAGTCAAGTCGT-1,26,5334,314,1913
CAGTTAGTCATCGGGC-1,69,14622,635,3795
CAGTTAGTCCGCTTAC-1,46,16620,765,4139
CAGTTAGTCTTCGTAT-1,68,12247,676,3445
CAGTTCCAGCAGCCTC-1,13663,52,708,4272
CAGTTCCAGCGATGCA-1,22,7339,405,2439
CAGTTCCAGGTGCAGT-1,12,854,43,547
CAGTTCCAGTGGTGAC-1,35,12213,671,3632
CAGTTCCCAATCTCTT-1,14,2994,73,1300
CAGTTCCCACCAGTTA-1,6299,754,291,3033
CAGTTCCGTAGACAAT-1,1513,85,41,1013
CAGTTCCGTCACGCTG-1,11842,37,365,3718
CAGTTCCGTCCCGGTA-1,20019,313,1097,5228
CAGTTCCTCGGTCTGG-1,25,5923,334,2194
CATAAGCAGACTTAAG-1,49,9551,639,2916
CATAAGCAGGTTGTTC-1,71,9335,580,2655
CATAAGCAGTAATACG-1,8401,40,598,2977
CATAAGCCAAGGCAAC-1,21,8325,300,2787
CATAAGCCAATTGGTC-1,26,6433,385,2368
CATAAGCCACCGTACG-1,10106,26,536,3473
CATAAGCCAGACCTGC-1,4145,1392,395,2689
CATAAGCCAGCTGTCG-1,124,8154,443,2895
CATAAGCCATCAGTGT-1,102,16586,1115,4341
CATAAGCCATTGGCAT-1,782,201,36,735
CATAAGCTCACCCTCA-1,73,14474,637,3701
CATAAGCTCATAGACC-1,3410,457,172,1926
CATAAGCTCCTCTTTC-1,750,969,59,1153
CATAAGCTCTGGCCTT-1,23,933,91,543
CATACAGAGGAAAGTG-1,43618,167,2434,7525
CATACAGCAAAGGCGT-1,19,6751,441,2065
CATACAGCAATACAGA-1,13851,50,924,4192
CATACAGCACTTGAAC-1,66,10759,583,3436
CATACAGCAGACCTGC-1,32,1375,78,776
CATACAGCAGCTAACT-1,201,10630,591,3461
CATACAGGTAGTACGG-1,15,5222,345,1889
CATACAGGTTCTCTAT-1,630,2745,129,1702
CATACAGTCAGTGGGA-1,47,10081,994,2712
CATACAGTCGTTCCCA-1,5026,11,212,2016
CATACCCAGGTACATA-1,10432,86,445,3281
CATACCCCAACGGGTA-1,21670,60,994,4858
CATACCCCAATACAGA-1,939,91,34,740
CATACCCCACTACGGC-1,15385,63,1102,4418
CATACCCCATCACAGT-1,4346,19,192,1812
CATACCCCATCTAGAC-1,62,7861,524,3017
CATACCCGTATGGTTC-1,21743,84,1579,5367
CATACCCTCCGAGATT-1,64,8662,579,2719
CATACCCTCGCGGACT-1,1120,4942,273,2390
CATACCCTCTAGCAAC-1,12200,61,495,4245
CATACTTAGGATTCAA-1,54,10478,680,3312
CATACTTCAAACGAGC-1,76,12907,797,3750
CATACTTCACTTGACA-1,20,4390,300,1884
CATACTTGTCAACCTA-1,6852,61,295,2820
CATACTTGTCCCGCAA-1,355,7808,372,2952
CATACTTTCCCAGTGG-1,2590,262,144,1586
CATACTTTCGCTCTAC-1,10009,40,390,3428
CATAGACAGAGGTTAT-1,20000,93,1528,5088
CATAGACAGCGTCAGA-1,10901,54,701,3613
CATAGACAGTATAACG-1,18003,79,1081,4882
CATAGACCACCTGCAG-1,40,10988,573,3338
CATAGACCAGTCCCGA-1,29,7253,433,2866
CATAGACGTCGCAGTC-1,14,5080,273,1849
CATAGACGTTAAAGTG-1,27,8136,442,2799
CATAGACGTTGAGAGC-1,31,11577,809,3261
CATAGACTCACCCATC-1,7981,26,482,3025
CATAGACTCATCCTGC-1,19,3403,489,682
CATAGACTCCACGGGT-1,89,18050,1313,4696
CATAGACTCCCATAAG-1,12187,59,774,3881
CATAGACTCCCATTCG-1,76,12558,839,3387
CATAGACTCCGTAGGC-1,12457,45,855,3998
CATAGACTCGAGTCTA-1,31695,99,1793,6098
CATCAAGAGCATGTTC-1,52,11266,801,3191
CATCAAGAGGACACTG-1,3843,2081,424,2806
CATCAAGAGTAATACG-1,10305,42,653,3369
CATCAAGCACTTTAGG-1,6929,28,263,2688
CATCAAGCAGAGAATT-1,9055,27,457,3197
CATCAAGCATGTTCGA-1,50,9148,709,2641
CATCAAGGTGTTATCG-1,41,7390,294,2380
CATCAAGTCAACACCA-1,42,12346,657,3581
CATCAAGTCTTCGTGC-1,38,10253,512,2949
CATCCACAGCCTCAGC-1,177,15022,943,4465
CATCCACAGCCTGTGC-1,14825,112,668,4653
CATCCACAGGTCTGGA-1,15498,38,696,4319
CATCCACCAAATACAG-1,26,7387,505,2506
CATCCACCACAGTCCG-1,10482,47,563,3383
CATCCACCACTCCACT-1,19605,72,1023,5200
CATCCACGTACCGTGC-1,13993,52,579,4088
CATCCACGTATCTCTT-1,11261,52,678,3930
CATCCACGTCCGATCG-1,23,9549,603,2878
CATCCACTCCAAACCA-1,31518,112,2056,6363
CATCCACTCCTTCACG-1,96,16551,1062,4674
CATCCACTCTCATGCC-1,12891,56,479,4052
CATCCCAAGATTAGTG-1,39,8565,489,2535
CATCCCAAGGAAGTGA-1,15047,78,873,4728
CATCCCAAGGTTAAAC-1,37,1417,123,819
CATCCCACAATGGCAG-1,3947,8,18,1723
CATCCCACACGCGCAT-1,5176,399,348,2441
CATCCCAGTCCTGGTG-1,29262,92,1328,6491
CATCCCAGTGAGCTCC-1,44,9417,833,3003
CATCCCATCCATACTT-1,13,2103,138,576
CATCCCATCCCTCTTT-1,42,13446,461,3513
CATCCCATCTACGCGG-1,10927,38,890,3474
CATCCGTAGACATACA-1,19841,71,951,5115
CATCCGTAGCACCGTC-1,48,10569,554,3130
CATCCGTCACCTCGTT-1,1828,303,98,1332
CATCCGTCATTGTCGA-1,13496,40,854,4067
CATCCGTGTGGATCGA-1,11292,35,769,3612
CATCCGTGTTCCGCTT-1,6535,26,408,2788
CATCCGTTCTAACACG-1,2456,151,276,1455
CATCCGTTCTAGAGCT-1,11875,53,935,3991
CATCCGTTCTCGCCTA-1,1009,99,219,670
CATCGCTAGAAGGGAT-1,7371,18,384,2460
CATCGCTAGACTTAAG-1,6846,28,191,2756
CATCGCTAGGAATCGC-1,21,6045,397,2070
CATCGCTAGGACTGGT-1,7932,33,283,3001
CATCGCTAGTGCTACT-1,43,13276,599,3525
CATCGCTGTATGTCCA-1,2942,60,113,1615
CATCGCTTCACGATCA-1,1498,2535,194,2078
CATCGCTTCACTACGA-1,529,2184,206,1339
CATCGCTTCCGATCTC-1,493,761,32,891
CATCGCTTCTAGTCAG-1,67,11915,743,3608
CATCGCTTCTCTGCTG-1,14406,8189,1123,6690
CATCGGGAGTTGAAAC-1,49,8636,524,3023
CATCGGGCACACGGTC-1,8751,36,398,3114
CATCGGGGTAACGTTC-1,78,14734,1008,3644
CATCGGGGTACATACC-1,12344,86,695,4412
CATCGGGGTCCAGAAG-1,3039,13,2,1377
CATCGGGTCGAAGAAT-1,24,8493,574,2704
CATCGGGTCGCTAAAC-1,57,11119,887,3286
CATCGTCAGCAACCAG-1,24144,92,1498,5940
CATCGTCAGCAGTACG-1,26,9425,476,3019
CATCGTCAGGAGAGGC-1,3,1613,378,825
CATCGTCCAATCTCGA-1,8029,22,650,2948
CATCGTCCAATTGAGA-1,54,9923,606,3050
CATCGTCCACTGGAAG-1,12,3600,249,1476
CATCGTCGTCACCGCA-1,6,5417,371,1998
CATCGTCTCTCTATGT-1,32,7880,359,2688
CATCGTCTCTGCTTAT-1,26623,64,1716,5699
CATGAGTAGCGAATGC-1,7560,25,367,2853
CATGAGTAGTCTCCTC-1,49,8410,775,2631
CATGAGTCAACAAGAT-1,9525,43,680,3539
CATGAGTCAACCTAAC-1,7874,38,411,3019
CATGAGTCAAGACCGA-1,29,7172,343,2413
CATGAGTTCTCATTTG-1,7314,36,387,2973
CATGCAAAGATTTGCC-1,108,5446,333,2084
CATGCAAAGTGGTGGT-1,73,15084,1398,3847
CATGCAAAGTGTTGTC-1,18,5531,309,2081
CATGCAAGTATCGGTT-1,31,7254,509,2351
CATGCAATCCACTTTA-1,66,15199,925,3920
CATGCAATCCATTTCA-1,3022,3502,332,3076
CATGCAATCTTCTGGC-1,6353,19,164,2241
CATGCCTCAACCAGAG-1,21409,78,1172,5231
CATGCCTCACATGTTG-1,6124,26,327,2587
CATGCCTCAGGACTTT-1,6106,25,406,2403
CATGCCTGTCGAGTGA-1,7048,16,485,2789
CATGCCTTCTAGAACC-1,25317,99,1568,6157
CATGCCTTCTCATGCC-1,2404,2166,179,2532
CATGCGGAGATCCAAA-1,44,11127,473,3153
CATGCGGAGCAGGCTA-1,9957,52,752,2730
CATGCGGCACACAGCC-1,30,10930,813,3274
CATGCGGCAGCACAAG-1,507,2870,287,1674
CATGCGGGTCCTACGG-1,16578,54,665,4895
CATGCGGTCAGTGTGT-1,5622,22,407,2292
CATGCGGTCCGTCCTA-1,14785,40,693,4304
CATGCGGTCGAGCCTG-1,24,8587,571,2671
CATGCTCAGGCGCTCT-1,1407,1605,175,1763
CATGCTCCAAACTCTG-1,12984,37,604,4057
CATGCTCCACAGCTGC-1,1158,1704,129,1661
CATGCTCGTATATGGA-1,27,6003,331,2005
CATGCTCGTCCAGCCA-1,541,1142,75,1066
CATGCTCGTTCTTAGG-1,57,9928,804,3056
CATGCTCTCCAGCTCT-1,60,15551,656,4082
CATGGATCAACCCTAA-1,17530,61,979,4435
CATGGATGTCGCATGC-1,21254,71,1770,5201
CATGGATGTCTGCATA-1,48,8630,426,2987
CATGGATGTGCAGTGA-1,9211,43,748,3030
CATGGATGTTCTCACC-1,15345,81,935,4630
CATGGATTCATCAGTG-1,11560,33,608,3693
CATGGTAAGGCAGGTT-1,23,5536,319,2134
CATGGTAAGGTACAAT-1,26872,146,2093,5866
CATGGTACACAATGTC-1,54,12094,907,3405
CATGGTACACGCGCTA-1,27,5820,415,2195
CATGGTACACGTCGTG-1,19,4435,317,1671
CATGGTACATTGCCGG-1,796,1987,274,1481
CATGGTAGTCCTGAAT-1,80,13320,781,3547
CATGGTATCGAGGCAA-1,50,12559,900,3427
CATTCATAGCCATTTG-1,26,4765,325,1740
CATTCATAGCTCGCAC-1,16881,44,716,4494
CATTCATCACTTCTCG-1,9119,35,498,3326
CATTCATGTTTACCTT-1,164,1502,54,996
CATTCCGAGACAGTCG-1,14971,53,857,4480
CATTCCGAGTGACACG-1,58,9634,564,2894
CATTCCGCAGGACTTT-1,133,946,65,695
CATTCCGCAGGATTCT-1,40,8935,734,2771
CATTCCGCAGGTCTCG-1,16116,59,1291,4472
CATTCCGGTCCCTCAT-1,557,8674,771,3205
CATTCCGGTGGCGCTT-1,32,5998,465,2091
CATTCCGGTTACCCAA-1,83,23592,1132,4924
CATTCCGTCCCTCGTA-1,21091,90,1340,5319
CATTCTACACGTCTCT-1,5608,22,196,2427
CATTCTAGTGCGTGCT-1,34,8978,601,2825
CATTCTAGTTGATCGT-1,8377,20,555,3037
CATTCTATCCACCTCA-1,22,6731,317,2461
CATTCTATCCCTCGTA-1,33,8513,255,2778
CATTCTATCTCAGTCC-1,26,5804,395,2273
CATTGAGAGGAGAGTA-1,35,8362,761,2370
CATTGAGAGGGATCTG-1,15402,50,1048,4165
CATTGAGAGTGGGAAA-1,63,9674,1026,2613
CATTGAGCATGTTTGG-1,10630,46,793,3694
CATTGAGGTTTGTTCT-1,8596,46,787,3451
CATTGAGTCCCGTGAG-1,33,12487,778,3140
CATTGAGTCTACGCAA-1,41,7983,619,2560
CATTGCCAGTATAGAC-1,9112,34,444,3420
CATTGCCAGTATGAAC-1,33,8861,571,2969
CATTGCCCAATGACCT-1,7626,26,270,2903
CATTGCCCACGTGAGA-1,14668,60,823,4459
CATTGCCCACTACGGC-1,30,7142,448,2630
CATTGCCCACTTGGCG-1,6854,24,452,2549
CATTGCCCATATTCGG-1,24,5416,399,2004
CATTGCCGTAGATTAG-1,11305,44,507,3963
CATTGCCGTCGAGTGA-1,28,7015,392,2429
CATTGCCGTGTAACGG-1,70,13066,824,3589
CATTGCCGTTTCGGCG-1,134,988,60,694
CATTGCCTCCCGAGAC-1,975,107,40,781
CATTGCCTCCTGTTAT-1,2699,981,117,2004
CATTGTTAGAGTTGCG-1,6034,18,305,2509
CATTGTTAGCCATTTG-1,13950,110,940,4417
CATTGTTAGCGGATCA-1,31,5669,406,2222
CATTGTTAGTATGATG-1,15862,71,1090,4679
CATTGTTAGTGTGTTC-1,39,7538,413,2265
CATTGTTAGTTCCATG-1,47,4309,238,1888
CATTGTTGTAACAGGC-1,2,2009,180,629
CATTGTTGTAATGCTC-1,37,7171,401,2609
CATTGTTGTCTTCGAA-1,12,3265,239,1477
CATTGTTTCCACTTTA-1,24,4665,330,1956
CATTGTTTCCTTCTGG-1,13856,59,731,4554
CATTGTTTCGTGGTAT-1,2880,16,234,1375
CATTTCAAGAGTGTTA-1,32,8895,548,2759
CATTTCAAGGAGCTGT-1,4672,16,612,1813
CATTTCAAGGAGGTTC-1,34,5938,471,2176
CATTTCAGTTTCACAG-1,33,7715,452,2689
CATTTCAGTTTGTGGT-1,40,8616,302,2772
CATTTCATCGGCTATA-1,3868,16,246,1771
CCAAGCGAGCCTCTCT-1,24,6556,325,2456
CCAAGCGAGGCTAGCA-1,20,871,45,556
CCAAGCGAGGGACAGG-1,12487,56,1290,3741
CCAAGCGCAAATTGCC-1,1766,15358,920,4779
CCAAGCGCAACCAATC-1,28,6094,229,2159
CCAAGCGCAAGCTACT-1,15621,65,795,5009
CCAAGCGCACCAAATC-1,14,5863,290,2178
CCAAGCGCATGCGGTC-1,6512,26,230,2651
CCAAGCGTCGCTCATC-1,4,1900,164,1028
CCAATGAAGAACAGGA-1,10370,42,857,3561
CCAATGAAGCACCGAA-1,78,14260,959,3814
CCAATGAAGTGCCAGA-1,6756,34,327,2483
CCAATGACAAACCATC-1,65,11692,885,3570
CCAATGACAAGCGCTC-1,82,10378,732,3262
CCAATGACAATCGAAA-1,4700,431,669,2295
CCAATGACAGCTCGGT-1,18677,57,1371,5027
CCAATGACAGTCAGCC-1,8423,48,776,3099
CCAATGAGTAGGATAT-1,6717,31,361,2685
CCAATGATCAATCTTC-1,5433,668,290,2778
CCAATGATCCACATAG-1,52,8013,446,2674
CCAATGATCCGAAATC-1,70,11918,695,3098
CCAATGATCGACCACG-1,15,3722,264,860
CCAATTTCAAGATGGC-1,9892,40,857,3258
CCAATTTCACAGTATC-1,108,18405,1108,4512
CCAATTTCAGCGCGTT-1,11536,60,1034,3757
CCAATTTCATTGAGGG-1,11496,49,1100,3692
CCAATTTGTCTCGGAC-1,7271,33,638,2668
CCAATTTGTGACTGTT-1,37,8048,277,2830
CCACAAAAGCCTGCCA-1,401,786,72,807
CCACAAAAGTAATCCC-1,11702,73,503,4044
CCACAAAAGTACCGGA-1,12330,11249,1845,6880
CCACAAAGTACTGCGC-1,216,7099,480,1435
CCACAAAGTCCTACGG-1,152,7452,141,2948
CCACAAAGTTGTCTAG-1,21,5674,379,2164
CCACAAATCAAGGTGG-1,18,5307,282,1956
CCACAAATCATTTACC-1,55,7591,400,2715
CCACACTAGAAATCCA-1,9141,32,488,3348
CCACACTAGCCGAACA-1,2233,866,107,1813
CCACACTCAACTGATC-1,9791,32,549,3605
CCACACTCACATCCCT-1,345,2813,101,1659
CCACACTCAGCGTGCT-1,13552,37,728,4057
CCACACTGTCGATTAC-1,26,1571,67,824
CCACACTGTGTTTACG-1,9662,18,469,3313
CCACACTGTTTACTTC-1,746,3791,173,2203
CCACACTTCAAACCCA-1,19929,114,910,5616
CCACACTTCACCCTTG-1,1439,572,61,1322
CCACCATAGGGTAATT-1,30,1015,51,597
CCACCATAGTTCACTG-1,71,13759,1003,3732
CCACCATCAAACTGCT-1,51,11961,584,3570
CCACCATCACTCAGAT-1,10752,45,611,3728
CCACCATCAGTAGATA-1,1483,117,43,1053
CCACCATGTACGATGG-1,61,11516,795,3111
CCACCATGTCATGACT-1,960,541,60,1047
CCACCATGTGAGGCAT-1,7,1587,66,739
CCACCATTCCTACGGG-1,3386,33,31,1622
CCACCATTCTCGGCTT-1,82,16223,872,4224
CCACGAGAGCACACCC-1,808,3086,353,1845
CCACGAGCACCTCGTT-1,2973,2081,286,2593
CCACGAGCACTGCGAC-1,26988,92,1611,6213
CCACGAGCAGACCGCT-1,302,11944,802,3525
CCACGAGCAGAGAGGG-1,29,8067,396,2628
CCACGAGGTCACTCGG-1,11457,36,802,3370
CCACGAGTCCGAACGC-1,52,12099,632,3616
CCACGAGTCCTGGGAC-1,20075,86,1165,5135
CCACGAGTCTGTGCAA-1,16499,61,1329,4299
CCACGTTAGCGGTATG-1,9980,40,683,3318
CCACGTTAGCTGCCAC-1,55,12450,691,3647
CCACGTTAGGTGGGTT-1,8,2698,210,1292
CCACGTTAGTCCGTCG-1,36,15686,646,3694
CCACGTTCAATAGTGA-1,61,14306,668,3742
CCACGTTCAGACCCGT-1,33,7903,276,2235
CCACGTTCATCAGCTA-1,13268,61,616,4436
CCACGTTCATGAATCC-1,1497,1981,132,1986
CCACGTTTCACAGTGT-1,20,4879,303,1997
CCACGTTTCACTGGTA-1,85,19289,882,4665
CCACGTTTCCACGTGG-1,51,11385,821,3042
CCACGTTTCCTGGGAC-1,35,10602,407,3064
CCACGTTTCGTCCATC-1,47,8586,1117,3357
CCACTTGCACACACGC-1,64,14453,665,3955
CCACTTGGTAACATAG-1,9876,34,595,3533
CCACTTGGTGACTATC-1,82,13419,732,4028
CCACTTGGTTCAACGT-1,26,6690,375,2383
CCACTTGTCACGAGGA-1,39,10959,713,3101
CCACTTGTCGCCGATG-1,11992,45,725,3864
CCATAAGAGGGAGGCA-1,48,7294,498,2466
CCATAAGCACGACGAA-1,15,5715,327,1905
CCATAAGTCATTCGTT-1,19450,3157,1184,6028
CCATAAGTCGTGCAGC-1,21,7139,293,2438
CCATCACAGATACCAA-1,12327,42,513,3978
CCATCACAGCTTTGTG-1,19836,80,1372,5351
CCATCACAGTAACCTC-1,1148,1893,87,1781
CCATCACAGTCCTACA-1,19,6358,474,2425
CCATCACAGTCTACCA-1,1674,188,66,1197
CCATCACCAAATTGCC-1,1809,37,73,1070
CCATCACCAATACGCT-1,25,5496,376,2261
CCATCACCAATGTCAC-1,10791,31,516,3573
CCATCACCACCCAATA-1,69,516,56,430
CCATCACCAGTGTATC-1,32,8452,569,2852
CCATCACGTACACGCC-1,6890,30,3,2546
CCATCACGTACATACC-1,106,18340,782,4547
CCATCACGTCGAAGCA-1,39,9905,451,3240
CCATCACTCCACAAGT-1,2283,248,101,1492
CCATCACTCCGTGTGG-1,20,7966,302,2617
CCATCACTCTCCTGTG-1,47,11109,813,3172
CCATCACTCTCGGGAC-1,31,4405,356,1776
CCATCACTCTCTCAAT-1,52,9672,349,3068
CCATCACTCTGCACCT-1,29,7602,332,2551
CCATCACTCTTGCGCT-1,13684,58,961,4400
CCCAACTAGACTAAGT-1,148,20084,1412,4753
CCCAACTAGCGAACTG-1,91,23241,804,4568
CCCAACTCACCTGAAT-1,3664,471,123,1903
CCCAACTCAGGGAGAG-1,238,1827,277,1021
CCCAACTGTACGTGTT-1,20,656,45,431
CCCAACTGTAGCGCCT-1,22744,69,1385,5410
CCCAACTGTGAGCGAT-1,47,17058,1117,3850
CCCAACTGTTGGCCGT-1,4532,827,324,2507
CCCAACTGTTTCGTAG-1,2395,251,110,1512
CCCAACTTCCTACCGT-1,1062,2099,119,1763
CCCAACTTCGAAATCC-1,34,8878,422,2823
CCCAACTTCGGTGCAC-1,21089,67,1089,5352
CCCAACTTCTCGTCAC-1,2861,22,215,1422
CCCATTGAGAATCGCG-1,17238,38,1224,4903
CCCATTGAGCCTGTCG-1,18,6360,208,2534
CCCATTGAGGGTACGT-1,17,4672,361,1754
CCCATTGAGGTTGAGC-1,8047,27,742,2754
CCCATTGCAATTTCCT-1,9945,33,580,3378
CCCATTGCAGAACTCT-1,638,1952,112,1433
CCCATTGCAGTGTATC-1,21,5120,392,1769
CCCATTGGTACTTCCC-1,65,10509,802,3226
CCCATTGGTCTAATCG-1,8568,17,456,2932
CCCATTGTCACAAGGG-1,6126,24,379,2237
CCCGAAGAGCAATTCC-1,12,3992,356,1708
CCCGAAGCAGACGGAT-1,14132,53,751,4069
CCCGAAGGTAAGATAC-1,126,19191,1094,4618
CCCGAAGGTACCTAAC-1,14,3992,184,1382
CCCGAAGGTGACTGAG-1,6844,51,963,3053
CCCGAAGGTGGCGTAA-1,25956,88,2184,5348
CCCGAAGGTTGTGTTG-1,26451,101,1529,5065
CCCGGAAAGATGCCGA-1,6703,25,415,2508
CCCGGAACAAAGAACT-1,23,5706,234,1972
CCCGGAACATCAACCA-1,19100,72,1390,5338
CCCGGAACATGCAGGA-1,14,842,51,576
CCCGGAAGTGACTCGC-1,31,9858,398,2899
CCCGGAAGTGGTGATG-1,13777,47,912,3841
CCCGGAAGTTCGATTG-1,19,6991,536,2290
CCCGGAATCTACACAG-1,29,9467,9,2994
CCCGGAATCTCAGTCC-1,8538,35,509,3204
CCCTAACAGCCGATCC-1,12,7549,286,2586
CCCTAACAGTCTAGAA-1,52,7975,522,2561
CCCTAACCAAGAGGTC-1,34,7530,379,2384
CCCTAACCAATTTCGG-1,94,17940,949,4462
CCCTAACCACACCTTC-1,152,28125,1564,5571
CCCTAACCACTTTAGG-1,44,763,33,507
CCCTAACCATCAGCTA-1,1988,1196,92,1868
CCCTAACGTGACACGA-1,6439,30,272,2525
CCCTCAAAGACCTTTG-1,19729,67,1076,5583
CCCTCAAAGTTGGAAT-1,10382,42,869,3443
CCCTCAACAAAGTGTA-1,8071,31,441,3040
CCCTCAACACGATTCA-1,14341,64,665,4583
CCCTCAACATCGTGGC-1,16,5338,307,2152
CCCTCAAGTCGCATCG-1,11044,33,646,3630
CCCTCAAGTGGCGCTT-1,19,4004,340,1643
CCCTCAAGTTTGAACC-1,21,6445,361,2005
CCCTCAATCATTTACC-1,40,9154,257,3000
CCCTCAATCCAAGAGG-1,21,4741,277,1884
CCCTCAATCTAGCAAC-1,2672,380,80,1641
CCCTCAATCTGGGATT-1,22,4971,344,1952
CCCTCTCAGTCCCGGT-1,2290,1647,100,2190
CCCTCTCAGTTGTAAG-1,1609,301,104,1210
CCCTCTCCACCTAAAC-1,25,5875,210,2240
CCCTCTCCAGTAGAAT-1,24,4265,268,1748
CCCTCTCCAGTCCCGA-1,3463,424,145,1976
CCCTCTCCATAATCCG-1,230,10711,306,3436
CCCTCTCCATGTTTGG-1,47,11853,714,3510
CCCTCTCTCGACTCCT-1,16094,84,1094,4997
CCCTCTCTCTACTCAT-1,32,1723,144,870
CCCTGATAGGCACTCC-1,6294,23,153,2561
CCCTGATCAGCTCTGG-1,52,18196,1153,4312
CCCTGATCATAGAATG-1,13197,68,873,4260
CCCTGATGTCCAGTTA-1,2205,218,91,1404
CCCTGATTCTCGACGG-1,93,19382,806,4748
CCCTGATTCTGCGAGC-1,47,10088,520,2759
CCCTGATTCTGGGCCA-1,28,4230,253,1788
CCCTTAGAGAATACAC-1,44,8919,467,2985
CCCTTAGAGACATCCT-1,589,1432,87,1229
CCCTTAGAGTATGTAG-1,9242,43,476,3090
CCCTTAGAGTCTTCGA-1,5262,133,226,2188
CCCTTAGAGTGCTCAT-1,50,9572,599,2883
CCCTTAGCAATTGTGC-1,11978,44,608,3844
CCCTTAGCAGCTGTCG-1,13084,36,839,4185
CCCTTAGCATGGCCCA-1,66,656,23,475
CCCTTAGGTACTCGCG-1,50,11895,729,3406
CCCTTAGGTTCCGGTG-1,19,4392,266,1761
CCCTTAGGTTCCTAAG-1,16829,83,1077,4802
CCCTTAGGTTGGACTT-1,11102,47,806,3723
CCCTTAGTCACATACG-1,63,11879,1071,3343
CCCTTAGTCAGACCGC-1,22788,88,1100,5557
CCCTTAGTCTGTCAGA-1,5896,18,4,1846
CCCTTAGTCTTCCACG-1,20097,77,1224,5422
CCGAACGAGACATACA-1,13519,37,706,4150
CCGAACGAGCACCGAA-1,17650,68,1145,4605
CCGAACGAGCAGATAT-1,128,19574,1550,4624
CCGAACGAGCTGTGCC-1,74,14213,1007,3727
CCGAACGCAATAGGGC-1,28,6179,391,2212
CCGAACGTCAGCATTG-1,13605,48,691,3901
CCGAACGTCGTAACCA-1,4909,76,266,2255
CCGATCTCAACAGTGG-1,40,1777,148,882
CCGATCTCAACGATTC-1,82,19075,1304,4482
CCGATCTCAAGAATAC-1,60,12162,700,3305
CCGATCTCAATAACCC-1,6,2152,311,626
CCGATCTGTGGATGAC-1,202,1656,112,1013
CCGATCTGTGTCGCTG-1,34,6816,455,2590
CCGATCTTCCTTATGT-1,29,2946,226,1290
CCGATGGAGCACTCCG-1,16235,41,1046,4706
CCGATGGCACTGAATC-1,77,13901,785,3748
CCGATGGTCCACACAA-1,2386,2342,251,2215
CCGATGGTCCGGCAGT-1,6129,21,476,2535
CCGATGGTCTCGTCAC-1,17,6833,411,2229
CCGCAAGAGAAGAGCA-1,7,4009,303,1621
CCGCAAGAGGAGTCTG-1,33,5781,532,2220
CCGCAAGAGGCAGCTA-1,7,2488,284,1060
CCGCAAGAGTCCCTAA-1,30,7229,433,2467
CCGCAAGCACAGTCCG-1,22230,542,967,5592
CCGCAAGCAGTGGTGA-1,50,21417,1372,4741
CCGCAAGGTCACCTTC-1,53,16608,792,4200
CCGCAAGGTCGAGTGA-1,12552,49,929,3829
CCGCAAGTCCTTATCA-1,554,1534,131,1224
CCGGACAAGTAACCTC-1,81,23203,904,4675
CCGGACACACATACGT-1,7083,31,317,2914
CCGGACACAGACAAAT-1,5142,7525,702,4980
CCGGACAGTGCCTACG-1,20759,74,1222,5385
CCGGACAGTTGTAGCT-1,42,7790,631,2438
CCGGACATCACAAGGG-1,15,6581,227,2353
CCGGGTAAGGCCTTGC-1,676,2001,234,1442
CCGGGTAAGGTGTGAC-1,13943,66,861,4418
CCGGGTACAAAGGCGT-1,52,13138,685,3212
CCGGGTACAGAGTCTT-1,44,10406,789,3248
CCGGGTACAGCCTTCT-1,19193,79,1158,5284
CCGGGTACAGCGAGTA-1,382,1587,262,1095
CCGGGTACAGGTTACT-1,10642,28,502,3657
CCGGGTACATCCTCAC-1,676,5585,430,2614
CCGGGTATCGCGGACT-1,817,18,17,629
CCGGGTATCTGACAGT-1,59,12088,986,3363
CCGGTAGGTAGGCAGT-1,9688,29,506,3220
CCGGTAGGTCGCGTCA-1,26,9289,472,2871
CCGGTAGGTCTTACTT-1,18008,81,1160,4773
CCGGTAGTCACTCGAA-1,8372,17,329,2840
CCGGTGAAGCACCAGA-1,45,11450,840,3182
CCGGTGAAGTCCGCGT-1,7760,19,444,2759
CCGGTGAAGTGGATTA-1,6199,29,365,2694
CCGGTGACAAATGAGT-1,17,4338,282,1653
CCGGTGACACAATTCG-1,8,2344,209,529
CCGGTGACACTATGTG-1,38,7723,291,2944
CCGGTGAGTCTAGATC-1,18,5558,342,1990
CCGGTGATCACCATCC-1,26,7418,341,2533
CCGGTGATCACCTCTG-1,23,5349,344,1984
CCGTAGGAGATCACTC-1,13,2046,80,628
CCGTAGGCAAGCCATT-1,17,4675,304,1897
CCGTAGGCAAGGTCAG-1,6165,23,404,2416
CCGTAGGCAATAAGGT-1,8474,57,576,3289
CCGTAGGGTAGACACG-1,18,3839,293,1709
CCGTAGGGTCAACCAT-1,20,3988,179,1756
CCGTAGGGTCTGATAC-1,20,4697,530,1842
CCGTAGGTCATTATCC-1,2765,14,116,1439
CCGTGAGAGACGCATG-1,8728,35,580,2927
CCGTGAGAGCCTCCAG-1,16093,66,1323,4610
CCGTGAGCAACCGCCA-1,40,9847,528,3090
CCGTGAGCAATACCTG-1,22154,66,1050,5060
CCGTGAGGTACTTCCC-1,21,5861,321,2108
CCGTGAGGTTTGCAGT-1,10687,33,517,3484
CCGTGAGTCACCGCTT-1,19,6484,242,2114
CCGTGAGTCACGGGCT-1,8567,38,380,3239
CCGTGAGTCCTGCCAT-1,24,4958,211,2101
CCGTTCAAGTGCCTCG-1,40,9503,348,3260
CCGTTCACAACTGGTT-1,17135,65,1104,5083
CCGTTCAGTAAGCGGT-1,36,8545,517,2622
CCGTTCATCGCCATAA-1,56,8692,661,2902
CCGTTCATCTACACTT-1,19528,68,1353,5163
CCGTTCATCTTGTTAC-1,9586,44,442,3372
CCTAACCAGACAACTA-1,23462,138,1244,5934
CCTAACCAGCAGCCCT-1,98,17495,1179,4533
CCTAACCAGCTAAGTA-1,42,9658,388,3288
CCTAACCCACGCGCTA-1,25,4738,190,1935
CCTAACCCAGCTTTGA-1,38,12411,715,3366
CCTAACCCAGGTGAGT-1,615,1531,142,1265
CCTAACCCAGTCGGTC-1,32,8247,457,2738
CCTAACCCATGACCCG-1,20,6896,311,2444
CCTAACCGTAGTCACT-1,22,3106,240,872
CCTAACCGTGTTATCG-1,20346,66,1056,4929
CCTAAGAAGAGTGGCT-1,11985,45,767,3517
CCTAAGAAGCTCGAAG-1,5748,17,431,2269
CCTAAGACACCAAAGG-1,346,327,19,574
CCTAAGACACTTCATT-1,64,9449,526,3039
CCTAAGACATGTAACC-1,4054,18,173,2083
CCTAAGAGTCAGCGTC-1,35,10933,672,3064
CCTAAGAGTGCGGCTT-1,32,9114,710,2744
CCTAAGAGTTGCGTAT-1,12432,37,722,3711
CCTAAGATCGCCGAGT-1,5936,16,250,2416
CCTAAGATCTAGACAC-1,26,5828,320,2197
CCTACGTAGGACATCG-1,11630,45,699,3549
CCTACGTAGGGTTAAT-1,14375,55,743,4243
CCTACGTAGGTCGTAG-1,8065,34,525,2899
CCTACGTAGGTTAGTA-1,13,2635,403,609
CCTACGTAGTACTCGT-1,97,2093,464,1114
CCTACGTCAATTTCTC-1,44,912,24,595
CCTACGTCATACCATG-1,46,7720,330,2717
CCTACGTGTTGGAGAC-1,31,7336,489,2637
CCTACGTTCCGGTAGC-1,13833,46,810,4134
CCTATCGAGACGCCAA-1,25,4901,240,1896
CCTATCGAGCTAAACA-1,6753,19,347,2650
CCTATCGAGCTAAATG-1,43,8890,412,2819
CCTATCGAGGTAGACC-1,60,10970,816,3221
CCTATCGCAACCGTGC-1,16626,68,964,4715
CCTATCGCACGAGAAC-1,41,7595,511,2740
CCTATCGCAGCTGTAT-1,30,7921,465,2942
CCTATCGGTATGATCC-1,28,6497,475,2189
CCTATCGGTGCCCAGT-1,25,6206,323,2233
CCTATCGTCAGTCTTT-1,14418,57,1004,4133
CCTATCGTCCGGTAGC-1,20,4162,290,1673
CCTATCGTCTAGATCG-1,104,15280,893,4182
CCTCAACAGAAACCAT-1,87,18384,935,4433
CCTCAACAGACCGTTT-1,3727,1409,341,2555
CCTCAACAGAGGATGA-1,57,9613,629,3122
CCTCAACAGGGCCAAT-1,19650,75,1203,4778
CCTCAACAGTAAACAC-1,1532,467,51,1295
CCTCAACAGTCATGCT-1,66,9688,555,2990
CCTCAACCAACTCCCT-1,3225,1109,156,2302
CCTCAACCAGTTGTCA-1,7727,29,401,3012
CCTCAACGTACAGGTG-1,12720,103,637,4351
CCTCAACTCTGTCAGA-1,634,1905,273,1412
CCTCACAAGGAATGTT-1,15024,56,1080,4454
CCTCACAAGGAGAGGC-1,27931,93,1712,5788
CCTCACAAGTTGTACC-1,41,10789,598,3105
CCTCACACACGCTGTG-1,72,15253,708,4019
CCTCACACAGGTATGG-1,27,3653,357,1408
CCTCACACAGTTACCA-1,1666,298,50,1234
CCTCACACATGACTAC-1,28266,210,1991,7023
CCTCACAGTACCCGCA-1,2980,10,1,1343
CCTCACAGTGACAACG-1,18,1182,160,609
CCTCACAGTTCAGCGC-1,34,8018,370,2918
CCTCACAGTTCCTACC-1,17083,71,962,4952
CCTCACAGTTGGTGTT-1,591,1135,134,1128
CCTCACATCACGGTCG-1,36,9332,451,2588
CCTCACATCAGCTGAT-1,18203,90,1180,5180
CCTCACATCGAATCCA-1,69,13542,630,3646
CCTCAGTAGCCATTGT-1,377,663,31,722
CCTCAGTAGGGATCAC-1,63,9908,833,3074
CCTCAGTAGTGCCCGT-1,13098,39,578,3971
CCTCAGTCAAGGACAC-1,730,1814,102,1409
CCTCAGTCATACAGGG-1,29,6832,243,2592
CCTCAGTCATCAGTGT-1,22,4261,270,1792
CCTCAGTGTCAAGCCC-1,1192,892,42,1331
CCTCAGTGTTCGGCTG-1,462,957,138,926
CCTCAGTTCTACTGAG-1,46,9324,626,2993
CCTCAGTTCTCTGCCA-1,64,12293,465,3363
CCTCATGAGCATTGAA-1,9417,28,637,3202
CCTCATGAGCCTCTGG-1,4084,1362,415,2521
CCTCATGAGGCTCAAG-1,315,7858,707,2669
CCTCATGCACAAGGTG-1,11749,44,981,3951
CCTCATGCACAGCGCT-1,24802,90,1277,5687
CCTCATGCAGTCACGC-1,2309,15,0,1477
CCTCATGTCCACAGGC-1,18405,49,1285,4730
CCTCCAAAGGTACAAT-1,23,5754,303,2163
CCTCCAAAGTCCGCGT-1,6356,32,902,2709
CCTCCAACAGACGGAT-1,27,5411,547,1956
CCTCCAACAGCAGATG-1,48,12652,671,3621
CCTCCAACAGGACTAG-1,22,5461,323,1913
CCTCCAACAGTCCGTG-1,75,11385,779,3401
CCTCCAAGTCAAGGCA-1,2619,236,233,1509
CCTCCAAGTCCTATAG-1,9741,38,676,3541
CCTCCAAGTGGAGGTT-1,10080,26,746,3314
CCTCCAAGTGGTCTGC-1,22,4758,310,1750
CCTCCAAGTGTCGATT-1,29,8871,527,2575
CCTCCAAGTGTCTTAG-1,5585,23,210,2459
CCTCCAATCACATCAG-1,1211,1143,57,1413
CCTCCAATCACTGATG-1,17,5164,255,1948
CCTCCAATCCTCTCTT-1,22301,127,1342,6066
CCTCCAATCGAGTCTA-1,11898,55,571,4128
CCTCCAATCGCTCTAC-1,2686,306,57,1660
CCTCCTCAGAACTCCT-1,12521,73,1307,4191
CCTCCTCAGCCTCGTG-1,41,7406,429,2393
CCTCCTCAGCGGATCA-1,48,13290,596,3703
CCTCCTCCACTCATAG-1,1659,1253,110,1739
CCTCCTCCACTCCCTA-1,31603,126,1052,6637
CCTCCTCCAGAGGGTT-1,24,1987,46,641
CCTCCTCCAGTGACCC-1,49,11199,812,2977
CCTCCTCCAGTGTGGA-1,10221,37,663,3421
CCTCCTCGTGCAGTGA-1,14100,61,918,4295
CCTCCTCTCATACGAC-1,314,656,42,711
CCTCCTCTCTTGCAAG-1,5567,17,265,2336
CCTCTAGCAGCTACTA-1,2053,414,97,1473
CCTCTAGGTCGTTATG-1,51,8205,580,2633
CCTCTAGGTCTGCAAT-1,24,4351,420,1780
CCTCTAGTCAAGCGTT-1,4181,19,238,1915
CCTCTAGTCTCTGAGA-1,8309,29,418,3138
CCTCTCCAGCATACTC-1,10741,29,377,3567
CCTCTCCAGCGCCTAC-1,15,3471,431,979
CCTCTCCAGGCATCAG-1,13328,53,1080,4330
CCTCTCCAGTATGACA-1,694,2326,124,1563
CCTCTCCAGTCGTCTA-1,21,6193,327,2337
CCTCTCCCAACTCCAA-1,18299,101,1251,5302
CCTCTCCCACCCTGTT-1,6443,19,421,2556
CCTCTCCGTAACCCGC-1,3657,23,2,1486
CCTCTCCGTATGCGTT-1,1032,364,57,1008
CCTCTCCGTCTGTGGC-1,10152,22,601,3195
CCTCTCCGTTAGAAGT-1,14168,43,783,4152
CCTCTCCTCATGTCAG-1,40,7014,385,2643
CCTCTCCTCGCTGTCT-1,29,8759,390,2869
CCTCTCCTCTAGGCAT-1,12094,30,790,4274
CCTCTCCTCTCGGTAA-1,76,15615,724,4034
CCTGCATAGAAATTGC-1,40,9106,727,3002
CCTGCATAGGCACAAC-1,8570,28,456,3306
CCTGCATCACATTACG-1,12646,54,688,4443
CCTGCATCACTACACA-1,16222,51,568,4612
CCTGCATCATAGAATG-1,66,7615,584,2566
CCTGCATGTCCATACA-1,16,6428,318,2254
CCTGCATGTCCCTGTT-1,182,2413,80,1283
CCTGCATTCATGCGGC-1,14841,60,991,4302
CCTGCATTCATTCGGA-1,50,8147,331,2793
CCTGCATTCTCCCTAG-1,58,12085,468,3715
CCTGCATTCTTCTGTA-1,11247,71,659,4054
CCTGCATTCTTGGAAC-1,271,1229,84,910
CCTGTTGAGAGGTTTA-1,6386,41,329,2436
CCTGTTGAGCCATATC-1,11765,48,805,3833
CCTGTTGCAAATTAGG-1,27,485,21,381
CCTGTTGCAAGGCCTC-1,17,6289,286,2179
CCTGTTGCAGAAGCGT-1,15980,78,1097,4449
CCTGTTGCAGGTTCCG-1,17120,62,1476,5334
CCTGTTGCAGTGTGGA-1,44,11828,925,3249
CCTGTTGGTAGCACGA-1,22,7648,429,2556
CCTGTTGGTATGCTTG-1,40,11377,681,3198
CCTGTTGGTTAATGAG-1,1963,25,1,1055
CCTGTTGTCCCAAGTA-1,40,10778,323,3058
CCTGTTGTCGTGCACG-1,6850,23,278,2849
CCTTCAGAGGTGCCAA-1,27,7066,456,2330
CCTTCAGCAGAACTCT-1,18,1929,203,456
CCTTCAGCATCATCCC-1,926,1217,52,1383
CCTTCAGCATGGAAGC-1,41,16516,655,4094
CCTTCAGGTAGCACGA-1,11718,63,769,3922
CCTTCAGGTCCACTTC-1,14512,81,570,4648
CCTTCAGGTGCCTAAT-1,8924,33,377,3246
CCTTCAGGTTGTCAGT-1,5832,22,315,2668
CCTTCAGTCCTCATAT-1,97,15141,776,4296
CCTTCAGTCGGAGTAG-1,28,8252,431,2646
CCTTCAGTCTTCTTCC-1,818,2944,83,2075
CCTTGTGAGAGGCGTT-1,15,4109,346,1499
CCTTGTGAGATGATTG-1,35,9066,460,2882
CCTTGTGAGTTAGTAG-1,19,3298,216,1281
CCTTGTGCAGCTGTCG-1,37,6752,586,2344
CCTTGTGCATGAAAGT-1,41,6813,416,2623
CCTTGTGCATGACAAA-1,83,16751,849,4418
CCTTGTGCATGGGTCC-1,7218,25,384,2778
CCTTGTGGTCACTGAT-1,6,697,2,452
CCTTGTGGTGCTATTG-1,11,3023,242,1450
CCTTGTGGTGTACAGG-1,6184,34,350,2421
CCTTGTGGTTCGCGTG-1,8170,21,583,2926
CCTTGTGTCCGGCAGT-1,71,19115,1093,4356
CCTTTGGAGATGAAGG-1,12,4603,307,1533
CCTTTGGCATGAAAGT-1,17,4589,222,1986
CCTTTGGCATGATCTG-1,14073,61,1111,4297
CCTTTGGGTCCTCCTA-1,1483,435,43,1222
CCTTTGGGTGCAACGA-1,5485,16,420,2117
CCTTTGGGTGTTGAGG-1,10237,35,997,3783
CCTTTGGGTTGCCATA-1,14,5181,348,1963
CCTTTGGTCCACGTAA-1,14,4409,235,1948
CCTTTGGTCCGAGCTG-1,12682,42,634,4096
CCTTTGGTCCTCACCA-1,4,576,0,374
CGAAGGAAGATGTTCC-1,11176,38,687,3338
CGAAGGAAGTCGAATA-1,74,16693,1025,4225
CGAAGGAAGTTGTCGT-1,26,6631,399,2362
CGAAGGACACGTACTA-1,20883,70,1086,5150
CGAAGGACATTGACAC-1,64,14872,1108,4040
CGAAGGAGTACAAGCG-1,101,1243,88,809
CGAAGGAGTATGCAAA-1,6047,26,389,2455
CGAAGGAGTCTCACGG-1,705,1930,273,1400
CGAAGGAGTGCCGAAA-1,50,10282,796,3076
CGAAGGAGTGTCCAAT-1,12346,38,851,3687
CGAAGGATCCGATGCG-1,39,10438,726,3115
CGAAGGATCTTTCCGG-1,49,13855,822,3553
CGAAGTTAGACAGCGT-1,39,12730,535,3583
CGAAGTTAGTTCATGC-1,2949,13,1,1304
CGAAGTTCAATCGTCA-1,39,6060,417,2245
CGAAGTTGTCCACAGC-1,52,11125,620,3168
CGAAGTTGTTGACTGT-1,926,17,909,42
CGAAGTTTCGCGTCGA-1,4177,1012,215,2373
CGAAGTTTCTTGGGCG-1,6617,27,400,2648
CGAATTGAGAGTTGAT-1,587,8191,477,3052
CGAATTGAGCGTCAAG-1,57,16473,917,4261
CGAATTGAGTTTCAGC-1,6863,22,503,2540
CGAATTGCAGAGGTAC-1,17815,63,1667,4867
CGAATTGCAGCAGAAC-1,21613,85,901,5252
CGAATTGGTTCTCCAC-1,9514,29,1406,3175
CGAATTGTCCATCACC-1,136,32315,1387,5846
CGAATTGTCCGATGCG-1,6655,22,637,2524
CGAATTGTCTGAGTCA-1,11956,54,858,4046
CGACAGCAGCTAGTTC-1,10469,25,539,3417
CGACAGCCACCTCTAC-1,21046,104,1124,5723
CGACAGCGTCGATTAC-1,6537,16,416,2663
CGACAGCGTTTAGTCG-1,21614,40,1179,5091
CGACAGCTCCATTTCA-1,85,12497,865,3515
CGAGAAGAGGCAATGC-1,29,5593,315,2013
CGAGAAGCAAGCGCAA-1,21,7230,345,2545
CGAGAAGCAGATGCGA-1,99,18379,879,4430
CGAGAAGCAGTGCGCT-1,17097,70,1289,4641
CGAGAAGCAGTGTACT-1,54,10755,788,3178
CGAGAAGGTAGGACTG-1,6454,31,430,2607
CGAGAAGGTCGCTGCA-1,11515,30,530,3561
CGAGAAGGTCTACTGA-1,40,10595,505,3139
CGAGAAGTCGATGCTA-1,98,7551,428,2591
CGAGAAGTCGCCTTTG-1,51,13418,841,3513
CGAGAAGTCGCTGACG-1,57,17765,1514,4239
CGAGAAGTCTTCGATT-1,7806,100,479,2912
CGAGGAAAGGAGAATG-1,48,9196,441,2641
CGAGGAACAAGTACCT-1,2730,581,167,1837
CGAGGAACAATTTCTC-1,23,5548,374,1898
CGAGGAACACAGAGAC-1,676,1915,209,1355
CGAGGAACAGCGCGTT-1,17442,63,1182,5276
CGAGGAAGTTGTTGTG-1,8392,34,609,3426
CGAGGAAGTTTACGTG-1,10568,33,843,3495
CGAGGAATCCGCCTAT-1,2269,2464,276,2326
CGAGGCTAGACTCGAG-1,8,5937,413,2153
CGAGGCTAGAGAGTGA-1,8412,35,626,3078
CGAGGCTGTATGAAAC-1,9964,30,928,3689
CGAGGCTGTCACCGCA-1,16028,69,631,4803
CGAGGCTGTCACTGAT-1,32,10233,468,2841
CGAGGCTGTCTCCTGT-1,1584,15,0,953
CGAGGCTGTGATGAAT-1,23698,87,1676,5113
CGAGTGCAGAAACTGT-1,48,9043,588,2928
CGAGTGCAGTTTCAGC-1,26,5679,409,2147
CGAGTGCCACCCAAGC-1,9601,21,565,3427
CGAGTGCGTAGAGGAA-1,13,1938,155,423
CGAGTGCGTCAGGAGT-1,44,7479,551,2523
CGAGTGCGTGAAGCTG-1,55,13562,956,3684
CGAGTGCGTTCATCTT-1,56,8829,711,2865
CGAGTGCTCAGCATTG-1,12782,25,888,3762
CGAGTGCTCATCTGTT-1,3418,400,159,1881
CGAGTTAAGCACTAGG-1,10387,35,705,3247
CGAGTTAAGGAAGTCC-1,45,6426,390,2472
CGAGTTACAAGACAAT-1,16567,39,784,4457
CGAGTTACACGTAGAG-1,10712,35,451,3597
CGAGTTACACTGCGAC-1,618,1677,110,1324
CGAGTTAGTGAGTAGC-1,44,10911,540,3165
CGAGTTAGTGTGCCTG-1,23,3503,269,1362
CGAGTTATCACCTACC-1,11569,35,791,3567
CGAGTTATCCGATAGT-1,49,10624,647,3169
CGATCGGAGAAACTCA-1,7295,30,207,2737
CGATCGGAGCTCGGCT-1,40,7862,481,2526
CGATCGGCATCTATCT-1,32,6445,327,2261
CGATCGGGTCACTCGG-1,33,7243,633,2462
CGATCGGGTGATTCTG-1,11,2329,26,498
CGATCGGTCAGGCGAA-1,755,6,0,545
CGATCGGTCTATACGG-1,141,10186,645,2910
CGATGCGAGCGGGTTA-1,64,14451,765,3790
CGATGCGGTGTTAAAG-1,25955,78,1342,5562
CGATGCGGTGTTGAGG-1,3893,27,2,1789
CGATGCGGTTCAAAGA-1,38,10527,689,2868
CGATGGCAGACAAGCC-1,24,8570,441,2616
CGATGGCAGAGGTTAT-1,2753,353,325,1627
CGATGGCAGCATCAGG-1,8597,67,588,2958
CGATGGCAGCTGACCC-1,373,1504,141,1139
CGATGGCAGGCCTTCG-1,21,5473,449,1762
CGATGGCAGGGAGGCA-1,18212,76,1033,4730
CGATGGCAGGGCAACT-1,39,10112,515,2912
CGATGGCAGTCCGCGT-1,38,13411,698,3562
CGATGGCCACCAGGTC-1,14051,41,943,4002
CGATGGCCAGGTCAAG-1,6252,24,394,2573
CGATGGCCAGTAGTGG-1,5702,24,315,2362
CGATGGCGTACGTTCA-1,25,3414,325,1418
CGATGGCGTGTTGACT-1,67,10923,804,3380
CGATGGCGTTGTGCAT-1,23090,69,1776,5448
CGATGGCTCCTCGCAT-1,4009,11,545,1715
CGATGGCTCGTAACCA-1,85,8705,816,2952
CGATGGCTCTAGGCCG-1,29,4848,257,1870
CGCAGGTAGACTCGAG-1,11676,54,1087,3861
CGCAGGTAGAGGCCAT-1,14,3922,365,923
CGCAGGTAGCCGTCGT-1,34,8097,583,2667
CGCAGGTAGCGTTCAT-1,15330,45,776,3843
CGCAGGTAGGCGACAT-1,8192,15,417,2704
CGCAGGTAGTTGTAAG-1,15429,55,656,4158
CGCAGGTCACAAATCC-1,15769,62,991,4547
CGCAGGTCACTATCCC-1,827,1184,60,1288
CGCAGGTCAGCAGTTT-1,348,1297,60,1004
CGCAGGTGTGCAGATG-1,62,10669,794,3155
CGCAGGTTCACCGACG-1,24,7818,475,2552
CGCATAAAGAGGTTAT-1,66,6949,433,2490
CGCATAAAGCGACTGA-1,39,8482,516,2502
CGCATAAAGCTACTGT-1,14589,73,792,4435
CGCATAAAGGCTCCCA-1,12086,52,656,3719
CGCATAACATTCAGGT-1,142,839,53,643
CGCATAAGTGGTCTGC-1,62,19177,1222,4690
CGCATAAGTGTCGATT-1,30038,122,2161,6089
CGCATAAGTTGGTACT-1,11007,30,692,3393
CGCATAATCACTACTT-1,10832,46,508,3762
CGCATAATCGATACGT-1,2710,910,197,1914
CGCATGGAGTATGTAG-1,9841,33,557,3237
CGCATGGGTCTTGCTC-1,33304,122,3100,6938
CGCATGGGTGCCGGTT-1,47,17850,979,4098
CGCATGGGTGCTAGCC-1,8257,33,636,2984
CGCATGGGTTAAAGTG-1,25241,97,1828,5710
CGCATGGGTTAGGACG-1,12188,29,938,3574
CGCATGGTCATGCAGT-1,23,5234,400,1979
CGCATGGTCCTACGGG-1,6855,15,206,2777
CGCCAGAAGAAGCTCG-1,14921,52,812,4111
CGCCAGAAGGAAAGGT-1,68,13814,931,3776
CGCCAGAGTAATGATG-1,2864,10,0,1207
CGCCAGAGTAGTGGCA-1,6756,23,333,2626
CGCCAGAGTATGACAA-1,8811,48,666,3306
CGCCAGAGTGAATTAG-1,10528,45,889,3666
CGCCAGAGTTCTGAGT-1,19137,84,1257,5250
CGCCAGATCATTGAGC-1,153,481,27,270
CGCCAGATCCCGTGAG-1,12538,24,625,3757
CGCCATTCACCCGTAG-1,123,25606,1157,5454
CGCCATTCAGAGCCCT-1,3248,1381,163,2305
CGCCATTCAGCCTACG-1,11939,654,855,4168
CGCCATTCATCCTTCG-1,8306,21,406,3023
CGCCATTGTAGAGTTA-1,158,15489,1066,4174
CGCCATTGTATTGAGA-1,14147,79,1239,4395
CGCCATTTCGAACCTA-1,22746,112,1570,5684
CGCGTGAAGCCATGCC-1,21149,62,1463,5189
CGCGTGAAGCTGTTCA-1,12728,31,716,3766
CGCGTGACAAGATGGC-1,2629,13,1,1205
CGCGTGACACACACGC-1,9,794,8,577
CGCGTGACACGTTCGG-1,12432,32,770,3718
CGCGTGAGTCACTCGG-1,10363,28,1351,3138
CGCGTGAGTCATTCCC-1,61,13029,1057,3222
CGCGTGAGTGTCTTCC-1,7063,30,457,2627
CGCGTGATCCAACCAA-1,5,3979,87,637
CGCGTGATCCTTATGT-1,11144,59,705,3680
CGGAACCAGTCAGGGT-1,41,9858,990,2980
CGGAACCCACAGCGCT-1,17105,66,903,4697
CGGAACCCACAGTGTT-1,12253,35,645,3861
CGGAACCCATGGGTCC-1,2605,14,14,1331
CGGAACCTCGAACGCC-1,2875,14,157,1439
CGGAACCTCTATCACT-1,21700,90,1691,5530
CGGAATTAGCGCCCAT-1,7569,30,392,3062
CGGAATTCACAGTCCG-1,24150,105,1346,5516
CGGAATTCACCACATA-1,100,17735,569,4539
CGGAATTGTACATTGC-1,28,9331,575,2827
CGGAATTGTATCAGCT-1,7244,35,518,2951
CGGAATTGTTTATGCG-1,7683,23,349,2641
CGGAATTTCCGTACGG-1,14376,52,1069,4525
CGGACACAGCACTCTA-1,76,20491,1103,4901
CGGACACAGGTTACAA-1,57,8968,857,2774
CGGACACCACCTCTAC-1,68,18643,765,4395
CGGACACCAGCAATTC-1,16793,56,1131,4714
CGGACACCAGCTGTTA-1,15387,43,734,4130
CGGACACCATCCTCAC-1,10219,33,756,2758
CGGACACGTAGCTTAC-1,46,8847,693,2796
CGGACACGTGCATACT-1,62,17825,1112,4013
CGGACACTCCACAGGC-1,263,1222,68,906
CGGACACTCCCAGTGG-1,24,5070,429,1859
CGGAGAAAGACAACTA-1,28,6165,446,2001
CGGAGAAAGCAAGTGC-1,34,6136,477,2137
CGGAGAAAGCTGACTT-1,52,10453,759,3022
CGGAGAAAGTATGACA-1,25,11516,484,3294
CGGAGAAAGTGAGGTC-1,28,7805,425,2535
CGGAGAACAACTGTGT-1,17164,73,1092,4692
CGGAGAACAAGGTTGG-1,19,5742,385,1982
CGGAGAACAATTGGTC-1,132,1184,86,775
CGGAGAACACTCGATA-1,158,1199,70,812
CGGAGAACAGAGTGAC-1,15,5260,338,2183
CGGAGAAGTACGATGG-1,6776,20,559,2490
CGGAGAAGTCCAGCAC-1,5504,30,908,2503
CGGAGAATCACGACTA-1,13415,31,739,3964
CGGCAGTAGCGTTGTT-1,15670,47,1128,4413
CGGCAGTAGGTCTGGA-1,5446,16,339,1966
CGGCAGTCAACGTTAC-1,13859,52,850,4155
CGGCAGTCAAGAGGTC-1,45,13134,705,3352
CGGCAGTCAAGGGTCA-1,9979,34,728,3200
CGGCAGTGTGACAACG-1,26547,93,2184,5848
CGGCAGTTCACCATGA-1,5900,12,169,2357
CGGCAGTTCATGTCTT-1,599,1543,91,1293
CGGCAGTTCGCGTTTC-1,30,9314,521,2761
CGGCAGTTCTCTCTTC-1,14904,56,956,4470
CGGGACTAGAGATCGC-1,67,13327,695,3849
CGGGACTAGATGTTAG-1,35,7982,811,2237
CGGGACTCAATCTGCA-1,50,11573,707,3160
CGGGACTCAGCGACCT-1,12177,10278,1377,6785
CGGGACTGTACCCGCA-1,8438,30,353,2871
CGGGACTGTCACTTCC-1,26212,115,1304,5281
CGGGACTGTGGTAACG-1,28,7577,622,2492
CGGGACTTCAATCTCT-1,1241,1250,101,1555
CGGGCATAGGCACTCC-1,113,1288,55,827
CGGGCATCAAAGCACG-1,6403,22,407,2399
CGGGCATCACTACGGC-1,31,11254,648,3301
CGGGCATGTAGGTGCA-1,13305,632,820,4522
CGGGCATGTATCGTAC-1,65,4553,211,1924
CGGGCATGTCGTCGGT-1,53,12941,930,3728
CGGGTCAAGCGATGAC-1,10770,25,515,3242
CGGGTCACAAGAGTGC-1,16161,43,1127,4119
CGGGTCACAGCTCGGT-1,27,9145,499,2781
CGGGTCACAGTTAAAG-1,10783,29,657,3316
CGGGTCAGTAGCTTAC-1,22531,71,1489,5335
CGGGTCAGTTCGGTTA-1,5566,23,342,2337
CGGGTCAGTTGCCATA-1,3873,23,189,1758
CGGGTGTGTCGCATGC-1,19,4131,1,1379
CGGGTGTGTCTACGAT-1,47,13074,744,3337
CGGGTGTTCAACGAGG-1,50,6577,709,2307
CGGTCAGAGCGCGTTC-1,7554,20,576,2937
CGGTCAGCAACGGCCT-1,25,10721,618,3052
CGGTCAGCAAGCAATA-1,37,10835,667,3015
CGGTCAGGTCCACACG-1,29238,89,1493,6025
CGGTCAGGTCTGTCAA-1,25,8157,423,2521
CGGTCAGGTTCGAACT-1,21,4810,258,1858
CGGTCAGGTTTCCAAG-1,9455,34,598,3305
CGGTCAGTCACATACG-1,82,19420,1000,4165
CGGTCAGTCATTTGGG-1,16197,97,1027,4922
CGTAAGTAGTGGAAAG-1,23,5837,407,2171
CGTAAGTGTAGCGCTC-1,7059,26,591,2472
CGTAAGTGTCCCTAAA-1,20,4056,175,1803
CGTAAGTTCTGAATCG-1,65,16990,1140,3836
CGTAATGAGAGCAAGA-1,143,28633,2294,5621
CGTAATGAGGCATCAG-1,15,3882,367,1498
CGTAATGGTCCAATCA-1,31,6587,345,2548
CGTAATGTCATAGACC-1,43,10039,656,2902
CGTAGTAAGAGGGTAA-1,6341,18,330,2487
CGTAGTAAGGTTAAAC-1,14926,52,1189,4170
CGTAGTAAGTCTGCAT-1,24,5893,301,2237
CGTAGTACAATTTCGG-1,40,10094,625,3038
CGTAGTACACATTACG-1,22,3652,349,1417
CGTAGTAGTCAGACGA-1,5084,19,331,2106
CGTCAAACACACCGCA-1,25736,104,1767,5684
CGTCAAACACGACAGA-1,22602,75,1875,5208
CGTCAAAGTCTCGGGT-1,13566,58,1256,4377
CGTCAAAGTGCAACAG-1,26,10659,309,3187
CGTCAAAGTGTACGCC-1,41,10443,511,3179
CGTCAAATCCATTTAC-1,17576,45,736,4521
CGTCAAATCTAAGAAG-1,57,10109,805,3090
CGTCAAATCTGCGGGT-1,8539,38,577,3271
CGTCCATAGATGTAGT-1,67,13077,786,3320
CGTCCATCATATCTCT-1,7303,21,395,2755
CGTCCATGTAAGGCTG-1,17716,2372,1621,4413
CGTCCATTCCAACACA-1,78,16925,766,4343
CGTCCATTCCCTTGTG-1,62,9707,846,3069
CGTCCATTCGCGTTTC-1,1259,48,53,822
CGTCCATTCTCAACCC-1,8817,29,479,3218
CGTGAATAGCACTCCG-1,34,3884,290,1622
CGTGAATAGTTTCGGT-1,4840,17,251,2209
CGTGAATCACTTCCTG-1,7462,30,471,2797
CGTGAATCAGCAGATG-1,6327,5000,882,4345
CGTGAATCAGGGACTA-1,14356,48,981,4154
CGTGAATGTGCCCTTT-1,9291,32,643,3163
CGTGAATTCCTCACCA-1,8315,24,609,3081
CGTGATAAGCAAGTGC-1,4386,31,394,2232
CGTGATAAGTACGAGC-1,11210,59,578,3893
CGTGATAGTCGTGCCA-1,16690,53,1371,4497
CGTGATAGTCTGCAAT-1,12717,39,978,3871
CGTGCTTCACTTGTGA-1,28,6922,410,2420
CGTGCTTCAGCAGGAT-1,4453,25,161,1850
CGTGCTTGTGAATTGA-1,22,4216,281,1670
CGTGCTTTCAATGTCG-1,11629,35,552,3660
CGTGCTTTCCACTAGA-1,11265,45,873,3674
CGTGTCTGTAGGTCAG-1,14,3187,273,1360
CGTGTCTGTGTTACTG-1,4315,17,149,1911
CGTTAGAAGAAGCCTG-1,16,3580,195,1724
CGTTAGAAGCCAAGTG-1,49,7278,430,2544
CGTTAGACACCCTCTA-1,23659,84,1178,5558
CGTTAGAGTTAAGACA-1,16,4159,336,1553
CGTTAGATCTAAACGC-1,15,1001,49,577
CGTTAGATCTACTGAG-1,9892,19,417,3244
CGTTCTGCACATTCTT-1,19457,63,1440,5022
CGTTCTGCACCAATTG-1,3360,15,188,1364
CGTTCTGCAGAGAATT-1,8,2119,162,1008
CGTTCTGCAGATAAAC-1,44,9955,444,2971
CGTTCTGCATCATGAC-1,1460,1804,128,1886
CGTTCTGCATTGACAC-1,9067,22,528,3078
CGTTCTGGTACACGCC-1,5,553,3,413
CGTTCTGGTCGCACGT-1,14384,49,927,4315
CGTTCTGGTGGACTAG-1,11056,39,601,3446
CGTTCTGTCTCTGGTC-1,12539,65,691,4106
CGTTGGGAGACTAGAT-1,35,11673,704,3110
CGTTGGGAGGTAGATT-1,8005,47,504,3306
CGTTGGGAGTCCGTCG-1,40,10778,636,3401
CGTTGGGCAACATCGT-1,42,10793,662,2992
CGTTGGGCAGATCCTA-1,7796,29,429,2883
CGTTGGGCAGGTCCCA-1,5115,18,260,2154
CGTTGGGTCCCAGGAC-1,47,9894,806,3068
CTAACCCCAACACAGG-1,8211,34,554,3234
CTAACCCCAACGATCT-1,9522,25,601,3185
CTAACCCCAACTAGAA-1,2777,11,108,1576
CTAACCCCAGAAATCA-1,12518,49,563,4050
CTAACCCGTCGTTGGC-1,12832,36,961,3833
CTAACCCGTGCTTATG-1,9205,33,375,3442
CTAACCCGTTTATGCG-1,17,4930,323,1847
CTAACCCTCGCGCTGA-1,13537,68,984,4297
CTAACTTAGAGAGAAC-1,11949,51,688,3751
CTAACTTAGCAGTAAT-1,70,8771,604,2908
CTAACTTAGCCTGAGA-1,125,8116,536,2570
CTAACTTAGGCGCTCT-1,14,3753,301,1627
CTAACTTAGGCTAGCA-1,6618,23,340,2551
CTAACTTAGTAAAGCT-1,3601,363,331,1968
CTAACTTCATGAAGGC-1,17,3835,506,1611
CTAACTTGTGTAGCAG-1,12315,47,1100,3799
CTAACTTTCCGAGAAG-1,22,3695,171,1665
CTAACTTTCGGCAGTC-1,5883,14,254,2490
CTAAGTGAGATGAACT-1,16,5725,416,2022
CTAAGTGAGCCAAGTG-1,16899,66,1098,4606
CTAAGTGCAATCAGCT-1,69,12210,983,3689
CTAAGTGCATATCTGG-1,23,1113,84,648
CTAAGTGGTGGCAACA-1,2109,327,122,1443
CTAAGTGGTTGCATAC-1,193,18146,804,4452
CTACAGAAGTCGAGGT-1,7077,24,476,2693
CTACAGACACTACAGT-1,39,7276,515,2532
CTACAGACACTTGAGT-1,12075,10082,1500,6891
CTACAGAGTAGAGCTG-1,6805,19,292,2844
CTACAGATCAAGGCTT-1,12544,39,971,4035
CTACAGATCATTTGTC-1,1361,430,80,1217
CTACAGATCTTCGCTG-1,33,14584,805,3613
CTACATTAGTATTGCC-1,149,1212,44,826
CTACATTCAACGACTT-1,17,1774,3,844
CTACATTCACACTGGC-1,25777,14706,2893,10026
CTACATTGTAAGATTG-1,11,760,65,493
CTACATTGTAAGGCCA-1,21,5049,452,1869
CTACATTGTAGCGTCC-1,5938,20,565,2297
CTACATTGTCCCTAAA-1,26485,128,1288,6150
CTACATTTCTGAGCAT-1,13560,52,984,4081
CTACATTTCTTTACAC-1,17,3859,166,1686
CTACCCAAGAAACTGT-1,533,474,25,779
CTACCCACAACAGAGC-1,84,14186,1153,3855
CTACCCACACGGGTAA-1,13729,34,531,3904
CTACCCACACGTCTCT-1,1508,11952,759,4591
CTACCCACAGGCACAA-1,14535,41,514,4406
CTACCCACAGTCGAGA-1,85,17159,1208,4266
CTACCCACAGTTTCGA-1,1066,239,42,929
CTACCCACATCACAGT-1,43,8734,391,3257
CTACCCAGTGCTTATG-1,26,895,31,579
CTACCCAGTGGCCACT-1,17,5103,293,2069
CTACCCAGTGGCCTCA-1,19118,67,805,5410
CTACCCAGTGGTAACG-1,3601,1044,310,2425
CTACCCATCACCTCTG-1,14,3497,230,1467
CTACCCATCACGAACT-1,11501,39,415,3945
CTACCCATCAGGAACG-1,357,2940,269,1415
CTACCCATCCATTCGC-1,23,4889,264,2045
CTACCCATCCTTCGAC-1,63,12979,695,3675
CTACCTGAGCTTTGTG-1,20135,6533,1477,7087
CTACCTGAGGGCCTCT-1,2302,2284,303,2439
CTACCTGCACATAACC-1,58,14032,542,3791
CTACCTGCATGTCTAG-1,113,20252,1126,4834
CTACCTGTCGACGATT-1,7036,29,265,2661
CTACCTGTCTATTCGT-1,74,11795,610,3940
CTACGGGAGCGATGGT-1,7,3824,295,1556
CTACGGGAGTTGGACG-1,21,4601,318,1835
CTACGGGCAGGTTCCG-1,19,5433,337,2235
CTACGGGGTCGCTGCA-1,21,6422,467,2159
CTACGGGTCGCAACAT-1,22,4468,413,1828
CTACGGGTCTATCACT-1,12,5354,338,2089
CTACTATAGACATAGT-1,8260,29,684,3072
CTACTATAGTAGTCAA-1,320,1584,110,1135
CTACTATCAAATGCGG-1,15563,56,822,4611
CTACTATCACCAGGTC-1,11806,30,564,3716
CTACTATCACCAGTAT-1,6631,33,363,2872
CTACTATCAGTTGTCA-1,141,4438,258,1859
CTACTATGTAGCCAGA-1,48,7977,423,2634
CTACTATGTCAAGGCA-1,14350,59,854,4344
CTACTATGTTCTCACC-1,17040,71,1017,4987
CTACTATTCAACTCTT-1,12206,77,755,4396
CTACTATTCACGATAC-1,71,11113,531,3412
CTACTATTCCATCCGT-1,9740,53,463,3762
CTACTATTCCGATCGG-1,40,10329,557,2838
CTACTATTCGTGCATA-1,7980,26,490,3133
CTACTATTCTTCCAGC-1,49,11457,898,3364
CTAGACAAGAGAACCC-1,10028,42,702,3557
CTAGACAAGAGGCGGA-1,19,7207,340,2375
CTAGACAAGCACTAGG-1,10677,33,553,3609
CTAGACACAATTTCTC-1,68,15871,1178,3963
CTAGACACAGTATTCG-1,2816,1114,184,1995
CTAGACAGTTCCACAA-1,22,870,44,552
CTAGACATCCCAGGCA-1,19022,90,1353,5152
CTAGGTAAGCAATAAC-1,27,4925,160,1845
CTAGGTACAAGACGAC-1,22,5255,307,1896
CTAGGTACACTAAACC-1,20,4904,479,1935
CTAGGTAGTATCGTGT-1,24,4844,249,1929
CTAGGTAGTCTACACA-1,9141,27,374,3346
CTAGGTATCTACACTT-1,263,1026,55,834
CTATAGGAGACCATGG-1,3008,266,257,1639
CTATAGGAGCAAATCA-1,21286,103,1602,5776
CTATAGGAGTGGTTCT-1,8810,36,498,3256
CTATAGGAGTTCGGTT-1,10530,56,574,3299
CTATAGGCACAATGAA-1,14,5604,252,2273
CTATAGGGTCACGCTG-1,34,8140,768,2666
CTATAGGGTCTACGTA-1,52,9238,708,2910
CTATAGGGTGTCGCTG-1,33,8195,489,2624
CTATAGGGTGTTGCCG-1,34,6674,496,2321
CTATAGGTCACCGACG-1,316,1034,40,894
CTATCCGAGCCTCAGC-1,22,7548,305,2435
CTATCCGAGTTCCATG-1,32,6446,342,2385
CTATCCGCATGTGTCA-1,28,6766,469,2248
CTATCCGGTCTGTTAG-1,12700,38,722,4137
CTATCCGTCAAATGAG-1,752,15,726,50
CTATCCGTCCAATGCA-1,9941,28,533,3309
CTATCTAAGCCATTCA-1,2993,448,180,1886
CTATCTACAAGGCGTA-1,6018,12,501,2435
CTATCTACAAGTCCCG-1,6861,26,358,2875
CTATCTACAGGTATGG-1,14,1560,352,866
CTATCTATCCGTACGG-1,19805,86,1072,5360
CTATCTATCGAACGGA-1,32,5662,485,2044
CTATCTATCTCGCCTA-1,9129,46,424,3447
CTATCTATCTGAGATC-1,8465,32,386,2847
CTCAACCAGCAGCCTC-1,3761,19,164,1683
CTCAACCAGCAGCGAT-1,26478,69,1377,5465
CTCAACCCACGCGTCA-1,18559,74,1278,4883
CTCAACCCAGGTTACT-1,22184,50,1431,5209
CTCAACCCAGTTAGAA-1,6477,33,370,2637
CTCAACCCATGAGTAA-1,11,2518,124,1013
CTCAACCGTCTTCGAA-1,1117,367,39,1025
CTCAACCGTGACTATC-1,14510,48,977,4382
CTCAACCGTGTGGTCC-1,18182,75,1291,4981
CTCAACCTCTGTAACG-1,29,7867,613,2712
CTCAAGACACGTCGGT-1,16,5195,339,1961
CTCAAGACAGAAGTGC-1,50,13556,798,3617
CTCAAGACATTAAGCC-1,73,14586,753,3896
CTCAAGAGTAGTCTTG-1,21695,69,902,5061
CTCAAGATCATCTATC-1,72,1396,72,769
CTCAAGATCGACGATT-1,36,7726,681,2263
CTCAAGATCGCCGATG-1,13028,39,611,4030
CTCAAGATCTACTGCC-1,80,13028,1027,3667
CTCAAGATCTAGACAC-1,80,6101,378,2254
CTCAATTAGACAGCTG-1,25,546,46,409
CTCAATTCACTGGATT-1,27,2091,141,990
CTCAATTCATTCACCC-1,136,438,5,471
CTCAATTCATTGGATC-1,488,4289,235,2097
CTCAATTGTACACTCA-1,41,10954,387,3473
CTCAATTGTACGTGAG-1,19,7703,300,2620
CTCAATTGTCATCCCT-1,779,631,39,1018
CTCAATTGTGCATGAG-1,20,4358,326,1584
CTCACTGAGTGCTCAT-1,10787,10199,1458,7072
CTCACTGAGTTAACAG-1,5177,28,1053,2350
CTCACTGCACTATCGA-1,69,12556,768,3690
CTCACTGCAGCTGGTC-1,61,11840,622,3490
CTCACTGCAGGTGTTT-1,18876,85,1374,5704
CTCACTGCATCCTATT-1,50,8033,305,2860
CTCACTGCATGGGCAA-1,20264,68,1049,5171
CTCACTGGTACCCAGC-1,48,10592,605,3529
CTCACTGGTCGACGCT-1,1773,1365,195,1807
CTCACTGGTCGGATTT-1,33,8646,703,2667
CTCACTGGTGAAGCGT-1,8515,28,685,2969
CTCACTGGTGCGTCGT-1,8583,31,704,3122
CTCACTGTCACTCTTA-1,14830,70,649,4682
CTCACTGTCGCAATGT-1,4664,1016,608,2479
CTCACTGTCGGCTCTT-1,1385,822,69,1427
CTCAGAAAGAATTGCA-1,23,3761,264,1655
CTCAGAAAGCCTCTCT-1,82,976,36,685
CTCAGAAAGGTAGACC-1,49,9969,669,2972
CTCAGAACAGACACAG-1,10067,50,700,3055
CTCAGAACATCGGAAG-1,15,2787,201,1251
CTCAGAACATCTCGTC-1,17,4614,283,1789
CTCAGAAGTACCGCGT-1,28,5743,519,1989
CTCAGAAGTCCGTACG-1,15774,60,1196,4577
CTCAGAAGTTTACCAG-1,45,9399,511,2780
CTCAGGGAGAATTTGG-1,12804,54,950,3842
CTCAGGGAGGACTAAT-1,2111,38,193,1152
CTCAGGGAGTCAGCCC-1,11689,55,442,4146
CTCAGGGCAACAACAA-1,48,3540,187,1643
CTCAGGGCATCAGCGC-1,209,9381,614,3056
CTCAGGGGTATTGAGA-1,75,14955,916,3773
CTCAGGGGTCAAAGCG-1,1593,27,1564,61
CTCAGGGGTCCAGGTC-1,20,4571,159,1883
CTCAGGGGTGGAGAAA-1,11815,35,754,3650
CTCAGGGTCCCGAACG-1,39,7635,589,2693
CTCAGTCAGATTAGCA-1,68,13059,772,3616
CTCAGTCAGCCATATC-1,12202,37,607,3879
CTCAGTCCAATGGCCC-1,68,13681,644,3637
CTCAGTCGTCGGCCTA-1,44,17404,853,3777
CTCAGTCTCCGTAGGC-1,1149,4,1122,34
CTCAGTCTCGTTGTTT-1,22,8642,632,2568
CTCAGTCTCTCTGAGA-1,65,19438,1057,4578
CTCATCGAGGATTACA-1,12029,56,463,4114
CTCATCGCAATACGCT-1,43,11796,773,3380
CTCATCGCAGCTATTG-1,5081,24,301,2302
CTCATCGGTCCAAAGG-1,26,5280,419,1766
CTCATCGGTCGGATTT-1,7463,32,461,2688
CTCATCGTCCACGGAC-1,7842,29,303,2923
CTCATCGTCCTTATAC-1,2781,23,0,1303
CTCATCGTCGTCAAAC-1,14,4154,237,1650
CTCATCGTCTACGGGC-1,9346,28,425,2954
CTCATGCAGCCTCTCT-1,1175,1434,117,1589
CTCATGCAGCGCTGAA-1,33,9631,427,3183
CTCATGCAGGCCCGTT-1,11587,40,532,3691
CTCATGCAGTCACACT-1,38,12185,475,3507
CTCATGCCAAATACAG-1,8447,28,461,3098
CTCATGCCACCGTGCA-1,25757,15108,1561,9778
CTCATGCCACTCTGCT-1,22,4403,385,1743
CTCATGCCATGATAGA-1,174,7404,610,2626
CTCATGCGTAGAATGT-1,20,6567,353,2409
CTCATGCTCCGAGCTG-1,8193,37,577,2987
CTCATGCTCGAGTGGA-1,341,8419,533,2841
CTCATTAAGCCACTCG-1,43,9911,421,3019
CTCATTAAGCTGAGTG-1,12924,39,954,3828
CTCATTACACGTGAGA-1,15,4762,316,1586
CTCATTACATAACAGA-1,11699,45,537,4226
CTCATTAGTACAAACA-1,12260,15544,1903,8123
CTCATTAGTAGCTTGT-1,6545,25,450,2702
CTCATTAGTGAGATTA-1,25641,142,1355,5641
CTCATTATCCGTGGTG-1,12526,35,491,3650
CTCATTATCTCCTGCA-1,33,552,29,403
CTCCAACCACGGTGAA-1,61,6306,447,2313
CTCCAACTCAAGAGTA-1,345,1384,157,984
CTCCAACTCCTGCTAC-1,13947,9895,1523,7517
CTCCAACTCGCGAAGA-1,38,9295,649,2990
CTCCAACTCGGCCAAC-1,2574,217,161,1471
CTCCACAAGCCGATTT-1,6987,5540,922,4963
CTCCACAAGGAGTATT-1,2686,432,269,1602
CTCCACAAGGCCCACT-1,2946,955,140,2089
CTCCACACAAGGCGTA-1,20454,61,1258,4957
CTCCACACAGAACCGA-1,38,7936,513,2669
CTCCACACAGAGGCAT-1,56,9950,669,3128
CTCCACAGTCTAATCG-1,757,2042,191,1588
CTCCACATCAGAATAG-1,35,8823,408,2843
CTCCACATCCGCTTAC-1,1801,1031,65,1761
CTCCACATCGCTACGG-1,3698,386,188,2094
CTCCACATCTCATAGG-1,3174,1039,243,2213
CTCCACATCTCCAAGA-1,10959,46,431,3810
CTCCATGAGATAACAC-1,101,16736,1447,4386
CTCCATGCAACATCGT-1,26,6102,357,2217
CTCCATGCAATATCCG-1,17922,59,897,4912
CTCCATGCAGCAGTGA-1,11355,47,766,4080
CTCCATGCATGACAAA-1,55,9980,590,3214
CTCCATGGTGGCATCC-1,32,1340,37,798
CTCCATGGTTCTTAGG-1,26,8482,465,2755
CTCCATGTCACCGCTT-1,17093,67,871,4975
CTCCATGTCCGCTAGG-1,13829,51,1018,3825
CTCCATGTCCTTATCA-1,12224,58,562,3861
CTCCCAAAGGCATCTT-1,9939,18,729,3141
CTCCCAAAGTCACGCC-1,54,9298,572,3151
CTCCCAAAGTGAGGCT-1,25,2507,130,744
CTCCCAACAACGACAG-1,76,16676,945,4308
CTCCCAACAACGATTC-1,9,1070,11,703
CTCCCAACAATTCTTC-1,3603,618,187,2227
CTCCCAACATAATGAG-1,31,8438,429,2643
CTCCCAAGTATATGGA-1,46,8044,757,2787
CTCCCAAGTGTACGCC-1,13202,50,667,4204
CTCCCAAGTGTTGCCG-1,10771,39,800,3673
CTCCCAATCCTCATAT-1,9241,43,383,3471
CTCCCAATCTCGCTCA-1,8640,31,326,3124
CTCCCAATCTGTGCTC-1,8538,30,414,3235
CTCCCAATCTTCTGTA-1,9922,37,549,3415
CTCCCTCAGCAATTCC-1,5913,20,257,2649
CTCCCTCCAATGGCAG-1,910,1566,199,1439
CTCCCTCCACCGTCTT-1,43,4695,276,2182
CTCCCTCCACGACAGA-1,29,8832,453,2909
CTCCCTCCACGTGAGA-1,33,8430,342,2794
CTCCCTCCAGAATGTA-1,1755,1361,109,1833
CTCCCTCCAGGACGAT-1,18,4585,399,1864
CTCCCTCGTCCACAGC-1,1823,1898,152,2011
CTCCCTCGTTTCCAAG-1,18,7184,524,2335
CTCCCTCTCCTAGCGG-1,22,4303,222,1793
CTCCCTCTCGTTCTGC-1,549,1385,69,1198
CTCCGATCAACTTGCA-1,121,9480,470,2884
CTCCGATCAATGTCTG-1,143,1237,88,811
CTCCGATCAGGCTATT-1,24,1158,42,678
CTCCGATCATGTCAGT-1,10248,36,569,3627
CTCCGATGTAGCGCCT-1,11744,31,696,3432
CTCCGATGTATAGGAT-1,21,5230,427,2052
CTCCGATTCTTCCTAA-1,28,1203,33,733
CTCCTCCAGCAACTTC-1,122,20555,1021,4988
CTCCTCCAGGGTACAC-1,18684,76,1160,5296
CTCCTCCAGGTCGAGT-1,10,1004,0,490
CTCCTCCCAGTTACCA-1,937,1796,116,1634
CTCCTCCCATGCAGGA-1,43,4683,385,1855
CTCCTCCGTACCCAGC-1,1925,924,76,1764
CTCCTCCGTACCTGTA-1,7718,23,239,2730
CTCCTCCGTCGCACAC-1,25,5222,314,2047
CTCCTCCGTCTCGCGA-1,7168,36,178,2937
CTCCTCCTCGCTTTAT-1,2232,11,0,1160
CTCCTCCTCTTGGTCC-1,3537,2055,138,2882
CTCCTTTCAATTCTCT-1,19,3860,166,1935
CTCCTTTCACCCTCTA-1,119,16965,918,4632
CTCCTTTCACTCATAG-1,23098,98,995,5840
CTCCTTTCAGCGGATA-1,6014,25,470,2343
CTCCTTTGTAACACCT-1,1276,1833,126,1810
CTCCTTTGTAGCACAG-1,8568,33,525,2976
CTCCTTTTCATGCATG-1,7340,22,102,2641
CTCCTTTTCATTGTTC-1,19,2815,180,754
CTCGAGGAGGTAGGCT-1,27,5860,481,2084
CTCGAGGAGGTCGAGT-1,29,6850,630,2346
CTCGAGGCAAGTTTGC-1,4236,17,268,1750
CTCGAGGCATAACCCA-1,16758,56,1022,5033
CTCGAGGCATTACTCT-1,2109,190,85,1319
CTCGAGGGTCCAAAGG-1,30,8958,655,2850
CTCGAGGGTCCTCCTA-1,197,638,37,602
CTCGAGGGTCTTCATT-1,9293,40,666,3288
CTCGAGGGTGAGCAGT-1,19,5474,231,1976
CTCGAGGGTGGCATCC-1,4247,2262,584,2762
CTCGAGGGTTGGGACA-1,7985,21,634,2662
CTCGAGGGTTGTCCCT-1,61,18033,1174,4143
CTCGAGGTCAGTGCGC-1,23,7414,556,2431
CTCTCAGAGATGATTG-1,9972,4400,1233,4997
CTCTCAGAGGTCGCCT-1,17,5639,415,2187
CTCTCAGAGTGTACCT-1,15357,56,925,4633
CTCTCAGCAAATCGTC-1,8139,34,508,3098
CTCTCAGCAACAACAA-1,38,7375,451,2783
CTCTCAGCAACTGGTT-1,5136,16,299,2020
CTCTCAGCACGGCACT-1,1541,69,747,712
CTCTCAGCAGATCCAT-1,49,9911,694,2967
CTCTCAGCAGCGGTTC-1,42,9214,581,2899
CTCTCAGCAGGAGGAG-1,6014,23,245,2349
CTCTCAGCATCATCTT-1,3310,3044,328,3009
CTCTCAGGTGTTACAC-1,16616,67,814,5083
CTCTCAGGTGTTGCCG-1,17,6297,318,2374
CTCTCAGTCCACTGAA-1,29,8269,441,2585
CTCTCAGTCCCAAGTA-1,14522,104,910,4439
CTCTCGAAGACTCATC-1,11184,511,694,3851
CTCTCGAAGATTGGGC-1,24,8417,495,2614
CTCTCGAAGCCGCTTG-1,6789,20,263,2722
CTCTCGAAGCGAGGAG-1,62,15696,1028,4014
CTCTCGAAGGAGAGTA-1,13692,50,993,4173
CTCTCGACACTTCCTG-1,1854,762,112,1597
CTCTCGACAGGACTTT-1,16526,38,798,4451
CTCTCGACAGTGGTGA-1,5700,35,456,2326
CTCTCGAGTAACTTCG-1,471,6378,473,2650
CTCTCGAGTAGGAAAG-1,8534,20,396,3015
CTCTCGATCCACTGAA-1,10896,37,574,3249
CTCTCGATCGACATAC-1,34,7055,418,2419
CTCTCGATCGGTCGAC-1,60,8735,454,2969
CTCTCGATCTTCCCAG-1,10920,50,762,3986
CTCTGGTAGCTCTTCC-1,2113,1409,139,1939
CTCTGGTAGGTTCACT-1,24,5571,426,2097
CTCTGGTAGTGGAAGA-1,9586,30,718,3117
CTCTGGTCAACGATCT-1,2721,1393,151,2025
CTCTGGTCACAGAGCA-1,43,13438,463,3480
CTCTGGTCAGTCGTTA-1,15029,60,993,4344
CTCTGGTGTACTGAGG-1,16964,54,789,4381
CTCTGGTGTGCCTTTC-1,317,2054,125,1305
CTCTGGTTCTTACCGC-1,31,10968,446,3149
CTGAATGAGCATCGAG-1,43,8601,634,2639
CTGAATGCAATACGAA-1,21,5398,409,1989
CTGAATGCAGAGCCCT-1,32,10022,609,2938
CTGAATGGTCAAGCGA-1,6598,25,377,2431
CTGAATGGTGGACCTC-1,75,16046,1114,4066
CTGAATGGTGGACTAG-1,11536,38,541,3731
CTGAGCGAGATTGATG-1,10303,50,809,3583
CTGAGCGAGGATGGCT-1,15441,57,1204,4289
CTGAGCGAGGGAGGCA-1,14174,52,842,4316
CTGAGCGCAACTGCTA-1,11,880,47,596
CTGAGCGCAGGCGAAT-1,28356,68,1650,5856
CTGAGCGCATTCAGGT-1,5657,22,384,2392
CTGAGCGGTCACTAGT-1,22,6518,435,2226
CTGAGCGGTCAGTCCG-1,17556,54,1264,4748
CTGAGCGGTGCCGTTG-1,28,1583,153,803
CTGAGCGGTGTCCTAA-1,12,3959,202,1538
CTGAGCGTCTTTGCTA-1,10521,28,793,3525
CTGAGGCAGGCAGGGA-1,14380,50,1026,4192
CTGAGGCCACAAGTTC-1,350,1180,82,968
CTGAGGCCATCTCAAG-1,43,10642,580,3263
CTGATCCAGGCTGAAC-1,8207,34,370,3053
CTGATCCAGGTGATCG-1,29,7641,450,2400
CTGATCCCAACACTAC-1,813,2070,152,1498
CTGATCCCAACTTGCA-1,42,11234,857,3358
CTGATCCCAAGTGGAC-1,47,10976,986,3245
CTGATCCCACAGTCGC-1,10,2178,46,579
CTGATCCCAGCTGAGA-1,57,13510,1108,3645
CTGATCCCATACCAGT-1,42,1079,51,659
CTGATCCCATCCAACA-1,10917,41,663,3477
CTGATCCCATCTGCGG-1,87,22245,1126,4778
CTGATCCGTAGCGTCC-1,7025,21,503,2793
CTGATCCGTAGGACTG-1,11895,76,1002,3693
CTGATCCGTTTACTGG-1,24,5197,510,1946
CTGCAGGAGTGGTCAG-1,8378,20,691,2933
CTGCAGGGTAGTCGGA-1,6033,20,334,2395
CTGCAGGGTCCTGGGT-1,18635,67,1031,5047
CTGCAGGGTGATGGCA-1,29,9925,459,2988
CTGCAGGGTTCTTAGG-1,8954,30,570,2974
CTGCAGGGTTTGCAGT-1,10851,43,382,3466
CTGCAGGTCCGGACTG-1,38,10110,536,3074
CTGCAGGTCGACCCAG-1,676,709,79,984
CTGCAGGTCGACGCTG-1,7800,27,469,2762
CTGCATCAGGCTCTAT-1,5049,22,334,2368
CTGCATCCAACCCTCT-1,13464,56,591,4374
CTGCATCCAACGATTC-1,16899,61,1437,4934
CTGCATCGTAGTACGG-1,13,2832,158,1353
CTGCATCTCAGTCACA-1,17153,52,1137,4792
CTGCATCTCATCACAG-1,11447,35,779,3644
CTGCATCTCCGTGGTG-1,17,3364,2,1118
CTGCCATAGAGCAACC-1,40,11355,945,3359
CTGCCATAGATGATTG-1,7865,29,434,2783
CTGCCATAGCGATTCT-1,28,5849,325,2127
CTGCCATCAAGCGCTC-1,18132,66,1373,4860
CTGCCATCAAGGAGTC-1,426,1064,75,1015
CTGCCATCACCGTGAC-1,44,12018,677,3239
CTGCCATGTCGAACGA-1,2935,1416,503,2047
CTGCCATGTGATGAAT-1,14629,51,1030,4076
CTGCCATGTGTGTGTT-1,44,1303,82,715
CTGCCATGTTCTCGTC-1,44,8478,627,2809
CTGCCATTCAAGCCAT-1,11,2601,145,583
CTGCCTAAGACTGTTC-1,39,7327,415,2581
CTGCCTAAGGGATCTG-1,40,11273,667,3274
CTGCCTAAGTAGAATC-1,63,11148,860,2994
CTGCCTAGTAACGTTC-1,385,1604,109,1127
CTGCCTAGTAATGTGA-1,7890,41,555,2854
CTGCCTAGTAGCTTGT-1,20988,92,1433,5187
CTGCCTAGTCAGGCAA-1,85,16770,962,4311
CTGCCTAGTGGTCAAG-1,1875,155,756,975
CTGCCTATCATTGCTT-1,11697,49,758,3326
CTGCCTATCCAGTACA-1,23,5808,396,2291
CTGCCTATCGAGTTGT-1,11551,41,547,3694
CTGCCTATCGTGGGTC-1,77,14610,920,3882
CTGCCTATCTACTGCC-1,6489,14,351,2522
CTGCGAGAGCGCACAA-1,24,7416,366,2563
CTGCGAGAGGCCACCT-1,40,9972,623,2945
CTGCGAGCAACGGCTC-1,8381,22,512,3036
CTGCGAGCACCACATA-1,2979,250,173,1546
CTGCGAGCAGCAGATG-1,16106,69,1123,4764
CTGCGAGCAGGCTCTG-1,45896,188,3521,7875
CTGCGAGGTCGAGCAA-1,12175,39,826,4170
CTGCGAGGTGTGTACT-1,23,3808,225,1595
CTGCGAGTCACGATAC-1,13288,37,800,3883
CTGCGAGTCCAGTGCG-1,13468,42,736,4179
CTGCGAGTCCGATTAG-1,65,13596,860,3942
CTGCGAGTCGCGTGCA-1,7691,24,346,2433
CTGCGAGTCTAGAGCT-1,32,9619,841,2695
CTGCTCAAGATACTGA-1,7842,34,403,2879
CTGCTCAAGGTCACAG-1,5180,55,14,2006
CTGCTCACAAACCATC-1,22,4795,414,1960
CTGCTCACACAGTGTT-1,59,10907,904,3050
CTGCTCACAGCTGTCG-1,64,8632,602,2621
CTGCTCACATGAGTAA-1,78,12418,581,3843
CTGCTCAGTGGTCTCG-1,21421,86,1128,4978
CTGCTCAGTTGTTGCA-1,33,9796,467,3157
CTGCTCATCACTGATG-1,67,869,27,604
CTGCTCATCCGTGGCA-1,10991,35,859,3533
CTGCTCATCGTCGACG-1,21,6204,247,2308
CTGCTCATCTCGCCTA-1,494,1549,74,1219
CTGCTCATCTGAATCG-1,232,1719,205,988
CTGGACGAGAGCGACT-1,30,6933,347,2388
CTGGACGAGTATTGCC-1,10439,43,825,3582
CTGGACGAGTGGATAT-1,16082,60,1507,4244
CTGGACGCAAACCACT-1,21,6484,495,2174
CTGGACGCACGCAAAG-1,19,524,29,385
CTGGACGGTACACTCA-1,55,11495,671,3444
CTGGACGGTCCCTGTT-1,17,5657,299,2144
CTGGACGGTCTACTGA-1,32,5835,463,2019
CTGGACGGTGCCGTTG-1,39,15160,966,3843
CTGGACGGTTAAGTCC-1,11006,26,416,3628
CTGGACGGTTGAGGAC-1,16,3438,856,1363
CTGGACGGTTGGGTTT-1,30,7481,789,2505
CTGGACGTCGAAGCCC-1,12786,46,940,3862
CTGGACGTCGATTCCC-1,22,6285,562,2095
CTGGCAGAGAGGTGCT-1,13,3290,258,1473
CTGGCAGAGCACGGAT-1,13,3961,207,1546
CTGGCAGAGCCTCATA-1,9400,28,556,2851
CTGGCAGCAACGTTAC-1,8834,35,498,3243
CTGGCAGGTAGTTCCA-1,773,2361,292,1499
CTGGCAGGTCCAGCAC-1,18654,74,1218,5143
CTGGCAGTCCGTAATG-1,2560,11,179,1460
CTGGCAGTCGACCCAG-1,37,6300,652,2279
CTGGCAGTCGTGGTAT-1,11841,46,621,3645
CTGGTCTAGAGAGCCT-1,8285,28,597,2972
CTGGTCTCACCTCTAC-1,578,505,26,849
CTGGTCTCAGACACAG-1,121,8052,329,2986
CTGGTCTCATCGCCTT-1,90,1656,51,924
CTGGTCTCATGCCGGT-1,46,9538,551,3093
CTGGTCTGTAGCGAGT-1,22,4134,352,1732
CTGGTCTGTCGTAATC-1,7408,25,348,2846
CTGGTCTGTGCATTTG-1,67,10941,601,3411
CTGGTCTGTTCCGCTT-1,14212,39,741,4148
CTGGTCTTCCAAGAGG-1,190,2577,373,1291
CTGGTCTTCGGTGTTA-1,12252,56,864,4104
CTGTACCAGAAACTAC-1,2663,14,7,1234
CTGTACCAGACTTCGT-1,13686,45,976,3979
CTGTACCAGATGGGCT-1,13110,64,714,4461
CTGTACCAGCAATTCC-1,371,241,16,524
CTGTACCAGCAGCCCT-1,54,11864,648,3308
CTGTACCAGCATTGTC-1,41,5451,301,2162
CTGTACCAGTCGCCCA-1,3036,282,250,1721
CTGTACCCATGACAAA-1,19365,49,960,4618
CTGTACCCATGGCCAC-1,27,10756,597,3200
CTGTACCGTATCGTAC-1,12619,51,715,4400
CTGTACCGTCGTAATC-1,14917,44,678,4222
CTGTACCGTTGCCAAT-1,26,10520,554,3044
CTGTACCTCTTGGATG-1,23,4485,312,1861
CTGTAGAAGCATGATA-1,5603,4216,513,3936
CTGTAGACACAGTCAT-1,40,9917,414,3005
CTGTAGACACCCATAA-1,51,9970,784,2869
CTGTAGACACGTCTCT-1,9309,147,398,3623
CTGTAGACAGTATTCG-1,21,9102,486,2819
CTGTAGACATACGCAT-1,51,10126,410,3232
CTGTAGACATGCGGTC-1,24,7294,482,2482
CTGTATTCAAGCAGGT-1,14411,41,454,4146
CTGTATTGTGTTGACT-1,82,12829,982,3633
CTGTATTTCAGACATC-1,13139,61,717,4150
CTGTATTTCCGATAAC-1,69,9215,587,3055
CTGTATTTCTTCCAGC-1,18,6186,289,2271
CTGTCGTAGAGTAACT-1,11968,5029,1518,5857
CTGTCGTAGCACTAGG-1,27,8492,554,2580
CTGTCGTAGCCATTTG-1,10606,46,744,3507
CTGTCGTAGGGAGTTC-1,26,8130,609,2377
CTGTCGTCACACACTA-1,29,6429,276,2315
CTGTCGTCACAGAGCA-1,14042,62,1181,4268
CTGTCGTCACTAGGTT-1,32,8817,522,2924
CTGTCGTCAGGTTCGC-1,3837,15,0,1451
CTGTCGTCATTCACAG-1,5528,21,241,2399
CTGTCGTTCAACTTTC-1,48,8687,569,2688
CTGTGAAAGAAACCAT-1,84,19438,977,4190
CTGTGAAAGGAGAGTA-1,47,7915,490,2791
CTGTGAACACAAGTGG-1,56,13215,1095,3419
CTGTGAAGTAGCGTCC-1,44,10327,632,3063
CTGTGAATCACTACTT-1,18,5111,247,1993
CTGTGAATCAGCTCTC-1,23,6708,439,2438
CTGTGAATCTCCCATG-1,46,9623,549,3046
CTGTGGGAGACAGCGT-1,5957,20,269,2387
CTGTGGGAGATGGTAT-1,48,8708,613,2851
CTGTGGGTCGTTCCTG-1,118,1603,331,788
CTTACCGAGACATAAC-1,51,6416,331,2379
CTTACCGAGGTACATA-1,200,19933,895,4880
CTTACCGCAACGATTC-1,27452,94,1404,6173
CTTACCGCAGGTACGA-1,796,2132,179,1431
CTTACCGCAGTTAGGG-1,283,1030,69,874
CTTACCGCATTGTACG-1,20347,73,1097,5243
CTTACCGGTACAGCGA-1,21228,77,1457,5109
CTTACCGGTGTTAACC-1,13427,51,1237,4081
CTTACCGGTTTGATCG-1,7947,19,483,2868
CTTACCGTCAGCGCGT-1,28,5932,341,2101
CTTACCGTCCAATCTT-1,13837,70,620,4522
CTTACCGTCCTTGACC-1,25,6027,373,2344
CTTACCGTCTCAGTCC-1,96,16184,865,4430
CTTACCGTCTGCCTCA-1,43,6563,196,2385
CTTACCGTCTGTGTGA-1,70,11782,917,3318
CTTAGGAAGCCTCTCT-1,1121,169,988,171
CTTAGGAAGGGTAATT-1,7734,25,537,3075
CTTAGGAAGGTGAGAA-1,4599,5946,1020,4074
CTTAGGACAAGTTCGT-1,9957,43,699,3436
CTTAGGACAATCGAAA-1,22,5259,479,1887
CTTAGGAGTAACGGTG-1,12648,95,724,4055
CTTAGGAGTATAGGGC-1,9409,44,744,3366
CTTAGGAGTATCCTTT-1,16224,55,851,4673
CTTAGGAGTCAGCGTC-1,6552,4330,770,4300
CTTAGGAGTCTTGTCC-1,11576,35,499,3504
CTTAGGAGTGACGTCC-1,22,6920,363,2272
CTTAGGATCCATCCGT-1,17346,88,1325,4961
CTTCAATAGGTAAGGA-1,4951,45,22,1608
CTTCAATCACGCCACA-1,985,1311,51,1516
CTTCAATCACTGTGAT-1,3686,12,216,1787
CTTCAATGTGAGCAGT-1,11859,65,1118,3954
CTTCAATGTGCCCAGT-1,563,1393,103,1199
CTTCAATGTTGTAAAG-1,6468,20,303,2542
CTTCAATGTTTGCAGT-1,11,4452,279,1694
CTTCCGAAGCGATTCT-1,28,612,57,426
CTTCCGAAGGGCTAAC-1,26,7140,728,2327
CTTCCGAAGTTTGCTG-1,4003,43,1054,1900
CTTCCGAGTAATGCTC-1,13,681,19,454
CTTCCGAGTGCCTACG-1,601,1660,150,1306
CTTCCGAGTGCCTATA-1,648,2385,169,1618
CTTCCGATCCCAGGAC-1,13163,55,718,4084
CTTCCGATCCGGCAAC-1,7549,22,647,3104
CTTCCGATCTGCCTGT-1,3951,25,305,2022
CTTCCTTAGCAACTCT-1,3233,1936,177,2718
CTTCCTTCACGCGCAT-1,21,7451,363,2598
CTTCCTTGTATGGGAC-1,1271,589,80,1235
CTTCCTTGTCAGCGTC-1,57,10987,793,3145
CTTCCTTGTCGCAACC-1,16192,79,936,5035
CTTCCTTTCATACGGT-1,51,711,31,509
CTTCCTTTCCGTGTAA-1,37,5025,280,2168
CTTCGGTAGGACGGAG-1,14090,39,808,4204
CTTCGGTAGTAATTGG-1,5436,21,274,2180
CTTCGGTAGTCACGCC-1,38,6288,264,2119
CTTCGGTCAACTCCCT-1,37,6926,514,2466
CTTCGGTGTACACGCC-1,49,12931,577,3463
CTTCGGTGTATGGAGC-1,25,6112,379,2282
CTTCGGTTCAGTGCGC-1,67,4272,310,1694
CTTCTAAAGAATCGTA-1,17,7370,383,2420
CTTCTAAAGCGGCTCT-1,5738,31,280,2420
CTTCTAAAGGGCCTCT-1,12,4146,216,1706
CTTCTAACAAACCATC-1,285,1692,66,1188
CTTCTAACAAGCAATA-1,8564,57,594,3362
CTTCTAACATCCGAGC-1,481,741,62,877
CTTCTAAGTATACCCA-1,17,7040,368,2367
CTTCTAAGTTCCGCAG-1,6103,27,213,2634
CTTCTAAGTTCTTCAT-1,21,6775,266,2486
CTTCTAATCGCATTAG-1,15627,60,1213,4450
CTTCTCTAGACTTAAG-1,8833,40,372,3183
CTTCTCTAGAGTCACG-1,44,9256,497,2899
CTTCTCTCACACCAGC-1,4252,567,148,2435
CTTCTCTGTCATGGCC-1,2633,2686,945,2234
CTTCTCTGTGGGTTGA-1,305,879,65,829
CTTCTCTGTTCTAAGC-1,635,842,58,989
CTTCTCTGTTTGAACC-1,17521,44,1026,4749
CTTCTCTTCACAGAGG-1,152,14704,964,3875
CTTGAGAAGATTAGAC-1,42,8294,345,2807
CTTGAGAAGCCTAACT-1,8929,22,346,3007
CTTGAGAAGGTTCATC-1,41,8058,559,2557
CTTGAGACAGTCGGAA-1,43,7689,438,2803
CTTGAGACAGTGTGCC-1,8867,26,554,3087
CTTGAGACATTCTGTT-1,58,11906,514,3570
CTTGAGAGTAGGTCAG-1,14,3596,182,1391
CTTGAGAGTCATCAGT-1,30,8408,507,2677
CTTGAGAGTTGCGAAG-1,15,4353,351,1603
CTTGATTGTAGAGGAA-1,6721,19,496,2561
CTTGATTGTCGGCACT-1,24302,87,1771,6025
CTTGATTGTGGGTATG-1,9295,33,544,3090
CTTGATTTCACCATCC-1,24,5580,254,2200
CTTGATTTCATCACTT-1,7393,34,449,2958
CTTGATTTCCTGCTAC-1,1452,786,73,1394
CTTGATTTCTTCCACG-1,9079,35,499,3349
CTTTCAAAGATGACCG-1,9108,55,603,3796
CTTTCAACACTACACA-1,15,4527,237,1862
CTTTCAACACTGTGAT-1,16,844,45,543
CTTTCAAGTACCAATC-1,2109,284,76,1441
CTTTCAAGTTCTCCTG-1,8060,19,313,2961
CTTTCAAGTTGCAAGG-1,17,3876,273,1658
CTTTCAATCACACGAT-1,10187,44,484,3596
CTTTCGGAGAGGGTAA-1,10,4781,222,1755
CTTTCGGAGATGGGCT-1,18,3680,245,1467
CTTTCGGAGCGCATCC-1,39,7578,621,2477
CTTTCGGCAGTGTACT-1,10153,44,733,3404
CTTTCGGCATAGGTAA-1,7062,29,479,2817
CTTTCGGGTCCCTGTT-1,15,4796,374,1913
CTTTCGGGTCGTATTG-1,17597,70,1235,5147
CTTTCGGGTCTCGGGT-1,40,8492,554,2564
CTTTCGGGTCTTGGTA-1,4568,20,229,2103
CTTTCGGGTTCGAACT-1,15265,83,871,4779
CTTTCGGTCTCCCAAC-1,48,9727,494,3142
GAAACCTAGATTACCC-1,5981,20,246,2287
GAAACCTAGGAGAATG-1,34,7810,478,2570
GAAACCTAGTAGTCAA-1,9007,29,586,2980
GAAACCTCACCTATCC-1,5582,23,265,2728
GAAACCTCATGACGTT-1,1542,17,76,953
GAAACCTGTGGTATGG-1,29,6817,557,2334
GAAACCTGTTGTAAAG-1,12251,45,876,3547
GAAACCTTCACCCTTG-1,1778,1724,177,1960
GAAACCTTCACTGATG-1,18,5216,192,1827
GAAACCTTCCGTGTAA-1,16200,64,981,4542
GAAACCTTCCTTCACG-1,2883,1651,186,2289
GAAACCTTCGGCTTGG-1,28,7945,663,2486
GAAATGAAGAGCATTA-1,15,2916,229,1261
GAAATGAAGGTAAGTT-1,8454,31,614,3072
GAAATGACACTACCGG-1,64,13327,815,3591
GAAATGACATACTTTC-1,8468,43,635,3245
GAAATGAGTCCCGCAA-1,50,15183,783,3911
GAAATGAGTCGGTGTC-1,71,5452,429,2098
GAAATGAGTCTCAGGC-1,18,636,22,465
GAAATGAGTGTCATTG-1,60,11270,704,2961
GAAATGAGTTGTCCCT-1,21,4718,338,1760
GAAATGATCACAGAGG-1,19,7737,429,2562
GAACACTAGCCACAAG-1,21493,92,1351,5355
GAACACTCAATTCACG-1,16,4038,242,1475
GAACACTCACATATCG-1,21088,286,1310,5582
GAACACTCACTCCGAG-1,50,10806,542,3425
GAACACTCACTTGAGT-1,28,5975,234,2323
GAACACTCAGACGGAT-1,33,6911,453,2324
GAACACTGTAATGATG-1,10335,12450,2096,7312
GAACACTGTACAGTAA-1,735,5801,1072,2390
GAACACTGTATTTCCT-1,49,15451,585,3911
GAACACTTCACTTATC-1,27760,124,1243,6363
GAACACTTCCAACTGA-1,24,5301,318,2148
GAACACTTCTGGCCTT-1,314,1061,68,914
GAACGTTAGAGCCATG-1,61,10998,1056,3138
GAACGTTAGATTGAGT-1,23,3493,208,1372
GAACGTTAGGGTACGT-1,53,9699,621,2972
GAACGTTAGTTCTACG-1,28,6884,484,2457
GAACGTTCACGAAAGC-1,43,8248,531,2799
GAACGTTCAGGAGACT-1,62,11297,785,3516
GAACGTTGTCCAGCCA-1,45,8388,513,2756
GAACGTTTCACCCTCA-1,170,31173,1565,5923
GAACGTTTCACTTGTT-1,24,6444,298,2373
GAACGTTTCCACTGGG-1,56,11712,955,2972
GAACGTTTCTACCACC-1,12470,44,866,3973
GAACTGTAGAGGTATT-1,22251,110,1623,5568
GAACTGTAGCATCCTA-1,48,8799,582,2714
GAACTGTAGCCGCACT-1,47,13017,719,3871
GAACTGTAGTGTACAA-1,74,11691,797,3123
GAACTGTCAATGAAAC-1,7877,36,607,2936
GAACTGTCATTGTCGA-1,12,4975,221,1704
GAACTGTTCACGATCA-1,13125,43,853,4065
GAACTGTTCGGACAAG-1,44,10034,381,3092
GAACTGTTCGGTCTAA-1,5781,19,377,2424
GAACTGTTCTGGGCCA-1,10026,40,339,3256
GAACTGTTCTTCGATT-1,1063,1550,72,1578
GAAGAATAGATCGCCC-1,38,9865,501,2972
GAAGAATAGTCCTACA-1,60,5673,406,2110
GAAGAATGTCAATGGG-1,12820,40,862,3817
GAAGAATGTCACTGAT-1,11284,55,676,3733
GAAGAATTCAAGCCCG-1,12,4205,275,1803
GAAGAATTCACCGCTT-1,13964,95,819,4397
GAAGAATTCTCGCTCA-1,27,3617,205,1609
GAAGCCCAGAACCCGA-1,27,7496,600,2458
GAAGCCCAGCCTAACT-1,66,11915,793,3599
GAAGCCCCAAGAGTAT-1,757,288,50,790
GAAGCCCCAAGGCTTT-1,2594,792,258,1685
GAAGCCCCATCAGCTA-1,62,20566,889,4375
GAAGCCCCATCTAACG-1,278,2963,295,1504
GAAGCCCCATGGAACG-1,13305,37,947,4325
GAAGCCCGTTCAACGT-1,11144,34,583,3445
GAAGCCCTCAAAGGTA-1,42,9722,448,3019
GAAGCCCTCCGCGATG-1,22015,82,1127,5674
GAAGCCCTCTCCACTG-1,3169,862,299,2066
GAAGCGAAGCTAATGA-1,11,4935,289,1912
GAAGCGAAGGACAGTC-1,18811,49,1235,4742
GAAGCGACAATGACCT-1,23,6807,349,2344
GAAGCGAGTGGTCAAG-1,21,6940,433,2310
GAAGCGATCCATTTGT-1,13,4406,155,1595
GAAGGACAGACGGTCA-1,5900,19,3,2089
GAAGGACAGGACAGCT-1,12826,51,474,3707
GAAGGACAGGTTGGTG-1,7836,34,565,2717
GAAGGACAGTTTCGGT-1,41,7487,573,2645
GAAGGACCAACGATCT-1,14394,72,855,4415
GAAGGACCACTGCATA-1,1287,71,85,905
GAAGGACCAGACATCT-1,419,251,10,563
GAAGGACGTACGATTC-1,73,15242,892,4110
GAAGGACGTAGGAGTC-1,11510,42,1049,3588
GAAGGACGTCGAGTTT-1,7,4022,265,1592
GAAGGACGTGCATGTT-1,48,9762,627,2861
GAAGGACTCCTATTTG-1,96,18355,1027,4432
GAAGGACTCGACCCAG-1,9,2014,83,484
GAAGGACTCGATAACC-1,22,4751,344,1806
GAAGGACTCTGCATGA-1,26,5819,251,2050
GAAGGACTCTTCTTCC-1,885,331,40,918
GAAGGGTAGACTTAAG-1,7,1011,1,536
GAAGGGTAGCATAGGC-1,43,15742,719,4047
GAAGGGTAGCGGCTCT-1,280,1962,210,1073
GAAGGGTCAGCTGCCA-1,6262,434,488,2734
GAAGGGTCATGGCCCA-1,49,9312,576,3042
GAAGGGTCATGGGTTT-1,563,2741,441,1591
GAAGGGTGTACGTTCA-1,17298,70,1261,4611
GAAGGGTGTGGCACTC-1,13905,69,754,3972
GAAGGGTGTTCTCCAC-1,17,5554,524,2007
GAAGTAAAGGTAGATT-1,15,3572,190,1466
GAAGTAAAGTATAGAC-1,23,6615,380,2313
GAAGTAACACGACTAT-1,15910,58,270,4600
GAAGTAACAGGTGTTT-1,58,8997,626,2691
GAAGTAACAGTGGCTC-1,11117,39,698,3455
GAAGTAACAGTGTGCC-1,181,12876,905,3830
GAAGTAAGTTATCCAG-1,3037,11,121,1454
GAAGTAAGTTGGTAGG-1,10340,35,720,3430
GAAGTAATCATCTGTT-1,15392,67,943,4521
GAAGTAATCGTCCATC-1,11060,30,598,3527
GAATAGAAGCTCTGTA-1,87,11455,885,3391
GAATAGAAGTAGCAAT-1,22,4065,264,1725
GAATAGACACCCTGTT-1,29,4144,271,1776
GAATAGACACCTCGTT-1,52,14215,850,3789
GAATAGACAGGTACGA-1,25,7075,687,2187
GAATAGACATCATGAC-1,27820,132,1636,6152
GAATAGACATCGTTCC-1,42,5971,328,1927
GAATAGACATGCGGTC-1,5306,4916,732,4430
GAATAGAGTCCCTAAA-1,15,5259,260,1828
GAATAGAGTCGTTGCG-1,4656,19,489,1946
GAATAGATCGAGCCTG-1,9,1150,278,661
GAATAGATCTCCTGCA-1,10032,43,427,3521
GAATAGATCTTTGCAT-1,6064,30,296,2791
GAATCACAGAGCATAT-1,27,5163,248,1939
GAATCACAGCTTCTAG-1,8631,27,464,3083
GAATCACCACATTCTT-1,535,1763,68,1345
GAATCACCAGTCGAGA-1,39,12475,730,3485
GAATCACGTATGAGAT-1,83,14791,907,3880
GAATCACTCGCAGTCG-1,9491,41,657,3235
GAATCGTCAACCGGAA-1,63,8077,715,2628
GAATCGTCACGGTGCT-1,6775,21,500,2664
GAATCGTGTCACCGAC-1,35,13198,752,3482
GAATCGTGTCCCACGA-1,52,10313,837,3180
GAATCGTGTGCATTTG-1,19543,73,1225,5087
GAATCGTTCCGCTAGG-1,7497,42,471,2946
GACACGCAGTCGAAGC-1,41,16786,902,3867
GACACGCCAACCTAAC-1,15614,49,754,4482
GACACGCCATGGCACC-1,15055,64,737,4454
GACACGCGTCTACAAC-1,19521,65,762,5181
GACACGCTCATCAGTG-1,16354,65,933,4801
GACACGCTCCCAGTGG-1,10573,25,713,3506
GACACGCTCTCAGTCC-1,76,17282,1088,4150
GACAGCCAGCAAGTGC-1,17656,81,896,4890
GACAGCCAGGCTAACG-1,76,18173,974,4294
GACAGCCAGTTCGCAT-1,87,20767,1316,4920
GACAGCCCACCCTTGT-1,15,6307,490,2269
GACAGCCCACTTTAGG-1,39,10645,642,2947
GACAGCCCAGTCTGGC-1,17852,94,1304,4886
GACAGCCCATTCTGTT-1,79,14998,764,4183
GACAGCCGTCTCTCCA-1,211,862,27,738
GACAGCCGTGACTATC-1,9127,35,501,3035
GACAGCCGTGGTCAAG-1,3571,16,0,1357
GACAGCCTCCGTGGTG-1,41,10223,723,3010
GACAGCCTCGGTCACG-1,167,11307,344,3011
GACATCAAGAGCATAT-1,42,8098,258,2861
GACATCAAGATCGACG-1,7486,16,424,2435
GACATCAAGGCTGGAT-1,3101,526,505,1642
GACATCAAGTGGCAGT-1,17,5163,316,1946
GACATCACAACAGCCC-1,1686,667,94,1505
GACATCACACAAATAG-1,13845,73,1152,4310
GACATCACAGGGATAC-1,71,12510,876,3361
GACATCACATCCCACT-1,6970,18,339,2919
GACATCACATTCCTCG-1,58,11592,666,3738
GACATCAGTTAGGCCC-1,40,1359,104,753
GACATCATCGAGCCAC-1,4193,19,780,2044
GACATCATCGTGCAGC-1,7163,30,512,2610
GACCAATAGAAGCGCT-1,24,5169,375,2002
GACCAATAGTGGACTG-1,16,5274,399,1676
GACCAATCAACTTCTT-1,7569,27,429,2855
GACCAATCACATTCGA-1,69,18301,880,4168
GACCAATCACTACCCT-1,4054,29,34,1637
GACCAATGTAGTAAGT-1,12073,43,800,4087
GACCAATGTATAGGGC-1,9987,31,511,3367
GACCAATGTATTGAGA-1,26082,82,1316,5613
GACCAATGTTAAGCAA-1,1613,170,62,1129
GACCAATGTTCGAACT-1,17258,57,1070,4669
GACCAATTCAGGACAG-1,21,2176,224,1048
GACCAATTCATTTGTC-1,12137,37,629,3958
GACCAATTCGCCGAAC-1,19586,72,832,4916
GACCAATTCTGATGGT-1,66,11584,844,2924
GACCCAGAGATAGTGT-1,17784,49,1130,4502
GACCCAGAGGAGCAAA-1,53,9940,650,3042
GACCCAGAGGGCAAGG-1,55,15479,806,3740
GACCCAGAGTCTACCA-1,16447,71,1175,4782
GACCCAGCAAAGGTTA-1,42,5493,405,2049
GACCCAGCACATTACG-1,27,6313,512,2292
GACCCAGCATGGATCT-1,1334,15,73,851
GACCCAGGTACAAACA-1,815,248,34,804
GACCCAGGTGTCACAT-1,20,8301,519,2756
GACCCAGGTTCCTAAG-1,16,5338,264,2038
GACCCAGTCACCTCAC-1,251,7840,534,2809
GACCCAGTCCACAGCG-1,3439,1301,398,2205
GACCCTTAGAAGCCAC-1,25,4974,217,2128
GACCCTTAGCATCAAA-1,63,9294,571,3013
GACCCTTAGTCATGAA-1,17129,215,1365,4889
GACCCTTCACAGTATC-1,20,5164,342,1951
GACCCTTCACTTCATT-1,4564,1607,206,2941
GACCCTTCAGCTGGTC-1,7881,5369,662,4921
GACCCTTGTCTCTCCA-1,20,2766,138,1238
GACCCTTTCCGAGATT-1,1402,149,56,1021
GACCCTTTCCTTCACG-1,4302,3608,523,3282
GACCCTTTCGGACAAG-1,14,4379,345,1709
GACCCTTTCTTCTTCC-1,55,1037,28,650
GACCGTGAGACCAAAT-1,13169,50,679,3880
GACCGTGAGTCGGCCT-1,16,8696,485,2708
GACCGTGCACAACGTT-1,13437,50,497,4323
GACCGTGCAGAGTAAT-1,55,8990,634,2745
GACCGTGCAGGACATG-1,9667,29,581,3197
GACCGTGCAGTAGATA-1,38,10304,624,3150
GACCGTGGTCTGCATA-1,683,1978,179,1497
GACCGTGTCAAGGACG-1,65,11392,703,3094
GACCGTGTCAGTGATC-1,16822,62,1217,4920
GACCGTGTCGTGGGTC-1,13937,39,837,4078
GACCGTGTCTGTCCGT-1,11822,64,954,4246
GACCTTCAGAGCATTA-1,23,4208,363,1572
GACCTTCAGGGTTAAT-1,34,7543,408,2537
GACCTTCAGGGTTAGC-1,14,5750,572,2059
GACCTTCAGGTTATAG-1,3132,27,50,1141
GACCTTCGTATCTTCT-1,15893,67,861,4857
GACCTTCGTGACTGAG-1,161,7278,416,2608
GACCTTCGTTAAAGTG-1,59,12964,874,3431
GACCTTCTCAACACCA-1,19485,33,795,4896
GACGCTGAGAGCAGCT-1,30,6748,342,2303
GACGCTGCATTGCTTT-1,314,890,70,827
GACGCTGGTCCAGGTC-1,8975,36,682,3327
GACGCTGGTCGTCGGT-1,12150,35,599,3907
GACGCTGGTTTCGGCG-1,81,15339,1164,3506
GACGCTGTCATACAGC-1,50,10331,941,3337
GACGTTAAGTAACAGT-1,9997,43,623,3552
GACGTTAAGTCACGCC-1,13187,50,830,4052
GACGTTAGTAGCTTTG-1,77,14935,993,4029
GACGTTATCATCTACT-1,4885,41,213,2471
GACGTTATCGCTTTAT-1,101,544,3,230
GACGTTATCTATACTC-1,13923,49,773,4230
GACTATGAGACTTGTC-1,67,11947,632,3316
GACTATGAGGGAGGAC-1,14,4088,240,1605
GACTATGAGTGAGCCA-1,17,8106,345,2646
GACTATGCAAATGGCG-1,43,1283,159,697
GACTATGCACAATCTG-1,20274,57,1224,4884
GACTATGCACCAAATC-1,25024,105,1374,5910
GACTATGCATTACGGT-1,104,18544,1225,4407
GACTATGGTATGCTAC-1,19,5956,376,2194
GACTATGGTATTTCGG-1,7553,35,472,2697
GACTATGGTCAACCAT-1,2609,31,176,1310
GACTATGGTCCTTGTC-1,8754,29,499,3265
GACTATGGTGTCTAAC-1,9235,30,494,3231
GACTATGTCGGTAACT-1,9267,32,575,3448
GACTATGTCTGTAAGC-1,14662,67,838,4230
GACTCAAAGCCGAATG-1,183,19143,1507,4854
GACTCAACAACCGATT-1,650,14,2,506
GACTCAACAATGGCCC-1,75,9238,512,3010
GACTCAACACCATAAC-1,856,95,42,672
GACTCAACACGTCGTG-1,5433,24,334,2470
GACTCAACAGTCGGAA-1,6233,25,332,2631
GACTCAACATGGTACT-1,6526,20,414,2260
GACTCAAGTGTGGACA-1,10,2439,16,678
GACTCAAGTTAAGACA-1,84,16737,925,4275
GACTCAAGTTTATGCG-1,46,8240,666,2463
GACTCAATCAAGGTGG-1,17,5445,356,2158
GACTCAATCCGATAAC-1,13747,57,618,3975
GACTCAATCGGTGTAT-1,80,12801,751,3662
GACTCTCGTGATACAA-1,8788,29,525,3192
GACTGATAGACCAGAC-1,60,9619,698,3170
GACTGATAGGACAACC-1,52,8764,607,3050
GACTGATAGGCCACTC-1,15610,70,918,4747
GACTGATCAGACCATT-1,26,5307,421,1964
GACTGATCAGTGTGCC-1,12450,48,674,3968
GACTGATCATGGCCCA-1,69,15466,1071,3844
GACTGATGTACCCAGC-1,8834,42,503,3353
GACTGATGTCACGACC-1,56,12789,669,3546
GACTGATGTGCCGTAC-1,10,2187,75,578
GACTGATGTGGAGGTT-1,65,12233,641,3372
GACTGATTCAGTGGGA-1,31,10692,866,2911
GACTGATTCTCTGAGA-1,8602,24,520,3049
GACTGATTCTTCTTCC-1,1051,1264,98,1381
GACTTCCAGCATTGTC-1,457,1665,159,1257
GACTTCCAGCGAATGC-1,9211,22,501,3197
GACTTCCCAACGACTT-1,32764,111,1173,6221
GACTTCCCAGATTAAG-1,71,13583,703,3726
GACTTCCCAGGCGTTC-1,87,6453,511,2345
GACTTCCGTACCAGAG-1,100,4391,352,1724
GACTTCCTCATTCGTT-1,1799,5483,478,3349
GACTTCCTCCCTAGGG-1,12040,55,706,4137
GACTTCCTCCCTCTTT-1,130,25973,1433,5721
GACTTCCTCCTTGACC-1,60,11013,669,3290
GACTTCCTCTCGGCTT-1,31,11002,647,3407
GAGAAATAGCGCTGAA-1,10917,26,546,3251
GAGAAATAGTGTGTTC-1,4553,15,362,1802
GAGAAATAGTTGCCCG-1,6960,21,330,2844
GAGAAATCAGCTACTA-1,15861,83,1076,4574
GAGAAATCAGGGCTTC-1,55,15079,855,3871
GAGAAATGTTCTAAGC-1,24,5868,377,2023
GAGACCCAGATGCAGC-1,79,19734,1010,4528
GAGACCCAGTGATTCC-1,27,1819,100,933
GAGACCCCAACCCTCT-1,50,7943,524,2538
GAGACCCCACTACACA-1,4137,87,5,1760
GAGACCCCACTTCCTG-1,11400,29,547,3462
GAGACCCGTAGCGTAG-1,28829,98,1782,5793
GAGACCCTCTCCACTG-1,723,1492,97,1387
GAGACCCTCTCGCCTA-1,23349,79,1099,5222
GAGACTTAGATAGCTA-1,11256,63,767,3816
GAGACTTCACACCGAC-1,14,5660,339,2229
GAGACTTCACACGGAA-1,21,1427,157,771
GAGACTTCAGTCAGCC-1,74,12227,1037,3473
GAGACTTGTTGTGCAT-1,3560,13,183,1763
GAGACTTTCTCTATGT-1,13734,56,800,4275
GAGAGGTAGTTCTACG-1,24,6154,354,2232
GAGAGGTCACACGCCA-1,49,1325,80,748
GAGAGGTGTCGCGTTG-1,100,23401,1328,4717
GAGAGGTGTCGTTGGC-1,8914,37,631,3410
GAGAGGTTCCTTATAC-1,6003,25,426,1622
GAGAGGTTCTTGGGCG-1,2957,13,2,1249
GAGATGGCAACTCGTA-1,57,1125,81,678
GAGATGGCAGGCGATA-1,22463,71,1701,5234
GAGATGGGTCGTGGAA-1,76,7015,699,2361
GAGATGGGTCTTGCTC-1,23,4835,466,1952
GAGATGGGTGGCTAGA-1,6625,41,320,2694
GAGATGGGTTACGCCG-1,2796,210,327,1485
GAGATGGGTTATAGCC-1,14,1936,208,415
GAGATGGTCCCTCGTA-1,15812,79,1129,4272
GAGATGGTCTATGTGG-1,13799,73,976,4150
GAGATGGTCTCTCGAC-1,84,13414,762,3656
GAGCCTGAGAGAGCCT-1,190,14358,1206,3959
GAGCCTGAGTCCGTCG-1,39,12352,648,3436
GAGCCTGCACCCTATC-1,630,899,36,1053
GAGCCTGCAGAAGTGC-1,4030,558,493,2067
GAGCCTGGTACAACGG-1,38,10619,468,3195
GAGCCTGGTAGTACGG-1,16717,59,1318,4367
GAGCCTGGTGCACAAG-1,24,7829,429,2519
GAGCCTGGTGGCGCTT-1,2170,427,126,1539
GAGCCTGTCCCGATCT-1,37,8950,845,2651
GAGCCTGTCCGTGCGA-1,20629,76,1620,5213
GAGCCTGTCTAGACAC-1,5085,373,211,2405
GAGCCTGTCTTTACAC-1,17,4401,287,1588
GAGCTGCAGCACTCTA-1,532,1726,47,1257
GAGCTGCAGGAATTAC-1,22,4271,336,1555
GAGCTGCGTGAACCGA-1,71,20915,1328,4572
GAGGCAAAGTATTGCC-1,14905,56,1172,4240
GAGGCAACATGGTGGA-1,8048,4646,797,4424
GAGGCAACATTGAAAG-1,11352,59,830,3525
GAGGCAAGTAGGGTAC-1,74,11838,972,3842
GAGGCAATCTGTGCTC-1,8416,28,540,3033
GAGGCCTAGCCAAGGT-1,50,8760,575,2532
GAGGCCTAGTTGGCGA-1,20,5042,329,1957
GAGGCCTCAGCGTATT-1,514,500,35,777
GAGGCCTCATACCAGT-1,1634,1095,107,1687
GAGGCCTGTTGCTGAT-1,11874,52,834,4089
GAGGCCTTCCGAGATT-1,26,4751,256,1895
GAGGCCTTCGTCGGGT-1,46,9262,755,2639
GAGGCCTTCTCATGGA-1,11891,58,18,3234
GAGGGATCAGCTTTGA-1,19059,60,827,4919
GAGGGATCATCCAACA-1,737,778,49,1013
GAGGGATGTACCCGAC-1,63,12699,1048,3139
GAGGGATGTCACCTTC-1,12458,48,768,3956
GAGGGATTCGACATCA-1,14,2505,194,1218
GAGGGATTCGACGACC-1,19,1528,153,750
GAGGGATTCTGCGTCT-1,12424,59,1118,3767
GAGGGATTCTTCCCGA-1,13844,42,764,3743
GAGGGTAAGCGTGTCC-1,7536,35,375,2752
GAGGGTAGTACAAAGT-1,124,10125,766,3007
GAGGGTATCCAAGCTA-1,29,5659,338,2257
GAGGGTATCGCGGACT-1,341,3640,367,1773
GAGTCATAGCCTGAAG-1,44,7792,528,2685
GAGTCATCAGCGGATA-1,24,1433,147,755
GAGTCATCATATAGCC-1,39,8115,490,2555
GAGTCATGTATCGTAC-1,10283,29,438,3206
GAGTCATGTGCATGTT-1,2759,20,622,1543
GAGTCATGTGCGGATA-1,22,3697,296,1449
GAGTCATGTTATGTCG-1,86,12216,897,3734
GAGTCATGTTCGTAAC-1,29,6116,395,2020
GAGTCATTCAGTGTGT-1,10250,34,463,3467
GAGTCATTCTACTCAT-1,31,7778,366,2822
GAGTCTAAGCTGAGCA-1,19,4180,178,1695
GAGTCTACAAGGTCAG-1,45,7648,387,2607
GAGTCTACAATTAGGA-1,1521,8,85,938
GAGTCTACAGTTTCAG-1,11,3197,226,1355
GAGTCTAGTTTCACAG-1,11085,21,664,3747
GAGTCTATCAAGCCTA-1,42,9356,389,3163
GAGTCTATCGACGCGT-1,12841,69,947,4030
GAGTCTATCTGTCGTC-1,44,11766,426,3430
GAGTCTATCTTCCCAG-1,7090,13,290,2789
GAGTGAGCACAGTACT-1,25,10158,346,3121
GAGTGAGCAGGTGGAT-1,78,12230,985,3541
GAGTGAGTCACCATCC-1,58,9358,755,2881
GAGTGAGTCAGCTTCC-1,9316,27,467,3259
GAGTGAGTCTGGCCAG-1,12092,47,797,3823
GAGTGTTAGCTAATCC-1,9229,20,615,3161
GAGTGTTAGTACTGTC-1,3972,12,230,1846
GAGTGTTCAAACTGCT-1,9938,42,733,3682
GAGTGTTCATGGACAG-1,18538,93,1067,5222
GAGTGTTGTGAACGGT-1,9547,32,676,3215
GAGTGTTTCATACGAC-1,126,3609,357,1511
GAGTGTTTCCGGCAAC-1,6371,48,375,2729
GAGTGTTTCTCAGAAC-1,33,8902,553,2600
GAGTTACAGCAGGCAT-1,8913,30,518,3095
GAGTTACAGCTAAACA-1,457,2891,128,1560
GAGTTACAGGTCGACA-1,9633,27,590,3186
GAGTTACAGTGGACTG-1,22,4676,427,1845
GAGTTACCAAATCAAG-1,16,3568,339,1401
GAGTTACCAGAGATTA-1,49,13042,564,3418
GAGTTACCATATCTCT-1,16,3285,145,710
GAGTTACGTAGTCCTA-1,8780,27,490,3230
GAGTTACGTATGCGTT-1,8453,33,371,3090
GAGTTACGTGTTGACT-1,16017,59,1196,4477
GAGTTACTCCTGTTAT-1,46,7069,642,2614
GAGTTACTCGTGCGAC-1,7,2161,0,921
GAGTTGTAGCCATTTG-1,13512,40,692,4073
GAGTTGTAGCGAATGC-1,10659,43,490,3478
GAGTTGTAGGCTTAGG-1,14280,60,1168,4278
GAGTTGTAGGTGTGAC-1,7584,33,551,2823
GAGTTGTCAGCGTTGC-1,16887,47,884,4783
GAGTTGTCATAGGCGA-1,6216,26,329,2436
GAGTTGTCATCCGCGA-1,7155,24,338,2561
GAGTTGTGTAGCTGTT-1,4740,16,342,2100
GAGTTGTGTATGAAAC-1,25,2949,300,1251
GAGTTGTTCAAGGACG-1,40,8314,674,2891
GAGTTGTTCAGCGGAA-1,15196,47,1169,4031
GAGTTGTTCAGGAAAT-1,9614,32,562,3294
GAGTTGTTCAGGAACG-1,8620,29,444,2939
GAGTTGTTCGAGGCAA-1,6255,12,350,2436
GAGTTGTTCGATCCCT-1,60,11908,702,3211
GAGTTGTTCTCATTTG-1,44,9306,783,2592
GAGTTTGAGATAGTGT-1,56,7635,476,2592
GAGTTTGAGCACCAGA-1,5728,18,260,2349
GAGTTTGAGCAGGTCA-1,35,6021,400,1854
GAGTTTGAGTGCAACG-1,24584,77,1578,5631
GAGTTTGCAGCGATTT-1,14563,42,649,4407
GAGTTTGCATCATTTC-1,18,4919,223,1951
GAGTTTGCATGACTTG-1,103,10039,423,3132
GAGTTTGGTACAGAAT-1,18,7461,301,2392
GAGTTTGGTCAGGCAA-1,33,7079,279,2451
GAGTTTGGTCGCATGC-1,17530,456,854,5324
GAGTTTGGTGCAATGG-1,11157,59,856,3761
GAGTTTGTCATGAGTC-1,15119,68,999,4409
GATAGAAAGCGCCATC-1,7222,19,311,2869
GATAGAACACCTGCGA-1,2635,1105,280,1875
GATAGAACATGTCAGT-1,10135,50,747,3692
GATAGAAGTAAGTCAA-1,29,6039,389,2217
GATAGAATCCATGCAA-1,26,6740,465,2317
GATAGCTAGCATGAAT-1,31,8026,430,2659
GATAGCTAGGTCGTAG-1,25,6508,360,2309
GATAGCTCACAGTCCG-1,26298,101,1746,5906
GATAGCTCATGGGAAC-1,18,2465,179,621
GATAGCTGTCCTGGTG-1,844,1416,120,1345
GATAGCTTCACACCCT-1,11212,34,368,3647
GATAGCTTCGTCGACG-1,31,9090,557,2754
GATAGCTTCGTGACTA-1,8,3396,173,1483
GATCACACAACTTGCA-1,99,19169,814,4871
GATCACACATGGTGGA-1,41,5857,382,2390
GATCACAGTGGCATCC-1,26,728,26,472
GATCAGTCAGGTCAAG-1,4327,962,537,2306
GATCAGTTCCTGATAG-1,45,8008,447,2665
GATCAGTTCTGGACCG-1,203,4623,224,2006
GATCATGAGCCTGACC-1,17,916,45,557
GATCATGAGCGATTCT-1,26,6757,319,2387
GATCATGGTACGGCAA-1,24035,106,1783,5876
GATCATGGTATGCAAA-1,18,3748,231,1606
GATCATGGTCTTTATC-1,24,6937,357,2432
GATCATGGTTCCGCGA-1,21,7761,575,2541
GATCATGTCAGTCACA-1,11441,45,960,3515
GATCATGTCCACGGAC-1,17809,48,1046,4893
GATCATGTCTCCGAAA-1,30,5434,275,2041
GATCATGTCTTCCTAA-1,52,1171,47,702
GATCCCTCATCTTAGG-1,55,8488,506,2770
GATCCCTCATGTAACC-1,38,2088,218,550
GATCCCTGTGAACCGA-1,13,1436,92,694
GATCCCTGTGTTTCTT-1,9784,36,457,3237
GATCCCTGTTACAGCT-1,3794,1478,313,2561
GATCCCTTCCATACTT-1,38,9476,481,2955
GATCCCTTCCTCACGT-1,16113,61,984,4877
GATCCCTTCGATACGT-1,58,9588,473,3120
GATCCCTTCTAGTTCT-1,6594,18,392,2455
GATCGTAAGCATACTC-1,54,10771,750,3338
GATCGTACAACACTAC-1,23190,99,1798,5554
GATCGTACACACAGCC-1,22,5819,480,2107
GATCGTACACCGCTGA-1,96,22205,1043,4778
GATCGTAGTCAAATCC-1,6700,26,398,2554
GATCGTAGTTATAGAG-1,5238,21,295,2224
GATCGTATCCAAACCA-1,12632,46,702,3974
GATCGTATCTGAGATC-1,9826,8971,1273,6555
GATGACTAGCCTCTCT-1,15979,70,897,4613
GATGACTCAGCCGTCA-1,14100,44,817,4050
GATGACTGTCGTTATG-1,11118,28,773,3558
GATGACTTCTCAACGA-1,11596,52,430,3932
GATGAGGAGAGGTTTA-1,79,12944,875,3507
GATGAGGAGTCTCCTC-1,35,9516,786,2784
GATGAGGCACCGTGAC-1,1210,2171,486,1641
GATGAGGTCGTGCTCT-1,38,8566,757,2619
GATGAGGTCTGGACTA-1,44,9690,838,2950
GATGATCAGAATCGAT-1,38,9511,661,2884
GATGATCAGCTGAGCA-1,36,8555,678,2590
GATGATCAGTAGGAAG-1,21,4139,287,1518
GATGATCAGTAGTCAA-1,30,7147,396,2488
GATGATCCAAGAGCTG-1,495,3141,501,1604
GATGATCCAATGTCTG-1,81,16080,884,3872
GATGATCCACACAGAG-1,14272,64,1099,4363
GATGATCGTGTCATCA-1,19,3180,239,1402
GATGATCTCTTCACAT-1,9874,32,284,3441
GATGCTAAGGATGCGT-1,8407,44,678,2897
GATGCTAAGGTTCACT-1,7369,38,449,3007
GATGCTAAGTGCAGCA-1,18244,53,1175,4419
GATGCTACATGCACTA-1,17,856,36,567
GATGCTATCATCTGTT-1,1197,63,41,881
GATGGAGCATCCGAGC-1,16,1967,462,971
GATGGAGCATCCTTGC-1,10,2812,196,894
GATGGAGGTACAAACA-1,79,12437,1007,3517
GATGGAGGTACATACC-1,22537,66,1381,5110
GATGGAGGTACCTGTA-1,412,1313,81,1060
GATGGAGGTCGCGGTT-1,35,9974,647,3042
GATGGAGGTTAGAAAC-1,19770,101,1271,5133
GATGGAGTCAGCTGTA-1,14246,60,992,3968
GATGTTGCACCAGCTG-1,284,1555,71,1019
GATGTTGCACGCGGTT-1,8576,32,375,3370
GATGTTGGTAAGAACT-1,14817,75,776,4203
GATGTTGGTTGGGACA-1,69,15369,1107,3829
GATGTTGTCCGGTAAT-1,39,7591,486,2699
GATGTTGTCGATCCAA-1,209,1762,289,1008
GATGTTGTCGTAGTGT-1,91,18308,1159,4165
GATTCGACATTAGGCT-1,14657,54,1136,4639
GATTCGACATTCCTCG-1,26,7535,323,2524
GATTCGAGTAATGCGG-1,25,7770,762,2330
GATTCGATCGCTAATG-1,18,5048,329,1893
GATTCTTAGTGTGTTC-1,34,7309,637,2061
GATTCTTAGTTGCGCC-1,341,1169,72,957
GATTCTTCAAATTAGG-1,10867,10107,1532,6518
GATTCTTCACCGCTAG-1,44,8377,581,3011
GATTCTTCATTGCAAC-1,23180,79,1290,5772
GATTCTTGTAGCCAGA-1,11604,34,514,3905
GATTCTTGTGAGGATC-1,58,13337,840,3660
GATTCTTGTTGCTCCT-1,23096,95,1062,5617
GATTCTTTCCGAAGGA-1,13493,73,944,4108
GATTCTTTCGTACACA-1,6209,30,256,2774
GATTCTTTCGTCGATA-1,47,9562,660,2886
GATTCTTTCTACACTT-1,5950,28,246,2528
GATTGGTAGCCTATTG-1,16,3976,210,1705
GATTGGTAGGCTGTAG-1,5765,35,327,2431
GATTGGTAGTCGGCAA-1,43,6487,358,2239
GATTGGTCACGAAAGC-1,19033,73,1268,5001
GATTGGTCATCTTTCA-1,8099,34,374,3015
GATTGGTGTAACCAGG-1,395,1371,95,1058
GATTGGTGTCTTTATC-1,23,5375,369,1998
GATTGGTGTGCCCTTT-1,89,7266,410,2634
GATTGGTGTGGTCTCG-1,13,3835,239,1593
GATTGGTGTTCCTTGC-1,11590,41,417,3487
GATTGGTTCACACGAT-1,67,15392,935,3904
GATTGGTTCAGGTAAA-1,17,3897,365,1611
GATTTCTAGCATGTTC-1,11209,47,742,3616
GATTTCTCACCTGATA-1,66,6837,518,2420
GATTTCTGTACGCGTC-1,15,2690,241,1415
GATTTCTTCGATGCTA-1,8657,36,561,3468
GATTTCTTCGTCTCAC-1,68,11941,619,3851
GCAACATAGCAGTAAT-1,41,11981,554,3347
GCAACATCAATAGGGC-1,7627,30,426,3172
GCAACATCACTACGGC-1,296,3878,125,1799
GCAACATGTATATGGA-1,154,2006,393,1018
GCAACATGTCAGGTGA-1,13108,55,936,4024
GCAACATTCGGCTGAC-1,20,651,67,427
GCAACATTCTCGTTTA-1,1002,340,36,983
GCAACCGAGTACCCTA-1,3731,233,598,1734
GCAACCGCAAGTCATC-1,35434,95,1931,6682
GCAACCGGTATCCTCC-1,51,12464,750,3797
GCAACCGGTGATACCT-1,142,25840,1631,5401
GCAACCGGTGTTACTG-1,7733,37,336,2806
GCAACCGTCCGTGGGT-1,36,7243,536,2449
GCACATAAGATACGAT-1,8728,31,622,3218
GCACATAAGCTCATAC-1,20271,84,1386,5324
GCACATACACGGAAGT-1,16,1156,102,651
GCACATACATAGAAAC-1,15582,65,1249,4622
GCACATAGTCCTCCTA-1,20606,90,1265,5377
GCACATAGTCTTGAAC-1,65,13348,897,3805
GCACATAGTGCAACGA-1,57,12243,744,3475
GCACATAGTTCTTGCC-1,13613,46,732,4184
GCACGGTAGAATAACC-1,40,6852,360,2324
GCACGGTAGCGACTAG-1,21,493,20,386
GCACGGTCACAGAGCA-1,43,8575,465,2698
GCACGGTGTGTCATCA-1,30,9886,509,2889
GCACGGTGTTCCTACC-1,12,1665,1,761
GCACGGTTCAACCTTT-1,25787,111,1256,6142
GCACGGTTCTAGCCTC-1,57,11645,741,3545
GCACGTGAGAAACACT-1,66,9844,848,3027
GCACGTGCAGGAACCA-1,8661,23,627,3208
GCACGTGGTTGTGGAG-1,7227,27,487,2760
GCACGTGTCAAGCCGC-1,41,9908,548,3024
GCACGTGTCATTCGGA-1,19,5140,423,1842
GCACGTGTCATTCGTT-1,16441,71,1154,4404
GCACGTGTCCCGAGGT-1,13713,48,950,4076
GCACGTGTCGTGACTA-1,143,2365,338,1058
GCACGTGTCTCCGAAA-1,8142,35,643,3049
GCACTAAAGCTCCCTT-1,74,12957,654,3621
GCACTAAAGTAGACCG-1,7151,19,523,2644
GCACTAACACACCTTC-1,33,8115,403,2653
GCACTAACACATTACG-1,11272,47,703,3704
GCACTAACACGTACTA-1,17614,92,1033,5199
GCACTAACATAATCGC-1,265,718,30,718
GCACTAAGTACAAGTA-1,101,955,28,694
GCACTAAGTGCAGTGA-1,22,6320,471,1894
GCACTAATCATGGAGG-1,14,3755,311,1524
GCACTAATCATTACGG-1,102,21252,1095,4542
GCACTAATCCATACTT-1,19766,76,1261,5252
GCACTAATCGAGCCTG-1,3245,21,1,1310
GCAGCCAAGCGTCTGC-1,38,9988,623,2954
GCAGCCAAGGGAACAA-1,22,6236,453,2104
GCAGCCAAGGTCCGAA-1,9590,42,440,3217
GCAGCCACAAGAGTGC-1,19422,86,924,4850
GCAGCCACAGCAGACA-1,14612,61,777,4586
GCAGCCACATCTTCGC-1,54,9114,628,3036
GCAGCCAGTCCAGCCA-1,649,6531,398,2776
GCAGCCAGTCGTCATA-1,17,891,91,525
GCAGCCAGTGAGATAT-1,15633,72,1245,4559
GCAGCCATCTTGCGCT-1,42,10122,740,2946
GCAGCTGAGTTCCAGT-1,79,1068,39,729
GCAGCTGCAAACACGG-1,4356,9,3,1582
GCAGCTGCACCAGGTC-1,79,19479,1123,4666
GCAGCTGCATCGATAC-1,3284,209,184,1743
GCAGCTGCATGAGAAT-1,216,5456,701,2084
GCAGGCTCAATACCCA-1,19675,84,1325,5189
GCAGGCTCAGTCAGTT-1,2000,10,436,1126
GCAGGCTTCCATAAGC-1,566,2331,329,1501
GCAGGCTTCCCGAGAC-1,148,11225,493,3399
GCAGTTAAGAGGGTAA-1,67,8393,552,2688
GCAGTTAAGGTTCACT-1,7508,28,530,2895
GCAGTTAAGTAAAGCT-1,49,10029,798,3194
GCAGTTAGTATCAGGG-1,24,7081,662,2421
GCAGTTAGTCTGTCAA-1,22517,97,1687,5417
GCAGTTAGTTATCTTC-1,13107,42,885,3990
GCAGTTATCCTGGCTT-1,518,855,47,934
GCATCGGAGTTTCGGT-1,52,10553,706,3183
GCATCGGCAAACACCT-1,50,5723,592,2023
GCATCGGCAAGAATGT-1,8529,32,624,3178
GCATCGGCACAAAGCG-1,6997,3876,697,4433
GCATCGGCAGGAGGAG-1,34,11103,570,3045
GCATCGGCATCCCACT-1,19,5065,357,1798
GCATCGGGTCTCACAA-1,15629,63,1086,4184
GCATCGGGTTTCCAAG-1,13492,33,703,4084
GCATCGGTCCTGTACC-1,11750,31,1041,3868
GCATCGGTCTGATTCT-1,11,1152,80,656
GCATCTCAGCACTCTA-1,518,1367,74,1123
GCATCTCAGGCCTGCT-1,948,128,49,777
GCATCTCAGGCGCTTC-1,9959,30,468,3430
GCATCTCAGGCTTAAA-1,14956,48,1125,4329
GCATCTCAGGGTGGGA-1,8131,21,527,2774
GCATCTCCAAGCTCTA-1,37,11680,539,3551
GCATCTCGTACGCGTC-1,53,13546,637,3552
GCATCTCGTCTGTGTA-1,80,14619,1034,3944
GCATCTCGTGCGGTAA-1,82,23914,1425,4875
GCATCTCGTGGAGAAA-1,48,8956,555,2580
GCATCTCGTGTGTCGC-1,36,8528,810,2551
GCATCTCTCATTGAGC-1,15,727,58,446
GCATCTCTCCAAAGGG-1,23,6177,352,2370
GCATCTCTCCTGTTGC-1,29,8323,383,2919
GCATCTCTCGGTAGAG-1,15293,44,1043,4302
GCATCTCTCTAGCAAC-1,14174,52,468,4343
GCATCTCTCTTTCAGT-1,7918,34,422,3374
GCATGATAGTGCAAAT-1,68,11119,639,3494
GCATGATAGTTGGACG-1,48,9192,901,2851
GCATGATCACGGGTAA-1,4616,18,355,2149
GCATGATCAGCGAGTA-1,8796,36,645,2968
GCATGATCAGCGTGAA-1,47,8840,569,2550
GCATGATGTATACAGA-1,70,11471,867,3352
GCATGATTCAACACGT-1,13109,51,1022,3610
GCATGATTCAAGTAAG-1,17557,75,1219,4735
GCATGATTCCACTGGG-1,10349,28,456,3485
GCATGATTCCGATTAG-1,15,4775,378,1887
GCATGATTCCTAGCTC-1,20155,72,1587,4880
GCATGATTCGTTTACT-1,22,5013,310,1813
GCATGATTCTATTTCG-1,21,7396,444,2614
GCATTAGAGGCTAAAT-1,15370,87,936,4730
GCATTAGTCCATTTAC-1,1428,435,30,1213
GCATTAGTCCGTGTCT-1,5218,6413,689,4690
GCATTAGTCCTTGACC-1,1018,1001,103,1334
GCCAACGAGCAATTAG-1,18007,80,1255,4832
GCCAACGAGGGTCAAC-1,357,1897,248,1160
GCCAACGAGTCGGGAT-1,16,5691,393,1985
GCCAACGCAAATTAGG-1,58,13871,891,3873
GCCAACGCAAGGACAC-1,62,17020,1042,4182
GCCAACGCACATACGT-1,7167,24,316,2155
GCCAACGCACGTACAT-1,3421,2459,291,2790
GCCAACGCACTAACCA-1,3046,721,176,2033
GCCAACGCAGGTCAAG-1,14514,44,972,4214
GCCAACGGTAGGAGGG-1,11,4123,423,1589
GCCAACGGTCCCGTGA-1,101,834,63,623
GCCAACGGTTATGTCG-1,74,18521,1007,4222
GCCAACGTCAGATTGC-1,13,4892,168,1963
GCCAGCAAGCATACTC-1,80,21803,780,4635
GCCAGCAAGTAAGGGA-1,94,13749,743,3767
GCCAGCAAGTATTAGG-1,50,9770,761,2973
GCCAGCACAGGTTCGC-1,54,13490,785,3613
GCCAGCACAGTTGAAA-1,70,12812,813,3459
GCCAGCACATGACAGG-1,36,5709,429,2213
GCCAGCAGTAACGTTC-1,45,10743,923,3200
GCCAGCAGTATCAAGA-1,242,1832,145,1038
GCCAGCAGTATCGGTT-1,18245,65,1112,4816
GCCAGCAGTCACCGCA-1,2420,134,120,1408
GCCAGCAGTTCTGAGT-1,16,3911,280,1654
GCCAGCATCACCCTGT-1,12308,30,747,4071
GCCAGCATCATTGGTG-1,35,6518,453,2486
GCCAGCATCGATCCCT-1,23153,79,1778,5682
GCCAGCATCTACGCAA-1,70,11282,731,3436
GCCAGGTAGTTGTAAG-1,15684,63,797,4336
GCCAGGTGTACGTAGG-1,3933,8,0,1399
GCCAGGTGTATAGCTC-1,105,12356,1000,3491
GCCAGGTGTATTTCTC-1,7100,35,341,2917
GCCAGGTTCCGTGTGG-1,30,8711,534,2638
GCCAGGTTCGCGGACT-1,15517,54,834,4306
GCCAGGTTCGTTCAGA-1,13387,49,814,4086
GCCAGTGAGATCACTC-1,28,618,13,446
GCCAGTGAGATGAATC-1,113,2976,105,1188
GCCAGTGAGCACCTGC-1,87,17687,1072,4568
GCCAGTGCAACTGTGT-1,21603,103,1292,5337
GCCAGTGCAGGCCTGT-1,17997,47,1313,4696
GCCAGTGGTGAGGATC-1,12917,53,1095,3811
GCCAGTGGTGAGGCAT-1,8608,40,342,3496
GCCAGTGGTGTCCACG-1,15964,68,876,4625
GCCAGTGGTTACCGTA-1,50,9096,1171,2729
GCCAGTGTCATTGCCC-1,13498,61,1085,4266
GCCAGTGTCCACGGAC-1,4024,814,529,2320
GCCAGTGTCTTAGCCC-1,33,7741,615,2270
GCCATGGAGCCGGATA-1,14557,57,1382,4170
GCCATGGCACCAAAGG-1,31119,137,1284,6657
GCCATGGGTATCGCTA-1,28,9113,592,2767
GCCATGGGTGTGAATA-1,40,10210,554,2796
GCCATGGTCAGCCTTC-1,1973,175,142,1279
GCCATGGTCCATTTCA-1,7625,30,838,3394
GCCATGGTCGCATTGA-1,7932,23,366,2994
GCCATTCAGGCTCCCA-1,2903,2200,350,2527
GCCATTCCACCAGCTG-1,43,10985,463,3353
GCCATTCCACTCAGAT-1,1210,1161,114,1481
GCCATTCCAGCATCTA-1,2241,19,86,1194
GCCATTCCATAGATGA-1,11909,58,1310,3909
GCCATTCGTATGATCC-1,26,4831,267,1963
GCCATTCGTCAGGTAG-1,84,6284,392,2141
GCCATTCGTCCTCCAT-1,1206,288,30,1017
GCCATTCGTTGCTCCT-1,7606,18,529,2946
GCCATTCTCAAAGGAT-1,124,20400,850,4756
GCCATTCTCAAGTCTG-1,20,4485,264,1816
GCCATTCTCAGTGTTG-1,15,5765,387,2039
GCCATTCTCATGCAGT-1,22,5927,412,2186
GCCATTCTCCACGAAT-1,867,1089,82,1243
GCCATTCTCCGCATAA-1,3972,676,243,2248
GCCATTCTCGCCCAGA-1,15,703,7,514
GCCATTCTCGGACCAC-1,1742,1177,105,1724
GCCATTCTCTCGCTTG-1,69,10204,620,3142
GCCCAGAAGAGTGTTA-1,24,7280,356,2272
GCCCAGAAGCTTCATG-1,11178,39,552,3663
GCCCAGAAGGAAAGAC-1,333,7799,437,2706
GCCCAGACACTTACAG-1,21,6657,267,2235
GCCCAGAGTAAGTTGA-1,14640,49,1370,4125
GCCCAGAGTACCAATC-1,2759,638,203,1830
GCCCAGAGTCGGATTT-1,11776,43,750,3532
GCCCAGAGTGTCGCTG-1,8849,17,443,3079
GCCCAGAGTTTACCTT-1,44,10480,771,3080
GCCCAGATCTCTATGT-1,13,5313,301,2087
GCCCGAACAAGGTACG-1,94,22548,2022,4958
GCCCGAACAATTCTTC-1,26,7208,456,2467
GCCCGAACATCGAACT-1,29,9231,375,2831
GCCCGAAGTAACACGG-1,8053,35,578,2959
GCCCGAAGTCGGAACA-1,107,1118,89,744
GCCCGAAGTTACAGCT-1,679,1250,96,1186
GCCCGAAGTTTACTTC-1,24461,86,1535,5741
GCCGATGAGCGTCAGA-1,5539,16,337,2325
GCCGATGCAAAGAACT-1,28,4677,385,1799
GCCGATGCAACAGCCC-1,22432,96,1375,5389
GCCGATGCAATTCTCT-1,14741,52,738,4275
GCCGATGCAGGCGATA-1,3339,120,303,1619
GCCGATGGTATAATGG-1,7707,25,472,2855
GCCGATGGTTGGAGGT-1,31,9433,602,2731
GCCGATGGTTTATGCG-1,61,9941,806,3077
GCCGATGTCCATATGG-1,13197,60,1099,4075
GCCGATGTCGGCTTCT-1,2835,1515,253,2158
GCCGTGAAGATGAATC-1,8,3767,201,1503
GCCGTGACACGAAAGC-1,36,10895,428,3057
GCCGTGACACGCTTAA-1,19,5836,395,2175
GCCGTGACAGCAGTGA-1,6397,8384,987,5204
GCCGTGACAGGCAATG-1,20946,76,1535,5227
GCCGTGAGTGCCTATA-1,15868,62,1017,4877
GCCGTGAGTGTCCACG-1,16,3691,202,1741
GCCGTGATCCACACCT-1,5280,21,18,1926
GCCGTGATCTACCTTA-1,985,30,886,124
GCCTGTTAGAGTTGCG-1,31,8360,372,2819
GCCTGTTAGCAGTCTT-1,10,2307,569,1028
GCCTGTTAGGACTAAT-1,10069,43,503,3306
GCCTGTTCACCATAAC-1,43,1765,38,935
GCCTGTTCACGACAAG-1,9520,38,619,3385
GCCTGTTCATTGAAAG-1,38,6673,276,2410
GCCTGTTTCCGGGACT-1,12416,45,615,4019
GCCTGTTTCCTTCGAC-1,54,16608,891,4219
GCCTGTTTCGTCTAAG-1,45,9470,502,3028
GCGAGAAAGTATGAGT-1,54,9268,623,2826
GCGAGAAAGTATGGCG-1,10187,6527,1317,6024
GCGAGAACAGACAAGC-1,136,15132,560,3864
GCGAGAACAGCTGTCG-1,82,25703,2000,4881
GCGAGAACATGACGAG-1,10,1931,0,897
GCGAGAAGTATACCCA-1,71,10449,881,3189
GCGAGAATCCTGTTGC-1,7931,7,415,2751
GCGAGAATCGTGCTCT-1,16318,62,1266,4318
GCGATCGAGACAAGCC-1,9452,30,562,3406
GCGATCGAGGGTTAGC-1,16130,34,1502,4326
GCGATCGCATCGGCCA-1,12299,54,608,4008
GCGATCGCATTGGGAG-1,51,10876,650,3210
GCGATCGGTGTGTCCG-1,7018,9,267,2533
GCGATCGGTGTTCCTC-1,32,9855,617,3001
GCGGAAAAGTAGATCA-1,11227,39,944,3583
GCGGAAACAGATCATC-1,507,2044,208,1319
GCGGAAACAGTATGAA-1,49,11380,553,3051
GCGGAAACATTCTCTA-1,11238,15948,1126,7119
GCGGAAATCAAGCCAT-1,15,5007,266,1904
GCGGATCAGGAACTAT-1,9137,36,328,3330
GCGGATCAGGATCACG-1,10436,32,670,3546
GCGGATCAGTATGAAC-1,16868,73,1378,4598
GCGGATCAGTCACTCA-1,91,16235,986,4323
GCGGATCTCGGAACTT-1,14943,60,994,4395
GCGGATCTCGTCCATC-1,18843,40,1073,4728
GCGGATCTCTACTGCC-1,13550,46,729,3868
GCGGATCTCTGTCGTC-1,16942,70,1073,4672
GCGTGCACACCCAATA-1,15750,51,1250,4323
GCGTGCACATCCGTTC-1,16143,62,1283,4707
GCGTGCAGTACCCGCA-1,11421,41,616,3844
GCGTGCAGTCAGTCTA-1,2738,368,261,1585
GCGTGCAGTTCTCGCT-1,9202,38,647,3076
GCGTGCATCTTGGCTC-1,56,18176,863,4183
GCGTTTCAGAGCAGAA-1,49,8786,805,2727
GCGTTTCAGTTACGGG-1,14,4504,261,1612
GCGTTTCCATCCGAGC-1,38,9653,605,2887
GCGTTTCGTACACTCA-1,30,8529,377,2827
GCGTTTCTCGAAGCAG-1,8175,62,851,3018
GCTACAAAGACTGAGC-1,64,6489,390,2300
GCTACAAAGCATTGTC-1,16868,67,1088,4783
GCTACAAAGTTGCATC-1,14332,57,559,4491
GCTACAACAATAACGA-1,16,5709,378,2074
GCTACAACAGTGTGGA-1,40,9519,773,2972
GCTACAACATGAGTAA-1,51,13103,854,3524
GCTACAAGTACTTGTG-1,52,8492,588,2719
GCTACAATCGACACCG-1,32,9499,522,2992
GCTACAATCGCGCTGA-1,12319,41,1002,3846
GCTACAATCTGGAGAG-1,20,3490,146,1477
GCTACCTAGCACCCAC-1,9718,43,686,3429
GCTACCTCAATAGAGT-1,9943,45,561,3425
GCTACCTCATAACCCA-1,11208,57,585,4069
GCTACCTCATTCGATG-1,1667,106,61,1135
GCTACCTGTACGCTAT-1,15796,86,1061,4681
GCTACCTGTGTCCAAT-1,3503,11623,801,5130
GCTACCTGTTGCTCCT-1,15,5354,393,2017
GCTACCTTCCATAAGC-1,5996,23,318,2698
GCTACCTTCCCGTTGT-1,14465,38,985,4380
GCTACCTTCGCTAAAC-1,596,1432,89,1257
GCTACCTTCGTGGCGT-1,36,8759,644,2977
GCTCAAACAGAGAATT-1,8629,26,428,3081
GCTCAAACATGGCACC-1,38,10762,549,3341
GCTCAAAGTGGTTCTA-1,8618,26,481,2694
GCTCAAATCGGTGCAC-1,25147,103,1358,5516
GCTCAAATCTACCAGA-1,18250,90,1407,5015
GCTGAATAGGTAGACC-1,10863,47,507,3751
GCTGAATAGGTGGGTT-1,10498,50,596,3474
GCTGAATAGTCATGGG-1,88,11435,635,3416
GCTGAATCATTGACCA-1,14276,62,917,4084
GCTGAATGTATCAAGA-1,137,21794,1199,4908
GCTGAATGTATGAGCG-1,9665,12222,1512,6721
GCTGAATGTTCTCACC-1,23,6539,319,2310
GCTGAATTCGGCAGTC-1,15887,55,1212,4687
GCTGAATTCTCAACCC-1,18,3783,222,1610
GCTGCAGAGGGCAACT-1,8127,33,510,3236
GCTGCAGAGGTCATTC-1,6118,17,331,2652
GCTGCAGAGTCGCGAA-1,23,7001,458,2512
GCTGCAGAGTGGATAT-1,25,3518,196,1534
GCTGCAGCACAACCGC-1,14594,46,940,4300
GCTGCAGCAGAACTTC-1,12,4749,377,1818
GCTGCAGCATGACTTG-1,52,699,28,525
GCTGCAGGTATGAAGT-1,63,18573,619,4317
GCTGCAGTCACTTGTT-1,32,8122,537,2715
GCTGGGTAGAGAGCGG-1,15,4695,475,1788
GCTGGGTAGTCGAAGC-1,6923,30,494,2810
GCTGGGTCACGAAGAC-1,48,15499,901,3891
GCTGGGTCACTCAGAT-1,66,14544,948,3794
GCTGGGTCAGAGGAAA-1,31,5861,508,2149
GCTGGGTCAGGAATCG-1,61,12731,1049,3643
GCTGGGTGTTTCGGCG-1,94,16626,1003,4313
GCTGGGTTCATGAAAG-1,16959,62,1289,4646
GCTTCACAGCTCCATA-1,20,3523,490,1389
GCTTCACAGGCTAAAT-1,1824,23,83,1112
GCTTCACAGTTCGGTT-1,8473,31,521,3057
GCTTCACGTGGGCTTC-1,63,15130,635,3714
GCTTCACTCAGACAAA-1,13074,59,868,4025
GCTTCACTCCGGACTG-1,499,1055,74,1034
GCTTGGGAGACGTCGA-1,18,4391,342,1706
GCTTGGGCAATGCAAA-1,81,17190,1259,4496
GCTTGGGCAGCAGTAG-1,833,11,0,587
GCTTGGGGTACCGCGT-1,21,7539,349,2506
GCTTGGGGTCCGAAGA-1,19,4899,316,1900
GCTTGGGGTGAATATG-1,22747,91,1269,5754
GCTTTCGAGACGGTCA-1,25,7282,431,2379
GCTTTCGAGGTTCATC-1,30,8879,328,2790
GCTTTCGAGTATCCTG-1,5046,13,266,1984
GCTTTCGCACTGCTTC-1,448,759,34,856
GCTTTCGCACTTCAAG-1,24,5233,357,1949
GCTTTCGGTCGCCTAG-1,41,9338,729,2643
GCTTTCGTCCACGGGT-1,569,1028,67,1050
GGAACCCAGACAACAT-1,25015,92,1565,5649
GGAACCCAGACCACGA-1,2644,1329,151,2093
GGAACCCAGCTCAGAG-1,85,12964,919,3631
GGAACCCAGGAATGTT-1,10495,36,550,3355
GGAACCCCAACCCTAA-1,514,1497,114,1174
GGAACCCCAAGACCGA-1,14105,49,436,4102
GGAACCCCATGACAGG-1,8348,32,528,2931
GGAACCCGTATAGGGC-1,6787,31,505,2557
GGAACCCGTGGAAGTC-1,9744,30,485,3297
GGAACCCGTTCAATCG-1,17368,77,1089,4730
GGAACCCTCAGCAATC-1,18,7548,468,2497
GGAACCCTCCTTCAGC-1,18101,56,969,4782
GGAACCCTCTGCGGAC-1,14757,63,800,4128
GGAACCCTCTGTAAGC-1,10601,24,435,3465
GGAAGTGAGAATCCCT-1,77,12904,884,3540
GGAAGTGAGACGATAT-1,11669,43,868,3697
GGAAGTGAGTGGTTAA-1,17,6374,460,2299
GGAAGTGCAATTGAGA-1,31,8600,611,2978
GGAATCTAGGAATGTT-1,66,11769,1082,3301
GGAATCTAGGGTGAGG-1,11040,51,835,3660
GGAATCTAGTCACAGG-1,52,11029,774,2937
GGAATCTCAATCGCCG-1,700,2027,124,1483
GGAATGGAGCTCGCAC-1,108,8861,668,2925
GGAATGGAGGAAGTGA-1,24,3076,168,1707
GGAATGGAGTCGTTAC-1,8,1911,152,971
GGAATGGCACCAGACC-1,12292,86,644,3767
GGAATGGGTCGAGTTT-1,29,10763,1013,2753
GGAATGGGTGTTGCCG-1,13825,41,1062,3885
GGACGTCAGTCCCAAT-1,591,69,41,431
GGACGTCCAAGAGTGC-1,12490,60,824,4002
GGACGTCCAGCACCCA-1,11406,25,416,3635
GGACGTCCATCCGGCA-1,60,11329,613,3371
GGACGTCGTCATCCCT-1,8,3704,171,1469
GGACGTCGTTGGGAAC-1,32,9671,756,2824
GGACGTCTCGAGAAGC-1,13453,57,1198,4035
GGAGAACCACCATTCC-1,4232,481,358,2316
GGAGAACCACGTAGTT-1,14082,59,730,4085
GGAGAACCATGCCGCA-1,18675,52,895,4613
GGAGAACGTTGCTAGT-1,10010,27,658,3372
GGAGAACTCAAGTGTC-1,45,8101,514,2797
GGAGAACTCCATCCGT-1,13,4415,230,1826
GGAGATGAGAAATGGG-1,75,11812,751,3388
GGAGATGCATTGACTG-1,8455,25,101,3306
GGAGATGGTACCTTCC-1,27928,124,2734,5727
GGAGATGGTCTGTAGT-1,4725,8,401,1834
GGAGATGGTTCGTAAC-1,12946,50,748,3863
GGAGATGTCATTTACC-1,21336,90,1222,5203
GGAGATGTCCGCTAGG-1,14284,33,953,4086
GGAGATGTCGAGATAA-1,43,3159,259,1394
GGAGATGTCGGAGATG-1,65,12215,880,3347
GGAGATGTCGTCCTCA-1,8883,25,546,3067
GGAGCAACAAGACGAC-1,30,4870,412,1843
GGAGCAAGTACGTAGG-1,24,5316,230,2083
GGAGCAAGTATCACCA-1,46,11067,874,2916
GGAGCAAGTGACGCCT-1,15234,53,880,4587
GGAGCAATCCACTGAA-1,19023,81,1285,5091
GGAGCAATCGTAGCCG-1,18077,38,1241,4302
GGAGGATAGGAAACGA-1,209,8995,639,3120
GGAGGATCAATGAGCG-1,26,6043,360,2091
GGAGGATCACAATGAA-1,15732,53,1565,4576
GGAGGATCACGGAAGT-1,10801,54,696,3477
GGAGGATCATGAAGGC-1,40,5810,432,2015
GGAGGATGTAGCTCGC-1,16289,66,1065,4573
GGAGGATGTGGCGCTT-1,47,14243,778,3752
GGAGGATTCCCTTTGG-1,16316,51,707,4517
GGAGGATTCGTCGATA-1,61,12977,883,3566
GGAGGATTCTCTGACC-1,14636,74,983,4529
GGAGGTAAGTTCCAGT-1,15447,61,949,4362
GGAGGTACAAGTATCC-1,18565,82,1175,4669
GGAGGTACAATCTGCA-1,22,4075,409,1710
GGAGGTACAGAGATGC-1,9358,25,521,3259
GGAGGTACAGGACATG-1,48,9200,598,2768
GGAGGTAGTAACATAG-1,5854,36,428,2515
GGAGGTAGTAGGGTAC-1,10891,42,885,3582
GGAGGTAGTCATGCAT-1,2861,16,2,1213
GGAGGTAGTGACATCT-1,9756,37,541,3131
GGAGGTATCACTGGTA-1,36,5997,334,2154
GGAGGTATCTCTTCAA-1,14892,54,870,4495
GGAGGTATCTTCGTGC-1,7013,18,493,2626
GGATCTAAGCTCCCTT-1,31,5739,310,2206
GGATCTACAACTCATG-1,44,10214,576,3076
GGATCTACACAAAGTA-1,18,6789,374,2174
GGATCTACAGTAACCT-1,70,12236,739,3688
GGATCTAGTATGGAGC-1,217,6556,355,2553
GGATCTATCCTTCAGC-1,16,4291,179,1775
GGATCTATCGACACCG-1,29,4978,252,1824
GGATGTTAGCACGGAT-1,12964,20,592,3684
GGATGTTAGCAGCCTC-1,7199,44,524,2803
GGATGTTAGGATGAGA-1,11,3205,250,1343
GGATGTTCACTTCATT-1,10808,41,348,3608
GGATGTTCATGTTCGA-1,15665,63,974,4658
GGATGTTGTACACTCA-1,36,10861,467,3030
GGATGTTGTCTTGTCC-1,14876,79,1164,4577
GGATGTTTCGCTGACG-1,626,886,103,1020
GGCACGTGTATCGTGT-1,16689,72,1020,4672
GGCACGTGTGCGACAA-1,15207,51,1196,4527
GGCACGTTCTCTTGCG-1,17239,41,579,4900
GGCAGTCAGAGTTCGG-1,13,3899,318,1405
GGCAGTCAGGCCACTC-1,2654,2168,530,2278
GGCAGTCAGTAAGCAT-1,35,9744,708,3380
GGCAGTCAGTCACTAC-1,34,7355,357,2575
GGCAGTCCAATAACCC-1,2039,797,168,1692
GGCAGTCCAGGAACCA-1,16024,11324,1517,7829
GGCAGTCCAGGTTCCG-1,786,3523,457,2013
GGCAGTCGTAGGTGCA-1,17323,77,1320,5034
GGCAGTCTCATAGGCT-1,56,8449,623,2624
GGCAGTCTCCTGGGTG-1,7022,13,315,2546
GGCGTCAAGCAAGCCA-1,17698,74,1254,4911
GGCGTCAAGCGAGGAG-1,226,7944,454,2772
GGCGTCAAGCTTCATG-1,22,7489,284,2335
GGCGTCAAGGATGAGA-1,2051,11,168,1079
GGCGTCAAGTACCATC-1,85,13449,826,3718
GGCGTCAAGTCGCCAC-1,10615,33,580,3484
GGCGTCAAGTTCATGC-1,273,1848,208,1119
GGCGTCACAACTTGGT-1,12543,30,665,3789
GGCGTCACACCTTCCA-1,307,11898,781,3370
GGCGTCACACGACTAT-1,43,13825,449,3367
GGCGTCACACGATAGG-1,20908,64,1686,4946
GGCGTCACACTTCAGA-1,3350,23,445,1733
GGCGTCAGTAAGATTG-1,148,10987,882,3186
GGCGTCAGTCTGCCTT-1,11283,58,939,3704
GGCGTCAGTCTGTGTA-1,10986,44,765,3709
GGCGTCAGTGGGCTCT-1,34,8603,605,2691
GGCGTCATCTCCGAAA-1,90,18414,1276,4127
GGCTGTGAGACGACTG-1,57,16878,1017,4122
GGCTGTGAGCAATTCC-1,113,21269,1294,4810
GGCTGTGAGCGACAGT-1,36,8283,465,2732
GGCTGTGGTCCATCTC-1,15,2893,109,856
GGCTGTGGTCGCTGCA-1,8201,38,629,2983
GGCTTGGAGCGAATGC-1,76,9274,737,2859
GGCTTGGAGGTAGTCG-1,22,1189,138,633
GGCTTGGAGTTGCCTA-1,43,8269,573,2897
GGCTTGGCACAGAGAC-1,52,10398,656,3184
GGCTTGGCAGACCCGT-1,48,10978,655,3584
GGCTTGGCAGCCGTCA-1,12476,48,816,4026
GGCTTGGGTAACACCT-1,29733,122,2123,6262
GGCTTGGGTCCACACG-1,41,12685,834,3113
GGCTTGGTCGCAGAGA-1,17,4231,310,1666
GGCTTTCAGACATAGT-1,19,5619,371,2068
GGCTTTCAGGTGCCAA-1,2118,754,203,1718
GGCTTTCCAGCTTTGA-1,15444,50,1316,4827
GGCTTTCCAGGTTCAT-1,10561,62,695,3728
GGCTTTCGTTGTACGT-1,15331,54,951,4370
GGCTTTCTCACCATAG-1,24772,91,1128,5963
GGCTTTCTCTGGTGCG-1,33,9723,282,2965
GGGAAGTAGAATCTAG-1,82,12532,910,3618
GGGAAGTAGTTACTCG-1,23,4850,266,1881
GGGAAGTCAAGGCGTA-1,85,10016,805,3015
GGGAAGTCACCTAAAC-1,24543,117,1345,5324
GGGAAGTCAGACCTAT-1,12,4424,218,1822
GGGAAGTCAGCTGCCA-1,7927,27,502,2783
GGGAAGTCAGTCAGAG-1,10799,28,894,3391
GGGAAGTGTGGCTACC-1,38,715,152,472
GGGAAGTTCACTCTTA-1,41,10481,579,3093
GGGAAGTTCAGCTCTC-1,2892,10,4,1164
GGGAAGTTCGTTCTCG-1,37,6292,346,2211
GGGACAACACCTGTCT-1,59,18951,941,4479
GGGACAACACGACGTC-1,6257,48,667,2701
GGGACAACACGTACAT-1,21369,90,879,5819
GGGACAACATACCAGT-1,849,11,33,650
GGGACAACATGACTGT-1,26,5427,236,1834
GGGACAAGTATGAAGT-1,12538,46,812,3985
GGGACAAGTTGAGAGC-1,10147,33,593,3445
GGGACAATCAAGCCAT-1,18,5526,290,2200
GGGACAATCCTAAACG-1,8637,25,624,2990
GGGACAATCCTGCTAC-1,68,15629,1068,3903
GGGACAATCGCCTTGT-1,35,9498,937,2843
GGGACCTAGAGTTGAT-1,27543,122,1847,6143
GGGACCTCAATTGCCA-1,152,1359,65,869
GGGACCTGTCCCACGA-1,35,6869,435,2311
GGGACCTGTCTGTTAG-1,115,23236,1302,4850
GGGACTCAGTAAACGT-1,23,5635,285,2042
GGGACTCAGTAACCTC-1,38,8604,396,3045
GGGACTCCACGTAACT-1,14737,45,970,3797
GGGACTCCAGCGACAA-1,9337,30,788,3328
GGGACTCCAGTAACCT-1,22,5563,286,2067
GGGACTCGTCGTGGTC-1,57,11677,647,3410
GGGACTCGTGCGTCGT-1,8,1584,71,743
GGGACTCTCCATCTGC-1,17035,42,707,4751
GGGACTCTCCCATAGA-1,71,16594,1437,3999
GGGACTCTCTCACCCA-1,48,14013,558,4070
GGGACTCTCTTACCGC-1,1092,1429,111,1559
GGGAGATAGGACGCTA-1,12378,54,666,4011
GGGAGATAGGTACATA-1,46,8356,433,2721
GGGAGATAGGTTCCGC-1,14825,54,1005,4483
GGGAGATAGTCTAGCT-1,14312,60,1226,4764
GGGAGATGTCGTCAGC-1,14732,37,1117,3798
GGGAGATTCGGAATGG-1,35,8156,602,2615
GGGAGTAAGGTAAACT-1,16907,37,847,4319
GGGAGTAAGTGCTCAT-1,51,8111,387,2842
GGGAGTAAGTTCATGC-1,25,9528,562,2789
GGGAGTAGTCGTTTCC-1,16,3071,209,1420
GGGATCCAGACTCGAG-1,382,2947,359,1491
GGGATCCAGACTTCCA-1,167,16661,1296,4062
GGGATCCAGCACTGGA-1,21294,79,1650,4930
GGGATCCAGGGTCAAC-1,30,10751,629,3092
GGGATCCGTAACGGTG-1,36,8973,773,2802
GGGATCCGTCATATGC-1,15114,545,687,4321
GGGATCCGTGCATGAG-1,20795,60,1187,4779
GGGATCCTCATTCGGA-1,792,6026,409,2492
GGGATCCTCATTGGTG-1,29,7896,608,2650
GGGATGACAGAGGTAC-1,3603,15,262,1613
GGGATGAGTATTGCCA-1,15,4620,252,1766
GGGATGAGTGGAACAC-1,56,13868,1170,3475
GGGATGATCACGAGGA-1,523,2469,444,1409
GGGATGATCATGCGGC-1,28,4189,257,1754
GGGCCATAGGCATGGT-1,14077,48,746,3755
GGGCCATAGGTCCGAA-1,13641,45,640,4032
GGGCCATAGTAAGCAT-1,60,12456,863,3467
GGGCCATGTAGCTCGC-1,92,8189,287,3417
GGGCCATGTCTCAGAT-1,29439,110,2095,6054
GGGCCATGTTATTCTC-1,17935,79,534,4964
GGGCCATGTTCTCCCA-1,2722,499,276,1742
GGGCCATTCATTGCGA-1,739,1623,127,1407
GGGCCATTCTTTCCGG-1,22,1012,59,583
GGGCGTTAGAAGGATG-1,6714,22,308,2533
GGGCGTTAGGAAGTAG-1,14288,64,927,4355
GGGCGTTAGTCGTCTA-1,11751,10234,1847,6622
GGGCGTTCAACAGATA-1,32,8045,767,2580
GGGCGTTCAACAGCCC-1,12169,38,862,3939
GGGCGTTCAAGAGGTC-1,402,3575,275,1674
GGGCGTTCAGCGACAA-1,22,5201,377,1783
GGGCGTTGTACGTGTT-1,14931,61,1210,4250
GGGCGTTGTAGCTTAC-1,16,6102,251,2045
GGGCGTTGTCCAACGC-1,27,6835,355,2265
GGGCGTTGTCTTCCGT-1,11390,59,1132,3844
GGGCGTTGTTGTGGCC-1,19112,63,1362,4760
GGGCGTTGTTTACCAG-1,9,4175,367,1595
GGGCGTTGTTTGCAGT-1,6830,23,472,2552
GGGCGTTTCGAAGCCC-1,48,10733,591,3285
GGGCGTTTCGGCCTTT-1,14,4834,2,1840
GGGCTACAGATGTTCC-1,18818,94,1264,5301
GGGCTACAGCGTCGAA-1,4948,15,290,2058
GGGCTACAGGAACTAT-1,12154,59,920,3717
GGGCTACCACGAAGAC-1,13498,30,754,4022
GGGCTACCACTTCATT-1,117,19456,1042,4699
GGGCTACCAGCACACC-1,2697,1974,304,2231
GGGCTACCAGGATTCT-1,585,1927,164,1355
GGGCTACGTCCGACGT-1,40,8867,544,3018
GGGCTACGTTGCATTG-1,7248,7131,1115,5193
GGGCTACTCGAGTCCG-1,51,15738,660,4112
GGGCTACTCGTGTGAT-1,16,616,2,400
GGGCTACTCTTACCGC-1,37,10292,519,3422
GGGCTCAAGGCCATAG-1,382,1305,105,1029
GGGCTCAAGTTGCGCC-1,22,6650,273,2362
GGGCTCACAATTTCTC-1,53,11000,867,3330
GGGCTCACACCAATTG-1,56,13821,839,3855
GGGCTCAGTGATTGGG-1,10806,33,957,3368
GGGCTCAGTGTGGTCC-1,33,7043,249,2568
GGGCTCATCTAGACAC-1,14907,14486,1584,8394
GGGCTCATCTCAAAGC-1,43,11175,762,3229
GGGTAGAAGAGGTGCT-1,13226,44,1036,4055
GGGTAGAAGTGGACGT-1,7377,23,439,2771
GGGTAGACACCGGAAA-1,18579,57,985,4598
GGGTAGACACTTCTCG-1,19,5475,463,2033
GGGTAGACAGCGGTCT-1,39,12431,923,3378
GGGTAGAGTAGCGATG-1,40,10382,531,2951
GGGTAGAGTATCTCGA-1,14092,29,690,4066
GGGTAGAGTGATAGAT-1,7321,32,620,2646
GGGTAGAGTGTTTACG-1,39,8668,802,2474
GGGTAGAGTTCACCGG-1,13312,44,847,3970
GGGTAGAGTTGCTCGG-1,20,5655,368,1984
GGGTAGATCCCAGTGG-1,17209,61,973,4566
GGGTAGATCGGTGAAG-1,14903,42,852,4389
GGGTATTAGCTGTTCA-1,13393,105,761,4081
GGGTATTAGTGGCGAT-1,30,4513,340,1698
GGGTATTCAGCTCATA-1,14788,64,1140,4160
GGGTATTGTCCTGTTC-1,37,5702,337,2563
GGGTATTGTCGTAATC-1,16,3459,158,1472
GGGTATTGTGCGTTTA-1,8620,19,502,2839
GGGTATTGTTGGAGAC-1,28,5700,619,2102
GGGTATTTCATTACCT-1,40,9075,379,2697
GGGTATTTCCGAGCTG-1,7947,21,599,2971
GGGTATTTCCGGGACT-1,20135,84,1427,5164
GGGTCACAGCATCTTG-1,13212,63,945,4117
GGGTCACCAGAGGTAC-1,45,11678,754,3066
GGGTCACCATCTTAGG-1,7265,50,619,2857
GGGTCACGTCCTGTTC-1,25,6598,473,2036
GGGTCACGTGGAACCA-1,46,13643,1575,3359
GGGTCTGCAACATCGT-1,35,8917,458,2947
GGGTCTGCACAAGCTT-1,70,15417,792,3872
GGGTCTGGTAGGAAAG-1,44,3945,327,1492
GGGTCTGGTCCATACA-1,57,7662,683,2811
GGGTCTGGTTCCGTTC-1,12790,53,956,4134
GGGTGAACATAATGCC-1,44,10883,343,3135
GGGTGAAGTACTCGAT-1,29,614,77,411
GGGTGAAGTCTCGCGA-1,17705,81,1229,4873
GGGTGAAGTCTTACTT-1,9168,30,733,3243
GGGTGAAGTGGCGCTT-1,3377,22,14,1367
GGGTGAATCTCGCCTA-1,13871,81,494,4405
GGGTGTCAGCCACCGT-1,13000,65,635,3997
GGGTGTCAGCTGCGAA-1,46,8084,651,2558
GGGTGTCGTCAGACGA-1,9754,31,656,3469
GGGTGTCTCCCGTTCA-1,14,4295,308,1681
GGGTGTCTCGCGTGCA-1,12071,45,916,3798
GGGTTATAGACCATGG-1,18,3004,243,1323
GGGTTATAGAGCACTG-1,29,10439,456,2992
GGGTTATAGCCTCCAG-1,9316,25,534,3291
GGGTTATAGGCACAAC-1,3485,11,0,1361
GGGTTATCAATCCTTT-1,12773,52,991,4245
GGGTTATCACACGTGC-1,13871,31,777,4291
GGGTTATCACGCGCAT-1,21,4297,261,1791
GGGTTATCAGAGTTGG-1,7130,27,503,2579
GGGTTATGTACCTTCC-1,20,5865,297,2223
GGGTTATGTGGAGGTT-1,2638,781,259,1764
GGGTTATGTGTTATCG-1,31,4596,269,1854
GGGTTATGTGTTTACG-1,18991,91,1216,5033
GGGTTATTCACTAGCA-1,17,5546,379,1889
GGGTTATTCATAAGGA-1,28,5964,328,2046
GGGTTATTCCATTGCC-1,10586,48,659,3516
GGGTTATTCCGTCAAA-1,86,15927,1378,3863
GGGTTTAAGAGAGCCT-1,1740,38,577,924
GGGTTTAAGATTGACA-1,71,15996,747,4148
GGGTTTAAGCCGATTT-1,100,14551,775,3945
GGGTTTACAGAGACTG-1,37,8702,499,2904
GGGTTTATCGTTTACT-1,7614,18,330,2736
GGTAACTAGCACCGTC-1,10122,35,644,3354
GGTAACTAGTGCCGAA-1,6643,32,874,2693
GGTAACTCAAATGGAT-1,47,8448,520,2792
GGTAACTCACCGTCTT-1,7307,5526,777,4797
GGTAACTCATGGAGAC-1,37,8580,510,2893
GGTAACTGTAGCTTTG-1,8943,30,529,3063
GGTAACTGTCTGCATA-1,16,3263,169,1597
GGTAACTGTGTAAACA-1,18,4653,356,1743
GGTAACTTCCTAGAGT-1,8384,23,607,2977
GGTAACTTCGTCTACC-1,20377,80,1084,5072
GGTAACTTCTCATTAC-1,14443,64,539,4817
GGTAATCAGCGACAGT-1,2837,59,484,1300
GGTAATCAGTAATACG-1,12447,88,873,4281
GGTAATCCATTCACAG-1,9089,33,712,3383
GGTAATCTCCAGCAAT-1,43,7667,579,2420
GGTAATCTCGCTGATA-1,13343,57,520,4058
GGTAATCTCTCTAGGA-1,16914,45,943,4357
GGTAATCTCTTCCCAG-1,3347,579,278,1886
GGTAGAGAGAGCATAT-1,13196,73,988,3990
GGTAGAGAGGAAGTAG-1,48,8994,749,2794
GGTAGAGAGGCGTTGA-1,21,4883,327,1801
GGTAGAGAGGTGGGTT-1,30,7886,448,2551
GGTAGAGAGTACAGCG-1,296,4019,368,1854
GGTAGAGAGTGATAAC-1,9371,42,653,3233
GGTAGAGCACAACCGC-1,15,4455,222,1818
GGTAGAGCATACAGCT-1,11942,52,597,3828
GGTAGAGGTCACTCTC-1,65,10558,456,3388
GGTAGAGGTGACACGA-1,21564,92,1392,5272
GGTAGAGTCCTATGGA-1,12810,44,892,3948
GGTAGAGTCTTGGTGA-1,23,3283,208,1362
GGTCACGAGGTCATCT-1,18,3557,205,960
GGTCACGAGTCGGGAT-1,4804,25,469,2004
GGTCACGGTACAAACA-1,1768,223,888,875
GGTCACGGTAGTCTTG-1,36,8998,664,2642
GGTCACGGTCTTGCTC-1,85,21871,1262,4908
GGTCACGTCAAGAAAC-1,10789,41,1069,3803
GGTCACGTCCATTTCA-1,19119,74,1123,5022
GGTCACGTCGATCCAA-1,24805,70,1594,5261
GGTCACGTCGTTGTAG-1,28,7795,763,2346
GGTCTGGAGCCGGAAT-1,30,6149,500,2088
GGTCTGGAGGTTCCAT-1,8221,35,593,3126
GGTCTGGAGTGCACCC-1,11136,63,693,3761
GGTCTGGCAAAGGTTA-1,24657,87,1348,5859
GGTCTGGCACCCTTAC-1,45,9040,454,3057
GGTCTGGCATAACTCG-1,12015,44,812,3727
GGTCTGGGTACGAGCA-1,11,4603,328,1682
GGTCTGGGTATGAGGC-1,45,10747,842,2876
GGTCTGGGTCTGCGCA-1,18031,45,1187,4775
GGTCTGGGTTTACGTG-1,12,5348,364,1886
GGTCTGGTCATAGCAC-1,33,9335,836,2869
GGTCTGGTCCTCGATC-1,26,8117,475,2551
GGTCTGGTCTCCGATC-1,17,4299,222,1899
GGTCTGGTCTTCTGTA-1,31,6541,351,2317
GGTGAAGAGAGCACTG-1,22372,63,1014,5143
GGTGAAGAGCGCGTTC-1,9602,18,518,3487
GGTGAAGCAACTGCTA-1,106,21419,1519,4815
GGTGAAGCAGCGATTT-1,31,9032,522,2921
GGTGAAGCATGACGAG-1,7317,25,631,2854
GGTGAAGGTAGCTGTT-1,9981,37,607,3453
GGTGAAGGTGGAGAAA-1,83,17419,1347,4119
GGTGATTAGGGAGGCA-1,6416,26,413,2373
GGTGATTAGTAACCTC-1,40,5764,378,2159
GGTGATTCAGGCAATG-1,25825,118,1701,6058
GGTGATTTCATCCTAT-1,6729,25,411,2757
GGTGATTTCGACATCA-1,10399,33,525,3499
GGTGGCTAGGAACATT-1,154,1746,127,1029
GGTGGCTAGGTCCCGT-1,45,12443,969,3464
GGTGGCTCACCCAACG-1,11147,37,464,3713
GGTGGCTCAGCATTGT-1,87,13423,692,3682
GGTGGCTTCGGAATGG-1,37,8435,687,2479
GGTGTCGAGAGCACTG-1,4432,19,240,1869
GGTGTCGAGCACTCAT-1,27,5813,473,1869
GGTGTCGCACTCTCGT-1,39,11717,536,3396
GGTGTCGGTGGGACAT-1,6903,24,468,2613
GGTGTCGTCCCATACC-1,15801,61,1294,4483
GGTGTCGTCGGCCCAA-1,6,1697,521,848
GGTGTTAAGCACTTTG-1,13773,102,612,4220
GGTGTTACAGTCGCAC-1,24296,95,1686,5777
GGTGTTAGTCCTATAG-1,1571,5,0,942
GGTGTTATCATGAGTC-1,9390,29,608,3193
GGTGTTATCCAGCCTT-1,38,9518,599,3020
GGTGTTATCGAACCTA-1,8449,42,620,3164
GGTGTTATCGAGCTGC-1,13211,44,484,3620
GGTTAACCATGACCCG-1,34,9219,873,2804
GGTTAACGTACGAGTG-1,59,8827,793,2622
GGTTAACTCACGGTCG-1,17,5964,336,1956
GGTTAACTCCATTTAC-1,36,7832,549,2716
GGTTAACTCCGAGATT-1,5,1229,3,594
GGTTCTCAGACCAACG-1,7720,17,391,2806
GGTTCTCCAAGAGCTG-1,93,16271,1113,4103
GGTTCTCGTACCATAC-1,25,4865,395,1832
GGTTCTCGTAGGGTAC-1,18128,57,1163,4715
GGTTCTCGTCTCGCGA-1,5908,16,356,2444
GGTTCTCGTGGTACAG-1,16,5158,325,1946
GGTTCTCTCACTGATG-1,12666,67,843,4174
GGTTCTCTCCAGCTCT-1,8564,33,477,3171
GGTTCTCTCTAGACCA-1,35,7489,555,2440
GGTTGTAAGATGTAGT-1,37,4761,385,1900
GGTTGTAAGCCGATCC-1,7360,25,506,2965
GGTTGTAAGGTTCTAC-1,40,5446,373,2115
GGTTGTACAAATCCCA-1,33,6086,286,2302
GGTTGTAGTATGGTTC-1,69,13290,738,3675
GGTTGTAGTCCCTGAG-1,12,3255,201,1471
GGTTGTATCTCAACCC-1,7735,33,585,2929
GTAACACAGCTCGACC-1,93,14296,1111,3934
GTAACACAGGAGAGGC-1,27,7131,537,2466
GTAACACAGTCTGCAT-1,20575,73,1298,5139
GTAACACAGTGCACCC-1,8319,31,452,2892
GTAACACGTGCCTTCT-1,2912,21,158,1561
GTAACCAAGAAACTAC-1,77,10908,678,3257
GTAACCAAGTTTGTCG-1,12,3775,514,1797
GTAACCACAAGGACAC-1,12558,37,679,3980
GTAACCACAAGGCGTA-1,79,19540,814,4558
GTAACCACATGTAACC-1,12,1211,0,613
GTAACCAGTGCTGATT-1,7978,31,489,2810
GTAACCAGTGGGTATG-1,6859,28,507,2549
GTAACCATCCTAAACG-1,8978,76,772,3350
GTAAGTCAGAGAGTTT-1,22,4393,404,1547
GTAAGTCCAGGTGGAT-1,10774,39,649,3403
GTAAGTCGTAGCGATG-1,14941,49,1219,4181
GTAAGTCGTATTTCCT-1,19,4298,311,1740
GTAATCGCAATATCCG-1,7118,19,387,2796
GTAATCGGTGAGACGT-1,13441,39,940,3669
GTAATCGGTGTGTTTG-1,15,3707,277,1605
GTAATCGTCAAGTCGT-1,8097,24,483,3111
GTAATCGTCATCGTAG-1,6421,26,435,2680
GTAATCGTCCCTTTGG-1,24,4844,339,1897
GTAATCGTCGCGAAGA-1,34,6975,580,2273
GTAATCGTCTCGCCTA-1,74,15938,1188,3929
GTAATGCAGAGGCGTT-1,13778,56,722,3972
GTAATGCAGCACGGAT-1,26518,105,1707,6036
GTAATGCAGCTAATCC-1,9071,35,646,3452
GTAATGCAGGGAGAAT-1,396,8238,521,2816
GTAATGCCACGGTGAA-1,67,13743,993,3753
GTAATGCCAGCTCATA-1,2885,737,412,1771
GTAATGCGTATGGAAT-1,6107,26,292,2530
GTAATGCGTCCGAAAG-1,27,8214,654,2570
GTAATGCGTGTATACC-1,8698,32,514,3123
GTAATGCTCACCTGTC-1,17298,79,1073,4830
GTAATGCTCGAGCTGC-1,26,8235,482,2863
GTACAACAGCAGCACA-1,26597,322,1568,5791
GTACAACAGGGTGGGA-1,50,10985,895,3237
GTACAACGTGGGCTCT-1,59,12942,659,3542
GTACAACGTTACAGCT-1,17173,70,1266,4798
GTACAACGTTACGATC-1,4883,21,238,2137
GTACAACGTTCTTGCC-1,9387,56,1325,3716
GTACAACGTTTGTGGT-1,56,9658,753,2935
GTACAACTCACACCCT-1,3471,255,226,1905
GTACAACTCAGTCCGG-1,22794,89,1728,5386
GTACAACTCATTCTTG-1,14630,72,896,4608
GTACAACTCCTCTAAT-1,14,592,8,406
GTACAACTCTCGGCTT-1,11109,37,840,3718
GTACAACTCTTCCGTG-1,2201,19,136,1203
GTACAGTAGGGATCTG-1,18675,76,1116,5018
GTACAGTCACTAACCA-1,43,5946,290,2224
GTACAGTCACTCAAGT-1,6656,31,362,2671
GTACAGTGTATGCGGA-1,15168,83,848,4748
GTACAGTGTCGATTTG-1,11705,40,948,3784
GTACAGTGTGGCTCTG-1,5019,24,324,2290
GTACAGTTCCAGCTCT-1,24,5976,350,2195
GTACAGTTCCGTCACT-1,3413,239,638,1475
GTACAGTTCGCAAGAG-1,28,6321,345,2107
GTACAGTTCGCAATGT-1,5,1428,2,733
GTAGAAAAGTCACGCC-1,26,5192,450,1900
GTAGAAACACTTCAAG-1,61,7756,570,2564
GTAGAAAGTACTCAAC-1,92,20695,1210,4591
GTAGAAAGTCCGGCAT-1,42,9859,802,2817
GTAGAAAGTTCCCACT-1,72,705,11,549
GTAGAAATCCGATGTA-1,9795,37,555,3150
GTAGAAATCGATGGAG-1,14388,50,945,4239
GTAGAAATCGCTTTAT-1,23,3784,224,1599
GTAGAAATCTTAGTTC-1,7288,28,343,2605
GTAGAGGAGAGGTTAT-1,6678,20,288,2728
GTAGAGGAGCGCACAA-1,43,8038,810,2567
GTAGAGGAGCTCCATA-1,25684,86,1017,5390
GTAGAGGCATACACCA-1,8498,23,461,2995
GTAGAGGCATCGATAC-1,13,4507,310,1711
GTAGAGGGTACCACGC-1,213,948,50,759
GTAGAGGGTCTGATCA-1,107,8776,561,3245
GTAGAGGTCCACCCTA-1,28322,121,1889,6036
GTAGAGGTCCGCTAGG-1,26,8044,371,2636
GTAGAGGTCCTCATAT-1,192,11255,734,3451
GTAGAGGTCCTGGTCT-1,24260,89,1159,6075
GTAGATCAGCGTTCAT-1,6660,18,380,2730
GTAGATCCATCTTCGC-1,6159,33,310,2467
GTAGCTAAGAGCAGAA-1,26,4103,161,1574
GTAGCTACAGAGTCAG-1,1522,4,130,840
GTAGCTACAGCTACAT-1,51,10041,684,3137
GTAGCTACATGGGCAA-1,26,6288,84,2301
GTAGCTAGTTGGTAGG-1,9527,49,708,3306
GTAGCTATCAGCTGTA-1,23,5411,297,2011
GTAGCTATCCATGCAA-1,53,9915,761,2781
GTAGCTATCGAACTCA-1,9719,39,575,3312
GTAGCTATCTATTGTC-1,45,6964,725,2310
GTAGCTATCTCGTCGT-1,33,10009,632,3031
GTAGGAGAGATGGCAC-1,57,9186,616,2670
GTAGGAGAGGCCATAG-1,260,1390,111,950
GTAGGAGCATGACCCG-1,110,21963,1218,4621
GTAGGAGGTCAATGGG-1,48,12481,849,3481
GTAGGAGGTGATACCT-1,32,8243,436,2710
GTAGGAGTCAGTCACA-1,27,6353,406,2393
GTAGGAGTCGTCGCTT-1,75,15389,1161,3783
GTAGGAGTCTCGCTTG-1,8206,46,545,2957
GTAGGTTAGAGAGGTA-1,13,2988,126,1253
GTAGGTTCAAAGCGTG-1,35455,114,2667,6401
GTAGGTTGTGAGACCA-1,68,11251,682,3142
GTAGGTTTCATGGGAG-1,7193,21,432,2561
GTAGGTTTCCAAATGC-1,13,5221,395,1884
GTAGTACAGACTGGGT-1,11852,46,1027,3683
GTAGTACAGTCATACC-1,9765,37,694,3269
GTAGTACCAATTGAGA-1,12173,57,825,4075
GTAGTACCAGCGTGCT-1,16375,78,1117,4640
GTAGTACCAGCTACTA-1,52,7431,625,2361
GTAGTACGTACCCACG-1,27,9430,441,2927
GTAGTACGTCGAATGG-1,37,7338,653,2468
GTAGTACGTCGTCTCT-1,2952,11,10,1363
GTAGTACGTGGTTCTA-1,4243,22,215,1875
GTAGTACTCCGTGGTG-1,9908,34,551,3404
GTATTGGAGCCGTTAT-1,12540,54,595,3854
GTATTGGAGCCTCTTC-1,17086,50,1401,4878
GTATTGGCACAGCCTG-1,4250,26,369,1716
GTATTGGCACCAGACC-1,51,11386,636,3311
GTATTGGCAGAGATGC-1,11377,41,714,3663
GTATTGGGTGTCCACG-1,7102,32,533,2610
GTATTTCAGTTGTCGT-1,14403,62,1107,4140
GTATTTCGTCGAGTTT-1,8616,67,1081,3446
GTATTTCGTGGATACG-1,19,6035,330,2080
GTATTTCGTGTGTACT-1,13102,48,879,3850
GTATTTCGTTCAAAGA-1,3042,12,266,1603
GTATTTCGTTGCTCAA-1,9413,29,397,3325
GTATTTCTCAGAATAG-1,49,8843,487,2838
GTATTTCTCCAAAGGG-1,3400,18,0,1420
GTATTTCTCGTACCTC-1,52,8777,571,3046
GTCAAACAGACCAACG-1,16845,55,775,4569
GTCAAACAGCAGGGAG-1,48,9643,949,2749
GTCAAACAGCGTCTCG-1,13378,37,823,4395
GTCAAACAGTGATAAC-1,1153,2213,162,1779
GTCAAACCAGTTAAAG-1,124,22183,1147,4740
GTCAAACGTCAACGCC-1,11835,12777,1636,7303
GTCAAACGTTGCATAC-1,29,1791,103,908
GTCAAACTCCATCCGT-1,2316,2469,263,2479
GTCAAACTCCTCAGGG-1,11898,56,628,3856
GTCAAGTCAAGCAGGT-1,16,3853,342,1572
GTCAAGTCAAGTGGCA-1,15,4045,334,1546
GTCAAGTCATAGCACT-1,9925,28,621,3225
GTCAAGTGTGCAAGAC-1,40,9642,1034,2855
GTCAAGTTCGATCCAA-1,14,5778,328,2146
GTCACGGAGAACCGCA-1,12466,36,672,3991
GTCACGGAGTACTGTC-1,10337,56,787,3829
GTCACGGAGTCACTCA-1,23190,112,1610,5540
GTCACGGCACCCAATA-1,2432,526,189,1691
GTCACGGCATTCAGCA-1,4595,994,355,2455
GTCACGGGTAATGATG-1,165,9457,524,2904
GTCACGGGTATTCCTT-1,9801,18039,2558,7361
GTCACGGGTTAACAGA-1,25,9844,668,2844
GTCACGGGTTCCCACT-1,8024,39,437,2933
GTCACGGTCAAGCGTT-1,41,9440,891,2893
GTCACGGTCACCGGGT-1,9059,32,551,3348
GTCACGGTCCGATTAG-1,6275,15,342,2513
GTCACTCAGCCGATAG-1,3119,43,1380,1423
GTCACTCCATCCGAAT-1,39,10175,433,3082
GTCACTCGTCAAAGCG-1,41,8310,453,2794
GTCACTCGTGATTCTG-1,29,1329,72,712
GTCACTCGTGGAACAC-1,25,10374,569,2780
GTCACTCGTTAAGAAC-1,13803,55,959,3834
GTCACTCTCACGGACC-1,15797,46,1063,4738
GTCACTCTCGTGCATA-1,66,14637,777,3958
GTCAGCGAGCCACTCG-1,88,16262,684,3692
GTCAGCGCAACTCCAA-1,69,15225,632,3803
GTCAGCGCAAGTGCAG-1,41,14534,359,3581
GTCAGCGCAATCTCTT-1,41,8615,943,2811
GTCAGCGCACCTGCGA-1,26682,68,1046,5962
GTCAGCGGTAAGGTCG-1,46,13019,862,3278
GTCAGCGGTCGTGATT-1,5691,13,498,2341
GTCATCCAGTCACAGG-1,44,10098,666,3169
GTCATCCCAACGGGTA-1,12,4614,286,1853
GTCATCCCAAGACCGA-1,1291,2176,191,1916
GTCATCCCAAGCTGTT-1,9157,30,490,3587
GTCATCCCAGCGGATA-1,12531,59,537,3897
GTCATCCGTCCCACGA-1,29,11828,609,3585
GTCATCCTCAAAGGTA-1,33,8724,517,2937
GTCATGAAGGAAAGGT-1,6950,21,259,2600
GTCATGAAGTTCCATG-1,25,4372,325,1766
GTCATGACACAATCTG-1,23,6390,365,2258
GTCATGAGTGCCTGAC-1,19,5682,406,2095
GTCATGAGTTGCTCGG-1,7223,23,341,2619
GTCATGATCAAGGTGG-1,13407,13611,1933,7695
GTCATGATCACAATGC-1,23819,97,1484,5821
GTCATGATCGCTTGAA-1,85,16719,1558,3924
GTCATTTAGTCAACAA-1,8476,23,519,2905
GTCATTTCACTGGATT-1,20,5357,333,2011
GTCATTTCAGTGACCC-1,24,5964,280,2227
GTCATTTGTACCTTCC-1,4574,23,364,2032
GTCATTTGTCCTGTTC-1,337,903,37,822
GTCATTTGTTTATGCG-1,794,61,645,168
GTCATTTTCAGCAATC-1,5166,116,463,2200
GTCCACTAGCAATTAG-1,4372,32,202,2076
GTCCACTAGCTACTAC-1,13531,81,842,4534
GTCCACTCACCTGCAG-1,41,8714,548,2931
GTCCACTCAGAGGAAA-1,44,7208,604,2443
GTCCACTCATCACCAA-1,15868,43,5,3931
GTCCACTGTCTAACGT-1,103,8240,638,2829
GTCCACTTCATCGCTC-1,31,8545,525,2804
GTCCACTTCCCATTCG-1,40,11815,780,3603
GTCCACTTCGGCTCTT-1,12202,58,604,3709
GTCCACTTCTATGTGG-1,12432,54,850,4302
GTCCCATAGGCCATAG-1,3314,784,394,1990
GTCCCATAGTCCCAGC-1,727,26,27,545
GTCCCATAGTTATGGA-1,60,11457,874,3461
GTCCCATGTATCCTCC-1,34,8925,683,2880
GTCCCATGTCCCTGAG-1,191,14877,812,3846
GTCCCATTCGAGATAA-1,49,8837,732,2794
GTCCCATTCGAGTGAG-1,9287,39,620,3073
GTCCCATTCGCCGAAC-1,11373,41,738,3546
GTCCTCAAGCTCCCTT-1,20,6109,249,2121
GTCCTCAAGTCTGTAC-1,43,9308,495,2650
GTCCTCAAGTGTAGAT-1,27,6111,481,2132
GTCCTCACAGTCGGTC-1,28,5760,358,2204
GTCCTCAGTAACGGTG-1,9130,38,490,3180
GTCCTCAGTACGTGAG-1,27,9420,387,2884
GTCCTCAGTCGATTTG-1,21,3764,327,1636
GTCCTCATCGACCTAA-1,53,11095,813,3133
GTCCTCATCTAATTCC-1,22,5723,338,2318
GTCGAATAGATAACGT-1,82,11257,586,3391
GTCGAATAGCGCTGAA-1,8864,26,413,3108
GTCGAATCAGACACCC-1,9004,21,393,2980
GTCGAATCAGATTAAG-1,87,6099,639,2087
GTCGAATCATCAGTGT-1,30043,108,1964,6297
GTCGAATGTCTCGGGT-1,42,6541,429,2295
GTCGAATGTGGGCTCT-1,9446,44,598,3283
GTCGAATTCCACACAA-1,20435,91,1530,5219
GTCGAATTCCGCATAA-1,48,12148,884,3309
GTCGAATTCCGCTAGG-1,14,4510,229,1784
GTCGAATTCTGGGATT-1,5406,22,314,2452
GTCGCGAAGCAACAGC-1,11735,46,805,3855
GTCGCGAAGTAGGAAG-1,10491,23,786,3245
GTCGCGAAGTGCACCC-1,12,3697,194,1487
GTCGCGAAGTTTCGGT-1,5482,23,363,2297
GTCGCGACAAACGAGC-1,9424,22,666,3152
GTCGCGACACGCTGTG-1,16,3186,288,1442
GTCGCGACACGGTAGA-1,670,24,0,510
GTCGCGAGTGGCACTC-1,11468,42,715,3771
GTCGCGATCGGTTGTA-1,6914,23,411,2557
GTCGTAACACTTCATT-1,15,3606,247,1484
GTCGTAACAGTAGAAT-1,7528,112,382,2896
GTCGTAAGTAGCTTAC-1,1232,4,13,855
GTCGTAAGTATCCTTT-1,43,9590,751,2877
GTCGTAAGTTCTTGTT-1,22,1983,337,945
GTCGTAATCAAAGGAT-1,9,3847,245,1468
GTCGTAATCAGTCATG-1,14554,75,1033,4289
GTCGTAATCCGATAAC-1,39,5231,497,1935
GTCGTAATCGTAGCTA-1,5969,24,280,2489
GTCGTAATCTTTCCGG-1,30,9506,877,2852
GTCGTTCAGATCCTAC-1,478,131,29,484
GTCGTTCCAATTTCGG-1,3804,17,60,1625
GTCGTTCCACAAGTTC-1,33,9439,597,3190
GTCGTTCCAGAGGAAA-1,15,4523,229,1881
GTCGTTCCAGCACGAA-1,25,6281,378,2243
GTCGTTCCAGTATACC-1,45,7501,518,2487
GTCGTTCCAGTGTGCC-1,6839,21,323,2657
GTCGTTCTCTACTGAG-1,5346,31,391,2054
GTCTACCAGACATGCG-1,13487,57,1086,4061
GTCTACCAGAGAGTTT-1,22,4452,137,1808
GTCTACCAGGCCATAG-1,5595,18,258,2301
GTCTACCGTAGCGAGT-1,60,10714,784,3337
GTCTACCGTTTACGTG-1,5993,17,346,2472
GTCTACCTCACCTCGT-1,431,1709,76,1169
GTCTAGAAGCGTACAG-1,48,7811,774,2688
GTCTAGAAGGCAGGTT-1,22,4303,341,1745
GTCTAGAAGGGTAATT-1,13953,68,996,4169
GTCTAGAGTATGCAAA-1,461,591,37,781
GTCTAGAGTTAGGGAC-1,15,3910,260,1681
GTCTAGATCTAAGAAG-1,13,4165,428,1449
GTCTAGATCTTGGATG-1,98,3476,371,1524
GTCTCACAGACGATAT-1,58,15020,988,3774
GTCTCACAGGACAGCT-1,12,3737,1,1326
GTCTCACCACGCGCTA-1,65,8913,930,2853
GTCTCACCAGTTTGGT-1,17,6321,451,2303
GTCTCACCATTGGATC-1,19000,87,1122,5253
GTCTCACGTGATGTAA-1,12331,54,838,3949
GTCTCACGTTCGAAGG-1,71,16597,1308,4207
GTCTCACTCACGGGCT-1,29601,105,1341,6018
GTCTGTCAGAAGCGGG-1,70,15393,972,3953
GTCTGTCAGATGCAGC-1,13340,61,1083,4182
GTCTGTCAGCTTTGTG-1,18,3019,246,1465
GTCTGTCCAACCTAAC-1,25574,100,1604,5914
GTCTGTCCAAGCAATA-1,4830,18,294,2204
GTCTGTCCACCTCTGT-1,16235,62,729,4621
GTCTGTCCATGCCATA-1,9558,62,762,3520
GTCTGTCGTATGGTTC-1,21443,309,917,5828
GTCTGTCGTGCATGAG-1,64,11837,849,3323
GTCTGTCTCATCACTT-1,30,3615,239,1525
GTCTGTCTCGGCTGGT-1,5766,15,430,2490
GTCTTTAAGTACAGAT-1,8436,38,726,3060
GTCTTTAAGTTCCGTA-1,14056,78,953,4480
GTCTTTAGTCATGCAT-1,915,2474,195,1815
GTCTTTAGTCTACATG-1,12908,59,895,4162
GTCTTTAGTCTGCCTT-1,19,3850,210,1655
GTCTTTAGTGTCCAAT-1,65,15402,1271,3932
GTGACGCAGCTACGTT-1,49,11277,772,3221
GTGACGCAGTAGTCCT-1,1051,382,19,994
GTGACGCAGTCACACT-1,97,27770,1731,5352
GTGACGCCAGCGACCT-1,27124,99,1341,5910
GTGACGCCATTCCTCG-1,27,11216,670,3329
GTGACGCGTAGTACGG-1,10163,33,669,3350
GTGACGCGTTAAAGTG-1,27,10397,477,3148
GTGACGCTCCCGAAAT-1,24,7158,432,2288
GTGACGCTCTTGGATG-1,6129,17,361,2595
GTGAGCCAGAGTCAAT-1,27,6415,288,2254
GTGAGCCAGCATACTC-1,35,10843,294,3290
GTGAGCCCAAATGAGT-1,12665,60,748,3955
GTGAGCCGTACTCGTA-1,32,8786,544,2668
GTGAGCCGTAGATTGA-1,56,11787,853,3525
GTGAGCCGTCCACATA-1,19983,69,1819,4909
GTGAGCCGTCCTATAG-1,3276,276,651,1550
GTGAGCCGTCGCTTGG-1,12794,53,1179,3896
GTGAGCCGTCTCAAGT-1,19,6247,325,2197
GTGAGCCGTGGAAATT-1,22,7437,536,2403
GTGAGCCTCACGGGAA-1,9794,26,511,3257
GTGAGCCTCCAGTGCG-1,129,29691,1627,5316
GTGAGCCTCCTGGTCT-1,36,8245,586,2832
GTGAGGAAGCCTCTCT-1,13011,54,612,4167
GTGAGGACAAGGTCGA-1,49,8111,419,2355
GTGAGGACACTCATAG-1,12766,42,745,4108
GTGAGGACATCTAACG-1,216,2712,280,1373
GTGAGGATCAACGAGG-1,31,7021,404,2540
GTGAGGATCATGAGAA-1,6924,39,362,2542
GTGAGGATCCAACCGG-1,14992,37,798,4489
GTGAGGATCCGCCTAT-1,8676,22,481,3071
GTGAGTTCAAATCGGG-1,13147,65,1093,4030
GTGAGTTCACCTGATA-1,49,9481,657,2963
GTGAGTTCAGCTACTA-1,50,10403,921,3023
GTGAGTTCATGGAACG-1,18,1500,129,813
GTGAGTTGTAGGCAAC-1,16,2673,271,1054
GTGAGTTGTCTACGTA-1,34,8549,526,2770
GTGAGTTTCACGACTA-1,46,10009,852,2943
GTGAGTTTCGCTACAA-1,8709,29,265,3041
GTGAGTTTCTCAATCT-1,38,8258,612,2787
GTGAGTTTCTCATAGG-1,18,5519,524,1833
GTGAGTTTCTCGCTCA-1,17,3831,326,1443
GTGATGTAGTTACGGG-1,9968,42,705,3323
GTGATGTCACACCTGG-1,38,15318,581,3938
GTGATGTCATGACAAA-1,15,4236,227,1582
GTGATGTGTCATCGCG-1,49,11373,540,3430
GTGATGTGTCGCCACA-1,23,13050,642,3630
GTGATGTGTCTCTCAC-1,24409,152,1723,5489
GTGATGTGTTGGGATG-1,67,13431,964,3828
GTGCACGAGATAGGGA-1,9026,33,525,3006
GTGCACGAGGGTTTCT-1,14625,43,841,4190
GTGCACGGTCCACTTC-1,54,11714,836,3405
GTGCACGTCAATCCAG-1,25,1722,94,877
GTGCAGCAGGCATCAG-1,9317,27,362,3320
GTGCAGCAGTCTTCGA-1,6654,7410,1163,4927
GTGCAGCCAAGGGTCA-1,37,8792,493,2839
GTGCAGCCACTTGTGA-1,15015,69,1035,4622
GTGCAGCCAGCTGAGA-1,2522,12391,1201,4387
GTGCAGCCAGTGTACT-1,21429,79,2001,5579
GTGCAGCGTACGCTAT-1,7630,31,532,2981
GTGCAGCTCACCATAG-1,4700,72,227,1715
GTGCAGCTCATTGAGC-1,40,845,85,503
GTGCAGCTCGTGTCAA-1,19,4520,695,1477
GTGCGTGAGATCGACG-1,24,9073,559,2871
GTGCGTGAGGATTTGA-1,44,8436,608,2913
GTGCGTGAGTGGTGGT-1,46,12141,531,3154
GTGCGTGTCGACGATT-1,7462,6462,800,5056
GTGCGTGTCGGAAACG-1,10137,38,628,3699
GTGCTGGAGAAGTATC-1,49,8803,424,2967
GTGCTGGAGACGGTCA-1,43,8514,782,2695
GTGCTGGAGCTTCGTA-1,8699,23,561,3445
GTGCTGGAGGCGTTGA-1,12546,46,1378,3822
GTGCTGGAGGTGCAGT-1,9653,45,482,3586
GTGCTGGAGTCTTCGA-1,17337,89,1447,4967
GTGCTGGGTAGTCACT-1,28061,78,1857,6099
GTGCTGGGTGAGATCG-1,430,2408,252,1379
GTGCTGGTCATCTATC-1,44,12274,454,3568
GTGCTGGTCCGATCTC-1,8628,39,468,2991
GTGCTGGTCTACGCGG-1,28532,6246,2635,8221
GTGCTTCAGAGCAGCT-1,22,6745,127,2528
GTGCTTCAGATCACTC-1,78,15116,1567,3980
GTGCTTCAGATGCGAC-1,13734,48,890,4360
GTGCTTCAGCACCGTC-1,38,8316,566,2449
GTGCTTCGTTCAGCGC-1,16739,62,1199,4617
GTGCTTCTCACCTGGG-1,1625,17,9,1006
GTGCTTCTCAGCCTTC-1,98,18344,1238,4631
GTGGAAGAGGTGCATG-1,29883,123,2143,6133
GTGGAAGCACTTCAAG-1,8351,31,523,3238
GTGGAAGGTATGTCTG-1,23,4530,143,1866
GTGGAAGGTCTGTAGT-1,47,11219,743,3409
GTGGAAGTCCCTTCCC-1,8572,27,505,2926
GTGGAAGTCTTGGATG-1,8607,35,568,3208
GTGGAGAAGGCTAACG-1,2479,14,248,1317
GTGGAGACACCCTAGG-1,47,8972,642,2619
GTGGAGACAGACCCGT-1,12010,29,812,3745
GTGGAGACATGACGGA-1,10939,42,962,3260
GTGGAGAGTATGATCC-1,5175,18,334,2145
GTGGAGAGTCTGTGGC-1,11207,59,612,4147
GTGGAGATCTAGTGAC-1,40,7747,640,2514
GTGGAGATCTTCCAGC-1,73,6620,456,2306
GTGGCGTAGCAAACAT-1,13,5031,305,1758
GTGGCGTAGTAGCATA-1,5675,25,202,2329
GTGGCGTAGTGGCGAT-1,56,12078,965,3191
GTGGCGTCAAGAAATC-1,40,12354,632,3563
GTGGCGTCAGGACATG-1,33,12083,663,3535
GTGGCGTCAGGGATAC-1,32721,100,1742,6012
GTGGCGTTCCGAGATT-1,17,4909,336,1853
GTGGCGTTCGACGCTG-1,16279,53,1547,4496
GTGGCGTTCGCTTACC-1,118,18974,1246,4582
GTGGGAAAGACGAAGA-1,56,13886,814,3661
GTGGGAACATCAGCAT-1,11476,42,803,3571
GTGGGAAGTCTGATCA-1,35,6564,416,2312
GTGGGAAGTGCCTATA-1,33,9630,623,3126
GTGGGAAGTGGACTGA-1,30,5448,565,1811
GTGGGAAGTGGTCTGC-1,12,4580,281,1739
GTGGGAATCGTTAGAC-1,322,1865,213,1182
GTGGTTACATGAGAAT-1,23,7781,461,2851
GTGGTTAGTAGACGTG-1,25,7800,436,2537
GTGGTTAGTCGCATGC-1,106,18730,1521,4710
GTGGTTATCATTCTTG-1,8280,35,529,3074
GTGGTTATCTAGCATG-1,8672,29,566,3184
GTGTAACAGCAGGTCA-1,3091,8007,750,4049
GTGTAACCAACATCGT-1,17805,93,1227,5014
GTGTAACCATCCGGCA-1,81,15160,1148,3827
GTGTAACGTAAGATTG-1,26,7240,410,2367
GTGTAACGTACCGTCG-1,2858,91,427,1386
GTGTAACTCGCTAGCG-1,19772,85,1641,5268
GTGTAACTCGTCGATA-1,37,8984,562,2822
GTGTCCTAGACACACG-1,12953,57,848,4208
GTGTCCTAGCGAAACC-1,9490,33,476,3257
GTGTCCTAGTAACAGT-1,15177,54,1065,4379
GTGTCCTCACAATCTG-1,13725,30,702,3960
GTGTCCTGTCATGCAT-1,72,776,31,566
GTGTCCTTCAGAACCT-1,44,10116,709,2986
GTGTCCTTCCAACTAG-1,13091,49,719,3774
GTGTCCTTCCGCTGTT-1,17511,73,1315,4455
GTGTCCTTCGTAACAC-1,33,6104,335,2268
GTGTGATAGGTTTACC-1,53,8808,686,2633
GTGTGATAGTGTACCT-1,17,4085,241,1536
GTGTGATCAAGCGCAA-1,43,9052,748,2707
GTGTGATGTAGATGTA-1,11315,47,874,3749
GTGTGATGTAGTGATA-1,117,8509,619,2893
GTGTGATGTGCTGCAC-1,14,3436,17,870
GTGTGATTCCGGCAGT-1,10807,60,489,3599
GTGTGATTCGAGCTGC-1,80,18659,954,4133
GTGTGATTCGGAAGGT-1,7018,21,391,2604
GTGTGGCAGCGAACTG-1,87,21324,1444,4732
GTGTGGCCAAGCACCC-1,11,2846,37,1101
GTGTGGCCAGTGGGTA-1,36945,122,2483,6504
GTGTGGCTCTGGAGAG-1,47,10427,783,2864
GTGTTAGAGCACACCC-1,12,2304,279,696
GTGTTAGAGTCATCCA-1,16,4109,339,1566
GTGTTAGCATCATTTC-1,26,8423,606,2518
GTGTTAGGTCCTATAG-1,18,5561,309,1935
GTGTTAGGTGTGTACT-1,4532,22,1594,1956
GTGTTAGGTTATCTTC-1,12947,54,1090,4379
GTGTTAGTCATGGGAG-1,17750,107,1207,5035
GTGTTAGTCTCTCGAC-1,17,3003,257,1381
GTGTTCCAGCGAGTAC-1,43,12792,581,3542
GTGTTCCAGCGCATCC-1,153,2891,367,1375
GTGTTCCCACATACGT-1,15026,63,1271,4103
GTGTTCCCACCCGTAG-1,22522,92,1608,5663
GTGTTCCGTAGCTGAG-1,17,2861,144,632
GTGTTCCGTCAGGAGT-1,42,6864,373,2553
GTGTTCCGTGGACCAA-1,10663,41,803,3447
GTGTTCCTCGCAGATT-1,57,4458,393,1711
GTGTTCCTCGCCGAAC-1,20516,71,1140,4855
GTTACAGAGCGGTATG-1,13941,42,801,3693
GTTACAGAGTTGAAAC-1,7230,27,380,2588
GTTACAGCACTACGGC-1,3267,1611,520,2287
GTTACAGCAGTTGTTG-1,10374,38,787,3537
GTTACAGGTCATCGGC-1,34,8346,536,2827
GTTACAGGTTCTGACA-1,5574,3422,600,3410
GTTACAGGTTGGTAGG-1,5936,18,547,2033
GTTACCCAGCACGATG-1,31,8372,349,2750
GTTACCCAGGTGAGAA-1,20,6516,319,2143
GTTACCCAGGTTGGTG-1,10411,21,587,3405
GTTACCCAGTAAATGC-1,8001,27,438,3104
GTTACCCCACGCAAAG-1,31,10232,652,2923
GTTACCCCATCCTGTC-1,7196,26,353,2826
GTTACCCGTATGGAAT-1,6795,40,223,2779
GTTACCCGTGATTCTG-1,55,11048,741,3076
GTTACCCGTGGATACG-1,22,5705,469,2135
GTTACCCGTTCTCGCT-1,1786,216,72,1249
GTTACCCTCACAACCA-1,4511,577,263,2465
GTTACCCTCTATTTCG-1,35,9432,478,2970
GTTACGAAGACGAAGA-1,26,6999,359,2568
GTTACGAAGTTAACGA-1,7577,18,542,2706
GTTACGAGTCACTTAG-1,14444,47,890,4015
GTTACGAGTGGAAATT-1,51,9365,664,2891
GTTACGATCGCCACTT-1,180,5996,275,2353
GTTACGATCTTTCCGG-1,22,4332,208,1867
GTTACGATCTTTGATC-1,16,4221,224,1725
GTTAGACAGATCCAAA-1,12196,72,723,4163
GTTAGACCAAGCACAG-1,39,1335,75,737
GTTAGACCATCTCAAG-1,7298,15,430,2743
GTTAGACGTAGTGATA-1,3300,19,310,1534
GTTAGACGTGCCTGAC-1,7939,26,327,3201
GTTAGACTCACCCTGT-1,3316,620,205,2027
GTTAGTGAGCGGACAT-1,20,5228,423,1802
GTTAGTGAGGGTGAGG-1,7324,18,408,2719
GTTAGTGAGGTGGCTA-1,58,8236,501,2617
GTTAGTGAGTTACGGG-1,13187,50,713,3910
GTTAGTGCAGATTAAG-1,81,18078,993,4090
GTTAGTGGTAGGTTTC-1,24,1850,17,847
GTTAGTGTCGAGAGAC-1,52,8620,646,2617
GTTAGTGTCGGTTAGT-1,15916,74,868,4395
GTTAGTGTCGTTAGTG-1,9972,34,589,3085
GTTATGGAGGCTAAAT-1,25,5333,423,1941
GTTATGGAGTCCGCCA-1,6382,30,370,2889
GTTATGGCACAAGTTC-1,9804,32,612,3362
GTTATGGGTGAATAAC-1,28,1451,149,779
GTTATGGGTTCCTTGC-1,10401,36,661,3442
GTTATGGTCAGGGATG-1,10153,41,873,3381
GTTCATTAGGCTGTAG-1,39,10186,560,2856
GTTCATTAGTACCATC-1,14186,59,1017,4123
GTTCATTGTGCGGTAA-1,8617,33,588,3073
GTTCATTGTGTAAATG-1,55,11622,987,3680
GTTCATTTCGCGTAGC-1,19,4520,250,1827
GTTCCGTAGATGCAGC-1,14736,51,942,4293
GTTCCGTCACTGGCCA-1,1379,19701,1048,5594
GTTCCGTCATGTGGCC-1,43,11166,683,3321
GTTCCGTGTATCGCTA-1,12420,55,931,3948
GTTCCGTGTTAGGCCC-1,20096,80,1008,5033
GTTCCGTTCATGTCAG-1,37,8453,624,3048
GTTCCGTTCATTATCC-1,8593,30,448,3093
GTTCCGTTCTACTGCC-1,9282,38,613,3254
GTTCCGTTCTGGGCGT-1,10961,41,778,3726
GTTCGCTAGAGATGCC-1,38,6559,396,2353
GTTCGCTAGCCAGTAG-1,5337,29,279,2277
GTTCGCTCACCGTGGT-1,52,10349,664,3083
GTTCGCTGTTGTAAAG-1,12024,42,922,3741
GTTCGCTTCACTGGTA-1,47,10086,716,3258
GTTCGCTTCATAGCAC-1,13867,62,642,4636
GTTCGCTTCCTCAGAA-1,52,10682,755,3218
GTTCGCTTCTGGTCAA-1,19,4432,291,1725
GTTCTATAGGAACGTC-1,12339,43,934,4031
GTTCTATAGTAAGCAT-1,6180,18,408,2474
GTTCTATCACAAGCTT-1,21,5089,305,1961
GTTCTATCACAGCTGC-1,6413,15,7,1960
GTTCTATCACATGGTT-1,26,6344,339,2364
GTTCTATGTAACTGCT-1,15903,13685,1851,8370
GTTCTATGTCAAAGAT-1,38,8622,575,2760
GTTCTATTCCGATCTC-1,8926,32,472,3370
GTTGAACAGAAGGGAT-1,11123,53,703,3445
GTTGAACAGGTCCGAA-1,20,4610,419,1799
GTTGAACCACACCTGG-1,24,6952,535,1963
GTTGAACCACATCATG-1,56,9766,666,2964
GTTGAACGTACGGGAT-1,16921,70,969,4597
GTTGAACGTCAAATCC-1,8376,33,561,2953
GTTGAACGTCCCTCAT-1,9028,33,614,3343
GTTGAACTCCTCTAGC-1,22,4028,354,1652
GTTGCGGAGACTAAGT-1,1966,410,121,1427
GTTGCGGAGTTACGGG-1,39,7812,921,2511
GTTGCGGCAGGGAGAG-1,17752,86,1681,4810
GTTGCGGGTACCGTGC-1,13264,40,766,3660
GTTGCGGGTCCACACG-1,8803,21,587,3017
GTTGCGGGTCGACGCT-1,13,5226,221,1997
GTTGCGGGTTGTCTAG-1,38,6596,621,2113
GTTGCTCAGATGATTG-1,6695,22,351,2647
GTTGCTCCAACTGGTT-1,41,10639,976,3173
GTTGCTCGTTTCCATT-1,10119,8829,1287,6059
GTTGCTCGTTTCTATC-1,26153,119,1765,5989
GTTGCTCTCAAGATAG-1,45,7952,696,2821
GTTGCTCTCCAGTTCC-1,9505,38,849,3401
GTTGTAGAGAGCATTA-1,29,4782,405,1842
GTTGTAGCAGAGATTA-1,106,15512,1062,4130
GTTGTAGTCATCGTAG-1,11447,53,1534,3612
GTTGTAGTCGCCGTGA-1,42,7517,383,2653
GTTGTCCAGTCGCCCA-1,14625,102,1157,4463
GTTGTCCAGTGGCGAT-1,303,1529,99,1014
GTTGTCCCACACAGCC-1,19043,200,1432,5220
GTTGTCCCATACAGAA-1,25,4949,285,1800
GTTGTCCGTAGATCGG-1,54,7865,846,2622
GTTGTCCGTAGCCCTG-1,10576,29,538,3253
GTTGTCCGTGCAGGAT-1,78,7826,661,1346
GTTGTCCGTTCTTCAT-1,13731,56,759,4182
GTTGTCCTCTCCTGCA-1,335,1308,81,1011
GTTGTGAAGGCGTCCT-1,11,3401,258,1524
GTTGTGAAGTCCGTCG-1,28,7422,414,2230
GTTGTGAAGTGTAGAT-1,56,8959,1047,2638
GTTGTGAGTACAACGG-1,17134,33,882,4282
GTTGTGAGTAGGCAAC-1,6725,25,292,2616
GTTGTGAGTCGATTCA-1,38,9006,316,2729
GTTGTGAGTCTCAGGC-1,62,10722,628,3197
GTTGTGATCCTACAAG-1,16,4529,307,1789
GTTGTGATCCTCTCTT-1,55,10837,877,3009
GTTTACTAGCGAGGAG-1,46,6831,616,2308
GTTTACTAGGTAGCCA-1,7380,31,473,2587
GTTTACTCAATTAGGA-1,16,5159,220,2051
GTTTACTCAGTTACCA-1,49,9291,274,2920
GTTTACTCATCCCACT-1,56,8767,558,2797
GTTTACTCATCCTCAC-1,3544,772,227,2153
GTTTACTGTTGTGCCG-1,12918,63,535,4096
GTTTACTTCATCCTGC-1,14447,70,1084,4523
GTTTACTTCGATGCTA-1,29,6793,500,2459
GTTTACTTCTGGACTA-1,42,7405,543,2579
GTTTGGAAGGCACAAC-1,7696,18,439,2784
GTTTGGACAATAGGAT-1,4378,17,324,2030
GTTTGGACAATTCACG-1,52,6996,405,2719
GTTTGGACACCTTCGT-1,18457,80,850,5003
GTTTGGAGTGCCTATA-1,62,11005,759,3266
GTTTGGAGTTCCGCAG-1,5915,28,617,2314
GTTTGGATCAGAGCGA-1,22496,44,797,4989
GTTTGGATCGGCTTCT-1,10,3913,225,1799
TAACACGAGACCAGAC-1,35,9747,578,2893
TAACACGAGCTCAGAG-1,42,10574,683,3079
TAACACGCACTGTGAT-1,86,16172,991,4043
TAACACGGTAACTGCT-1,31,4646,256,1897
TAACACGGTACAGTTC-1,2123,175,154,1346
TAACACGGTTACAGCT-1,562,1690,191,1218
TAACACGGTTTGCAGT-1,3069,225,439,1613
TAACACGTCGAACACT-1,54,10175,459,3387
TAACACGTCTCTAGGA-1,28,878,97,570
TAACCAGAGCCGTTGC-1,7363,807,636,3104
TAACCAGAGTTCCGTA-1,28,5981,329,2180
TAACCAGCACACCGCA-1,42,1648,72,932
TAACCAGCACATGTTG-1,49,7138,553,2717
TAACCAGCACTTCTCG-1,28,7478,346,2734
TAACCAGCAGTTAGGG-1,15,4342,402,1618
TAACCAGCATATCGGT-1,55,2731,173,1358
TAACCAGCATCCTTGC-1,20221,90,1292,5406
TAACCAGCATGAGAAT-1,14082,68,1021,4380
TAACCAGGTCGATTCA-1,54,10165,640,2909
TAACCAGGTTCCTTGC-1,15,4131,276,1689
TAACCAGTCGCCGAGT-1,6440,17,369,2298
TAACGACAGTGTACAA-1,27,6070,436,2052
TAACGACCAGCGGTTC-1,683,5374,480,2391
TAACGACCATGGCCCA-1,7244,31,359,2889
TAACGACCATTGACTG-1,7548,32,297,3002
TAACGACGTACAGTTC-1,47,11845,795,3450
TAACGACGTCAGTCCG-1,137,2100,128,992
TAACGACTCAAGCCTA-1,12298,46,344,3681
TAACGACTCAGCATTG-1,426,1958,326,1226
TAACTTCAGCGATGAC-1,37,9081,729,2904
TAACTTCAGCGCCTTG-1,40,9673,762,2949
TAACTTCAGTATAGGT-1,22,5757,266,2131
TAACTTCCAACTTCTT-1,25,3722,353,1561
TAACTTCCAAGCCCAC-1,642,29,17,530
TAACTTCCAGCAGGAT-1,6593,29,468,2583
TAACTTCCAGCCTACG-1,13436,60,815,4264
TAACTTCCATCGTCCT-1,3138,346,348,1663
TAACTTCGTCACCACG-1,29,8034,576,2686
TAACTTCTCGTCGCTT-1,496,1273,73,1114
TAACTTCTCTTCACGC-1,26,7244,407,2469
TAAGCACAGTCCGCGT-1,25,848,37,539
TAAGCACGTACTTCCC-1,80,10529,769,2992
TAAGCACGTAGACTGG-1,28,7716,480,2673
TAAGCACGTATCACGT-1,18308,59,949,4720
TAAGCACGTCGTTTCC-1,8828,48,817,3610
TAAGCACTCAAGGAGC-1,135,810,53,633
TAAGCACTCAGCATTG-1,2241,20,1,1255
TAAGCCAAGCTGGTGA-1,62,8177,433,2443
TAAGCCACAAATAGCA-1,2030,26,127,1143
TAAGCCACAATCTCTT-1,45,10177,541,3590
TAAGCCACACGACCTG-1,6276,33,360,2924
TAAGCCACAGCCGTCA-1,18072,53,961,4904
TAAGCCACATCTCATT-1,8124,173,357,3286
TAAGCGTAGGTTGGTG-1,38,10589,587,3449
TAAGCGTCAATCTGCA-1,8,3736,243,1487
TAAGCGTCAATGTCAC-1,59,10682,755,3157
TAAGCGTCAGCCCAGT-1,5415,17,423,2283
TAAGCGTGTACCAATC-1,20815,12671,2238,8408
TAAGCGTGTAGTTAGA-1,13,5055,185,1835
TAAGCGTGTCTCGACG-1,21,3628,440,1431
TAAGCGTGTGGTAACG-1,127,15430,1310,3905
TAAGCGTGTTAGGACG-1,5690,17,261,2331
TAAGCGTGTTGCCATA-1,9033,24,680,3022
TAAGCGTTCCAGCAAT-1,20,691,27,467
TAAGCGTTCGGCCCAA-1,7042,24,371,2619
TAAGTCGAGCCAAGGT-1,67,13396,997,3665
TAAGTCGAGCGTATGG-1,483,2008,196,1273
TAAGTCGCAGCTACCG-1,58,10918,664,3305
TAAGTCGGTCACTGAT-1,12245,28,718,3765
TAAGTCGGTTATTCCT-1,13740,47,854,4126
TAAGTCGGTTCCATTT-1,42,9160,716,2802
TAAGTCGTCATTCTTG-1,66,13627,952,3701
TAAGTCGTCGTTCATT-1,6623,22,432,2535
TAATCTCAGCGTGAAC-1,10940,48,737,3785
TAATCTCAGGTTCTTG-1,46,7621,624,2605
TAATCTCAGTAGACCG-1,13,3249,147,1525
TAATCTCGTGACCGAA-1,28,7444,490,2365
TAATCTCTCTGCACCT-1,122,950,29,684
TAATTCCAGCGAGAAA-1,7092,26,410,2865
TAATTCCCACGACGCT-1,6501,22,309,2805
TAATTCCCACGCTATA-1,43,8489,461,2736
TAATTCCCAGACGGAT-1,16,5040,203,2030
TAATTCCCATACACCA-1,20167,86,1302,5201
TAATTCCCATTACTCT-1,95,5936,366,2160
TAATTCCGTGAATGTA-1,20,5298,177,2067
TAATTCCTCTCGACCT-1,3404,763,205,2150
TACAACGAGACTTGTC-1,99,19992,1095,4697
TACAACGAGATACGAT-1,52,1603,742,617
TACAACGCAAGTGGCA-1,20020,88,1620,5124
TACAACGCAGCAAGAC-1,14931,49,588,4141
TACAACGCAGGGACTA-1,11987,75,534,4046
TACAACGGTAGCTTTG-1,17315,53,965,4759
TACAACGTCATTGTTC-1,38,5675,408,2292
TACAACGTCCCTGGTT-1,3184,45,156,1625
TACACCCAGATAGCAT-1,3860,21,231,2034
TACACCCAGCAAGCCA-1,19,4568,397,1855
TACACCCAGTATGACA-1,31,1450,79,808
TACACCCAGTTCTCTT-1,15208,61,1400,4360
TACACCCCAACTCGTA-1,18702,81,1263,5259
TACACCCCAGAAGCGT-1,20,5118,295,1782
TACACCCCATAACAGA-1,67,8285,719,2755
TACACCCCATGCGTGC-1,11439,36,632,3466
TACACCCTCCACCCTA-1,14545,63,757,4573
TACACCCTCTCATTAC-1,89,15127,631,4389
TACACCCTCTCATTTG-1,10639,51,481,4089
TACAGGTAGATAGTCA-1,10569,49,778,3290
TACAGGTAGTACTGGG-1,25,6796,505,2568
TACAGGTCAACTGAAA-1,21,2243,198,1240
TACAGGTGTACAGGTG-1,2047,183,287,1275
TACAGGTTCAGCAGAG-1,14588,48,985,3864
TACAGGTTCCGCGAGT-1,49,8087,849,2598
TACATTCCACGTACAT-1,5712,1571,464,2848
TACATTCCATGTGTCA-1,10979,37,609,3677
TACATTCGTACCCACG-1,854,2424,145,1797
TACATTCGTCCAGCAC-1,14428,52,1125,4472
TACATTCGTGCATTTG-1,5281,10,247,2421
TACATTCGTTTGGAAA-1,62,14694,749,3736
TACATTCTCAAACGTC-1,990,13,11,731
TACCCACAGTCTCCTC-1,1814,81,54,1162
TACCCACCACACACTA-1,361,1108,35,949
TACCCACCACCAGACC-1,1908,3214,205,2492
TACCCACCACTGAATC-1,27,7082,447,2317
TACCCACCAGCATGCC-1,1620,2152,191,1932
TACCCACGTCTACGAT-1,24,7658,317,2410
TACCCACGTGCCTATA-1,894,1964,167,1522
TACCCACGTGTTCAGT-1,41,7119,653,2519
TACCCGTAGACACACG-1,13330,34,629,4018
TACCCGTAGAGATCGC-1,49,11142,800,3340
TACCCGTAGAGATGCC-1,4534,10685,627,5409
TACCCGTAGCCTAGGA-1,10893,50,540,3887
TACCCGTCACAGAGCA-1,14,695,24,486
TACCCGTCAGAACATA-1,17104,64,546,4727
TACCCGTCATAGGTTC-1,6586,24,378,2431
TACCCGTGTACAGCGA-1,10310,33,504,3108
TACCCGTGTGGATTTC-1,24607,83,1752,5617
TACCCGTTCAACGAGG-1,11381,43,838,3594
TACCCGTTCATGTCTT-1,12341,28,635,3724
TACCCGTTCCGAGCTG-1,7677,26,440,3052
TACCCGTTCCTCATAT-1,1709,726,80,1494
TACCCGTTCGCGATCG-1,6,4107,186,1598
TACCCGTTCGGAAACG-1,35,6292,523,2226
TACCCGTTCTTCGACC-1,1044,500,31,1086
TACCGAACAGAAGCGT-1,6997,15,377,2672
TACCGAACAGCGTTTA-1,10577,28,637,3385
TACCGAACATAGCTGT-1,760,4,0,559
TACCGAACATGTGACT-1,35,6599,390,2203
TACCGAAGTGAGTGAC-1,19,4990,316,1894
TACCGAAGTGCAATGG-1,8707,24,381,3125
TACCGAATCACAATGC-1,16010,51,744,4442
TACCGAATCGTGGACC-1,9696,27,696,3192
TACCGAATCTGAGGCC-1,71,11197,549,3447
TACCGGGAGCTGACAG-1,18431,73,1288,4835
TACCGGGCACCAGCTG-1,57,7823,412,2793
TACCGGGCACGATTCA-1,187,5820,317,2406
TACCGGGCAGCGGATA-1,59,15876,706,3634
TACCGGGGTATTAAGG-1,592,19,15,509
TACCGGGGTGCTTATG-1,40,9300,788,2709
TACCGGGGTGGACCTC-1,44,12530,729,3230
TACCGGGTCATTCACT-1,196,9672,606,3235
TACCGGGTCCGGACTG-1,18,4647,307,1890
TACCGGGTCGAGCTGC-1,21,5318,307,1802
TACCTCGAGACCAAGC-1,36,9593,455,3194
TACCTCGAGATAGTGT-1,74,14283,934,3819
TACCTCGTCGCCAACG-1,19,814,40,505
TACCTGCAGACCTGGA-1,24,7833,545,2453
TACCTGCAGCCAAGTG-1,8170,29,523,3342
TACCTGCAGCCATCCG-1,24,8047,335,2739
TACCTGCCATGATGCT-1,35,1910,113,873
TACGCTCAGGCCTGCT-1,527,1283,57,1167
TACGCTCAGGCGAACT-1,17,4567,284,1790
TACGCTCCAGATTCGT-1,14683,55,877,4185
TACGCTCCAGTAGAAT-1,16,5835,393,2218
TACGCTCGTACAGAAT-1,19,1229,95,663
TACGCTCTCATGCAGT-1,40,9376,657,3031
TACGCTCTCCAATCTT-1,29,7756,362,2626
TACGCTCTCGCGTCGA-1,25,7009,281,2414
TACGCTCTCGTCGACG-1,12228,41,722,3603
TACGGGCAGAGGTCAC-1,15167,47,918,4559
TACGGGCGTTGTGTTG-1,8,5451,390,1924
TACGGGCTCACAGTGT-1,31,9590,436,2924
TACGGGCTCATCAGTG-1,28,10862,572,3228
TACGGGCTCGCAAGAG-1,56,10966,614,3152
TACGGTACAATTAGGA-1,87,13996,961,4218
TACGGTACAGCTGTCG-1,11724,51,945,3944
TACGGTACAGTGTGGA-1,29,7417,449,2397
TACGGTACATAATCGC-1,14425,8418,1277,7066
TACGGTAGTAACTTCG-1,9040,22,581,3030
TACGGTAGTACGCTAT-1,18440,88,824,4770
TACGGTAGTCTATGAC-1,36,6763,358,2367
TACGGTAGTCTGCGCA-1,26,5339,128,2260
TACGGTAGTGATGAAT-1,12549,33,940,3620
TACGGTATCCTCGCAT-1,49,1829,77,831
TACGGTATCTCACTCG-1,31,6726,437,2498
TACGTCCAGCACCAGA-1,18789,104,927,5428
TACGTCCAGCTCGGCT-1,470,4099,304,1823
TACGTCCAGGACTATA-1,79,13241,839,3828
TACGTCCCAAGGCAAC-1,129,12464,911,3352
TACGTCCCAGCATTGT-1,17172,61,992,4989
TACGTCCGTAACGATA-1,13783,140,559,4369
TACGTCCTCGGACGTC-1,10604,51,486,3384
TACGTCCTCTTCGGTC-1,2494,3,2,1182
TACGTCCTCTTGTGCC-1,77,18477,740,4408
TACTGCCAGCAAACAT-1,2586,1910,164,2404
TACTGCCAGCCGATTT-1,28,6305,348,2311
TACTGCCCATCCTGTC-1,56,12142,679,3564
TACTGCCCATTCGATG-1,62,11768,588,3462
TACTGCCGTCGCACAC-1,77,14656,872,3951
TACTGCCGTGACGTCC-1,12035,31,800,3955
TACTGCCGTGGTAACG-1,26221,93,1408,5856
TACTGCCTCTCTATGT-1,4711,191,441,2183
TACTGCCTCTGGCCGA-1,92,20236,1293,4950
TACTGCCTCTTCTAAC-1,57,10068,921,2989
TACTTACAGACTTGTC-1,7543,34,346,3118
TACTTACCAATCGTCA-1,6340,32,404,2646
TACTTACGTCGGATTT-1,6931,7509,831,5177
TACTTACGTCTACAGT-1,479,1382,79,1100
TACTTACTCCGCACGA-1,752,1372,48,1293
TACTTCACAACGACTT-1,25,5293,235,2425
TACTTCACACTGCTTC-1,34,8777,509,2734
TACTTCACATGACAAA-1,10440,45,545,3532
TACTTCACATGTGCTA-1,11346,51,646,3889
TACTTCAGTCCCTGTT-1,72,15018,639,3989
TACTTCAGTCTTGAGT-1,24,4771,315,1936
TACTTCAGTTCTGAGT-1,32,6337,332,2460
TACTTCATCGTTGTAG-1,17594,82,1589,4905
TACTTGTAGAGTGTGC-1,53,7273,843,2082
TACTTGTAGGCGCTTC-1,54,9594,432,2968
TACTTGTCAAACTCTG-1,18001,74,1382,5089
TACTTGTCAAATACGA-1,21,5118,339,1948
TACTTGTCAGAGATGC-1,13,5779,243,2012
TACTTGTGTAACCCGC-1,418,2178,208,1327
TACTTGTGTCCTTTGC-1,3123,9229,578,4506
TACTTGTGTGCCAAGA-1,59,12002,796,3494
TACTTGTGTTATAGCC-1,13306,65,673,4199
TACTTGTGTTGTCCCT-1,200,13311,673,3356
TACTTGTTCGCATAGT-1,8397,20,464,2950
TACTTGTTCTCTGACC-1,54,11382,643,3383
TAGACCAAGCGCTTCG-1,15,6837,438,2342
TAGACCAAGCTTTCTT-1,11011,41,588,3796
TAGACCAAGGAACGCT-1,22527,108,1480,5319
TAGACCAAGGCGAACT-1,15146,57,1209,4277
TAGACCAGTTAAGAAC-1,658,7490,716,3188
TAGACCAGTTCCCAAA-1,8,1138,1,575
TAGACCATCAGGGTAG-1,10883,46,588,3762
TAGACCATCCCGTTCA-1,19515,86,1331,5254
TAGACTGAGCTCCACG-1,17,4194,236,1776
TAGACTGGTGACACGA-1,68,10457,1104,2895
TAGACTGTCACAGTGT-1,11,5051,248,1847
TAGACTGTCCATACTT-1,34,2452,79,1167
TAGACTGTCCGGGACT-1,8885,25,474,2997
TAGACTGTCCTCGATC-1,5134,16,384,2323
TAGACTGTCTCGGGAC-1,74,13700,1089,3387
TAGACTGTCTCTTCAA-1,1035,2217,650,1705
TAGACTGTCTGTCTCG-1,11,1293,81,783
TAGAGTCAGCCTGTCG-1,7931,24,441,3062
TAGAGTCAGTGATGGC-1,13,6055,414,1950
TAGAGTCCAATCTGCA-1,19,6804,338,2415
TAGAGTCCACCAGCTG-1,67,17794,1077,4308
TAGAGTCCATACAGAA-1,17212,67,1134,4933
TAGAGTCGTCAACCTA-1,14681,59,1150,4423
TAGAGTCGTTGTCTAG-1,6628,40,609,2746
TAGATCGAGGTGATAT-1,52,7777,406,2757
TAGATCGAGTAACGTA-1,105,21639,1256,4770
TAGATCGCAGGCCTGT-1,8361,22,418,2715
TAGATCGCATACAGGG-1,17,1328,141,725
TAGATCGCATGAAGCG-1,19,5742,340,2115
TAGATCGGTCGCTTGG-1,10917,45,926,3736
TAGATCGTCAGGTGTT-1,7374,35,426,2830
TAGATCGTCCATACAG-1,22692,74,1892,5050
TAGATCGTCTAACGCA-1,68,11994,625,3799
TAGCACAAGGGACCAT-1,19,3800,299,1697
TAGCACAAGTACTGTC-1,12061,49,1225,3554
TAGCACAAGTCTCCTC-1,13387,51,801,4275
TAGCACACACCAAATC-1,21,5773,306,2143
TAGCACATCAAACCCA-1,47,9341,712,2821
TAGCACATCGCACTCT-1,37,11202,517,3229
TAGCACATCGTGGTAT-1,103,16277,966,4185
TAGCACATCTCAACCC-1,7,601,4,468
TAGGAGGAGAGAAGGT-1,18,3021,411,1305
TAGGAGGAGATTAGTG-1,71,12740,888,3582
TAGGAGGCACTGAATC-1,18380,80,1027,5140
TAGGAGGCATTGAGCT-1,43,10826,863,3190
TAGGAGGGTACCACGC-1,3893,25,296,1606
TAGGAGGGTCACCACG-1,16292,44,1263,4491
TAGGAGGGTGGCCCAT-1,6095,10,270,2323
TAGGAGGTCACCGGTG-1,7070,88,485,2630
TAGGAGGTCCTACCAC-1,55,9112,851,2917
TAGGAGGTCGACATTG-1,7495,18,539,2817
TAGGAGGTCGCTAGCG-1,40,8578,799,2623
TAGGAGGTCGGCACTG-1,7215,20,558,2861
TAGGGTTAGAAATTCG-1,55,5525,404,2187
TAGGGTTGTCACTCTC-1,5493,5841,749,4331
TAGGGTTGTTAGGGAC-1,35,5462,202,2113
TAGGGTTGTTGTACGT-1,20658,93,929,5276
TAGGGTTTCACGAGGA-1,39,7874,582,2635
TAGGGTTTCCCAAGTA-1,76,12721,977,3623
TAGGTACAGAGAGCCT-1,62,10000,743,3031
TAGGTACAGCTATCTG-1,18705,89,1059,4980
TAGGTACCACTGTGAT-1,66,11104,785,3457
TAGGTACCAGTTGTCA-1,16093,52,864,4453
TAGGTACGTATGTCCA-1,28,6228,476,2455
TAGGTACTCAGACCGC-1,595,1295,105,1212
TAGGTACTCAGTGATC-1,61,12000,972,3308
TAGGTTGAGAATCCCT-1,914,14,6,700
TAGGTTGAGATAGTCA-1,12340,10534,2214,7141
TAGGTTGGTCCAAATC-1,41,9684,581,2960
TAGGTTGGTGGTTCTA-1,6784,29,294,2749
TAGGTTGGTGTCTTCC-1,52,10765,779,2989
TAGGTTGTCACCTCAC-1,19,4247,290,1677
TAGTGCAAGACTGTTC-1,10,3860,301,572
TAGTGCAAGTTCCTGA-1,6649,18,393,2389
TAGTGCACATCAACCA-1,71,8148,440,2643
TAGTGCAGTGATTGGG-1,97,13700,749,3803
TAGTGCAGTGGCCTCA-1,2598,620,245,1811
TATACCTAGCCGAATG-1,82,12277,768,3626
TATACCTAGCCGTCGT-1,15,4285,304,1660
TATACCTAGTTGTCAC-1,5598,28,428,2670
TATACCTCACCAAATC-1,774,399,27,867
TATACCTGTGACTAAA-1,32,5213,319,1945
TATACCTTCCGATGCG-1,128,997,44,662
TATACCTTCCTTCGAC-1,58,8803,533,3156
TATATCCAGATGGCAC-1,14392,66,1041,4522
TATATCCAGGAAGTGA-1,74,12483,931,3684
TATATCCCACTACGGC-1,19,5812,349,2162
TATATCCCACTGCACG-1,15629,76,726,4636
TATATCCGTATGGAAT-1,5106,13,412,2215
TATATCCGTCCGGTCA-1,8899,41,485,3232
TATATCCGTTTGTTGG-1,16699,61,1053,4853
TATATCCTCATTTGTC-1,1411,81,48,971
TATATCCTCCAAACCA-1,15876,51,656,4577
TATATCCTCCAAAGGG-1,67,11378,864,3271
TATATCCTCGTAGTGT-1,10276,43,513,3380
TATATCCTCTGTTGGA-1,23964,101,2088,5994
TATCAGGCAGCCTACG-1,11943,72,832,3988
TATCAGGGTAACCCGC-1,22,4373,10,1738
TATCAGGTCCGCAACG-1,6918,32,410,2394
TATCAGGTCGGTCGGT-1,36,8266,510,2697
TATCCTAGTAGAGACC-1,83,1229,83,735
TATCCTAGTCTTGAGT-1,10170,52,576,3623
TATCCTAGTTGCAACT-1,36,6412,332,2440
TATCCTATCAGCGCAC-1,749,1084,66,1171
TATCCTATCTCATTAC-1,33,5576,320,2144
TATCGCCCATTATGCG-1,29,6650,716,2105
TATCGCCGTACGATCT-1,24,747,25,510
TATCGCCGTAGTATAG-1,1088,7259,496,3078
TATCGCCGTTCCCACT-1,41,11773,680,3334
TATCGCCGTTGTTGCA-1,61,11635,750,3374
TATCGCCGTTTACGAC-1,19,981,33,572
TATCGCCTCAAGCCTA-1,33,9423,389,2912
TATCGCCTCCCGTTGT-1,11420,50,556,3803
TATCGCCTCCTTCTGG-1,27,5636,241,2047
TATCTGTAGTACCATC-1,14,3061,182,1357
TATCTGTCACGCTGAC-1,1800,64,79,1113
TATCTGTCAGTGTACT-1,12438,62,625,4014
TATCTGTGTGCCGGTT-1,26,9064,497,2501
TATCTGTTCATGCCGG-1,32,8325,824,2757
TATCTGTTCTATTTCG-1,16,3045,180,1360
TATCTGTTCTGTAAGC-1,20,4515,370,1823
TATCTTGAGACTGTTC-1,10190,58,539,3474
TATCTTGCAATGTGGG-1,20,6242,428,2247
TATCTTGGTACAGCGA-1,12,3272,159,1388
TATCTTGGTCCGGCAT-1,11287,107,600,4119
TATCTTGTCCTAGCCT-1,21953,92,1417,5558
TATCTTGTCGATACAC-1,40,7869,363,2746
TATCTTGTCGCCAACG-1,14,4160,282,1662
TATCTTGTCGTGTGGC-1,13,4572,227,1935
TATCTTGTCTGCCTGT-1,1295,1279,105,1547
TATCTTGTCTGCTGAA-1,11753,53,1040,4239
TATGTTCAGAGCCGAT-1,39,9228,726,2898
TATGTTCCAATAACCC-1,83,16151,1220,4236
TATGTTCCAGCATGCC-1,13727,44,516,4020
TATGTTCCATAGATGA-1,92,9442,735,3196
TATGTTCCATTGACCA-1,261,7574,762,2701
TATGTTCGTAATTGGA-1,11323,43,938,3637
TATGTTCGTACAGTAA-1,33,8550,392,2861
TATGTTCGTGAGATAT-1,7434,21,303,2854
TATGTTCGTGTTAGCT-1,35,9682,612,3181
TATGTTCTCACCATCC-1,34,6661,383,2320
TATTCCAAGCACTCAT-1,57,10542,814,3297
TATTCCAAGGTTAAAC-1,10604,51,671,3585
TATTCCACAAAGACTA-1,52,5103,395,2139
TATTCCACAGGCGATA-1,19098,75,959,4193
TATTCCACATACAGCT-1,2112,185,53,1319
TATTCCAGTAGACGTG-1,25,6047,351,2144
TATTCCAGTTACGGAG-1,5520,25,240,2387
TATTCCATCGCCGAGT-1,47,14549,1130,3723
TATTGCTCAACGGTAG-1,21265,68,1531,5477
TATTGCTGTCAAAGCG-1,69,12347,600,3758
TATTGCTGTTCAAGTC-1,78,13536,809,3744
TATTGCTGTTTGTTCT-1,1361,82,44,979
TATTGCTTCAGTCCGG-1,17755,44,836,4750
TATTGCTTCCTCTCGA-1,10067,27,505,3392
TATTGCTTCTATTCGT-1,4953,27,285,2590
TATTGGGCACAAGGTG-1,50,9394,870,2722
TATTGGGCATAGTCGT-1,5718,29,309,2331
TATTGGGGTGATACAA-1,11697,50,687,3888
TATTGGGGTTCTTGTT-1,11411,50,786,3929
TATTGGGGTTGGGTTT-1,14507,66,1151,4467
TATTGGGTCGCGGACT-1,8694,42,794,3080
TATTTCGAGCGACTGA-1,15,4772,276,1658
TATTTCGAGTGGCAGT-1,5,2193,195,1071
TATTTCGCAACGACAG-1,8645,24,486,3086
TATTTCGCACCGTCGA-1,10,4476,334,1692
TATTTCGCACGGCACT-1,19,3260,216,1575
TATTTCGCAGACACAG-1,14064,46,801,4193
TATTTCGCAGGCATTT-1,394,2557,197,1512
TATTTCGTCTCCGAAA-1,9203,25,461,3296
TATTTCGTCTGGCTGG-1,855,1567,241,1387
TCAAGACAGACGGATC-1,15824,74,1001,4649
TCAAGACAGGAATGTT-1,19,6332,332,2124
TCAAGACCAGAGTGTG-1,14,5378,429,2020
TCAAGACCAGCCGGTT-1,104,21732,1136,4932
TCAAGACCATAGACTC-1,59,11679,649,3467
TCAAGACGTGTTATCG-1,8900,40,439,3430
TCAAGACGTTTGAAAG-1,7334,20,20,2364
TCAAGACTCACTGGGC-1,12,3721,229,1554
TCAAGCAAGCACTAAA-1,7374,21,572,2547
TCAAGCACAAACGAGC-1,12173,42,704,3439
TCAAGCACAAAGCTCT-1,7809,21,339,3031
TCAAGCACAGAACCGA-1,19753,71,1337,5139
TCAAGCAGTAAGCTCT-1,427,4295,302,2056
TCAAGCAGTCCGGATC-1,23402,94,1306,5585
TCAAGCAGTCTTGCTC-1,1907,8,139,1085
TCAAGCAGTTATTCTC-1,7825,21,302,3131
TCAAGCATCATCCCGT-1,31,1800,22,792
TCAAGCATCTGCATGA-1,5248,22,390,2136
TCAAGTGAGAAGATCT-1,9334,47,779,3313
TCAAGTGCATGTTTGG-1,39,7810,577,2406
TCAAGTGGTGACGCCT-1,47,13058,546,3424
TCAAGTGTCCCGATCT-1,7329,15,276,2817
TCAATCTAGCGCACAA-1,23486,73,1258,5833
TCAATCTGTACGACAG-1,22,5323,381,2047
TCAATCTTCACAAGGG-1,17,5130,248,1865
TCAATCTTCTCGACCT-1,24,6592,367,2157
TCAATTCAGCAAGGAA-1,73,11687,1058,3108
TCAATTCAGTTAGAAC-1,18001,75,939,4812
TCAATTCAGTTGAAGT-1,75,14726,1025,3775
TCAATTCAGTTGCCCG-1,3066,2331,295,2623
TCAATTCCAAGGCCTC-1,1797,106,61,1177
TCAATTCCAGACAATA-1,32,6263,295,2274
TCAATTCGTAGCACGA-1,24724,98,1863,5887
TCAATTCGTAGCTTGT-1,11884,41,771,3835
TCAATTCGTCGAGTTT-1,16,3403,241,1426
TCAATTCGTCGTGGAA-1,9744,27,680,3265
TCAATTCGTGCAATAA-1,145,1949,180,1119
TCAATTCTCATTTCCA-1,77,14937,525,3939
TCAATTCTCGGAAACG-1,38,8353,724,2589
TCACAAGAGATTGAGT-1,4674,29,339,2166
TCACAAGAGTAGTCAA-1,17474,51,1285,4275
TCACAAGAGTCATCGT-1,10387,32,749,3454
TCACAAGGTGCACATT-1,12739,54,659,4014
TCACAAGGTTATGTGC-1,15,4740,285,1840
TCACAAGTCTAGCATG-1,17,4668,313,1820
TCACAAGTCTTCGTAT-1,53,10447,730,3130
TCACACCAGACTTCCA-1,96,817,16,605
TCACACCAGCGCCATC-1,2101,586,103,1546
TCACACCAGGATGTTA-1,35,7732,275,2813
TCACACCAGTTGGCTT-1,169,21086,914,4984
TCACACCCAAACCGGA-1,294,2288,96,1299
TCACACCCAAATGGCG-1,23,5432,345,2065
TCACACCCAACCAATC-1,73,14380,1148,4007
TCACACCCAAGTATCC-1,16388,70,1030,4554
TCACACCCAATTGCCA-1,1345,158,21,1029
TCACACCCACTCATAG-1,52,6981,432,2557
TCACACCCAGTTGGTT-1,422,789,37,845
TCACACCCATCGAACT-1,515,1836,82,1316
TCACACCGTAGTGGCA-1,22,6470,403,2281
TCACACCGTCCTGGTG-1,34,11508,481,3272
TCACACCGTTCTTAGG-1,10146,25,456,3462
TCACACCGTTTCTTAC-1,13989,47,494,4164
TCACACCTCATTTGTC-1,12413,56,768,4177
TCACACCTCTCATTTG-1,54,10752,706,3306
TCACATTAGCCGTAAG-1,9281,30,597,3344
TCACATTCACTCACTC-1,7451,37,674,3052
TCACATTGTATGAGCG-1,37,8214,497,2734
TCACATTGTCTTGAGT-1,38,8804,611,2758
TCACATTTCAGCTTGA-1,48,10314,404,3218
TCACATTTCTCAGAAC-1,2678,96,91,1471
TCACGCTAGAGCATAT-1,45,9202,707,2758
TCACGCTAGGCGATAC-1,33,10350,699,2894
TCACGCTCACAGTATC-1,2471,204,86,1472
TCACGCTGTCGTCAGC-1,798,592,84,989
TCACGCTTCACAGAGG-1,87,18934,1045,4365
TCACGCTTCTTTCCAA-1,17988,43,815,4771
TCACGGGCAACCGGAA-1,73,6934,496,2504
TCACGGGCAGCTTTGA-1,10348,31,682,3510
TCACGGGCAGGGATAC-1,75,16945,908,4310
TCACGGGGTAAGTTAG-1,15073,61,1036,4260
TCACGGGGTGCCCACA-1,36,13601,659,3924
TCACGGGTCAAATGCC-1,92,16717,1020,4525
TCACGGGTCACCGGTG-1,21,10456,592,2953
TCACGGGTCATCACCC-1,24,7403,432,2626
TCACGGGTCATGCCCT-1,6931,26,252,2672
TCACGGGTCCCTCTTT-1,27498,133,2158,6240
TCACGGGTCGGTATGT-1,149,7734,890,2662
TCACGGGTCGTGCTCT-1,76,633,36,520
TCACGGGTCGTGGCGT-1,37,14964,683,3483
TCACTATAGACGGATC-1,20,4067,273,1637
TCACTATAGATCGCCC-1,11651,37,735,3714
TCACTATAGCTCTTCC-1,2040,15,60,1154
TCACTATCAATGTCAC-1,53,821,26,542
TCACTATCACACCGAC-1,7779,32,359,3297
TCACTATCACTCCTTG-1,25,2119,87,1056
TCACTATCACTTGAGT-1,80,16303,745,4321
TCACTATCAGTCAGTT-1,798,1420,112,1363
TCACTATCATATGCGT-1,22981,84,1973,5532
TCACTATCATCATCCC-1,851,608,21,973
TCACTATCATCATTTC-1,36,9906,506,3298
TCACTATGTCTCCTGT-1,5073,15,361,2286
TCACTATTCACCCTTG-1,891,872,36,1199
TCACTATTCGTGTGGC-1,15918,57,1248,4402
TCACTCGAGAGGACTC-1,17,4022,246,1629
TCACTCGAGGTTGGAC-1,8456,22,433,2960
TCACTCGCAACGGCCT-1,74,14494,1079,4139
TCACTCGCAACTCGAT-1,2713,632,174,1844
TCACTCGCAAGCAGGT-1,9501,48,495,3742
TCACTCGCAATCGTCA-1,30,9733,511,2898
TCACTCGGTATTCCGA-1,816,20,771,65
TCACTCGGTCACCGCA-1,457,2238,189,1405
TCACTCGGTGTAGCAG-1,61,12301,1045,3713
TCACTCGTCGGTTAGT-1,15,4903,344,1509
TCACTCGTCTCTCGCA-1,778,1081,36,1176
TCAGCAAAGATACGAT-1,11023,57,984,3687
TCAGCAAAGCAGTCTT-1,7,600,4,411
TCAGCAAAGGCATCAG-1,8651,49,263,3556
TCAGCAAAGGCATGCA-1,336,1500,77,1057
TCAGCAACATGACTCA-1,624,6478,524,2759
TCAGCAAGTGTGATGG-1,21832,87,873,5227
TCAGCAAGTTATCTGG-1,27,8302,21,2043
TCAGCAAGTTCTCCTG-1,3296,449,195,1970
TCAGCAATCACGTCCT-1,98,17869,1000,4358
TCAGCAATCACTCCGT-1,1187,3013,163,2160
TCAGCAATCACTGAAC-1,69,9094,643,3005
TCAGCAATCAGAGCGA-1,21841,86,1347,5114
TCAGCAATCCACGTGG-1,24,6579,320,2476
TCAGCAATCCATAAGC-1,31,6839,406,2269
TCAGCAATCCGGCAAC-1,35,6576,345,2451
TCAGCAATCCTGTAAG-1,232,6100,443,1923
TCAGCAATCGGTCTGG-1,57,18120,769,4306
TCAGCCTAGCTTCGTA-1,14246,71,988,4127
TCAGCCTAGGCAGGTT-1,5312,12,464,2129
TCAGCCTCAAGACAAT-1,61,848,20,591
TCAGCCTCACTAGTAC-1,15395,77,931,4777
TCAGCCTCAGGATTCT-1,2012,226,118,1323
TCAGCCTGTAAGGCTG-1,2761,760,376,1740
TCAGCCTGTGAGATTA-1,105,5947,428,2208
TCAGCCTGTGTACATC-1,52,8914,760,2777
TCAGCCTGTTGAGGAC-1,27130,117,1831,6338
TCAGCCTTCAAAGCCT-1,48,11892,544,3577
TCAGCCTTCACTGCTC-1,577,907,33,1022
TCAGCCTTCGTGTGGC-1,16,4999,344,1745
TCAGCCTTCTCATGCC-1,41,10064,374,3341
TCAGCCTTCTCTAAGG-1,64,14042,1259,4130
TCAGGGCAGGGTCTTT-1,40,6290,501,2162
TCAGGGCCACACAGCC-1,55,14435,1018,3942
TCAGGGCCACGCCAGT-1,40,11042,723,3164
TCAGGGCCACTGAATC-1,11248,32,394,3808
TCAGGGCCAGCCTATA-1,1563,16,92,871
TCAGGGCTCACCTCAC-1,14057,58,778,4430
TCAGGTAAGGGTGGGA-1,3328,11,115,1584
TCAGGTAAGTTGTAAG-1,77,13015,852,3392
TCAGGTACACATCATG-1,7,1158,0,659
TCAGGTATCCGATTAG-1,62,6150,261,2355
TCAGTCCAGGGACTGT-1,22,6914,248,2293
TCAGTCCAGGTCCAGA-1,51,9805,819,3052
TCAGTCCAGTCATGCT-1,8,3106,37,849
TCAGTCCCAATCGAAA-1,209,16098,759,4357
TCAGTCCCAGAAATCA-1,23803,84,1462,5578
TCAGTCCCAGATTAAG-1,33,4724,392,2159
TCAGTCCCATAATCGC-1,18722,64,987,5122
TCAGTCCGTCTCGGAC-1,33,6867,333,2542
TCAGTCCGTGGAAGTC-1,19,9423,545,2932
TCAGTCCGTTATCCAG-1,1496,1183,85,1604
TCAGTCCGTTATGGTC-1,21,862,25,574
TCAGTCCGTTCGGTTA-1,17666,72,1168,4339
TCAGTCCTCACTTATC-1,15919,66,775,4576
TCAGTGACACCGTGCA-1,41,8001,341,2633
TCAGTGAGTCCTCATC-1,19772,56,1013,5272
TCAGTGATCCAGCAAT-1,31,7735,358,2444
TCAGTGATCGAAGCCC-1,27,1545,127,777
TCAGTGATCTCTATAC-1,10730,48,643,3451
TCAGTGATCTCTTGCG-1,11631,34,566,3782
TCAGTGATCTGTCGCT-1,6461,19,255,2492
TCAGTTTAGGCGACAT-1,27,6256,424,2130
TCAGTTTAGGTCGTGA-1,38,8822,641,2608
TCAGTTTCAACCGCCA-1,1870,1160,72,1701
TCAGTTTCACCAGCGT-1,11804,29,854,3952
TCAGTTTCACGGATCC-1,16,5522,1107,2243
TCAGTTTGTATCGAAA-1,6680,15,339,2542
TCAGTTTGTTAGTCGT-1,22,6969,400,2522
TCAGTTTGTTCTTGTT-1,1444,30,62,935
TCATACTAGACTAGAT-1,10772,63,594,3893
TCATACTAGGCGCTTC-1,37,5468,585,2023
TCATACTCACTCTCGT-1,12127,55,500,4002
TCATACTCAGAAACCG-1,183,951,35,744
TCATACTCAGGTTTAC-1,6599,40,843,2479
TCATACTGTAGATTGA-1,11443,36,1003,3749
TCATACTGTATGTCTG-1,680,2221,110,1514
TCATACTGTTTGGCTA-1,2100,11,76,1228
TCATACTTCTGCGTCT-1,25380,103,2291,5712
TCATATCAGCAGGCTA-1,1263,294,34,1039
TCATATCAGGTAGTCG-1,67,16428,1220,3889
TCATATCCAAACCATC-1,15144,75,863,4574
TCATATCCAAACGTGG-1,14641,43,837,4313
TCATATCCACAAAGTA-1,6025,21,277,2445
TCATATCCAGCGGATA-1,20911,77,1479,5513
TCATATCGTCTGGTTA-1,5441,12,475,2109
TCATATCGTGCCTATA-1,2149,17,237,1114
TCATATCGTTGCTCCT-1,19227,51,1084,5147
TCATATCTCCGTGTCT-1,270,4746,234,2009
TCATATCTCGCGAAGA-1,26,6376,319,2320
TCATATCTCGGAGTAG-1,41,5182,564,2205
TCATATCTCTCTGCCA-1,27006,95,1862,6394
TCATCATAGATGGTCG-1,7249,22,573,2549
TCATCATAGCATCAGG-1,3455,22,263,1493
TCATCATAGCCTTTCC-1,6966,42,1101,2671
TCATCATCAAGATGGC-1,18,4845,145,1146
TCATCATCAATTTCGG-1,2377,386,158,1558
TCATCATCACAGAGAC-1,10350,30,864,3036
TCATCATCACTACCGG-1,13,3807,150,1571
TCATCATCAGTAGAAT-1,12555,44,929,4083
TCATCATGTGGATGAC-1,35,7635,294,2710
TCATCATTCGGCATTA-1,15267,67,1207,4469
TCATCATTCTAGTTCT-1,29,5385,469,2097
TCATCCGAGACCCGCT-1,9090,38,411,3403
TCATCCGAGGGTTAGC-1,6395,16,374,2681
TCATCCGAGTATAGGT-1,3881,16,181,1788
TCATCCGAGTTGGAGC-1,14067,47,977,4060
TCATCCGCAAGCACCC-1,17055,64,584,5167
TCATCCGCACGCGCAT-1,3012,1002,155,2024
TCATCCGCAGTCTACA-1,37,9848,699,3020
TCATCCGCATTGTAGC-1,27,5314,291,2203
TCATCCGGTGCGACAA-1,1246,6,598,565
TCATCCGGTGTGTCCG-1,21,7710,474,2553
TCATCCGTCAACCCGG-1,16,4674,335,1798
TCATCCGTCTACACTT-1,28,8114,316,2611
TCATGAGAGACGTCCC-1,7292,24,72,2406
TCATGAGAGCCACTCG-1,56,8885,943,2805
TCATGAGCAAACACCT-1,2547,356,145,1645
TCATGAGGTACACGCC-1,53,11422,782,3198
TCATGAGTCTGGACCG-1,324,1755,210,1110
TCATGAGTCTGTCAGA-1,41,10245,641,2999
TCATGCCAGACGCAGT-1,8884,29,458,3310
TCATGCCAGCAGTAAT-1,16137,52,892,4492
TCATGCCAGCTGCCAC-1,1506,43,61,958
TCATGCCAGGAAGTCC-1,29,5393,508,1981
TCATGCCAGTAGTCTC-1,3014,34,2,1280
TCATGCCAGTCAACAA-1,1084,1140,75,1409
TCATGCCAGTTAACGA-1,6378,16,342,2267
TCATGCCCACTTCAGA-1,18815,67,1058,5235
TCATGCCGTGAGGCAT-1,6001,26,404,2815
TCATGCCTCTGCTCTG-1,69,15582,963,3808
TCATGGAAGACTTCGT-1,42,6468,204,2322
TCATGGACAATACGAA-1,13296,45,633,4318
TCATGGACACGCTATA-1,1678,153,93,1138
TCATGGACATGAGTAA-1,19793,70,976,4908
TCATGGAGTCGACGCT-1,19,5171,291,2093
TCATGGAGTGGATGAC-1,19,7472,376,2414
TCATGGATCGGACTTA-1,9818,46,677,3530
TCATGGATCTCCCATG-1,7539,33,437,2823
TCATGGATCTGATTCT-1,41022,141,2948,6836
TCATGTTAGATTCGAA-1,17,6190,294,2205
TCATGTTCATAGTCGT-1,13431,36,793,3832
TCATGTTCATCTATCT-1,9412,44,490,3344
TCATGTTGTAGTCTGT-1,3964,6687,622,4396
TCATGTTGTGTGAATA-1,19425,137,1383,4954
TCATGTTGTTAGAAAC-1,2701,15,171,1454
TCATGTTTCAGGGTAG-1,10061,83,844,3802
TCATTACAGACAGCGT-1,3196,373,344,1807
TCATTACAGTGTACAA-1,10091,1593,664,4454
TCATTACCAAGAGGCT-1,101,19131,1026,4669
TCATTACCACTCCACT-1,45,7283,380,2486
TCATTACCAGGCGAAT-1,4464,19,217,1876
TCATTACCAGGTAGTG-1,17,4813,279,1946
TCATTACCAGTCCGTG-1,16311,83,1122,4761
TCATTACGTATGCTAC-1,16323,72,982,4751
TCATTACGTGGCTTAT-1,24,536,25,405
TCATTCAAGTTGCCTA-1,24930,77,1284,5767
TCATTCACACAGTCAT-1,11023,37,444,3680
TCATTCACACGCTATA-1,1871,1919,137,1987
TCATTCACAGCTCCTT-1,3247,752,119,2062
TCATTCACATCAGCTA-1,12151,43,692,3674
TCATTCAGTACAGTAA-1,9384,13995,1039,6763
TCATTCAGTATCTCTT-1,6889,66,282,2990
TCATTCAGTTCCAAAC-1,733,2674,131,1662
TCATTGTAGATGGTCG-1,4494,20,295,1900
TCATTGTCAAGGACAC-1,6686,30,424,2495
TCATTGTGTCCACTTC-1,8595,11445,954,7070
TCATTGTTCACCATGA-1,14,4534,295,1617
TCATTGTTCAGAGTTC-1,102,4632,249,1960
TCATTGTTCCTATTTG-1,26,6693,406,2407
TCATTTGCAAGGCCTC-1,416,2262,165,1429
TCATTTGCACAGTCCG-1,37,13281,730,3806
TCATTTGCATGTTACG-1,32,7574,339,2754
TCATTTGGTAGACGTG-1,34,8245,674,2467
TCATTTGGTCGAGATG-1,8631,35,570,3025
TCATTTGTCACCTTGC-1,13,6206,322,2307
TCATTTGTCTCATAGG-1,11700,54,782,3930
TCATTTGTCTGTAAGC-1,61,10258,576,3227
TCCACCAAGAGCAGTC-1,62,10526,688,3064
TCCACCAAGCCTGGAA-1,11,2385,303,603
TCCACCAAGCCTTGAT-1,536,1411,61,1227
TCCACCAAGTACCCTA-1,12625,49,755,4316
TCCACCACAAGAAACT-1,9646,33,468,3301
TCCACCACACGGCTAC-1,71,15735,749,4273
TCCACCACAGAAGTGC-1,34,6659,299,2362
TCCACCACATTGCTTT-1,1068,1215,69,1363
TCCACCAGTAACGTTC-1,1870,1164,84,1739
TCCACCAGTAGGAGGG-1,12415,31,674,3843
TCCACCAGTCCTCATC-1,17534,61,1085,4929
TCCACCAGTCTGATAC-1,76,16176,836,4332
TCCACCAGTGTCCCTT-1,9644,31,618,3669
TCCACGTAGATACGAT-1,10215,54,520,3475
TCCACGTCACCATATG-1,8424,39,433,3245
TCCACGTCAGCGCTTG-1,37,8374,410,2813
TCCACGTGTAGGGAGG-1,7,1064,53,601
TCCACGTGTTCTGACA-1,2633,9,4,1097
TCCACGTTCGAACCTA-1,17373,86,942,4973
TCCACGTTCGAACGGA-1,26,7170,360,2395
TCCACGTTCGTGGGAA-1,15141,53,833,4160
TCCAGAACAACCGATT-1,21003,79,1264,5254
TCCAGAACACAGTGAG-1,7370,22,461,2754
TCCAGAACACCCTATC-1,28608,130,2012,6498
TCCAGAACACCTAAAC-1,2716,327,115,1623
TCCAGAACATAATGCC-1,6242,21,274,2745
TCCAGAACATGTAACC-1,13,5744,472,2010
TCCAGAACATTAAAGG-1,5768,37,1311,2610
TCCAGAAGTGAAGCTG-1,18,5997,444,2159
TCCAGAAGTTCTTAGG-1,27,5551,216,2156
TCCAGAATCACCCTCA-1,550,1675,97,1179
TCCAGAATCCACCCTA-1,3522,17,51,1792
TCCAGAATCCCGTTCA-1,21622,86,742,5622
TCCAGAATCCTACCGT-1,77,12256,663,3738
TCCAGAATCCTTTAGT-1,16348,91,1028,4816
TCCAGAATCGGCGATC-1,6125,24,528,2473
TCCATCGAGATCACCT-1,17,4949,225,1991
TCCATCGAGATCGGTG-1,25,6694,347,2137
TCCATCGCAATCAAGA-1,55,9267,447,2587
TCCATCGCATACTTTC-1,7743,30,460,2922
TCCATCGCATGGGCAA-1,10737,47,946,3609
TCCATCGCATGGTACT-1,69,13797,764,3718
TCCATCGGTCCTGGGT-1,50,7305,305,2536
TCCATCGGTGTAAATG-1,13410,43,1048,4113
TCCATCGTCGAGCTGC-1,6717,29,576,2768
TCCATCGTCGCCAACG-1,9837,32,723,3445
TCCATCGTCGGTAGGA-1,7133,21,412,2768
TCCATCGTCTCATTAC-1,24052,92,1735,5703
TCCATGCAGATACGAT-1,30,6990,411,2266
TCCATGCAGTGGTCAG-1,7433,17,29,2230
TCCATGCCAATATCCG-1,96,17541,909,4360
TCCATGCCACCCTGAG-1,2842,1784,194,2356
TCCATGCCACTCATAG-1,41,11386,792,3437
TCCATGCCAGCCGTTG-1,28,8549,218,2642
TCCATGCGTCACCGAC-1,19,5889,408,2100
TCCATGCTCAACCTTT-1,1206,1281,48,1558
TCCATGCTCACCCTTG-1,29,5382,335,2055
TCCATGCTCGGCAGTC-1,95,27153,1478,5389
TCCCACAAGTATTGCC-1,5826,26,272,2745
TCCCACAAGTCTAGAA-1,13834,26,817,4050
TCCCACACAACAACAA-1,21,3019,324,764
TCCCACACAGAACTTC-1,1384,2439,166,1981
TCCCACAGTACTCGTA-1,35,9865,516,2923
TCCCACAGTTTGTTGG-1,1059,1204,117,1393
TCCCACATCATCAGTG-1,15475,69,680,4523
TCCCACATCTCCGTGT-1,63,13480,866,3577
TCCCAGTAGATGATTG-1,8085,23,460,3059
TCCCAGTAGGCAGGTT-1,14839,47,853,4038
TCCCAGTAGTCAGCGA-1,4789,47,380,2095
TCCCAGTCAAGTTCCA-1,16164,61,825,4798
TCCCAGTCAGCGGTTC-1,1295,2058,215,1842
TCCCAGTGTTGCATGT-1,9151,19,469,3078
TCCCAGTTCAACCGAT-1,1125,1408,159,1426
TCCCAGTTCACATTGG-1,31,7031,271,2318
TCCCAGTTCCACCCTA-1,59,17066,691,4186
TCCCAGTTCTCTTCAA-1,26,8922,588,2688
TCCCATGAGACGGAAA-1,9496,30,819,3332
TCCCATGAGGCTTTCA-1,16235,285,1208,4832
TCCCATGCACAAAGCG-1,30,6825,432,2352
TCCCATGGTATCGCGC-1,7400,22,405,2777
TCCCATGGTCGCATTA-1,68,16816,780,3866
TCCCATGGTTCGTGCG-1,10000,55,207,2991
TCCGAAAAGCAGCACA-1,8878,41,571,3215
TCCGAAACACGGCTAC-1,16974,49,1505,4812
TCCGAAACAGTCAGTT-1,14895,58,1070,4676
TCCGAAACATCCTTGC-1,43,10363,707,2826
TCCGAAACATGGCGCT-1,22,3633,292,1609
TCCGAAAGTGTGACCC-1,5286,27,336,2245
TCCGAAATCTCAACGA-1,58,8433,488,2780
TCCGATCAGAGTAACT-1,84,18280,1035,3999
TCCGATCAGCACTTTG-1,35,9166,380,3138
TCCGATCAGGGTGGGA-1,6870,39,487,2963
TCCGATCCAGCGTACC-1,10720,48,544,3735
TCCGATCGTCACCACG-1,10938,41,839,3457
TCCGATCGTCTTTCTA-1,17,4470,307,1754
TCCGATCGTTCCAAAC-1,66,9152,757,2772
TCCGATCTCAAGTCGT-1,38,8962,573,2816
TCCGATCTCCTACAAG-1,66,10375,825,3399
TCCGATCTCTGCCCTA-1,32,1521,57,849
TCCGGGACACGCTGTG-1,53,12055,546,3202
TCCGGGACAGAGATGC-1,65,12814,998,3410
TCCGGGAGTACCGGCT-1,20659,73,1212,5389
TCCGGGAGTATCGTGT-1,11375,49,847,3596
TCCGGGAGTCTTGCGG-1,19,5153,349,1846
TCCGGGAGTTCACGAT-1,6715,33,487,2715
TCCGGGAGTTTCTATC-1,15023,63,1325,4516
TCCGGGATCGAAGAAT-1,9518,39,379,3346
TCCGGGATCTGTCCGT-1,13,4678,330,1799
TCCGGGATCTTGGAAC-1,14,4265,658,1605
TCCGTGTCAATCGTCA-1,28,7831,421,2334
TCCGTGTCAATCTGCA-1,22340,47,1818,5133
TCCGTGTGTGATGTAA-1,7967,35,486,2925
TCCGTGTTCGCTGCGA-1,24,4745,269,1928
TCCTAATAGACGAGCT-1,2785,13,623,1360
TCCTAATAGGTGATCG-1,6695,28,446,2922
TCCTAATAGTATGATG-1,17,3301,204,1390
TCCTAATCAATGTTGC-1,36,8531,555,2805
TCCTAATGTAGCGTAG-1,84,14902,899,3900
TCCTAATGTCACAGAG-1,13104,69,823,3849
TCCTAATGTCGCTCGA-1,762,1162,108,1152
TCCTAATGTTAGCGGA-1,7975,18,432,3043
TCCTAATTCACATTGG-1,21,5208,367,1981
TCCTAATTCCATTCAT-1,677,1664,48,1347
TCCTAATTCCTCACGT-1,185,1516,43,859
TCCTCCCAGAAGCGAA-1,7790,49,546,2775
TCCTCCCAGATGTTCC-1,1654,14,82,976
TCCTCCCCAAACTGCT-1,1401,2118,157,1775
TCCTCCCCAAGTGGCA-1,32,7301,417,2649
TCCTCCCGTACCATAC-1,11847,56,619,4165
TCCTCCCGTCCTGTCT-1,16177,64,935,4463
TCCTCCCGTGCAATAA-1,15,4218,281,1835
TCCTCCCTCCGAAATC-1,41572,133,2306,7135
TCCTCCCTCCGGTAGC-1,39,8063,534,2919
TCCTCCCTCGCTAAAC-1,67,16968,448,3969
TCCTCGACACTCCGAG-1,18028,63,1219,4587
TCCTCGAGTGGTATGG-1,24,7602,930,2322
TCCTCGATCAGCTGAT-1,70,4722,105,1882
TCCTCGATCGTACACA-1,39,7638,411,2629
TCCTCTTAGACGACGT-1,6558,22,378,2571
TCCTCTTCACACTTAG-1,32,7610,378,2636
TCCTCTTCACCGGCTA-1,555,4,4,461
TCCTCTTCAGACCATT-1,3336,19,370,1761
TCCTCTTCATCACAGT-1,26,5686,326,2189
TCCTCTTTCCGAAATC-1,60,6896,508,2507
TCCTCTTTCTGGGATT-1,1566,2949,320,2311
TCCTGCAAGCACCTGC-1,71,28239,1213,5272
TCCTGCAAGCTCCCTT-1,799,1554,58,1418
TCCTGCAAGTTCATCG-1,18992,83,1113,5227
TCCTGCACAACGTAAA-1,31,4831,292,1926
TCCTGCACAAGTGCAG-1,4325,14,206,1848
TCCTGCACACAAATAG-1,39,10315,403,3240
TCCTGCACACCCTATC-1,95,21048,867,5268
TCCTGCACACGTACTA-1,1625,709,69,1399
TCCTGCACATCGTCCT-1,21836,64,1404,5438
TCCTGCACATGACCCG-1,588,1133,74,1083
TCCTGCAGTAAGTTGA-1,22774,75,1456,5541
TCCTGCAGTGCCCTTT-1,2206,1863,103,2198
TCCTGCAGTTTGCAGT-1,22,7968,517,2695
TCCTGCATCAGAACCT-1,45,7767,438,2743
TCCTGCATCGTTACCC-1,343,924,39,824
TCCTTCTAGACATCAA-1,23,3913,298,1626
TCCTTCTAGTCAGCCC-1,4634,1788,367,2925
TCCTTCTAGTCTTCCC-1,50,7215,248,2736
TCCTTCTCAAGGACAC-1,12457,48,850,3809
TCCTTCTCACACACGC-1,20388,84,1174,5219
TCCTTCTCATCGCCTT-1,85,14635,942,4090
TCCTTCTGTACTAACC-1,47,9457,508,3100
TCCTTCTGTAGAATAC-1,5929,14,405,2331
TCCTTCTGTGGTCTAT-1,22,3449,191,1644
TCCTTCTGTTCAACGT-1,1237,1843,77,1773
TCCTTCTTCTTACCGC-1,2386,3754,269,2794
TCCTTTCAGTATGATG-1,12,3609,149,1462
TCCTTTCTCATCAGTG-1,52,9534,516,3274
TCGAACAAGAATTGTG-1,100,17311,1047,4260
TCGAACAAGCCTGAGA-1,4793,39,1203,2210
TCGAACACAACGATTC-1,11418,39,860,3770
TCGAACACACCCAATA-1,65,10317,1038,3171
TCGAACAGTGAACGGT-1,71,12657,1006,3650
TCGAACAGTTACTCAG-1,666,379,56,811
TCGAACAGTTAGCTAC-1,2921,8,0,1251
TCGAACATCGTTCAGA-1,21,4119,266,1639
TCGAAGTAGGACACTG-1,9,3327,262,1262
TCGAAGTCAAGTGGCA-1,29,7357,567,2359
TCGAAGTCAGGATGAC-1,17113,83,1213,4778
TCGAAGTGTCTTGTCC-1,19,4875,334,1926
TCGAAGTTCAGCGTCG-1,12,3760,236,1661
TCGAAGTTCGCGGACT-1,13,6376,479,2097
TCGACCTAGAAGCTCG-1,19234,62,1194,4783
TCGACCTAGCTCCATA-1,137,29544,1885,5744
TCGACCTGTCGCATTA-1,26,7070,509,2329
TCGACCTGTGGCATCC-1,10847,32,527,3470
TCGACCTGTTTCAGAC-1,175,2344,115,1249
TCGACCTTCAACCTTT-1,19,7176,375,2606
TCGACCTTCCAAAGGG-1,11798,51,653,4026
TCGACCTTCCTTCGAC-1,475,1395,67,1135
TCGACGGAGAGCCATG-1,17,4255,292,1812
TCGACGGAGGATACCG-1,5346,4290,571,3794
TCGACGGAGTTCATCG-1,88,18921,1377,4551
TCGACGGCAAGTATCC-1,4029,785,326,2319
TCGACGGGTGCACGCT-1,13227,43,903,4016
TCGACGGGTTGCCGCA-1,10793,50,858,3808
TCGACGGTCGCCCAGA-1,12700,49,470,4241
TCGACGGTCGTTCGCT-1,26,9848,679,2739
TCGACGGTCTGGCCTT-1,13460,11638,1046,7270
TCGATTTAGAATAGTC-1,11201,53,747,3675
TCGATTTAGACCCGCT-1,13,3889,188,1581
TCGATTTAGCTACTGT-1,82,16334,778,4379
TCGATTTCAAGGGCAT-1,38,11162,631,3279
TCGATTTCAATTGAAG-1,8383,40,909,2931
TCGATTTCAGTTCACA-1,6589,24,323,2601
TCGATTTGTACGTACT-1,33,10286,612,3181
TCGATTTGTCACGTGC-1,42,13096,995,3515
TCGATTTGTGGTAACG-1,33,8588,437,2918
TCGATTTGTTAATGAG-1,45,9978,844,3113
TCGATTTTCTAGATCG-1,15,3072,268,1303
TCGCACTAGAATTGTG-1,23,3586,239,1546
TCGCACTAGAGATTCA-1,8134,32,591,2979
TCGCACTCAATTCACG-1,13002,58,990,4156
TCGCACTCACAGTATC-1,9718,40,732,3511
TCGCACTCAGAAACCG-1,12,8381,373,2723
TCGCACTCATCGATAC-1,1635,16,39,998
TCGCACTCATTGAGGG-1,102,19459,978,4695
TCGCACTCATTGCAAC-1,15012,50,1378,4269
TCGCACTGTCACCGAC-1,41,1214,60,682
TCGCACTGTCTTACTT-1,8010,25,314,3074
TCGCACTGTGTCCTAA-1,13146,36,847,3575
TCGCACTGTTATCTGG-1,21,5212,491,1930
TCGCACTGTTGTAAAG-1,42,8688,694,2789
TCGCACTTCCATACTT-1,16,3906,218,1686
TCGCAGGAGACGAAGA-1,11068,43,365,3493
TCGCAGGAGCATACTC-1,10,1257,1,665
TCGCAGGAGCCGAACA-1,1393,53,38,950
TCGCAGGAGCGAGAAA-1,11178,777,601,3813
TCGCAGGAGTGATCGG-1,18,4380,344,1706
TCGCAGGCAAGCAGGT-1,12383,76,1124,3709
TCGCAGGCACGTACTA-1,50,9866,560,3071
TCGCAGGGTACTTCCC-1,26,4112,325,1641
TCGCAGGGTATTGGCT-1,66,14755,736,3929
TCGCAGGGTGGCTGAA-1,33,9080,822,2477
TCGCAGGTCAAGGCTT-1,7233,16,392,2717
TCGCAGGTCCATCTGC-1,27,4466,276,1751
TCGCAGGTCCCATTTA-1,13204,38,705,4071
TCGCTCAAGAAGCCAC-1,19647,81,665,4957
TCGCTCAAGCACAAAT-1,63,13721,847,3779
TCGCTCAAGCGTATGG-1,8455,35,551,3065
TCGCTCAAGCGTTCCG-1,164,1622,108,899
TCGCTCAAGGACGGAG-1,23,4478,344,1933
TCGCTCACAGATCATC-1,15251,41,803,4519
TCGCTCACATGGTACT-1,14321,55,677,4426
TCGCTCAGTACAGGTG-1,24,7762,389,2665
TCGCTCAGTATCATGC-1,19509,70,1377,5220
TCGCTCAGTGCGGATA-1,7773,25,758,2595
TCGCTCAGTTATGGTC-1,21,7441,233,2579
TCGCTCAGTTCCTAGA-1,6004,23,292,2499
TCGCTCATCATTGGTG-1,9678,33,549,3553
TCGCTCATCGAGATAA-1,13685,68,984,3959
TCGCTCATCTCTCGAC-1,1138,917,79,1351
TCGCTCATCTTTACAC-1,15047,86,1406,4394
TCGCTTGAGATCCAAA-1,57,14991,1092,4010
TCGCTTGAGATGGCGT-1,9398,28,587,3193
TCGCTTGAGTCAGGGT-1,10738,34,535,3472
TCGCTTGCATACTTTC-1,51,9183,573,3167
TCGCTTGCATCTAACG-1,27,8359,777,2677
TCGCTTGCATTGAAAG-1,27,8625,394,2727
TCGCTTGGTAACTTCG-1,13772,9442,1489,7248
TCGCTTGGTATCGATC-1,17079,67,915,4849
TCGCTTGTCCACACAA-1,17909,66,1208,4904
TCGCTTGTCTGGCTGG-1,37,8665,646,2821
TCGGATAAGACCTTTG-1,7465,22,457,2883
TCGGATAAGCAGCCTC-1,9681,36,528,3405
TCGGATACAAGTGCTT-1,18294,54,1000,4937
TCGGATACAGCTACAT-1,15261,82,1167,4681
TCGGATACAGTGGCTC-1,18,4388,393,1521
TCGGATAGTGCGCTCA-1,330,1858,256,1152
TCGGATATCCCATTCG-1,37,7926,817,2384
TCGGATATCGCGTGCA-1,13574,68,956,3880
TCGGGACAGAATTGCA-1,17092,69,1078,4779
TCGGGACAGCAAATGT-1,61,4401,414,1900
TCGGGACAGGGTATAT-1,39,7601,812,2340
TCGGGACAGGTCATTC-1,15628,60,827,4440
TCGGGACCAAGGCAAC-1,32177,103,2229,6259
TCGGGACTCATAGCAC-1,25,4416,281,1757
TCGGGCACAACTACGT-1,24,5809,266,2083
TCGGGCACAATCCAGT-1,11866,27,741,3654
TCGGGCACAGAGCTAG-1,41,7753,553,2639
TCGGGCAGTAGTGATA-1,14343,46,976,4189
TCGGGCAGTCTTACAG-1,8607,40,364,3171
TCGGGCATCAGCAATC-1,820,1654,132,1417
TCGGGCATCCAAAGGG-1,28,6057,263,2221
TCGGGTGCACTGGATT-1,846,1402,160,1347
TCGGGTGTCGCAAGAG-1,6939,21,505,2795
TCGGTCTAGACCCTTA-1,45,9997,463,3223
TCGGTCTAGACTCGAG-1,7233,37,491,2928
TCGGTCTAGAGTGTGC-1,21085,73,1585,5156
TCGGTCTAGTATAACG-1,1133,7,1054,91
TCGGTCTAGTGGCCTC-1,12853,35,496,3859
TCGGTCTAGTGTAGAT-1,82,10256,910,3212
TCGGTCTCACGTTCGG-1,5329,18,302,2275
TCGGTCTCAGAGTAAT-1,13600,67,868,4275
TCGGTCTCAGTCAACT-1,45,5959,486,2119
TCGGTCTCATCAACCA-1,16578,58,641,4803
TCGGTCTCATCGTTCC-1,12125,30,397,3914
TCGGTCTGTCTTCTAT-1,11299,53,881,3515
TCGGTCTTCGGCTTGG-1,103,20059,1480,4431
TCGGTCTTCGTTGTAG-1,37,8851,530,2759
TCGTAGAAGACTCGAG-1,42,7558,576,2546
TCGTAGACAACTGTGT-1,14218,9833,1241,7305
TCGTAGACAGGTTCCG-1,42,8661,453,2743
TCGTAGAGTAGGTGCA-1,13,4047,322,1636
TCGTAGATCCCGTGAG-1,23,3890,294,1690
TCGTCCAAGAAGAGCA-1,21,6426,328,2276
TCGTCCAAGGGAGGCA-1,6401,10525,1157,5937
TCGTCCACACTGGCGT-1,5937,22,167,2490
TCGTCCAGTCCTGTCT-1,19036,63,917,4913
TCGTCCAGTGTTCGAT-1,4083,20,10,1659
TCGTCCATCATAGGCT-1,21,5622,281,2186
TCGTGCTAGCGTGCTC-1,16,3823,277,1386
TCGTGCTAGCTATCTG-1,19,4665,257,1670
TCGTGCTAGGCGATAC-1,14,4188,235,1678
TCGTGCTCACTCCCTA-1,1640,164,163,1130
TCGTGCTGTATGAGCG-1,7,3249,350,1395
TCGTGCTGTTACACTG-1,18,5901,286,2105
TCGTGCTTCCACGTAA-1,23,4904,361,1806
TCGTGCTTCCCTCGTA-1,2247,130,562,1105
TCGTGCTTCTCCTGAC-1,8,3809,273,1414
TCGTGGGAGACATATG-1,29,6023,468,2119
TCGTGGGAGACTTCAC-1,8,3496,163,1498
TCGTGGGCAGCTAACT-1,81,10201,503,3273
TCGTGGGCAGCTCGGT-1,6727,35,370,2853
TCGTGGGCAGTCTTCC-1,22,6727,320,2352
TCGTGGGGTCACCCTT-1,23,6117,552,2156
TCGTGGGGTGAGTTGG-1,21,5559,378,1808
TCGTGGGGTTCTCGTC-1,17,5173,257,2040
TCGTGGGTCACTGTCC-1,14,3992,207,1607
TCGTGGGTCGTGTCAA-1,8,2841,144,1225
TCGTGGGTCTTCGTAT-1,3692,90,152,1851
TCTAACTCACCAGACC-1,8523,37,284,3046
TCTAACTGTGGCATCC-1,19295,78,1249,5014
TCTAACTTCAAGTCGT-1,10183,47,455,3488
TCTAACTTCCCGAAAT-1,23,930,78,549
TCTAACTTCCTCCACA-1,2003,369,61,1386
TCTAACTTCGTCTCAC-1,39,5563,381,2117
TCTACATAGCCTCACG-1,1010,1496,76,1544
TCTACATCAACGAGGT-1,56,13892,667,3817
TCTACATCACCGTACG-1,2730,613,279,1834
TCTACATCACGCTTAA-1,102,492,17,456
TCTACATCACTACCCT-1,97,16039,821,4651
TCTACATGTGACAACG-1,23,5308,305,1983
TCTACCGAGTCATCCA-1,7117,89,813,2705
TCTACCGCAATTGCAC-1,1693,543,53,1398
TCTACCGGTTCCTAGA-1,43,9657,524,2916
TCTACCGTCACCTGTC-1,1201,766,90,1217
TCTACCGTCTCGGGAC-1,23,1413,80,764
TCTACCGTCTGGGCAC-1,19174,48,902,4548
TCTATACAGAGTATAC-1,23,5198,314,2081
TCTATACAGGATTCAA-1,15542,49,826,4575
TCTATACCACGAGGTA-1,44,11595,523,3456
TCTATACGTAGGTGCA-1,59,10891,668,3220
TCTATACGTCTACAGT-1,15377,64,994,4642
TCTATACGTGATGAAT-1,6236,34,445,2655
TCTATACGTGGGAGAG-1,13763,34,1025,3666
TCTATACTCCGGTAAT-1,20,3021,139,1384
TCTATACTCCTTCTAA-1,1589,3552,414,2407
TCTATACTCGATACGT-1,22651,110,1388,5671
TCTATACTCGTTAGTG-1,8173,36,434,3195
TCTATCAAGCACTGGA-1,16051,51,1056,4665
TCTATCAAGGAAGAAC-1,30,8701,778,2639
TCTATCAAGGCTATCT-1,37,6945,468,2475
TCTATCAAGGTACATA-1,29,7148,500,2455
TCTATCAAGGTCGCCT-1,12,2336,68,650
TCTATCAAGTATGTAG-1,7659,37,452,2849
TCTATCACAACGCCCA-1,1475,1707,96,1895
TCTATCACACCGGCTA-1,38,902,18,563
TCTATCACAGACATCT-1,14,3769,263,1583
TCTATCAGTCTTGAAC-1,12126,55,768,4034
TCTATCAGTTACGCCG-1,23,4650,363,1610
TCTATCATCCATCGTC-1,10005,44,668,3882
TCTCACGAGCGACATG-1,24,3926,302,1544
TCTCACGAGGCCTTCG-1,8792,22,566,2981
TCTCACGCAAGGCTTT-1,5408,17,246,2453
TCTCACGTCAGAACCT-1,19165,57,1173,4988
TCTCACGTCATCCTGC-1,18,5425,329,1923
TCTCACGTCCCAGCGA-1,3649,22,261,1806
TCTCAGCAGACGAGCT-1,10257,42,785,3787
TCTCAGCCACTCACTC-1,2674,573,93,1821
TCTCAGCCACTCCACT-1,722,2328,78,1599
TCTCAGCCAGAACTTC-1,5429,15,130,2542
TCTCAGCCAGCTGTCG-1,11390,25,242,3873
TCTCAGCCAGTCCCGA-1,8,527,12,365
TCTCAGCCATAGAATG-1,19,5581,283,2063
TCTCAGCGTCGATTAC-1,8142,15,501,2824
TCTCAGCGTTTGTTCT-1,2891,1295,424,2042
TCTCAGCTCACCATAG-1,60,11223,700,3340
TCTCAGCTCACGGGCT-1,7677,40,1029,2895
TCTCAGCTCTGCATGA-1,32,9439,536,2977
TCTCAGCTCTTCGACC-1,30,7190,336,2634
TCTCCGAAGGCACAAC-1,45,8936,725,2729
TCTCCGAAGGGAACAA-1,7476,35,500,3022
TCTCCGAAGTATGACA-1,9477,27,520,3449
TCTCCGACAACAAAGT-1,291,3652,148,1919
TCTCCGACAACTGTGT-1,25,5370,291,2150
TCTCCGACAAGCAATA-1,8096,38,459,3128
TCTCCGACAGCGTAGA-1,44,7637,753,2680
TCTCCGAGTTGGACTT-1,46,8628,646,2944
TCTCCGATCCAAGCCG-1,2396,469,130,1690
TCTCCGATCGCCGAGT-1,11306,80,681,3535
TCTCCGATCTGTTCAT-1,786,1136,49,1192
TCTCTGGAGCCTCTCT-1,44,8345,411,2929
TCTCTGGAGGCCATAG-1,23,4859,269,1781
TCTCTGGAGTTTGTCG-1,8607,25,608,2799
TCTCTGGCATATTCGG-1,10780,43,777,3552
TCTCTGGGTCCAAATC-1,580,1247,93,1111
TCTCTGGGTCCCTAAA-1,54,9492,604,3217
TCTGCCAAGAGCAGAA-1,3835,529,345,1991
TCTGCCAAGCGACTAG-1,10,1430,1,631
TCTGCCAAGGTTCCGC-1,14254,53,837,4360
TCTGCCAAGTATAGGT-1,44,8523,602,3031
TCTGCCACACGATTCA-1,2728,2972,247,2850
TCTGCCAGTAACTTCG-1,21,5745,469,1953
TCTGCCAGTCCACTTC-1,60,22246,918,4466
TCTGCCAGTCGTGGAA-1,22,4644,245,1845
TCTGCCATCAGTAGGG-1,11380,65,845,3820
TCTGCCATCATTATCC-1,74,15069,918,4138
TCTGCCATCCATCTGC-1,30,8736,697,2684
TCTGGCTAGCATCGAG-1,10,1000,71,417
TCTGGCTCAATTTCCT-1,1531,1958,136,1834
TCTGGCTCACCAGCCA-1,21,4425,281,1847
TCTGGCTCACTTGTCC-1,5436,558,273,2717
TCTGGCTGTCGGTACC-1,19130,44,1045,4577
TCTGGCTGTCTCAGAT-1,41,12086,674,3685
TCTGGCTGTTGAGGAC-1,82,16204,843,4165
TCTGTCGAGAAAGCGA-1,44,11397,522,2995
TCTGTCGAGAGAGTGA-1,36,7455,417,2490
TCTGTCGCATACCAGT-1,12545,58,937,4066
TCTGTCGGTATTTCCT-1,18,5664,218,2125
TCTGTCGGTCCGGATC-1,56,12923,623,3820
TCTGTCGGTTTACGAC-1,38,7332,504,2580
TCTGTCGTCATGGTAC-1,74,9691,474,3290
TCTGTCGTCCGCAAAT-1,7114,23,362,2835
TCTGTCGTCTAGTGTG-1,15,3484,288,1598
TCTTAGTAGATGCTAA-1,2621,7,37,1174
TCTTAGTCAAATTGGA-1,4953,16,311,2187
TCTTAGTGTCCACAGC-1,27569,7071,1889,8290
TCTTAGTTCATCCTAT-1,3138,311,132,1752
TCTTAGTTCCCATTTA-1,21,6573,264,2138
TCTTAGTTCGGACAAG-1,5924,22,441,2518
TCTTAGTTCTGTGCTC-1,37,10435,428,2913
TCTTCCTAGATTGTGA-1,14,2426,174,1059
TCTTCCTCAACCCTCT-1,29,6127,308,2481
TCTTCCTCAACGCCCA-1,39,9919,532,3445
TCTTCCTCACATAGCT-1,1869,149,25,1268
TCTTCCTGTACTGCGC-1,5904,31,397,2324
TCTTCCTGTCACAGAG-1,56,7668,577,2623
TCTTCCTTCAGATGCT-1,8,3584,250,1512
TCTTCCTTCCCACAGG-1,11180,27,474,3727
TCTTCCTTCCCATTTA-1,22967,95,1374,5996
TCTTCCTTCTCATTGT-1,24,3195,193,1409
TCTTGCGAGAAGCGGG-1,15,3277,354,1354
TCTTGCGAGAAGTCAT-1,21380,85,1649,5298
TCTTGCGAGCCTGACC-1,10149,29,644,3231
TCTTGCGAGCTGACTT-1,10575,49,405,3629
TCTTGCGAGTATTGCC-1,19,4195,201,1712
TCTTGCGCACAGCTTA-1,47,12577,526,3653
TCTTGCGCAGAATTCC-1,1336,5,43,935
TCTTGCGGTGATTCTG-1,15,6215,311,2361
TCTTGCGGTTTGTTCT-1,9440,33,600,3050
TCTTGCGTCTAGACCA-1,19,3038,415,1251
TCTTGCGTCTGGAAGG-1,8061,18,516,2849
TCTTTGACAACCCGCA-1,9970,44,655,3303
TCTTTGAGTAACGGTG-1,5200,17,255,1986
TCTTTGATCATTACCT-1,2475,37,119,1425
TCTTTGATCCCTCGAT-1,3632,16,227,1771
TCTTTGATCCGTTGGG-1,63,12912,1071,3377
TGAACGTAGAGACAAG-1,6203,20,272,2574
TGAACGTAGTTCACTG-1,3474,2394,533,2567
TGAACGTCAGAACTAA-1,279,7961,762,2700
TGAACGTCAGTAGAGC-1,30,6733,413,2275
TGAACGTCATACGCAT-1,14215,36,986,4305
TGAACGTGTCTCTCTG-1,17,1317,94,745
TGAACGTGTCTGTGTA-1,10556,30,357,3698
TGAACGTTCAGACATC-1,11806,41,637,4116
TGAACGTTCTCGTCGT-1,15,5518,317,1870
TGAATCGCAGAGAAAG-1,15943,95,1139,4460
TGAATCGGTAGATTAG-1,35,7771,1385,2374
TGAATCGTCACCTCTG-1,12234,111,1171,3802
TGAATCGTCACTTCTA-1,22,5464,294,2040
TGAATCGTCGAGTTGT-1,20,4802,345,1828
TGAATGCAGAATCTAG-1,1616,6,198,934
TGAATGCAGGACTTCT-1,36,7291,257,2658
TGAATGCAGGGCTTCC-1,10104,47,615,3561
TGAATGCCAGTCTTCC-1,51,11134,496,3381
TGAATGCCATACCGTA-1,13,2183,157,637
TGAATGCCATTACTCT-1,2065,252,106,1389
TGAATGCGTATTGACC-1,66,19398,1199,4340
TGAATGCGTCATCGCG-1,18,2248,280,595
TGAATGCGTCATCGGC-1,12827,30,789,3862
TGAATGCGTGAACTAA-1,14676,48,802,3822
TGAATGCTCAAGAGGC-1,13563,59,876,3981
TGAATGCTCACGTAGT-1,3332,511,310,1999
TGAATGCTCCCTCTAG-1,60,13666,895,3640
TGAATGCTCCGAGTGC-1,606,1492,184,1194
TGACAGTAGACCATAA-1,7637,28,558,2903
TGACAGTAGGGAGGGT-1,26,5219,392,1987
TGACAGTAGTTAGTGA-1,24,6519,425,2253
TGACAGTCAGTGACCC-1,16931,59,1061,4449
TGACAGTCATACCACA-1,63,11170,500,3438
TGACAGTCATTGACCA-1,7676,38,344,3130
TGACAGTGTTCTCACC-1,25,6035,370,2232
TGACAGTTCCTAGCTC-1,13565,57,821,4218
TGACAGTTCTCGAACA-1,55,11665,598,3402
TGACCCTAGCCATTGT-1,9799,31,636,3046
TGACCCTAGTGTTCCA-1,22087,81,1761,4983
TGACCCTGTAGAATGT-1,7771,40,388,3040
TGACCCTGTCCACTTC-1,45,8939,429,3103
TGACCCTGTTAGGACG-1,238,9527,596,3051
TGACCCTGTTTCACTT-1,41,7508,334,2728
TGACGCGCATCGCTGG-1,21,4328,318,1482
TGACGCGGTAACTAAG-1,15135,64,1331,4258
TGACGCGGTGAGTTTC-1,9371,27,679,3044
TGACGCGGTGTTAAAG-1,30,8087,511,2771
TGACGCGGTTCTCCCA-1,22,5697,229,2062
TGACGCGGTTCTCGTC-1,142,995,55,718
TGACGCGTCCAAGCTA-1,41,14221,569,3581
TGACGCGTCGGTCATA-1,5798,16,383,2183
TGACTCCAGCCTCCAG-1,21176,67,1287,5422
TGACTCCAGGCCCGTT-1,19677,72,927,5134
TGACTCCAGTAAACGT-1,3205,26,219,1646
TGACTCCCATATGCGT-1,17076,42,893,4315
TGACTCCGTATGCGGA-1,32,9892,705,3064
TGACTCCGTCCTCCTA-1,1311,2039,124,1884
TGACTCCGTGAGAGGG-1,36,10652,599,2997
TGACTCCGTGAGGATC-1,15556,61,614,4259
TGACTCCGTGTTCCTC-1,27,7480,484,2598
TGACTCCTCACGATAC-1,551,2424,160,1501
TGACTCCTCCAACTGA-1,24,4993,243,1910
TGACTCCTCGATTCCC-1,16729,73,1060,4429
TGACTCCTCTGAGTCA-1,11786,38,631,3625
TGAGACTAGAGCTGAC-1,15898,2316,990,5403
TGAGACTAGGATACCG-1,14880,59,1045,4434
TGAGACTCAAACAGGC-1,46,10282,745,3182
TGAGACTCAACCACGC-1,42,10535,564,3182
TGAGACTCAATTTCTC-1,54,13535,644,3391
TGAGACTCACTGTGTA-1,272,1103,43,890
TGAGACTCAGCTGCCA-1,1814,701,128,1564
TGAGACTCATGTCAGT-1,45,7517,442,2675
TGAGACTGTCGTGTTA-1,5242,15,393,1992
TGAGACTGTTCTAAGC-1,55,9004,477,3018
TGAGACTTCAAGGACG-1,6974,21,413,2422
TGAGACTTCGTAACAC-1,8961,47,947,3009
TGAGACTTCGTAGCCG-1,10064,33,556,3124
TGAGCATGTCGATGCC-1,31,8833,559,3093
TGAGCATGTCTTGGTA-1,13,3556,297,1534
TGAGCATTCAAGCCTA-1,559,1903,204,1310
TGAGCATTCACGAGGA-1,7540,22,435,2821
TGAGCATTCCGTCCTA-1,5965,23,228,2501
TGAGCATTCGGCTATA-1,25,7708,543,2658
TGAGCATTCTATCGGA-1,45,9078,674,2797
TGAGCGCAGGGCAAGG-1,21,6882,500,2219
TGAGCGCAGTAATTGG-1,73,17251,1161,3971
TGAGCGCAGTCACTGT-1,14,4810,346,1754
TGAGCGCAGTTAACAG-1,35,6588,667,2277
TGAGCGCAGTTGTACC-1,14371,43,1327,4056
TGAGCGCCAACTGCTA-1,49,858,49,556
TGAGCGCCAGAAGTTA-1,778,23,734,65
TGAGCGCCAGGACATG-1,17554,19345,2359,9296
TGAGCGCGTAGAATAC-1,34,9683,662,2915
TGAGCGCGTCGCTCGA-1,8330,17,457,2934
TGAGCGCGTGAGACCA-1,10683,41,919,3829
TGAGCGCGTTATTCCT-1,994,2366,372,1207
TGAGCGCTCGTCACCT-1,25,5193,424,1967
TGAGGAGAGCTGTTAC-1,40,9674,782,2693
TGAGGAGAGCTTTCTT-1,13256,42,972,4081
TGAGGAGCACCCTAGG-1,15393,53,1158,4098
TGAGGAGCACGCTATA-1,17,4518,251,1864
TGAGGAGGTAGTGATA-1,34,8229,518,2598
TGAGGAGTCAAACGAA-1,16377,42,1039,4554
TGAGGAGTCACCCTCA-1,17311,17633,2419,8779
TGAGGAGTCTCATTAC-1,115,24105,1217,4740
TGAGGAGTCTGGTCAA-1,24296,107,1940,5445
TGAGGGAAGATTACCC-1,14157,65,753,4366
TGAGGGAAGCGTGTTT-1,68,11959,673,3338
TGAGGGAAGGACAACC-1,7010,23,410,2675
TGAGGGAAGTATTGCC-1,10974,48,629,3662
TGAGGGACAAGGAGTC-1,13291,50,1257,4095
TGAGGGACACCGCTAG-1,107,12027,774,3615
TGAGGGACAGAATTCC-1,89,12856,756,3560
TGAGGGACAGGTTTAC-1,8274,41,2,2766
TGAGGGACATGACAGG-1,6,2669,194,1050
TGAGGGATCCGCCTAT-1,96,14790,841,4102
TGAGGGATCGTTCGCT-1,19,4554,343,1537
TGAGGTTAGATGGCGT-1,8119,32,391,2928
TGAGGTTCAAGAGTAT-1,5939,20,413,2494
TGAGGTTCAATGACCT-1,31,8545,563,2812
TGAGGTTCAATGCAAA-1,14,5399,386,1933
TGAGGTTGTCGCAGTC-1,14240,106,861,4402
TGAGGTTTCAACGCTA-1,46,11653,443,3469
TGAGGTTTCCGGTAGC-1,6129,25,363,2436
TGAGGTTTCGATTCCC-1,7892,30,430,2918
TGAGTCAAGCCGAATG-1,20134,66,860,4963
TGAGTCAAGGCATGCA-1,13401,58,439,3888
TGAGTCAAGGGTCAAC-1,11776,171,645,4094
TGAGTCACACTCATAG-1,20526,5242,1358,6649
TGAGTCACAGCAGAAC-1,70,18258,900,4647
TGAGTCACATGGGATG-1,20081,94,933,5138
TGAGTCAGTCCGGATC-1,30,9543,1059,3037
TGAGTCAGTCTACATG-1,9914,54,759,3873
TGAGTCATCCACAGCG-1,11849,35,894,3622
TGAGTCATCTGGTGGC-1,46,9527,707,2857
TGATCAGAGATCACTC-1,6054,21,325,2550
TGATCAGCAACTGAAA-1,87,1020,32,718
TGATCAGCAGAGTCAG-1,27,7602,390,2551
TGATCAGGTTACAGCT-1,4703,22,267,1964
TGATCAGGTTCGTTCC-1,29,5440,368,2111
TGATCAGTCGCTTGAA-1,18,793,220,443
TGATCAGTCTAGACAC-1,42,1670,83,854
TGATCAGTCTCGCTCA-1,13261,44,706,4016
TGATCAGTCTCTCAAT-1,37,8286,475,2885
TGATCTTAGGCGCTTC-1,55,15064,1072,3804
TGATCTTCAAATGAAC-1,39,8165,648,2697
TGATCTTGTAACAGGC-1,784,23,704,94
TGATCTTGTATCGTAC-1,9255,41,535,3508
TGATCTTTCCAAATGC-1,59,5050,420,1942
TGATCTTTCCAACTGA-1,68,13124,859,3478
TGATCTTTCCTAGCTC-1,43,872,43,579
TGATGCAAGGCAATGC-1,27,7483,550,2420
TGATGCAAGGTAGTCG-1,65,11484,837,3272
TGATGCACAGAAGCGT-1,6682,4126,831,4339
TGATGCAGTACCGCGT-1,10916,41,965,3754
TGATGCAGTATCAAGA-1,5556,22,378,2338
TGATGCATCACCCTCA-1,12399,57,979,3998
TGATGCATCACGGACC-1,1110,2704,210,1958
TGATGCATCAGTGTTG-1,35,6751,483,2350
TGATGCATCCCGAGGT-1,47,9060,714,2836
TGATGCATCTAACACG-1,4820,2295,314,3136
TGATGGTAGTCATGGG-1,22,7152,689,2154
TGATGGTAGTCCCGAC-1,9127,43,773,3160
TGATGGTCAAATCGGG-1,36,5869,603,2168
TGATGGTCACAACCGC-1,13309,56,774,4350
TGATGGTCACGTATAC-1,136,1495,73,965
TGATGGTGTCAAAGAT-1,36,8473,717,2743
TGATGGTTCCAGTGTA-1,63,13009,739,3722
TGATGGTTCCTCTTTC-1,40,9461,311,3055
TGATGGTTCGAACCAT-1,25,1028,46,611
TGATTCTAGACCATTC-1,17,5198,236,1974
TGATTCTAGACGCAGT-1,20,3644,264,1606
TGATTCTAGGTTCCAT-1,60,8384,461,2824
TGATTCTCAAAGGGTC-1,7599,36,355,2808
TGATTCTCAGTGGGTA-1,10342,46,1206,3552
TGATTCTCATCCTTCG-1,27,7175,302,2605
TGATTCTCATGGTGGA-1,22,4023,307,1624
TGATTCTGTCGTGGAA-1,51,11672,943,3216
TGATTCTGTGCCAAGA-1,38,9945,641,2904
TGATTCTGTTGCGGAA-1,13,1494,9,624
TGATTCTGTTTACCAG-1,13799,49,697,4215
TGATTCTTCGAGAGAC-1,22,4697,312,1826
TGATTCTTCGATAACC-1,41,8373,514,2751
TGATTCTTCGCTAAAC-1,16515,49,625,4931
TGATTCTTCGGTCTGG-1,17,4099,345,1621
TGATTCTTCGTAGGAG-1,17,4966,286,1823
TGATTTCAGAGATCGC-1,52,9913,906,2849
TGATTTCGTAAGCAAT-1,31,8037,476,2675
TGATTTCGTATCGCTA-1,41,9406,468,2992
TGATTTCGTCGTTGCG-1,10323,40,1134,3526
TGATTTCTCATAGAGA-1,15,1908,169,968
TGCACGGAGAGGCCAT-1,27,6103,591,2105
TGCACGGAGATGACCG-1,11177,39,916,3589
TGCACGGAGCTGAAGC-1,89,11982,630,3452
TGCACGGAGGGCAACT-1,89,11165,603,3029
TGCACGGAGGTTCTTG-1,13809,57,883,4014
TGCACGGCACCGAATT-1,3292,12,1,1313
TGCACGGCACTACCCT-1,21,8754,470,2867
TGCACGGCATAGAATG-1,1848,1998,413,2022
TGCACGGCATCGTTCC-1,153,10212,455,3448
TGCACGGGTCAGATTC-1,13094,46,1009,4006
TGCACGGGTTTAGTCG-1,17,6026,451,2041
TGCACGGTCACCCTCA-1,348,952,55,858
TGCACGGTCGCGTGAC-1,19990,86,1248,5196
TGCAGATAGCATCTTG-1,23,4377,273,1738
TGCAGATAGCATTTCG-1,14045,5335,1084,6216
TGCAGATCAATGTTGC-1,13947,54,935,3957
TGCAGATCACCAGCCA-1,20391,81,1215,5512
TGCAGATCACGACGTC-1,51,7671,734,2555
TGCAGATGTTTACTTC-1,13,4852,214,1917
TGCAGATTCACCGGTG-1,45,16153,736,3918
TGCAGGCAGCTGAAAT-1,14013,66,544,4375
TGCAGGCAGGACACTG-1,23,6293,453,2168
TGCAGGCCACTCACTC-1,16760,48,969,4797
TGCAGGCCATCGAAGG-1,23757,78,2480,5911
TGCAGGCGTGCGTGCT-1,28,7682,416,2382
TGCAGGCTCGGTAAGG-1,58,11665,773,3538
TGCAGGCTCGGTCAGC-1,26,1697,137,788
TGCAGGCTCTCCGAGG-1,1553,608,171,1389
TGCAGTACACATACGT-1,22,6333,514,2022
TGCAGTACACCTGCGA-1,22,6669,336,2397
TGCAGTAGTAAGGCCA-1,48,10433,806,3114
TGCAGTAGTAGCACAG-1,55,11269,996,3108
TGCAGTATCGATACAC-1,43,13076,646,3243
TGCAGTATCGCCTTGT-1,61,11160,635,3575
TGCATCCAGCTTAAGA-1,3696,273,283,1810
TGCATCCCACACACGC-1,11,1899,1,893
TGCATCCCACCTTCGT-1,15,4695,250,1886
TGCATCCCACTTCATT-1,797,6697,452,2968
TGCATCCGTCGCCTAG-1,14,4312,289,1881
TGCATCCTCAATCTCT-1,56,8772,830,2966
TGCATCCTCCCACAGG-1,15983,61,718,4623
TGCATCCTCCTTCTGG-1,12188,40,389,3948
TGCATCCTCTGATTCT-1,15582,62,975,4648
TGCATGAGTAACGATA-1,1759,297,84,1286
TGCATGAGTAGGCTGA-1,17789,78,1376,4629
TGCATGAGTCGGTGTC-1,5110,13,329,2219
TGCATGAGTCTAGGTT-1,13473,62,826,4310
TGCATGAGTTCAGGTT-1,565,57,24,503
TGCATGATCCTCAGAA-1,19,6812,318,2226
TGCATGATCGAAGGAC-1,12830,39,529,4145
TGCATGATCGCTGATA-1,9632,46,378,3370
TGCATGATCTGGTGGC-1,122,397,17,407
TGCCGAGAGACGAGCT-1,13641,57,1209,3869
TGCCGAGAGTAGATCA-1,15,4255,303,1715
TGCCGAGAGTTGGCGA-1,26,9161,453,2607
TGCCGAGCATCCGATA-1,22,1503,150,782
TGCCGAGGTCCTGGGT-1,44,12569,641,3818
TGCCGAGGTGCTTCAA-1,14291,56,992,4352
TGCGACGAGCCGAATG-1,19,6984,468,2252
TGCGACGCAACCGCTG-1,3402,685,299,2101
TGCGACGCAACGAGGT-1,24,2944,446,1195
TGCGACGCAGATGCGA-1,12395,35,737,3585
TGCGACGCAGCAGACA-1,78,18319,1247,4281
TGCGACGCAGCAGATG-1,37,10838,724,2955
TGCGACGCAGGCTTGC-1,891,10,11,697
TGCGACGCAGTCGCTG-1,27652,73,1554,5770
TGCGACGGTATCAAGA-1,52,11178,950,3120
TGCGACGGTTGGATCT-1,12758,58,607,4040
TGCGACGTCAGACCTA-1,20,6755,331,2233
TGCGACGTCGCTTGCT-1,66,19702,1104,4757
TGCGATAAGAGCAGCT-1,10419,35,843,3555
TGCGATAAGATACGAT-1,10100,64,840,3295
TGCGATAAGCATCAAA-1,13125,48,765,4234
TGCGATAAGCCTCACG-1,2651,1645,223,2341
TGCGATACATCTTCGC-1,30,8761,363,2934
TGCGATAGTAAGATAC-1,63,15572,733,3658
TGCGATAGTACGACAG-1,25,5581,374,2088
TGCGATAGTTCACGAT-1,38,9010,918,2772
TGCGATAGTTGCCGCA-1,9036,28,505,3144
TGCGATATCAGACTGT-1,22,4794,353,1823
TGCGATATCGCTACAA-1,14180,70,1179,4347
TGCGGCAAGACGGAAA-1,45,12724,850,3385
TGCGGCACATCTAACG-1,33159,120,1720,6694
TGCGGCAGTAGCGTCC-1,10574,23,773,3596
TGCGGCAGTATGAGAT-1,43,7046,228,2758
TGCGGCAGTATGGTAA-1,25,6513,533,2115
TGCGGCAGTGTAAACA-1,1415,2103,394,1749
TGCGGCATCGCTGCGA-1,15370,55,1181,4699
TGCGGCATCTCTGACC-1,19,4980,396,1891
TGCGGGTAGGCCGCTT-1,11165,39,769,3666
TGCGGGTGTAGGGAGG-1,6659,22,551,2737
TGCGGGTGTCACAGTT-1,36,1134,105,643
TGCTCCAAGATAGCTA-1,16035,55,961,4287
TGCTCCAAGTCAGCGA-1,9856,1047,768,3933
TGCTCCAAGTTTGGCT-1,37,9170,563,2724
TGCTCCACACATTCGA-1,61,15534,924,3653
TGCTCCACACCCAAGC-1,34,8845,387,2698
TGCTCCAGTATGTCCA-1,19102,67,1260,5026
TGCTCCAGTCCGGACT-1,36,9940,680,3172
TGCTCCAGTGCACATT-1,76,12219,865,3526
TGCTCCATCCTCACTG-1,373,704,39,744
TGCTCCATCGCTTACC-1,1363,2548,188,1959
TGCTCGTCACAGTCAT-1,3250,9,209,1405
TGCTCGTCACGATAGG-1,21,5794,228,2163
TGCTCGTTCATTCTTG-1,61,14722,714,4313
TGCTCGTTCCACCTGT-1,22,6465,260,2428
TGCTCGTTCGTCAAAC-1,16,7353,431,2526
TGCTCGTTCTTGAACG-1,565,1741,127,1278
TGCTGAAAGCGCATCC-1,23503,88,1427,5382
TGCTGAACACCAAATC-1,38,7078,411,2480
TGCTGAACAGTCCGTG-1,7464,17,292,2558
TGCTGAACATCGCTCT-1,36,9946,477,3165
TGCTGAACATGGCACC-1,10488,36,478,3625
TGCTGAACATGTCAGT-1,53,10036,634,3025
TGCTGAAGTGAACCGA-1,5415,111,585,2371
TGCTGAAGTGGCTTGC-1,37,9739,917,2728
TGCTGAAGTTCTCGTC-1,16,4514,355,1764
TGCTGAATCAAATAGG-1,35,10300,516,3147
TGCTGAATCCTTGAAG-1,43,8771,713,3008
TGCTGAATCTACCAGA-1,30,4788,163,1600
TGCTTCGCACCTATCC-1,51,14456,507,3933
TGCTTCGGTAGCGAGT-1,13817,54,814,4205
TGCTTCGGTGGATCGA-1,7492,19,409,2794
TGCTTCGGTGGGCTCT-1,51,11084,791,3469
TGCTTCGGTTCGGTAT-1,8570,29,723,2967
TGCTTCGTCAGGAACG-1,11879,30,1002,3498
TGCTTCGTCCGCACTT-1,49,15584,579,3846
TGCTTCGTCGCCGAGT-1,22,4211,301,1572
TGCTTGCAGGTTGCCC-1,9812,49,381,3505
TGCTTGCAGTCCCAGC-1,17927,92,1208,5246
TGCTTGCCAGTAGGAC-1,13,4059,444,1700
TGCTTGCCATCCGATA-1,15142,39,815,4211
TGCTTGCCATGAATCC-1,452,1611,143,1193
TGCTTGCGTCCATCTC-1,12696,49,616,4042
TGCTTGCGTTGTGTTG-1,20,4706,314,1909
TGCTTGCTCACACCCT-1,28,1666,164,842
TGCTTGCTCCTTCACG-1,902,124,75,740
TGGAACTAGCCGCACT-1,326,3226,239,1640
TGGAACTCACCACTGG-1,8861,33,486,3236
TGGAACTCAGCGTTGC-1,16,6721,401,2264
TGGAACTGTACCGGAA-1,10730,39,800,3756
TGGAACTGTGCTATTG-1,13503,60,892,4232
TGGAACTTCCATACTT-1,18,3414,129,1404
TGGAACTTCGGCCCAA-1,9509,36,503,3170
TGGAACTTCTGTCAGA-1,50,9309,337,3072
TGGAGAGTCAGTCTTT-1,71,12301,803,3328
TGGAGAGTCAGTGCGC-1,4,1128,211,581
TGGAGAGTCATTATCC-1,49,9063,630,2983
TGGAGGAAGAAATTGC-1,8446,8273,1565,5222
TGGAGGACAAACGGCA-1,43,13129,857,3642
TGGAGGACATCCCACT-1,34,12117,671,3285
TGGAGGACATGACAGG-1,15552,43,1095,4194
TGGAGGAGTCTGTCAA-1,76,13699,814,3526
TGGAGGAGTGCCCACA-1,13871,40,1064,4203
TGGAGGAGTGTAGTGG-1,7128,33,461,2752
TGGAGGAGTTAGAGTA-1,9750,33,671,3338
TGGAGGATCCCAAGTA-1,26,7955,560,2306
TGGAGGATCGTGGCGT-1,98,12490,956,3552
TGGAGGATCTGGACCG-1,3659,3470,627,3095
TGGAGGATCTTACACT-1,450,2129,231,1176
TGGATCAGTGACAACG-1,15,2745,121,1084
TGGATCAGTTCGGCTG-1,30,8786,712,2746
TGGATCAGTTCGTAAC-1,66,14236,873,3876
TGGATCATCAATCTTC-1,21972,86,1306,5657
TGGATCATCGCTAATG-1,17830,75,1351,4671
TGGATGTCAACGCCCA-1,32,11555,562,3412
TGGATGTGTGAGATAT-1,62,9293,785,2829
TGGATGTTCCAATGCA-1,46,9665,508,2718
TGGATGTTCTCCCTAG-1,86,15586,920,4324
TGGATGTTCTGGGTCG-1,17,5323,271,1990
TGGCGTGAGCCGATAG-1,1236,6,41,886
TGGCGTGAGGCGTTGA-1,200,9769,359,2904
TGGCGTGAGTAGCTCT-1,19,5904,273,2129
TGGCGTGGTACTCGAT-1,27,6039,483,2152
TGGCGTGGTTAGGCCC-1,70,13146,1455,3179
TGGCGTGTCAATCCAG-1,18,5239,430,1924
TGGCGTGTCACTGAAC-1,16350,117,671,4175
TGGCGTGTCCTATTGT-1,62,11967,634,3257
TGGCGTGTCGCACGAC-1,5839,12,251,2373
TGGCGTGTCTTCTAAC-1,13045,9042,1849,6955
TGGGAAGAGGAGTATT-1,15503,53,975,4219
TGGGAAGAGGCTTTCA-1,4,3954,228,1582
TGGGAAGAGGTACTGG-1,14056,63,740,3999
TGGGAAGTCCTATGGA-1,67,12238,735,3538
TGGGAAGTCTGCGGCA-1,10245,36,790,3279
TGGGAGAAGGACGCTA-1,9963,31,410,3113
TGGGAGAAGGCCGCTT-1,57,14010,928,3724
TGGGAGAAGTCCGTCG-1,14,5837,371,2056
TGGGAGAAGTCCTGCG-1,8175,32,555,3071
TGGGAGACAAGAATAC-1,45,6066,383,1950
TGGGAGAGTAGATTGA-1,65,11151,1319,3078
TGGGAGATCTCTCCGA-1,76,15240,916,3853
TGGGATTAGACTCATC-1,57,9832,641,2914
TGGGATTAGCGCCTTG-1,27,8483,639,2802
TGGGATTCAACTCGTA-1,12827,60,810,3759
TGGGATTCACTGTGAT-1,19,6580,225,2370
TGGGATTCAGCGACAA-1,70,13735,633,3702
TGGGATTCATCACCAA-1,33,7359,411,2599
TGGGATTCATCGGTTA-1,39,7823,611,2844
TGGGATTGTAGGCAGT-1,86,15231,1009,4086
TGGGATTGTGGATCAG-1,6645,38,606,2818
TGGGATTGTTCTTGTT-1,12590,48,785,4111
TGGGATTTCAAACGTC-1,10894,35,602,3759
TGGGCGTAGAGAGTGA-1,9842,16043,1887,7636
TGGGCGTAGCTAATGA-1,17,4303,269,1618
TGGGCGTAGGCAGTCA-1,32839,119,1190,6268
TGGGCGTAGGTAAGGA-1,10902,42,847,3751
TGGGCGTCAAATAGCA-1,39,9478,614,2846
TGGGCGTCATCGGCCA-1,21,6864,182,2314
TGGGCGTCATGCACTA-1,44,9407,695,3023
TGGGCGTGTCTCCTGT-1,25,6570,355,2265
TGGGCGTGTGCTAGCC-1,12453,50,861,3966
TGGGCGTTCATTCTTG-1,14253,66,952,4597
TGGGCGTTCCTTCTGG-1,8099,46,489,3216
TGGGCGTTCCTTTAGT-1,78,16964,573,4031
TGGGCTGAGTCCGCCA-1,30647,85,1472,6108
TGGGCTGAGTGGAAAG-1,9151,26,481,3032
TGGGCTGCAAGTGGAC-1,29,6816,576,2329
TGGGCTGGTATCGCTA-1,394,945,41,892
TGGGCTGGTCGATTAC-1,10954,38,1069,3879
TGGGCTGGTCTAATCG-1,76,16089,985,4177
TGGGCTGGTGATTGGG-1,1803,7465,661,3618
TGGGCTGTCCGACAGC-1,22,7819,426,2524
TGGGCTGTCCTGTAGA-1,9,2222,124,1100
TGGGTTAAGGCGACAT-1,13344,96,1087,4103
TGGGTTAAGTCTAGCT-1,29,11976,427,3136
TGGGTTACAGAGCCCT-1,59,10168,803,2989
TGGGTTACAGTCAGTT-1,36,10319,649,2999
TGGGTTAGTCCGAAAG-1,59,16708,938,4174
TGGGTTAGTGGTCTTA-1,11228,50,791,3644
TGGGTTATCACCTGGG-1,76,17919,1187,4391
TGGGTTATCGGACGTC-1,31853,89,2247,6436
TGGTACAAGACAACTA-1,17579,951,778,5035
TGGTACAGTAGCGCCT-1,451,3148,212,1616
TGGTACAGTAGCGTCC-1,13,4873,371,1900
TGGTACAGTCGGCACT-1,35,7122,476,2329
TGGTACAGTGTATTCG-1,142,1184,87,825
TGGTACAGTGTTATCG-1,12887,41,756,3796
TGGTACATCCATTTAC-1,2814,22,1,1288
TGGTACATCGCTGCGA-1,15,4426,334,1683
TGGTAGTAGGTAAAGG-1,9266,38,450,3256
TGGTAGTAGGTTGGTG-1,15004,64,913,4395
TGGTAGTCACTACTTT-1,41,4941,320,1919
TGGTAGTGTAGAGACC-1,62,830,52,577
TGGTAGTGTAGGTCAG-1,33,6042,373,2168
TGGTAGTTCACATCAG-1,268,14622,878,3764
TGGTAGTTCTAGAGCT-1,11123,61,812,3530
TGGTGATAGGGCGAGA-1,14296,63,989,4085
TGGTGATCAGCATGCC-1,1768,54,29,1129
TGGTGATCAGCTGAGA-1,37,9791,639,3057
TGGTGATCAGTTAAAG-1,28,3522,231,1476
TGGTGATCATCTGGGC-1,34,8300,471,2500
TGGTGATGTGTAACGG-1,37,6509,415,2313
TGGTGATTCACTCACC-1,355,1497,63,1092
TGGTGATTCATGGTAC-1,141,20308,1386,4594
TGGTGATTCGTAGTGT-1,9367,52,721,3511
TGGTTAGCAACTAGAA-1,17,4003,311,1578
TGGTTAGCAATCTGCA-1,15485,50,755,4485
TGGTTAGCAGAGTAAT-1,5939,29,345,2421
TGGTTAGGTAAGGCTG-1,60,10113,737,3078
TGGTTAGTCAATCTCT-1,2693,1023,200,1971
TGGTTAGTCACTGCTC-1,1604,719,70,1464
TGGTTAGTCATTTCCA-1,34,7087,545,2248
TGGTTAGTCGTCCATC-1,9883,50,843,3478
TGTAACGAGTTCAACC-1,60,6459,454,2193
TGTAACGCAACCAATC-1,18419,85,1293,4677
TGTAACGCAAGACAAT-1,75,8840,700,2928
TGTAACGCAAGGCAAC-1,82,15067,1007,3678
TGTAACGCAGATTTCG-1,45,8944,776,2794
TGTAACGCATTACTCT-1,19420,70,1204,4617
TGTAACGTCACCGCTT-1,11678,34,799,3708
TGTAACGTCGAGAGAC-1,18,1461,140,702
TGTAAGCAGAATAACC-1,4491,1773,501,2640
TGTAAGCAGGAACGAA-1,43,7843,620,2512
TGTAAGCAGGCTTTCA-1,7648,31,459,2987
TGTAAGCGTCACTGAT-1,54,9034,724,2724
TGTAAGCTCGTAGCCG-1,11353,48,853,3818
TGTACAGAGCTTTCCC-1,14955,39,845,3887
TGTACAGAGTACCGGA-1,53,6710,283,2466
TGTACAGAGTCTTGGT-1,12410,65,961,4070
TGTACAGAGTGATGGC-1,3968,8,349,1949
TGTACAGCAGAATTCC-1,6410,24,303,2522
TGTACAGGTCCGCAGT-1,50,14486,1308,3470
TGTACAGGTTCGCGTG-1,13,5901,358,2252
TGTAGACAGGCCTAGA-1,9616,31,482,2977
TGTAGACAGTTGCATC-1,109,14999,835,4134
TGTAGACCAGAAATTG-1,37,7982,482,2596
TGTAGACGTAGGTACG-1,10367,35,662,3512
TGTAGACGTGGCTACC-1,13773,53,916,4057
TGTAGACGTTATGGTC-1,5814,40,936,2398
TGTAGACTCCCTGTTG-1,20,5296,501,1980
TGTCAGAGTAGACTGG-1,6373,20,440,2378
TGTCAGAGTTGACTAC-1,47,8808,924,2620
TGTCAGATCGTGAGAG-1,14,2468,243,1200
TGTCCACAGCTCACTA-1,36,7527,394,2503
TGTCCACAGGCGATAC-1,44,10678,562,3130
TGTCCACAGTTGTCGT-1,23123,96,2288,5690
TGTCCACCAAGAAACT-1,48,7384,365,2565
TGTCCACCAGAGCGTA-1,13735,43,1129,3980
TGTCCACGTCACCCTT-1,20381,95,1429,5356
TGTCCACGTGTTGATC-1,52,9216,620,3016
TGTCCACTCCAAACCA-1,26,4238,225,1726
TGTCCACTCGCATTAG-1,15869,83,1129,4631
TGTCCACTCTGGGCAC-1,30145,142,1717,6227
TGTCCCAAGCCTTTCC-1,50,13708,770,3608
TGTCCCAAGGGATCTG-1,31,1170,14,810
TGTCCCACAAACCGGA-1,12323,32,956,3685
TGTCCCACAGCTATTG-1,47,11337,556,3039
TGTCCCACATCGATAC-1,9114,39,475,3143
TGTCCCAGTCGACTGC-1,20317,79,1773,4937
TGTCCCAGTTAGCGGA-1,14486,36,1061,3922
TGTCCCATCAGGTGTT-1,12,3099,201,1375
TGTCCCATCTCTCGCA-1,54,7652,458,2653
TGTCCCATCTCTGCCA-1,77,11576,614,3234
TGTCCCATCTGACGCG-1,13,3723,205,1454
TGTCCTGAGAACCCGA-1,113,7154,348,2648
TGTCCTGAGAGTTGCG-1,10985,46,747,3362
TGTCCTGCACAGTGTT-1,33,10491,576,3454
TGTCCTGCACTATCCC-1,12290,39,840,3773
TGTCCTGCAGTATTCG-1,8495,31,503,3026
TGTCCTGCATGACGAG-1,6612,24,459,2529
TGTCCTGTCAAATGAG-1,10176,26,559,3077
TGTCCTGTCACTTGGA-1,18,3958,263,1581
TGTCCTGTCATCTGTT-1,12,2092,231,955
TGTCCTGTCTCCTGCA-1,20,4934,394,1803
TGTGAGTAGACTAAGT-1,13,3006,194,1342
TGTGAGTAGTGAACAT-1,19385,94,1292,4838
TGTGAGTCAACGGCTC-1,23,1420,122,738
TGTGAGTCATGGTACT-1,274,1511,100,1023
TGTGAGTGTCATACCA-1,28,5608,303,2054
TGTGAGTTCAGCACCG-1,83,834,32,622
TGTGAGTTCGATTTCT-1,20,6386,261,2284
TGTGAGTTCTCCCATG-1,6063,4697,571,3885
TGTGATGAGCGATGCA-1,8666,23,541,3034
TGTGATGCAAGACCTT-1,30432,117,2196,6136
TGTGATGCAATACGAA-1,42,6852,477,2390
TGTGATGCACATATCG-1,15,4691,231,1715
TGTGATGCAGAGACTG-1,25,3789,294,669
TGTGATGCATGTGGCC-1,149,9568,370,3257
TGTGATGGTACGATGG-1,41,6621,534,2426
TGTGATGGTGCGACAA-1,16582,46,1210,4366
TGTGATGGTTGCGGCT-1,9,4557,309,1798
TGTGCGGAGCCTCTTC-1,14226,10405,1815,7169
TGTGCGGAGGTCCCTG-1,33,8175,437,2624
TGTGCGGAGGTTGTTC-1,35,7974,700,2570
TGTGCGGCAATAGGGC-1,24,8139,608,2684
TGTGCGGCACCGTGAC-1,20173,65,798,5122
TGTGCGGGTGACAGCA-1,30,9466,416,2818
TGTGGCGAGCGGGTTA-1,18770,47,1026,4478
TGTGGCGAGTTGGCTT-1,14779,59,1090,4341
TGTGGCGCAGACTCTA-1,14682,115,848,4116
TGTGGCGCAGGAATCG-1,22681,64,1533,5553
TGTGGCGGTGTGTTTG-1,10,5300,447,1872
TGTGGCGGTTAAGGAT-1,39,8747,676,2800
TGTGGCGGTTCAGCGC-1,14,6879,295,2306
TGTGGCGGTTGGCTAT-1,20393,76,1806,4951
TGTGGCGTCTGGACCG-1,34,11437,663,3186
TGTGTGACACCCTTGT-1,5579,12,336,2239
TGTGTGACAGAAGTTA-1,11376,11100,2167,6620
TGTGTGACAGATTAAG-1,12910,84,917,3989
TGTGTGAGTGCAACGA-1,35,7206,367,2430
TGTGTGAGTGCCGTAC-1,17055,52,1047,4422
TGTGTGAGTGCGTTTA-1,27,6832,618,2285
TGTGTGAGTGGAAGTC-1,688,2230,647,1243
TGTGTGATCGCGCCAA-1,25,6132,398,2260
TGTGTGATCGTAGGGA-1,15,3501,273,1480
TGTTACTAGACATACA-1,7,2923,34,776
TGTTACTCAATAGAGT-1,33,5743,598,1943
TGTTACTCATTCCTCG-1,17,615,28,451
TGTTACTGTGCCGTTG-1,17,8350,384,2854
TGTTACTGTTACCTGA-1,89,17366,998,4195
TGTTACTGTTTCGGCG-1,11045,46,813,3700
TGTTCATAGGCCTTCG-1,22,6005,380,2073
TGTTCATCAGCAGTGA-1,7534,22,476,2696
TGTTCATCAGCTGTCG-1,34,8248,386,2672
TGTTCATCATCCGAGC-1,11,4000,518,1711
TGTTCATGTAGTCGGA-1,66,14626,1069,4015
TGTTCATTCAGGGATG-1,13093,70,834,4005
TGTTCATTCCGGACTG-1,22,6985,613,2271
TGTTCATTCCTTCAGC-1,11107,58,447,3561
TGTTCATTCGACGAGA-1,29,6809,479,2284
TGTTCCGTCCAGCAAT-1,14228,73,1024,4198
TGTTCTAAGCTACTGT-1,11,2676,177,1249
TGTTCTAGTACAGAAT-1,97,19644,1478,4514
TGTTCTAGTCGGTGAA-1,15551,62,1462,4342
TGTTCTATCAAGTCGT-1,39,6636,601,2255
TGTTCTATCCCGAGGT-1,41,8057,606,2525
TGTTGAGAGAATCCCT-1,5165,29,473,2037
TGTTGAGAGAGTGTTA-1,2662,20,253,1524
TGTTGAGCAAACAGGC-1,16,6894,2,1723
TGTTGAGCACAGCCAC-1,37,11845,604,3344
TGTTGAGCACCTGTCT-1,21082,92,1108,5369
TGTTGAGCAGGGTTGA-1,15814,55,1069,4437
TGTTGAGGTCGCGGTT-1,8650,25,331,2974
TGTTGAGGTGCTCGTG-1,19,4074,250,1626
TGTTGAGTCGCGCTGA-1,76,14944,648,4190
TGTTGGAAGATGCAGC-1,18,4511,389,1668
TGTTGGAAGGATCACG-1,30,8475,720,2557
TGTTGGAAGGTTACCT-1,41,11543,345,3348
TGTTGGAGTCAGCGTC-1,36,7903,267,2390
TGTTGGATCAAAGACA-1,779,3695,489,2214
TGTTGGATCACGATCA-1,21,5328,278,2010
TGTTTGTAGGTAATCA-1,22,5682,261,2012
TGTTTGTCAAGCCCAC-1,16,4037,271,1709
TGTTTGTCACGCTGTG-1,3351,406,274,1734
TGTTTGTCAGAGCCCT-1,45,13867,956,3379
TGTTTGTGTCATAAAG-1,3705,15,2,1414
TGTTTGTGTGTGTCGC-1,16182,52,1350,4603
TGTTTGTTCCAGGACC-1,56,13166,453,3284
TGTTTGTTCTGCGAGC-1,11429,46,934,3697
TGTTTGTTCTGGTGCG-1,63,23651,883,4896
TTAATCCAGATGAACT-1,17703,52,913,5207
TTAATCCAGTAACGAT-1,6428,24,308,2650
TTAATCCCAGAGGTTG-1,16,4738,424,1794
TTAATCCCATCTTTCA-1,11,4010,307,1607
TTAATCCCATTAGGCT-1,56,9450,619,3014
TTAATCCGTAAGATCA-1,64,9687,968,2927
TTAATCCGTCGTGATT-1,4900,10,394,2159
TTAATCCGTGAGAGGG-1,9,3503,289,1497
TTAATCCGTGTAAATG-1,13947,46,848,3894
TTAATCCGTGTTCCAA-1,61,15639,892,3915
TTAATCCTCCACGTGG-1,51,7842,627,2618
TTAATCCTCTAACGCA-1,23177,61,1587,5727
TTAATCCTCTTCTCAA-1,31,7587,469,2691
TTACAGGAGACAACAT-1,17,4623,239,1702
TTACAGGAGGTCTGGA-1,316,8073,988,2386
TTACAGGCAAGCTGTT-1,39,6600,496,2434
TTACAGGCACCTCTAC-1,8999,30,501,3315
TTACAGGCACTTGAGT-1,19,5067,362,1987
TTACAGGCATGTTTGG-1,10176,37,794,3516
TTACAGGGTCGGCTAC-1,42,9848,587,3181
TTACAGGGTTAGTCGT-1,35,10747,631,2890
TTACCATAGCCTAACT-1,20,4894,246,1816
TTACCATCACCTGTCT-1,7659,27,425,3086
TTACCATCAGCGGTTC-1,479,2013,100,1308
TTACCATGTATGGTTC-1,13627,48,879,3693
TTACCATGTGTTAACC-1,14146,57,797,4133
TTACCATTCCATGCAA-1,12041,50,587,3957
TTACCGCAGACAGTCG-1,15978,62,1025,4457
TTACCGCAGCTCATAC-1,24040,96,1549,6059
TTACCGCAGTCGTCTA-1,11609,57,1104,3767
TTACCGCCAAAGAGTT-1,13690,42,1271,3937
TTACCGCCACTGCTTC-1,8221,28,361,2854
TTACCGCGTACGTGAG-1,18,6474,429,2315
TTACCGCGTTTGGGAG-1,65,622,30,496
TTACCGCTCAAAGCCT-1,1366,2525,160,2005
TTACCGCTCGGTCATA-1,53,9674,727,3242
TTACGCCAGGGTCAAC-1,39,1789,127,838
TTACGCCCAAAGGGTC-1,10024,34,555,3575
TTACGCCCAACCAACT-1,9798,86,815,3460
TTACGCCCAACTCATG-1,219,1711,97,1007
TTACGCCCACGCGCAT-1,4407,721,190,2448
TTACGCCCACTGGATT-1,79,14890,521,4085
TTACGCCCAGGTTCCG-1,112,23174,1125,4852
TTACGCCCAGTCGAGA-1,43,12146,780,3330
TTACGCCCATATACCG-1,19001,76,1045,4977
TTACGCCCATCGATAC-1,1661,77,46,1097
TTACGCCGTCGAATTC-1,9067,45,417,3209
TTACGCCGTCGTTATG-1,17680,59,1325,4637
TTACGCCTCAAACTGC-1,24,9274,547,2951
TTACGCCTCAAGGACG-1,136,1079,122,740
TTACGCCTCACGGTCG-1,50,14267,871,3833
TTACGCCTCATTGTTC-1,4539,21,182,2179
TTACGTTAGGCAGTCA-1,10716,34,565,3711
TTACGTTCACCCTGTT-1,18,5194,263,2014
TTACGTTCACTCGATA-1,13364,47,948,4049
TTACGTTCACTGGACC-1,7196,37,366,3089
TTACGTTCAGAGGTAC-1,6520,42,328,2695
TTACGTTCATCTGCGG-1,275,1599,215,1028
TTACGTTGTACGACAG-1,38,988,66,606
TTACGTTGTCGCCTAG-1,22,5860,311,2193
TTACGTTGTGAGATAT-1,63,10102,579,3073
TTACGTTTCAGTCAGT-1,3579,451,270,2083
TTACGTTTCTATCACT-1,10190,38,597,3699
TTACTGTAGAGAGCCT-1,11262,56,650,3710
TTACTGTAGCCTGAGA-1,554,97,8,516
TTACTGTCAGGGCTTC-1,9421,28,499,3261
TTACTGTGTTGAGGAC-1,13743,58,793,4323
TTACTGTTCAACCGAT-1,44,671,11,442
TTACTGTTCGGTCTAA-1,38,8869,583,2738
TTAGGCAAGAGGCCAT-1,14035,52,790,4329
TTAGGCAAGATCACTC-1,7549,26,574,2776
TTAGGCAAGCATCCCG-1,20,5716,296,1910
TTAGGCAAGGTGCGAT-1,22,8015,456,2494
TTAGGCAAGTTCCAGT-1,40,9466,469,2840
TTAGGCAGTAAGGCTG-1,17,5753,316,2063
TTAGGCAGTCATCGGC-1,34,11979,564,3358
TTAGGCAGTGGATGAC-1,14239,52,867,4055
TTAGGCATCTCGAACA-1,3133,1891,268,2364
TTAGGGTAGATGTTCC-1,9640,27,553,3095
TTAGGGTAGGCCCACT-1,1005,22,954,72
TTAGGGTCACAAACGG-1,91,16910,1383,4238
TTAGGGTCACCAAATC-1,10243,35,736,3545
TTAGGGTCACTGTCGG-1,19,8191,718,2454
TTAGGGTGTAGGTACG-1,14,2566,312,1143
TTAGGGTGTCAAAGAT-1,2813,10,92,1383
TTAGGGTGTGTGTTTG-1,7263,28,609,2426
TTAGGGTGTTGCACGC-1,36,10791,537,3008
TTAGTCTCAAGCTGTT-1,31,10312,613,3123
TTAGTCTCACGTCGTG-1,37,8625,854,2689
TTAGTCTCAGAAGCTG-1,38,10069,744,2888
TTAGTCTCAGTCGCTG-1,52,10154,623,2823
TTAGTCTGTCCAGAAG-1,17,5513,303,1977
TTAGTCTGTGGAATGC-1,44,11612,1007,3041
TTATTGCAGACGTCCC-1,33,7230,524,2552
TTATTGCAGATGTAGT-1,23,5628,345,1946
TTATTGCAGTAAGCAT-1,98,12837,1058,3748
TTATTGCAGTATAGAC-1,6654,18,431,2742
TTATTGCCAACCGACC-1,11,785,10,597
TTATTGCCAAGTGGAC-1,3783,21,254,1917
TTATTGCCATCTAACG-1,1071,4,88,638
TTATTGCGTCTATGAC-1,28,5812,448,2051
TTATTGCTCCATCTAT-1,9708,24,263,3285
TTATTGCTCTACTGCC-1,12149,31,646,3790
TTATTGCTCTCAACGA-1,13495,51,637,4083
TTATTGCTCTTGATTC-1,20,3774,306,1424
TTCAATCAGACATATG-1,11186,40,732,3452
TTCAATCAGGTGCTTT-1,20,5124,331,1925
TTCAATCAGTGGAAGA-1,13950,55,969,4008
TTCAATCCAAGGAGTC-1,600,1348,156,1231
TTCAATCCACACTGGC-1,20,5389,420,2087
TTCAATCTCCACCTGT-1,1423,506,52,1290
TTCACCGAGGTGCATG-1,14,5540,550,876
TTCACCGCACCATTCC-1,15584,7481,1342,7486
TTCACCGCACCTGCAG-1,19,1196,6,579
TTCACCGCATTGCCTC-1,24971,87,1435,5656
TTCACCGGTAGACGGT-1,8852,52,679,3093
TTCACCGGTAGCCCTG-1,46,9930,672,3286
TTCACCGGTCCAACGC-1,1301,3963,214,2362
TTCACCGGTCGTTCAA-1,4006,7,167,1796
TTCACCGGTCTCACAA-1,22,1326,91,762
TTCACCGGTGTGAGCA-1,42,10071,628,2846
TTCACCGGTTGCATTG-1,54,7890,655,2636
TTCACCGGTTTCCATT-1,960,22,31,675
TTCACCGTCGCTCTCA-1,9,4226,236,1587
TTCACCGTCTTGCAAG-1,1079,110,56,807
TTCACGCAGTGATGGC-1,27526,102,1968,5933
TTCACGCCAACAGCCC-1,2778,530,93,1866
TTCACGCCAGATTTCG-1,6378,19,436,2669
TTCACGCCATCCGTTC-1,5066,53,466,2364
TTCACGCGTACAAACA-1,15138,82,846,4575
TTCACGCGTTCCGCGA-1,21,5925,404,2134
TTCACGCTCAGCCTCT-1,877,2701,104,1883
TTCACGCTCCATTTAC-1,113,16370,1009,4433
TTCACGCTCCTAACAG-1,24,4347,242,2014
TTCAGGAAGAGCTGCA-1,4829,8,296,1992
TTCAGGACACAGAGAC-1,14335,70,850,4272
TTCAGGACACCCAACG-1,13,5812,314,2009
TTCAGGACAGCCTACG-1,15,3951,378,1648
TTCAGGACATGACACT-1,572,1770,127,1272
TTCAGGATCAAACCTG-1,21788,102,1322,5407
TTCAGGATCAACCTCC-1,13998,69,898,4223
TTCAGGATCAGACCTA-1,263,18176,986,4593
TTCAGGATCTTCGATT-1,25,5231,183,1985
TTCATGTAGATTTGCC-1,554,4,13,439
TTCATGTAGGGAGAAT-1,8146,42,483,3088
TTCATGTAGTTGTAAG-1,3181,15,468,1429
TTCATGTCATCCCACT-1,22,4998,258,2045
TTCATGTCATGGGCAA-1,6556,18,339,2682
TTCATGTGTAAGTTGA-1,39,11244,1200,3166
TTCATGTGTCTGTAAC-1,20639,95,1737,5200
TTCATGTGTGAAAGTT-1,6536,21,239,2533
TTCATGTGTGTTATCG-1,7344,24,503,2838
TTCATGTTCAATGCAC-1,13829,63,780,4595
TTCATGTTCCTACCAC-1,47,9187,656,2766
TTCATGTTCCTCACCA-1,71,9863,708,3067
TTCATGTTCTTCGACC-1,53,8575,364,2799
TTCATTGAGACCAAAT-1,9699,46,542,3608
TTCATTGAGCCAGAGT-1,14638,83,1045,4128
TTCATTGAGGTCCCGT-1,1604,164,73,1108
TTCATTGCAAAGACGC-1,16330,66,1119,4584
TTCATTGCACCTGTCT-1,27,5108,277,2141
TTCATTGCACGCGGTT-1,71,10664,551,3326
TTCATTGCACTTCTCG-1,46,9950,606,3093
TTCATTGGTAGCGTTT-1,58,8825,642,2815
TTCATTGGTGCTTCAA-1,12,3635,268,1569
TTCATTGGTTCCAGGC-1,7376,22,427,2831
TTCATTGGTTTACGAC-1,4782,27,233,2224
TTCATTGTCAGCCTTC-1,2745,4288,381,3100
TTCCAATAGCTGCCAC-1,60,13305,456,3981
TTCCAATCACAGCATT-1,52,13912,658,3763
TTCCAATCAGTCCCGA-1,1379,1653,100,1810
TTCCAATCATCCGGTG-1,10,4149,360,1762
TTCCAATGTAGTCCTA-1,10536,51,813,3479
TTCCAATGTCCTATAG-1,64,12508,590,3484
TTCCAATTCAAATGCC-1,30,5626,498,2052
TTCCAATTCCCGAAAT-1,1326,224,50,1038
TTCCAATTCCTTTAGT-1,21,5660,237,2234
TTCCACGAGCACCCAC-1,20415,55,776,5039
TTCCACGAGTGTACAA-1,12,5481,339,1927
TTCCACGAGTTTCTTC-1,14,5561,320,2103
TTCCACGGTAGTGTGG-1,34,7674,889,2533
TTCCACGGTATTTCTC-1,10841,67,512,4048
TTCCACGTCATCACTT-1,4380,96,171,2091
TTCCGGTAGCACCCAC-1,49,14587,605,3946
TTCCGGTAGTGTTGAA-1,12323,1123,1113,4131
TTCCGGTCAGAGGAAA-1,19104,61,1112,4740
TTCCGGTCAGATTAAG-1,7706,43,559,2757
TTCCGGTCATGATGCT-1,13034,34,786,4161
TTCCGGTCATGGCTGC-1,40,12581,623,3577
TTCCGGTGTACTGCGC-1,15,4408,297,1703
TTCCGGTGTCAAAGTA-1,42,7182,636,2441
TTCCGGTTCCACGAAT-1,14605,44,929,4332
TTCCGTGAGTGGGAAA-1,13681,73,717,4273
TTCCGTGCAGGCACTC-1,887,1721,81,1506
TTCCGTGCAGTTGTCA-1,14,5163,298,2051
TTCCGTGGTAACGGTG-1,56,10401,627,3088
TTCCGTGGTCCCTAAA-1,21488,63,805,4915
TTCCGTGGTGGGTATG-1,4766,17,272,2091
TTCCGTGGTGTTAGCT-1,64,11926,711,3424
TTCCGTGGTGTTGCCG-1,321,8615,669,3074
TTCCGTGTCATCCTAT-1,22338,104,830,5425
TTCCGTGTCCACTGAA-1,6,704,4,479
TTCCTAAAGCATTGTC-1,4582,12,292,2269
TTCCTAAAGCTGGAGT-1,36,8958,481,2906
TTCCTAACAACGGCTC-1,1437,19,51,909
TTCCTAACATTGTGCA-1,49,10917,734,3325
TTCCTAAGTAACGTTC-1,8405,54,377,3256
TTCCTAAGTATCTTCT-1,26,5369,470,1992
TTCCTAATCTGTCGCT-1,7475,24,360,2801
TTCCTCTAGCGTGAGT-1,63,12634,767,3618
TTCCTCTCAAGTTCGT-1,275,4323,499,2003
TTCCTCTCACTACAGT-1,23,4859,337,1865
TTCCTCTCAGGACTAG-1,4480,20,552,1896
TTCCTCTCATCGGCCA-1,44,7215,276,2578
TTCCTCTGTGATCATC-1,14241,54,831,4344
TTCCTCTGTGCCCGTA-1,8617,10156,1363,6161
TTCCTCTGTTACGATC-1,30,12068,449,3340
TTCCTCTGTTGTGGAG-1,17313,53,968,4539
TTCCTCTTCACGAACT-1,41,7938,575,2840
TTCCTTCAGACGCATG-1,30,7984,412,2899
TTCCTTCCACGCTATA-1,107,18362,1113,4835
TTCCTTCCAGCAGATG-1,9445,63,829,3426
TTCCTTCCAGTAACAA-1,1147,951,59,1333
TTCCTTCCATACATCG-1,365,1310,32,1008
TTCCTTCCATGTTACG-1,13352,828,904,4478
TTCCTTCGTTCGCGTG-1,12,4197,235,1649
TTCCTTCTCAGTCTTT-1,21,6443,261,2405
TTCCTTCTCCATTGGA-1,6438,22,338,2574
TTCCTTCTCCCGAAAT-1,1355,473,49,1191
TTCCTTCTCTGCACCT-1,20,938,16,548
TTCCTTCTCTTTGCGC-1,23,4209,239,1839
TTCGATTAGCCTCGTG-1,20,7057,516,2315
TTCGATTCACCGTGGT-1,4495,440,415,2355
TTCGATTCACGTTCGG-1,57,12321,728,3333
TTCGATTGTCCATCTC-1,580,2269,95,1537
TTCGATTGTCTACAAC-1,8947,34,707,3263
TTCGATTGTGTCCAAT-1,3512,15,202,1615
TTCGATTGTTCCCACT-1,51,9385,526,3147
TTCGATTTCTGTTGGA-1,6920,31,458,2883
TTCGATTTCTTAATCC-1,60,13383,903,3569
TTCGCTGAGCAACCAG-1,47,8295,986,2673
TTCGCTGAGCCTGAAG-1,11283,34,818,3496
TTCGCTGCAGGTTACT-1,325,1277,48,953
TTCGCTGCAGTAGAAT-1,14322,56,1120,4030
TTCGCTGGTCGACTTA-1,38,8242,571,2715
TTCGCTGGTCGAGATG-1,3837,15,713,1826
TTCGCTGTCTTTGCTA-1,21,563,36,351
TTCGGTCAGGCATGCA-1,124,13825,786,3764
TTCGGTCCAACTTGGT-1,9426,35,588,2868
TTCGGTCCACATACTG-1,25253,100,773,6367
TTCGGTCCAGCTGAGA-1,38,7717,836,2511
TTCGGTCGTACGAAAT-1,8943,26,493,2967
TTCGGTCGTCAGACTT-1,19,4992,280,1892
TTCGGTCTCGTGCACG-1,14758,36,1001,4225
TTCGGTCTCGTGTCAA-1,21,4985,306,1973
TTCTAACAGTTAGTGA-1,18,8387,430,2704
TTCTAACCAACTCCCT-1,359,1624,65,1073
TTCTAACCAAGGTCAG-1,15106,40,879,4221
TTCTAACGTAGACACG-1,55,14584,1076,3674
TTCTAACGTCAAGGCA-1,15,1717,3,730
TTCTAACGTGCACAAG-1,7899,26,349,2787
TTCTAACTCAACCTCC-1,11468,65,863,4101
TTCTAACTCCGTAGGC-1,39,6727,310,2530
TTCTAACTCGAGAAGC-1,51,10361,941,3073
TTCTAACTCGAGTGGA-1,13428,33,601,3910
TTCTAACTCGCTGTTC-1,5720,24,279,2542
TTCTAACTCTGCTTTA-1,13966,50,833,4123
TTCTAGTAGACTCTTG-1,12,4174,224,1642
TTCTAGTAGTCTGTAC-1,41,7087,657,2427
TTCTAGTCAACCCGCA-1,21,6049,371,2369
TTCTAGTCAGTATACC-1,61,8832,386,3060
TTCTAGTCATTGACAC-1,12917,49,780,4013
TTCTAGTGTACCCACG-1,4928,13,244,2222
TTCTAGTTCACAAGAA-1,11680,47,608,3882
TTCTAGTTCGTAGAGG-1,19,4907,245,1949
TTCTAGTTCTGAGAGG-1,23,5586,325,2309
TTCTCTCAGGCCTAGA-1,39,13470,625,3662
TTCTCTCCATAGATGA-1,9437,38,407,3253
TTCTCTCCATCCGAAT-1,12694,52,794,4145
TTCTCTCGTACAGTTC-1,17,5939,290,2039
TTCTCTCTCACCGACG-1,16624,52,767,4597
TTCTCTCTCACTCGAA-1,16,3639,220,1556
TTCTGTAAGAAACTAC-1,31,5867,312,2192
TTCTGTAGTAGCGCTC-1,34,5518,266,1923
TTCTGTAGTCTGTGGC-1,20357,3724,2032,6924
TTCTGTAGTGTGCTTA-1,12,3581,312,1581
TTCTGTATCCACATAG-1,74,14144,989,3814
TTCTGTATCCGGCAGT-1,12769,39,689,3999
TTCTGTATCTGTAAGC-1,8752,40,484,3199
TTCTTCCAGGTGAGCT-1,35,9789,475,2844
TTCTTCCAGTCTGGAG-1,34,5837,547,2193
TTCTTCCAGTTTCGGT-1,27,6583,321,2548
TTCTTCCCAATACCCA-1,30,5558,392,2163
TTCTTCCCAATCTAGC-1,7427,1917,534,3688
TTCTTCCCAGCAGGAT-1,10709,33,612,3284
TTCTTCCCAGCGGTCT-1,4550,23,259,2024
TTCTTCCGTACTCGAT-1,1459,2386,386,2036
TTCTTCCGTGCTGTCG-1,38,7840,520,2845
TTCTTCCTCCCTGTTG-1,742,1130,47,1195
TTCTTCCTCCTTATCA-1,16160,68,888,4869
TTCTTCCTCTCCGATC-1,2576,386,71,1649
TTCTTGAAGAGCAGAA-1,39,9083,501,2758
TTCTTGAAGCTTGTGT-1,3850,13,365,1708
TTCTTGAAGGCATCTT-1,40,6628,312,2295
TTCTTGACAATCCTTT-1,49,10199,653,3234
TTCTTGACATCGCTAA-1,1874,12,0,1143
TTCTTGACATGGAACG-1,11489,41,737,3572
TTCTTGATCAACACCA-1,85,15678,1012,4130
TTCTTGATCCAATCTT-1,14184,74,882,4570
TTCTTGATCCTAAACG-1,329,1143,48,939
TTGAACGAGACCAAAT-1,16,4943,469,2149
TTGAACGAGCCTGACC-1,186,3039,252,1531
TTGAACGAGGTACATA-1,73,13004,878,3649
TTGAACGAGTATGGCG-1,44,8681,838,2539
TTGAACGCAAGACTGG-1,19278,78,1439,4675
TTGAACGCAGCTCCTT-1,16426,62,937,4638
TTGAACGGTTTCTATC-1,22,6319,362,2380
TTGAACGTCAACACGT-1,7184,26,367,2764
TTGAACGTCGCAAGAG-1,9297,27,410,3226
TTGACCCAGAAACTGT-1,109,11546,773,3221
TTGACCCAGAAGGATG-1,31,10489,1164,3020
TTGACCCAGAGCAGCT-1,33,11169,331,3173
TTGACCCAGCAAACAT-1,26,941,35,556
TTGACCCCACGGCACT-1,48,10743,895,3318
TTGACCCCAGCATGCC-1,9411,29,3,2795
TTGACCCCAGCCTTCT-1,8077,25,312,3270
TTGACCCGTCAGTTTG-1,15448,63,948,4649
TTGACCCTCGATGCAT-1,13,3351,1,1284
TTGACCCTCGCAATGT-1,26,6645,440,2383
TTGACCCTCTCTGCCA-1,10248,36,339,3514
TTGACCCTCTTAGTTC-1,9170,38,473,3291
TTGAGTGAGATAGTGT-1,16,6124,394,2168
TTGAGTGAGGTTCAGG-1,25,6183,404,2166
TTGAGTGCAAAGTGTA-1,13714,63,768,4122
TTGAGTGCACCAGTAT-1,57,9753,730,2970
TTGAGTGGTCGGCTAC-1,7,2778,284,722
TTGAGTGGTGCCTACG-1,7,3116,306,1323
TTGAGTGGTTGGGAAC-1,62,12766,1052,3365
TTGATGGAGCGGCTCT-1,55,11298,696,3488
TTGATGGAGTCACTAC-1,4948,12,260,2167
TTGATGGGTCACTCTC-1,3077,12,2,1402
TTGATGGGTGACCTGC-1,7,2573,131,562
TTGATGGTCCGTGTGG-1,9250,47,802,3400
TTGCATTAGCCGAATG-1,21,6612,369,2239
TTGCATTAGCTTCATG-1,15858,71,966,4285
TTGCATTAGGTTAAAC-1,15193,63,974,4463
TTGCATTCACGCTGCA-1,132,10190,791,2904
TTGCATTCAGGAGGAG-1,15678,55,1215,4393
TTGCATTCAGTCGTTA-1,10840,42,928,3588
TTGCATTGTAACCAGG-1,84,11608,678,3531
TTGCATTGTCACTTCC-1,6656,24,325,2827
TTGCATTGTCCACACG-1,784,15,16,576
TTGCATTGTGTGATGG-1,15279,78,1320,4454
TTGCATTGTTACCTGA-1,40,7537,539,2566
TTGCATTTCACTGCTC-1,10641,37,1138,3479
TTGCCTGAGGTCGTCC-1,6476,27,403,2691
TTGCCTGCAGACAAAT-1,17,3977,211,1791
TTGCCTGGTCTTGAAC-1,4399,470,429,2263
TTGCCTGGTGATGTAA-1,17400,81,896,4856
TTGCCTGGTGCAATGG-1,2839,613,282,1793
TTGCCTGGTTACACAC-1,13134,51,540,4307
TTGCCTGGTTCTGACA-1,11,4076,238,1589
TTGCCTGTCGCGCCAA-1,20162,74,1441,5229
TTGCCTGTCGGCTTGG-1,20,5569,221,2000
TTGCCTGTCGTTCAGA-1,11461,55,823,3611
TTGCGTCAGATACGAT-1,8123,28,379,2804
TTGCGTCAGGCATCAG-1,5922,32,600,2348
TTGCGTCCAAGCCCAC-1,8227,22,388,3123
TTGCGTCCAATCCAGT-1,106,23697,1412,5060
TTGCGTCCACTTGGCG-1,857,5889,417,2653
TTGCGTCGTCTACAGT-1,19,2492,264,993
TTGCGTCTCCGATCGG-1,63,17542,916,4218
TTGCTGCAGGGACCAT-1,100,1536,37,952
TTGCTGCCAAAGGGTC-1,9697,35,495,3217
TTGCTGCCAAGTATAG-1,29,6219,691,2298
TTGCTGCCACATTCGA-1,57,17336,791,4252
TTGCTGCCATGGATCT-1,3097,12,7,1271
TTGCTGCGTCATCCCT-1,56,18581,1120,4397
TTGCTGCTCAACTACG-1,10119,45,469,3780
TTGCTGCTCCGACGGT-1,12,950,12,526
TTGCTGCTCCGTAGGC-1,12286,55,654,4178
TTGGATGAGCAATAGT-1,74,7301,582,2643
TTGGATGAGGTCATTC-1,40,8450,646,2858
TTGGATGCAATCAAGA-1,39,7862,569,2611
TTGGATGCAGCTCCTT-1,18912,52,1125,4946
TTGGGATAGATTCGAA-1,21,3719,333,1656
TTGGGATAGGGCTGAT-1,11190,40,760,3416
TTGGGATAGTAGGCCA-1,35,13034,708,3401
TTGGGATCACTCCGGA-1,139,22062,1457,5067
TTGGGATCACTCTAGA-1,13917,73,855,4263
TTGGGATCAGCAGATG-1,83,11145,1021,2792
TTGGGATCAGTAGGAC-1,14635,59,1029,4542
TTGGGATGTCCGTACG-1,15674,87,1211,4700
TTGGGATTCACTGGTA-1,5552,16,377,2278
TTGGGATTCCTGATAG-1,22,3871,281,1693
TTGGGCGAGATACAGT-1,16374,62,641,4676
TTGGGCGAGGCCATAG-1,3375,13,271,1709
TTGGGCGAGTCATAGA-1,92,15668,1054,4103
TTGGGCGAGTTGAAGT-1,42,6651,724,2246
TTGGGCGCACTGGATT-1,13330,38,432,4085
TTGGGCGCAGCACAAG-1,45,8659,622,2644
TTGGGCGGTATCCTTT-1,16,5116,216,1824
TTGGGCGGTCGCATGC-1,38,6891,588,2391
TTGGGTAAGACCGCCT-1,7312,32,346,2747
TTGGGTAAGGTTACCT-1,28,6249,359,2388
TTGGGTAAGTGCAGGT-1,4995,27,404,2338
TTGGGTAAGTGGTGGT-1,44,9142,768,2898
TTGGGTACAGATGCGA-1,10203,46,963,3350
TTGGGTACATGTTACG-1,13705,69,1184,4142
TTGGGTAGTCAGGAGT-1,14373,61,867,4461
TTGGTTTGTTAAGGAT-1,33,6653,487,2178
TTGGTTTTCCTGTACC-1,10316,61,780,3907
TTGTGGACAGACAATA-1,51,10001,572,3225
TTGTGGATCATTACGG-1,35,6591,678,2294
TTGTGTTAGAAGATCT-1,38,9247,627,2695
TTGTGTTAGGGAGTGG-1,32,7061,660,2219
TTGTGTTCAAACTAAG-1,8247,27,451,2960
TTGTGTTCAACAGCCC-1,14112,66,1128,4208
TTGTGTTCAGTCGTTA-1,11021,2765,837,4846
TTGTGTTGTGCTCTTC-1,53,8426,933,2410
TTGTGTTTCCTTGGAA-1,19,4869,285,1848
TTGTGTTTCGACATCA-1,8975,39,663,3445
TTGTGTTTCGTTAGTG-1,89,15999,1185,3960
TTGTTCACAACGGTAG-1,38,6860,467,2265
TTGTTCACAAGTATAG-1,18,6595,325,2112
TTGTTCACAGCCCACA-1,6057,14,264,2266
TTGTTCACAGCTATTG-1,25,6499,357,2473
TTGTTCAGTATGGAGC-1,16543,51,1184,4176
TTGTTCAGTCGGTGTC-1,8374,37,624,3009
TTGTTCAGTCTGTGTA-1,4162,22,234,1984
TTGTTCAGTTCAACGT-1,11,2920,222,1332
TTGTTCATCACAAGAA-1,6978,24,314,2395
TTGTTCATCTCTTAAC-1,45,9221,695,2816
TTGTTGTCAAGCGGAT-1,6201,23,412,2481
TTGTTGTCACACACGC-1,7170,16,308,2778
TTGTTGTTCAACCTTT-1,3352,381,242,1845
TTGTTTGAGAATTGTG-1,5897,18,390,2378
TTGTTTGAGCCGAATG-1,11933,54,482,3682
TTGTTTGGTGATTCTG-1,6271,18,205,2575
TTGTTTGTCTGGTCAA-1,15058,66,1025,4338
TTTACCAAGCCTGACC-1,38,12546,642,3753
TTTACCAAGGCACGAT-1,9410,57,706,3340
TTTACCACAACTGAAA-1,4211,16,544,2010
TTTACCACACACACGC-1,75,14704,911,3892
TTTACCACACAGTCGC-1,18,5210,379,1843
TTTACCACACGTGAGA-1,5476,24,350,2347
TTTACCAGTCGGCTAC-1,9355,35,665,3296
TTTACCATCGATGCAT-1,62,12904,789,3751
TTTACCATCTCACGAA-1,8689,30,352,2997
TTTACGTAGAAAGTCT-1,15,2957,192,1295
TTTACGTAGCATGAAT-1,18,3329,146,1373
TTTACGTAGTCAGGGT-1,8376,42,524,3164
TTTACGTAGTGCTAGG-1,68,11362,721,3474
TTTACGTAGTTACGGG-1,8691,34,505,3038
TTTACGTCACAGCTTA-1,72,11415,633,3562
TTTACGTGTGATGAAT-1,14700,52,1043,3986
TTTACGTGTTGCATCA-1,54,10995,767,3084
TTTACGTTCGTGCTCT-1,35,4797,254,1731
TTTACTGAGATAGCTA-1,7257,36,356,2950
TTTACTGAGCCTCACG-1,56,12150,746,3734
TTTACTGAGTGCACAG-1,6785,20,578,2457
TTTACTGCACAGCATT-1,19006,78,813,5273
TTTACTGGTCTTGCGG-1,46,9090,562,2972
TTTACTGGTTTACTTC-1,1049,208,34,878
TTTACTGTCACCTTAT-1,194,1342,36,918
TTTACTGTCCTACAAG-1,32,7871,537,2385
TTTACTGTCGACCCAG-1,151,1517,116,895
TTTACTGTCTACTTCA-1,873,216,14,777
TTTACTGTCTGATTCT-1,19968,62,421,5211
TTTAGTCAGAACGCGT-1,12254,34,998,3787
TTTAGTCAGGCTCTCG-1,16002,57,1241,4410
TTTAGTCAGGGCCAAT-1,56,12555,841,3437
TTTAGTCGTCACCGAC-1,11,2974,120,1205
TTTAGTCTCCGTATAG-1,5694,18,404,2375
TTTAGTCTCCTGTAGA-1,6354,17,389,2580
TTTAGTCTCGTTGTAG-1,84,14261,936,3913
TTTATGCAGAGTGTGC-1,28232,97,1739,5847
TTTATGCAGCCGCTTG-1,1564,175,84,1096
TTTATGCAGGCCACTC-1,42,10699,527,3296
TTTATGCTCCTCGATC-1,52,7405,564,2659
TTTCACACAATTGCAC-1,31,1246,55,709
TTTCACAGTACAGGTG-1,11425,41,543,3666
TTTCACAGTATCTCTT-1,12,3526,179,1465
TTTCACAGTCATAAAG-1,40,6348,340,2409
TTTCACAGTGATAGAT-1,15,949,53,592
TTTCACAGTGTTGACT-1,4,2711,109,960
TTTCACAGTGTTGATC-1,40,8033,368,2740
TTTCACAGTTCCACGG-1,11033,33,626,3605
TTTCACAGTTCCGGTG-1,12,4847,221,1962
TTTCACAGTTGCTCGG-1,15289,61,724,4193
TTTCACATCACCGGTG-1,60,12233,720,3736
TTTCACATCAGAACCT-1,1087,1772,93,1643
TTTCACATCCCATACC-1,12546,70,1087,4349
TTTCAGTAGCGTTAGG-1,14,2884,234,1361
TTTCAGTAGCTGACCC-1,45,8789,814,2677
TTTCAGTCAAACACGG-1,28,8341,365,2731
TTTCAGTCAAGTGCAG-1,59,10085,568,3220
TTTCAGTCAGATAAAC-1,6622,28,372,2112
TTTCAGTGTACTGCGC-1,12870,43,753,4008
TTTCAGTGTGTGTACT-1,19,4567,313,1655
TTTCAGTTCGAGAAGC-1,8,3704,202,1542
TTTCAGTTCTACTTCA-1,8210,45,411,3375
TTTCATGAGATTGATG-1,49,10061,531,3028
TTTCATGAGGGCTTCC-1,13007,47,838,4116
TTTCATGCAGTTTCAG-1,1383,1131,61,1594
TTTCATGGTATTTCCT-1,2363,15,302,1295
TTTCATGGTGCTCGTG-1,16729,61,1143,4716
TTTCATGTCCCATTCG-1,282,580,18,651
TTTCATGTCGGAAACG-1,11888,36,818,3171
TTTCCTCAGCCATCCG-1,55,1872,43,1015
TTTCCTCCACGCGTGT-1,4397,26,264,1992
TTTCCTCCAGGTTCAT-1,7433,34,414,3042
TTTCCTCCATCTATCT-1,17,2899,192,1525
TTTCCTCGTACCGCGT-1,7123,26,405,2877
TTTCGATAGCTCTTCC-1,11,2947,127,1330
TTTCGATCAATTGAGA-1,10477,42,869,3529
TTTCGATCAGCGTATT-1,34,4143,281,1531
TTTCGATGTAATACCC-1,38,10120,526,3181
TTTCGATGTTAATGAG-1,35,7493,561,2595
TTTCGATTCATTGCGA-1,33,7602,405,2368
TTTCGATTCGAGTGAG-1,26,7167,420,2352
TTTCGATTCGGAAGGT-1,10,3751,186,1402
TTTCGATTCTTCTGGC-1,3696,14,357,1644
TTTGACTAGAAATCCA-1,43,7075,525,2437
TTTGACTAGACAACAT-1,888,1329,88,1386
TTTGACTAGTAAGCAT-1,13147,70,772,4339
TTTGACTCAATCTAGC-1,10975,49,528,4004
TTTGACTCAGGTCAAG-1,19,5689,308,2053
TTTGACTCATTCGGGC-1,9,1063,206,589
TTTGACTGTATGGAAT-1,1946,53,59,1171
TTTGACTGTGCGAACA-1,56,13964,849,3532
TTTGACTGTGGTCTCG-1,54,9874,531,3094
TTTGACTGTTGAAGTA-1,20,5606,423,2085
TTTGATCAGGGCAGTT-1,8625,36,504,3147
TTTGATCCAAATTGCC-1,81,19921,766,4552
TTTGATCCAAGTCATC-1,120,1004,45,665
TTTGATCCAGGCACAA-1,16567,60,1245,4586
TTTGATCCAGTTTCGA-1,1254,20,16,856
TTTGATCCATAAGATG-1,7701,13922,868,6007
TTTGATCGTCCCGCAA-1,30,7169,459,2335
TTTGATCGTGACAACG-1,32,5020,281,2014
TTTGATCTCGACATAC-1,37,5934,569,2131
TTTGGAGAGGGAGAAT-1,12032,281,683,4081
TTTGGAGCACAGCATT-1,33,9388,441,2779
TTTGGAGGTAGGACTG-1,5018,14,362,2102
TTTGGAGGTGCACATT-1,17,4816,256,1926
TTTGGAGTCCACTTTA-1,31,6915,312,2486
TTTGGAGTCTATTCGT-1,42,9811,615,3121
TTTGGAGTCTCTCGCA-1,15989,47,872,4418
TTTGGTTAGAAGGCTC-1,247,344,16,496
TTTGGTTAGACGGAAA-1,26,5096,293,1806
TTTGGTTAGGATTTAG-1,10176,43,708,3429
TTTGGTTCATGACCCG-1,3013,409,376,1538
TTTGGTTGTCAGGTAG-1,90,7590,540,2464
TTTGGTTGTCGTGCCA-1,26,5540,237,2085
TTTGGTTGTGTGGACA-1,10558,59,650,3847
TTTGGTTTCATGGCCG-1,4429,14,3,1628
TTTGGTTTCCGTGGCA-1,35,9244,445,2808
TTTGGTTTCGAACCTA-1,56,11208,670,3135
TTTGGTTTCGGCTGGT-1,12,3736,240,1548
TTTGTTGAGATACAGT-1,22,5851,381,2102
TTTGTTGCAACAGCTT-1,1837,2809,204,2378
TTTGTTGCAACCACAT-1,9896,38,731,3541
TTTGTTGCAGTTCTAG-1,8485,54,602,3148
TTTGTTGCATGACGAG-1,11910,78,845,4202
TTTGTTGCATTGCTTT-1,62,15249,805,3916
TTTGTTGGTGAGATAT-1,10704,57,1099,3645
TTTGTTGGTGTATTCG-1,10215,45,759,3445
TTTGTTGTCCCTGGTT-1,10612,617,786,4012
TTTGTTGTCGACTCCT-1,18824,111,861,5266
TTTGTTGTCGCCGTGA-1,3535,12,115,1377
