barcode,homo_sum_gex,mus_sum_gex,mito_sum,features_gex
AAACCCAAGCACCAGA-1,37,11598,1147,3195
AAACCCAAGGACAAGA-1,58,10295,745,3055
AAACCCAAGGCGAAGG-1,47,11914,888,3341
AAACCCAAGTTACGGG-1,13071,34,679,3916
AAACCCACAATGTTGC-1,33,6483,358,2361
AAACCCAGTACTCGAT-1,46,12716,810,3479
AAACCCAGTATATGGA-1,12735,62,851,4258
AAACCCAGTTTCGATG-1,23,12337,635,3239
AAACCCATCCGCAAAT-1,41,8579,361,2848
AAACCCATCCTCTCGA-1,65,13130,821,3910
AAACCCATCGAACGGA-1,4366,19,0,1657
AAACCCATCGTCGCTT-1,11367,53,728,3875
AAACCCATCTTGGTCC-1,21854,98,705,5325
AAACGAAAGGAAGTCC-1,29,6918,487,2369
AAACGAAAGGACAACC-1,78,13725,1037,3805
AAACGAAAGGTATAGT-1,20,825,13,579
AAACGAACACAGAAGC-1,18,8247,489,2371
AAACGAACAGGCGAAT-1,47,9809,477,2891
AAACGAAGTAGAAACT-1,12038,66,955,4049
AAACGAAGTCGCTCGA-1,12586,49,691,3497
AAACGAAGTGAGATCG-1,24102,68,1242,5013
AAACGAATCAACGAGG-1,8950,8246,1440,5308
AAACGAATCGCCGATG-1,26791,118,1977,5869
AAACGAATCTCGTGAA-1,45270,4525,1521,8625
AAACGCTAGCTTCATG-1,46,8546,695,2643
AAACGCTAGGTAAGTT-1,89,12685,1059,3633
AAACGCTAGGTCATAA-1,18,5549,235,1931
AAACGCTCACGGTGTC-1,13696,65,601,4355
AAACGCTCACTAACGT-1,51,15623,888,4090
AAACGCTCAGGCTATT-1,15211,63,551,4497
AAACGCTTCATCCCGT-1,26,4493,202,1670
AAACGCTTCGATACTG-1,61,13138,681,3581
AAAGAACAGAGATGCC-1,61,11414,1033,3120
AAAGAACAGGCGCTTC-1,6535,30,487,2369
AAAGAACAGGGAGTGG-1,47,3355,405,1390
AAAGAACAGTGATTCC-1,13180,120,1255,4292
AAAGAACCAAGTACCT-1,17444,127,1168,4829
AAAGAACCAGGATGAC-1,21,5439,386,2043
AAAGAACCAGGTTCGC-1,66,16668,1015,4286
AAAGAACGTATTCCGA-1,13889,84,941,4407
AAAGAACGTGTTAACC-1,38,12616,629,3289
AAAGAACGTTCGGCGT-1,16,6750,471,1782
AAAGAACTCGCCAGAC-1,13452,36,837,4017
AAAGAACTCTACTGCC-1,77,13035,649,3880
AAAGAACTCTCATAGG-1,12288,71,688,3844
AAAGAACTCTTCCAGC-1,22014,101,1279,5515
AAAGGATAGAATCGTA-1,61,7809,613,2240
AAAGGATAGGCATGGT-1,29,6981,178,2673
AAAGGATAGGCTGAAC-1,69,12472,819,3381
AAAGGATAGTCATTGC-1,79,13248,804,3438
AAAGGATCAACGGCTC-1,27,9036,421,2646
AAAGGATCACATACGT-1,16529,78,1051,4577
AAAGGATCAGCTCTGG-1,36,7962,610,2366
AAAGGATTCATTTACC-1,58,17419,736,4294
AAAGGATTCCCTCATG-1,1558,29,5,834
AAAGGATTCGGCAGTC-1,6679,8,2,1951
AAAGGATTCTATGTGG-1,90,17823,1414,4283
AAAGGGCAGAAAGCGA-1,58,12890,1075,3328
AAAGGGCAGATAGCAT-1,30,9121,590,2625
AAAGGGCAGCTGACCC-1,87,21736,1066,4575
AAAGGGCCACACAGCC-1,20,3642,357,1575
AAAGGGCCACGTATAC-1,27,5998,296,2087
AAAGGGCCATATACCG-1,21597,125,1779,5289
AAAGGGCTCTGTAACG-1,24991,144,2101,5661
AAAGGTAAGTTGGAGC-1,14,5406,411,1782
AAAGGTACAACCACAT-1,14,4608,229,1617
AAAGGTACAATGAACA-1,39,8460,485,2855
AAAGGTACACACTTAG-1,17419,117,1287,4912
AAAGGTACATCGGCCA-1,15162,44,759,4218
AAAGGTAGTTCCGGTG-1,15798,80,1183,4516
AAAGGTATCGTCGACG-1,5598,37,302,2499
AAAGGTATCTGGCCGA-1,17156,89,767,4503
AAAGTCCAGCTGAGCA-1,40,10855,893,3078
AAAGTCCAGGTAAAGG-1,17648,90,1254,4883
AAAGTCCAGTGCTACT-1,35,5077,399,1755
AAAGTCCGTCGCCTAG-1,6391,29,367,2623
AAAGTCCGTTAAGGAT-1,48,9976,677,2940
AAAGTCCTCAGAATAG-1,42,10484,696,2877
AAAGTCCTCCGTAGGC-1,13981,58,755,3858
AAAGTCCTCTTCGACC-1,1330,8,0,726
AAAGTGAAGATGCAGC-1,27,4904,180,1976
AAAGTGACACCTGCGA-1,36,8316,292,2718
AAAGTGACACGCCACA-1,34,9667,445,3052
AAAGTGAGTACCGGCT-1,36,10325,870,3005
AAAGTGAGTCGCAGTC-1,34,10849,709,3127
AAAGTGAGTGGCTGCT-1,56,11027,819,3184
AAAGTGAGTTAGGGTG-1,57,14166,1061,3632
AAAGTGATCTTCTTCC-1,49,7499,477,2655
AAATGGAAGCCTGAAG-1,36,5813,583,2043
AAATGGAAGGGCGAAG-1,6619,23,682,2394
AAATGGACACGCGCTA-1,40,13054,801,3277
AAATGGACATGACTCA-1,15677,95,1352,4544
AAATGGACATTGCCGG-1,63,13349,614,3757
AAATGGAGTATTGACC-1,26,4608,312,1783
AAATGGAGTCTCAGAT-1,7075,98,374,2924
AAATGGAGTCTTGTCC-1,58,9099,881,3025
AAATGGAGTGTTCATG-1,10409,52,680,3565
AACAAAGAGCGAGGAG-1,39,10945,799,2538
AACAAAGAGGACGGAG-1,33,6912,582,2253
AACAAAGCAACTTCTT-1,42,9236,648,2930
AACAAAGGTATCATGC-1,30,10198,405,3139
AACAAAGTCACATCAG-1,4936,24,259,2292
AACAAAGTCTTACACT-1,67,12832,1047,3462
AACAACCAGAGGATCC-1,22793,138,1350,5569
AACAACCAGGCAGCTA-1,73,23598,1155,4915
AACAACCAGTACGAGC-1,39204,210,2555,7185
AACAACCAGTCTGTAC-1,4104,33,570,2251
AACAACCAGTGGAAAG-1,47,15846,1151,3563
AACAACCCAAAGAGTT-1,8461,72,540,3075
AACAACCGTGATCATC-1,19,7752,545,2368
AACAACCGTGCATGAG-1,55,15014,909,3506
AACAACCTCAGTCTTT-1,17342,128,1351,5068
AACAACCTCGGTGCAC-1,41,12682,951,3075
AACAAGACATCGGATT-1,2705,27,520,1540
AACAAGAGTGAATAAC-1,13030,94,902,4056
AACAAGAGTTTACGAC-1,78,15904,681,3928
AACAAGATCATCTACT-1,33,6505,445,2473
AACAAGATCCTGGGAC-1,45,10777,830,3175
AACAAGATCGAAGCCC-1,6263,28,495,2460
AACAAGATCGCCGTGA-1,16,4469,264,1625
AACAAGATCGCGAAGA-1,9079,38,748,3106
AACACACAGACATATG-1,22,4682,271,1658
AACACACAGCCATATC-1,79,12753,956,3648
AACACACCACTACCGG-1,6076,21,358,2441
AACACACGTCACTTAG-1,37,10288,623,3180
AACACACGTTAGGGAC-1,31,5262,362,1914
AACACACTCTCTCAAT-1,115,14714,908,4048
AACAGGGAGATTAGCA-1,17,4568,281,1600
AACAGGGAGATTGATG-1,26,7985,336,2564
AACAGGGAGCTGGAGT-1,7160,27,445,2798
AACAGGGAGGAGCTGT-1,1539,12,3,831
AACAGGGAGGTATCTC-1,35,7485,398,2526
AACAGGGCACTGGCCA-1,24,1018,16,621
AACAGGGCATATCTGG-1,34,6787,448,2324
AACAGGGCATGACTCA-1,44,9519,742,2893
AACAGGGGTCGTATGT-1,20917,116,1839,5085
AACAGGGGTGTTCGTA-1,46,10490,579,3087
AACAGGGTCCTGATAG-1,6435,27,413,2567
AACAGGGTCTCTGAGA-1,8095,33,339,2890
AACCAACAGCCAACCC-1,56,10797,498,3166
AACCAACAGGTGCCAA-1,13509,65,633,4559
AACCAACCATCCTATT-1,19,3845,235,935
AACCAACGTGACTATC-1,46,12604,682,3398
AACCAACTCTACTATC-1,48,7758,524,2426
AACCACAAGATAACGT-1,21,6266,336,2143
AACCACAAGATCGGTG-1,19,5731,306,1853
AACCACACAATCACGT-1,27,6687,318,2400
AACCACACACCAGCTG-1,803,10,0,551
AACCACACACCAGGTC-1,14193,90,1208,4441
AACCACACAGCCATTA-1,15765,81,895,5125
AACCACACAGCTTTGA-1,86,17001,603,4098
AACCACACATACCATG-1,32,6494,372,2388
AACCACACATGACGTT-1,18804,95,1262,5003
AACCACATCCCAGGCA-1,15769,65,1101,4759
AACCATGAGACAAGCC-1,67,14469,730,3742
AACCATGAGGTATTGA-1,15888,89,911,4772
AACCATGAGTAGGATT-1,13522,50,1047,3848
AACCATGCAAGCCATT-1,44,17576,1122,4020
AACCATGCAATACGAA-1,1386,15,29,968
AACCATGCATATGCGT-1,6431,23,506,2503
AACCATGGTAACGATA-1,55,9827,417,3150
AACCATGGTCCGCAGT-1,8737,35,493,3255
AACCATGGTTCAACGT-1,23,8334,417,2676
AACCATGGTTCCACAA-1,30,8190,346,2547
AACCATGTCACGTAGT-1,48,10130,610,3156
AACCATGTCGTGTGGC-1,14726,53,1027,4154
AACCCAAAGAACTGAT-1,10453,49,825,3250
AACCCAAAGAAGTCAT-1,15249,109,2272,4540
AACCCAAAGGATGAGA-1,9066,53,696,3501
AACCCAAAGGCTATCT-1,81,12267,670,3611
AACCCAACAAATCGGG-1,19260,69,1118,4947
AACCCAACAACACGAG-1,14,7130,352,2597
AACCCAACACAAATGA-1,49,9175,597,2821
AACCCAAGTCCGGTCA-1,16102,66,1241,4643
AACCTGAAGATGGCGT-1,47,12523,641,3307
AACCTGAAGCACTCCG-1,44,12730,961,3463
AACCTGAAGCCGATTT-1,45,10417,669,3020
AACCTGAAGGAGTCTG-1,17,8655,544,2697
AACCTGAAGGTTATAG-1,23386,184,1935,6202
AACCTGAAGTATGGCG-1,6138,30,380,2546
AACCTGAAGTCTGCAT-1,4781,32,5,1764
AACCTGACAACGGCCT-1,31987,118,614,6448
AACCTGACATCAGCTA-1,19,5564,373,1766
AACCTGAGTAATACCC-1,25,10268,387,3067
AACCTGAGTATCGAGG-1,15248,140,1114,4523
AACCTGAGTCTTCCGT-1,22,4584,218,1935
AACCTGAGTGCATTTG-1,15731,59,914,4155
AACCTGAGTTAGGCTT-1,16463,6354,1829,6776
AACCTGATCACGAACT-1,7268,60,407,2973
AACCTGATCCACCTCA-1,11258,39,557,3559
AACCTGATCCATAGAC-1,66,8270,652,2975
AACCTTTAGATCCCGC-1,42,7276,328,2393
AACCTTTAGGCCCACT-1,100,22793,1355,5121
AACCTTTAGTCAGGGT-1,11,4950,336,1809
AACCTTTCACCTCAGG-1,38,9634,536,2995
AACCTTTGTCAGTTTG-1,17,5248,289,2004
AACCTTTTCGCCTTTG-1,45,7979,409,2786
AACGAAAAGCGCACAA-1,22,5780,333,1924
AACGAAACAACACGAG-1,57,15157,1169,3781
AACGAAACAGACCAGA-1,8269,28,233,2376
AACGAAACAGTCACGC-1,62,14743,563,3664
AACGAAACATAGAATG-1,25,7249,528,2460
AACGAAAGTGTCCACG-1,29,6988,769,2492
AACGAAATCCGATCGG-1,14385,40,729,3734
AACGAAATCGTCAAAC-1,1515,49,2,894
AACGAAATCTAGGCAT-1,20,5887,383,2097
AACGGGAAGACTGGGT-1,17,5594,371,2031
AACGGGAAGTAACGAT-1,23006,121,2194,5260
AACGGGAAGTCGTCTA-1,20689,91,1868,4675
AACGGGACAAGGGCAT-1,991,11,0,631
AACGGGACAATGTCTG-1,16807,70,1540,4336
AACGGGACACGCCAGT-1,17918,46,504,4315
AACGGGACAGTAGATA-1,11396,58,766,3967
AACGGGACATTATGCG-1,74,18587,1257,4347
AACGGGACATTCCTCG-1,22,4348,179,1827
AACGGGAGTCCTCCAT-1,26259,139,1383,5890
AACGGGAGTCGAATTC-1,73,12764,599,3434
AACGGGAGTGCCTGAC-1,36,5102,383,1771
AACGGGAGTTATTCTC-1,47,12242,649,3342
AACGGGAGTTCAGCTA-1,28,5725,321,2127
AACGGGATCCATCTCG-1,53,7519,333,2635
AACGGGATCTATTCGT-1,10448,61,764,3588
AACGTCAAGTACCCTA-1,52,14901,892,3691
AACGTCAGTAGTTAGA-1,761,8550,845,2888
AACGTCAGTATGGTAA-1,11878,228,2128,4333
AACGTCAGTCACCACG-1,67,12243,1026,3487
AACGTCAGTGGCATCC-1,14,6021,327,1978
AACGTCATCCCAGTGG-1,11816,3291,660,5007
AACTTCTAGACGATAT-1,15369,84,895,4751
AACTTCTAGCCTGCCA-1,8310,54,309,3321
AACTTCTAGCGACAGT-1,5920,35,1057,2389
AACTTCTAGGGCAGGA-1,81,23596,1197,4908
AACTTCTCACTGCACG-1,18390,93,1007,5297
AACTTCTGTTCGGCTG-1,21091,93,1492,5427
AACTTCTGTTGTGCAT-1,12017,61,777,3902
AACTTCTTCTATCGCC-1,71,14188,1418,3529
AAGAACAAGACAGTCG-1,20,10428,393,2703
AAGAACAAGTCACACT-1,38,9360,810,2606
AAGAACAAGTTGGCGA-1,560,15,1,445
AAGAACACAAGTCCAT-1,32,5974,450,2133
AAGAACACAATTGAGA-1,76,6282,517,2193
AAGAACACATAGGAGC-1,74,13394,615,3485
AAGAACAGTGGCTGAA-1,36,5902,343,2067
AAGAACAGTTTCTTAC-1,12223,70,745,4137
AAGAACATCCAGCAAT-1,9527,43,386,3409
AAGAACATCCGATTAG-1,101,15775,765,4073
AAGAACATCGAGTTGT-1,47,8927,930,2424
AAGAACATCTGTGCGG-1,34,8383,661,2485
AAGACAAAGATAGCAT-1,24,4819,346,1740
AAGACAACAACTCGTA-1,11189,47,522,3726
AAGACAACACAGTCAT-1,89,19411,1212,4490
AAGACAACATAGGTAA-1,32,8714,313,2697
AAGACAAGTGCCTAAT-1,9656,25,649,3023
AAGACTCAGACGTCGA-1,13,5412,349,1942
AAGACTCCAACCACGC-1,24400,106,2195,5583
AAGACTCCACATATGC-1,13849,113,743,4438
AAGACTCCATTCTCTA-1,15,6880,427,2559
AAGACTCGTAACAGTA-1,37741,179,2311,7342
AAGACTCTCGGCATCG-1,44,8031,624,2787
AAGACTCTCGTAGAGG-1,14084,95,1035,4507
AAGACTCTCGTCCTTG-1,28,8078,491,2634
AAGATAGAGGTGAGAA-1,75,15491,1123,3960
AAGATAGAGTGCTCAT-1,3510,35,504,1657
AAGATAGCACGCGGTT-1,30,4557,416,965
AAGATAGCACTGAGGA-1,97,13616,496,3732
AAGATAGCAGAACTAA-1,61,11123,631,3454
AAGATAGGTGAGCCAA-1,28342,167,2103,5871
AAGATAGTCCTGGGTG-1,25,4629,348,1689
AAGATAGTCCTTCACG-1,32,10851,657,3204
AAGATAGTCGAACGCC-1,29,6105,519,2224
AAGATAGTCGCAGAGA-1,20,2264,102,627
AAGATAGTCTGACAGT-1,53,10292,740,3034
AAGCATCAGACGATAT-1,22676,134,1487,5492
AAGCATCCAAATCGTC-1,70,15651,729,3990
AAGCATCCAATTGCCA-1,21181,83,729,5298
AAGCATCGTAGCTTAC-1,60,13213,968,3631
AAGCATCGTTTGCAGT-1,34,8072,529,2704
AAGCATCTCCCGAACG-1,46,12682,896,3493
AAGCCATCAAGTGGTG-1,10878,45,783,3572
AAGCCATCACCATATG-1,20,4711,241,1941
AAGCCATCAGGTCCCA-1,40,10665,352,3091
AAGCCATTCATGAAAG-1,38,8382,443,2573
AAGCCATTCCGTGCGA-1,16018,77,758,4928
AAGCCATTCTACTATC-1,60,11183,754,3406
AAGCGAGAGAGTTGCG-1,32,6691,393,2274
AAGCGAGAGCGACTGA-1,23,6085,193,2153
AAGCGAGAGCTTAGTC-1,34,8809,584,2640
AAGCGAGAGGATAATC-1,25,4547,276,1759
AAGCGAGAGTAACCGG-1,14019,74,900,4182
AAGCGAGCAATGCTCA-1,16310,70,1031,4741
AAGCGAGGTAGCCAGA-1,37,5509,344,1838
AAGCGAGGTATCTTCT-1,15298,93,1045,5071
AAGCGAGGTCCAAGAG-1,48,8973,899,2422
AAGCGAGGTGTTTACG-1,89,17970,968,4328
AAGCGAGTCATTTGTC-1,12122,92,1953,4215
AAGCGAGTCGATTGAC-1,5808,15,299,2497
AAGCGTTAGCAACAAT-1,30614,155,1797,6508
AAGCGTTAGCGTGAGT-1,16,5716,383,1944
AAGCGTTAGGACAACC-1,19434,79,1421,4795
AAGCGTTAGGCCACTC-1,14435,41,718,4443
AAGCGTTCAATCGCCG-1,13427,52,802,4203
AAGCGTTGTCACCGAC-1,49,13998,866,3625
AAGCGTTGTCGCCTAG-1,37,12443,969,3198
AAGCGTTTCGGCCTTT-1,23530,100,1176,5537
AAGGAATAGAGATGCC-1,46,10771,670,3099
AAGGAATAGCGTGTTT-1,17,4450,291,1570
AAGGAATAGGAAACGA-1,12088,1743,812,4380
AAGGAATAGGCTGGAT-1,60,12373,840,3466
AAGGAATCACCCTGAG-1,18621,114,1004,4961
AAGGAATCACGTACTA-1,31,6239,423,2257
AAGGAATCATCGTCCT-1,53,11535,870,3445
AAGGAATGTCTCGCGA-1,14397,75,542,4237
AAGGAATGTTCACCGG-1,24,11706,564,3303
AAGGAATGTTGTTGAC-1,62,14034,1278,3896
AAGGAATTCATGCTAG-1,35,9328,607,2708
AAGGAATTCTCGTCGT-1,41,7505,337,2458
AAGGTAAAGCAGCACA-1,28,6139,512,2224
AAGGTAAAGTCTGCGC-1,7846,30,428,2833
AAGGTAAAGTTCGCAT-1,53,13140,834,3588
AAGGTAACACAGCTTA-1,85,18047,1037,4247
AAGGTAACACGGTCTG-1,10946,47,367,3510
AAGGTAAGTCGTTATG-1,29,5996,417,2011
AAGGTAATCCAAGCCG-1,45,10013,836,2876
AAGTACCAGCGTTAGG-1,49,11213,621,3242
AAGTACCAGCTCCCTT-1,467,8606,788,3046
AAGTACCCAGCAGTCC-1,7,3479,79,1726
AAGTACCGTCGTACTA-1,14,3866,122,1524
AAGTACCGTGGTCCCA-1,9166,42,414,3158
AAGTACCGTTTCACAG-1,25,7613,274,2671
AAGTACCTCTGCACCT-1,89,16152,988,4378
AAGTACCTCTTGAGCA-1,36556,208,2817,6795
AAGTCGTAGATCGACG-1,19,7704,400,2548
AAGTCGTAGCCTTCTC-1,9857,51,556,3426
AAGTCGTGTTAGGCCC-1,9399,48,730,3249
AAGTCGTTCAGATGCT-1,6076,19,369,2450
AAGTCGTTCCTCAGGG-1,13561,58,1101,4293
AAGTCGTTCGCTATTT-1,8,3801,246,1472
AAGTCGTTCGTCACCT-1,423,8121,811,2537
AAGTGAAAGACCTCCG-1,37,9029,732,3111
AAGTGAAAGAGGCCAT-1,18,3724,249,1643
AAGTGAAAGAGGCGGA-1,27,4136,274,1590
AAGTGAAAGGGAGTTC-1,12,3480,286,1494
AAGTGAAAGTGCGTCC-1,13,4086,313,1589
AAGTGAACAACACTAC-1,79,18207,1015,4359
AAGTGAAGTACAGTTC-1,34,6634,434,2041
AAGTGAAGTCTGTAGT-1,8146,41,501,2904
AAGTGAATCGGAATGG-1,767,41,28,608
AAGTGAATCTCGTCAC-1,17,4548,302,1582
AAGTTCGCAAGACGAC-1,73,15054,1024,4028
AAGTTCGCAGCTCCTT-1,15828,83,1055,4793
AAGTTCGCATCCCGTT-1,41,13650,661,3620
AAGTTCGTCAAACGAA-1,17970,99,580,4685
AAGTTCGTCCATCACC-1,17505,77,996,4819
AATAGAGAGCAGAAAG-1,7021,23,438,2626
AATAGAGAGTCAGCCC-1,11848,85,999,3725
AATAGAGCATCTAACG-1,704,491,45,891
AATAGAGCATCTTTCA-1,17160,97,1242,4567
AATAGAGGTCGTGGAA-1,1836,8,28,980
AATAGAGGTGTTCAGT-1,25,5079,321,1930
AATAGAGGTTGACGGA-1,21,2463,164,1209
AATAGAGGTTGAGGAC-1,75,14516,1309,3510
AATAGAGTCTCTATAC-1,24,8447,634,2761
AATCACGAGACTTAAG-1,18,4691,416,1889
AATCACGAGTCATAGA-1,8625,55,446,3246
AATCACGAGTTGTCAC-1,24,2874,216,1316
AATCACGCAGTATACC-1,124,18670,1301,4737
AATCACGCATCAACCA-1,31,7794,526,2593
AATCACGGTAGAGACC-1,4723,19,1,1504
AATCACGGTCAGTCCG-1,8822,45,526,3000
AATCACGTCCTTATAC-1,111,17885,1108,4574
AATCACGTCTTACGGA-1,16106,95,1133,4714
AATCGACAGTAAATGC-1,61,15318,983,3845
AATCGACCACTTGACA-1,72,21551,704,4571
AATCGACGTAAGCGGT-1,19,6698,515,2065
AATCGACGTATGGGAC-1,42,7124,428,2488
AATCGACGTCTTCGAA-1,45,6497,498,2187
AATCGACGTGACTCGC-1,87,21364,950,4564
AATCGACGTTGGGAAC-1,13505,60,857,4235
AATCGACTCACAACCA-1,64,13936,967,3501
AATCGACTCAGAATAG-1,27,10406,647,3149
AATCGACTCCAACTGA-1,6,791,6,514
AATCGACTCGCTTTAT-1,1539,29,27,1056
AATCGTGAGCTAGCCC-1,50,12474,1001,3459
AATCGTGCAGCGTACC-1,1547,12,12,814
AATCGTGCATGTAACC-1,88,17722,1519,4387
AATCGTGGTCCTGGGT-1,21,4826,470,1892
AATCGTGGTGCCTTTC-1,40,8435,663,2944
AATCGTGTCCCATGGG-1,66,6643,460,1923
AATCGTGTCCGCTAGG-1,12782,64,1050,4185
AATCGTGTCTTCCAGC-1,6823,30,271,2618
AATGAAGAGATCCCAT-1,1138,26,390,666
AATGAAGAGATTAGCA-1,5297,28,184,2232
AATGAAGAGCTAGAAT-1,26486,132,2014,5780
AATGAAGAGCTCTGTA-1,24,2534,261,1192
AATGAAGCAACTGCTA-1,55,11554,828,3285
AATGAAGCAGAGATGC-1,2158,20,3,1069
AATGAAGCAGATTTCG-1,26,7819,557,2437
AATGAAGCAGCTTTCC-1,35,7823,419,2616
AATGAAGCATAAGATG-1,45,10310,495,3178
AATGAAGGTATCGTTG-1,9,3817,235,1434
AATGAAGGTCTAGTGT-1,22702,153,1749,5372
AATGAAGGTTGGCTAT-1,22,4565,365,1615
AATGAAGTCCACCCTA-1,95,16350,1109,4410
AATGAAGTCGAACGCC-1,12631,95,1056,4005
AATGACCAGAATTTGG-1,28,5384,297,1957
AATGACCAGCCGCTTG-1,8712,48,313,3101
AATGACCAGCGAGGAG-1,9418,34,610,3307
AATGACCAGTCATAGA-1,62,10437,684,3229
AATGACCAGTTACGAA-1,223,20097,1304,4825
AATGACCCAAGCTCTA-1,43,14422,862,3491
AATGACCCACGATAGG-1,31,11345,432,3386
AATGACCCATTAAAGG-1,35220,217,2722,7086
AATGACCGTGCCTTCT-1,21,5590,347,1985
AATGACCTCCTCACTG-1,19815,135,941,5846
AATGACCTCGCAATTG-1,3384,53,421,1741
AATGACCTCGCTGATA-1,32,9775,532,2870
AATGCCACAATCGCGC-1,6659,30,315,2715
AATGCCACAATTGAGA-1,76,13531,897,3746
AATGCCACACCAGACC-1,147,21660,880,5106
AATGCCACAGAGCCCT-1,44,11682,1026,3288
AATGCCACAGTTAGAA-1,69,17627,1189,4270
AATGCCAGTACGGGAT-1,11878,54,819,4022
AATGCCAGTCATGGCC-1,18,6061,495,1586
AATGCCAGTGCACATT-1,35,10672,502,3302
AATGCCATCACCGGTG-1,90,15733,809,4190
AATGGAAAGTCCGCCA-1,33,9158,409,3001
AATGGAACAGCATACT-1,62,11259,860,3178
AATGGAACATCACGGC-1,13764,73,934,4246
AATGGAAGTACTCGTA-1,21,7059,380,2381
AATGGAATCAAGTCTG-1,6084,28,286,2490
AATGGAATCCTAAACG-1,56,8842,771,2642
AATGGAATCGCTATTT-1,6106,21,431,2310
AATGGAATCTCCTGAC-1,7215,31,516,2780
AATGGCTCAGAGGACT-1,45,7244,531,2415
AATGGCTTCGCAACAT-1,54,6206,489,2319
AATGGCTTCGGCTCTT-1,24,8031,350,2627
AATTCCTAGTGAGTTA-1,5234,16,474,2341
AATTCCTCAGCGGTTC-1,15353,59,472,4310
AATTCCTCATGGCCCA-1,50,9966,613,3068
AATTCCTGTACTCGCG-1,18639,87,1145,5068
AATTCCTTCCTACGGG-1,48,9900,778,3067
AATTCCTTCTATCGCC-1,11823,57,693,4066
AATTCCTTCTCTATGT-1,977,20,1,614
AATTTCCAGACCAAGC-1,55,8751,640,2853
AATTTCCAGACTAAGT-1,20,6980,346,2308
AATTTCCAGCCTCAAT-1,10408,57,652,3844
AATTTCCAGCTGACAG-1,24,10178,534,2998
AATTTCCAGGTTGGTG-1,35,9512,586,2787
AATTTCCAGTAGCAAT-1,10489,61,532,3768
AATTTCCGTATCATGC-1,13,3854,317,1753
AATTTCCGTCGTAATC-1,8226,26,4,2400
AATTTCCGTTCAACGT-1,45,11202,595,3473
AATTTCCGTTTGTTGG-1,9,3125,244,1379
AATTTCCTCTGTAACG-1,8112,28,452,3036
ACAAAGAAGAAACTGT-1,47,13716,792,3464
ACAAAGACAGTGCCTG-1,15039,69,1521,4736
ACAAAGAGTAACGGTG-1,26,10666,713,2963
ACAAAGAGTATACCTG-1,44,7887,484,2322
ACAAAGAGTTCAAGTC-1,28,7718,278,2480
ACAAAGATCCCATTCG-1,341,15380,978,3960
ACAAAGATCCGATCTC-1,11,4448,404,1683
ACAACCAAGAATCCCT-1,14073,6841,1196,6692
ACAACCAAGTGGATTA-1,55,7816,497,2636
ACAACCAAGTGTGTTC-1,34019,175,2606,6893
ACAACCACATCAGTGT-1,61,12815,841,3390
ACAACCAGTAACAAGT-1,21987,129,998,5514
ACAACCAGTCGAACAG-1,16568,69,1403,4935
ACAACCATCATGTCAG-1,37,8279,686,2640
ACAACCATCCTTCAGC-1,10,4081,471,662
ACAACCATCTTACACT-1,35,7674,533,2575
ACAAGCTAGAATCGAT-1,38,6045,494,2062
ACAAGCTAGAGCATCG-1,11780,48,803,3745
ACAAGCTAGATCACCT-1,11321,83,809,3831
ACAAGCTAGTCAGAGC-1,18,6135,300,2122
ACAAGCTCAGGGAGAG-1,111,27369,1447,5023
ACAAGCTCATAACCCA-1,17630,88,838,5096
ACAAGCTGTAACATGA-1,39,10499,508,3105
ACAAGCTGTCCCTCAT-1,61,8114,663,2795
ACAAGCTGTGCATGAG-1,52,14343,1047,3487
ACAAGCTTCAGGCGAA-1,13976,92,734,4591
ACACAGTAGTCACGCC-1,98,21309,1341,5058
ACACAGTCAAGACGAC-1,28594,120,2054,6252
ACACAGTTCAACCTCC-1,61,16226,822,4451
ACACAGTTCGCTTTAT-1,62,12681,518,3717
ACACAGTTCGGTGCAC-1,35,7356,235,2541
ACACCAACAAACCATC-1,21912,131,996,5778
ACACCAACACAAGTGG-1,7,2417,3,892
ACACCAACACCCTATC-1,49,10252,441,3033
ACACCAACAGCGAGTA-1,64,10127,727,2942
ACACCAACATGGAGAC-1,74,12334,811,3516
ACACCAAGTGATATAG-1,15077,97,1522,4560
ACACCAAGTGGCCTCA-1,35141,164,2899,7087
ACACCAATCACACGAT-1,63,10934,623,3273
ACACCAATCCTATGGA-1,40,8242,558,2762
ACACCAATCTCACTCG-1,1113,9,0,721
ACACGCGAGGTAAGTT-1,10942,61,496,3660
ACACGCGAGTTCTCTT-1,16,5459,333,1990
ACACGCGCACGGAAGT-1,22,5799,352,1954
ACACGCGCACTCAAGT-1,21165,127,1343,5528
ACACGCGCATCCGGCA-1,13502,61,548,4209
ACACGCGCATCGGTTA-1,31,6894,447,2054
ACACGCGGTAGCTTTG-1,15662,115,970,4628
ACACGCGGTCCTTGTC-1,7737,32,435,2610
ACACGCGGTGTTGACT-1,1206,10,1,698
ACACGCGGTTCAGCTA-1,12,2999,134,894
ACACGCGGTTTACGAC-1,26,9081,545,2949
ACACGCGTCACAACCA-1,32,7176,798,2352
ACACGCGTCAGCCTTC-1,65,13223,1197,3671
ACACGCGTCCCTCTAG-1,15,4252,206,1648
ACACGCGTCTGCTGAA-1,26,5474,385,2392
ACACGCGTCTTTGCGC-1,22,8051,337,2579
ACACTGAAGGTTCACT-1,6991,42,321,2868
ACACTGAAGGTTCATC-1,8897,25,408,3239
ACACTGAAGTGTACAA-1,15413,84,865,4589
ACACTGACAAAGTATG-1,13330,84,738,4370
ACACTGACATATGCGT-1,41,600,11,473
ACACTGATCACAAGGG-1,9,4537,191,1638
ACACTGATCCTACCGT-1,15715,94,1306,4977
ACACTGATCCTATTGT-1,29,6100,396,2034
ACAGAAAAGAAGCTCG-1,59,15078,1113,3604
ACAGAAACAATGCTCA-1,26982,163,1415,6589
ACAGAAACAATGGGTG-1,20,5952,339,2006
ACAGAAACACACGGTC-1,1223,16,2,691
ACAGAAACAGGTCAAG-1,12721,71,681,4353
ACAGAAACATCCTTGC-1,23323,117,1130,5857
ACAGAAAGTACTGACT-1,58,9872,886,3083
ACAGAAAGTTAGAGTA-1,12,3463,233,1384
ACAGAAAGTTCAAACC-1,20950,99,1261,5309
ACAGAAAGTTTAGACC-1,92,18678,942,4436
ACAGAAATCGAACCAT-1,5283,15,305,2209
ACAGAAATCGTTATCT-1,10201,34,543,3292
ACAGCCGAGGATTTAG-1,53,11821,672,3066
ACAGCCGCACGTCTCT-1,979,20,22,729
ACAGCCGCAGATTCGT-1,35,8372,691,2692
ACAGCCGCAGGCACAA-1,740,5,0,493
ACAGCCGGTGGCTAGA-1,30,6642,492,2268
ACAGCCGTCTGTCCCA-1,97,16693,1131,4162
ACAGGGAAGACGACGT-1,8941,156,320,3261
ACAGGGAAGGACGGAG-1,14472,64,1065,4301
ACAGGGAAGGCAGTCA-1,17574,74,959,4432
ACAGGGAAGGCGAAGG-1,99,19700,1258,4582
ACAGGGACAATACCTG-1,14889,108,1055,4865
ACAGGGAGTAAGACCG-1,15105,50,823,4481
ACAGGGAGTACCGGCT-1,13137,83,831,3839
ACAGGGAGTGGCCTCA-1,56,23378,1191,4355
ACAGGGAGTTCTATCT-1,105,20106,1230,4830
ACAGGGAGTTGCTCGG-1,16824,83,993,4581
ACAGGGATCACGAGGA-1,12048,6668,1381,5977
ACAGGGATCGGCACTG-1,26,6581,455,2311
ACATCCCAGCTCGAAG-1,12495,56,688,3971
ACATCCCCACATGTTG-1,52,11459,765,3237
ACATCCCCAGACAATA-1,100,15314,1255,4217
ACATCCCCATGTCGTA-1,31,5491,409,1870
ACATCCCGTACCCACG-1,10993,93,721,3333
ACATCCCGTTCGGACC-1,109,16716,988,4494
ACATCCCTCACCTACC-1,40,7558,586,2701
ACATCCCTCGAGAAGC-1,29,7326,437,2545
ACATCCCTCTACTGAG-1,13986,49,593,4010
ACATCCCTCTCTCTAA-1,7006,34,441,2717
ACATCGAAGGTAAACT-1,17,4889,218,2102
ACATCGAAGTAGTCTC-1,35,5738,496,2243
ACATCGACAAACACGG-1,43,12487,913,3198
ACATCGACAAACTGCT-1,30,7018,594,2343
ACATCGACAATATCCG-1,14838,71,963,4542
ACATCGACAGCAGTCC-1,26,7435,798,2465
ACATCGACAGCATCTA-1,7219,37,569,2764
ACATCGACAGTCCGTG-1,5981,40,382,2394
ACATCGACATTGCCGG-1,12298,70,944,4214
ACATCGATCAAGTCTG-1,43,8466,691,2361
ACATCGATCCCTGTTG-1,36534,143,2295,6677
ACATCGATCGTCAACA-1,26,4840,262,1859
ACATCGATCTAACGGT-1,55,10833,447,3244
ACATGCAAGGATTCAA-1,15408,62,1092,4168
ACATGCAAGGCATCAG-1,7755,39,836,3325
ACATGCAAGGCCTAGA-1,46,9182,323,2948
ACATGCACACATACTG-1,28,8952,547,2992
ACATGCATCCATTCGC-1,46,12926,957,3651
ACATGCATCCCTTGTG-1,18434,61,861,4794
ACATTTCAGACAGCGT-1,66,14709,1164,3770
ACATTTCAGACATAAC-1,964,11,1,622
ACATTTCAGACCAAAT-1,10522,53,503,3334
ACATTTCAGATCCAAA-1,14451,75,1268,4457
ACATTTCAGATTGGGC-1,32,10434,901,2892
ACATTTCAGGTTCTTG-1,6882,38,395,2920
ACATTTCCAAGAGAGA-1,92,16692,1145,4172
ACATTTCCACCTCTGT-1,21,639,304,256
ACATTTCCAGCACAAG-1,38,11150,545,3325
ACATTTCGTAGTCTTG-1,21,4381,371,1578
ACATTTCGTCTTAGTG-1,16007,96,977,4582
ACATTTCGTTAGTCGT-1,63,12806,1055,3234
ACATTTCTCCATTGGA-1,12248,62,651,4062
ACATTTCTCTGTCCCA-1,11089,51,391,3697
ACCAAACAGAGGCGTT-1,1032,9,1,687
ACCAAACAGGTACAGC-1,5077,40,426,2136
ACCAAACAGTGGCGAT-1,39,8476,379,2635
ACCAAACCACAGCCAC-1,46,10879,377,3276
ACCAAACCAGCTGGTC-1,2078,8,0,1002
ACCAAACGTGAATGAT-1,10438,64,651,3329
ACCAAACTCTGGCCTT-1,35,7304,197,2948
ACCAAACTCTTCACGC-1,14,5986,291,2074
ACCAACACAACCGATT-1,12240,51,432,4154
ACCAACACACCCTGTT-1,8822,50,509,3263
ACCAACACAGGTTACT-1,22,6624,433,2343
ACCAACAGTTCGGTAT-1,51,19286,1074,4370
ACCAACATCATGAGAA-1,17581,94,1423,4893
ACCAACATCTTAAGGC-1,29581,146,2317,6536
ACCACAAAGCGAATGC-1,6622,29,361,2618
ACCACAACAATTCTTC-1,20,5964,307,2156
ACCACAACACCTGAAT-1,23887,126,833,5862
ACCACAAGTGAATGTA-1,61,10653,828,2922
ACCACAAGTGACCGTC-1,31,9189,558,2821
ACCACAATCTAACGCA-1,233,17041,548,4463
ACCATTTAGAAGGATG-1,56,8632,612,2637
ACCATTTAGGCTATCT-1,11,2540,3,732
ACCATTTCACTGGCGT-1,10952,52,822,3844
ACCATTTCATAGGTAA-1,18,4102,264,1640
ACCATTTCATGGACAG-1,33,6135,492,2023
ACCATTTGTAGGTGCA-1,56,5027,418,1873
ACCATTTGTCGGCACT-1,37,12046,770,3490
ACCATTTGTCTCTCCA-1,20967,96,891,5343
ACCATTTGTGGACTGA-1,45,8171,1053,2630
ACCATTTGTTTACTTC-1,32,7290,584,2440
ACCATTTTCAGGACAG-1,16779,97,1215,5092
ACCATTTTCATGACAC-1,7618,51,364,2895
ACCATTTTCGCCACTT-1,20,5388,305,2095
ACCATTTTCGCTTACC-1,37,9242,669,2898
ACCATTTTCTGTAACG-1,80,15855,1331,3821
ACCCAAACATCTTTCA-1,37,7523,456,2572
ACCCAAAGTATCAGCT-1,8525,59,692,2959
ACCCAAAGTATCGAGG-1,38935,146,3173,7416
ACCCAAAGTCTACATG-1,7218,43,323,3027
ACCCAAAGTGCCTTCT-1,33,9732,422,3093
ACCCAAAGTGGCCTCA-1,50,10330,593,3281
ACCCAAATCCAAAGGG-1,61,10943,834,3326
ACCCAAATCTCCTGAC-1,62,9984,748,3225
ACCCAAATCTGCGATA-1,16,4267,368,1768
ACCCTCAAGAGGCTGT-1,5639,33,357,2483
ACCCTCAAGTCTTCGA-1,20348,113,1362,5474
ACCCTCAAGTTGGAAT-1,13127,76,890,4377
ACCCTCACAGGGAATC-1,17,5122,481,1906
ACCCTCAGTAGTGGCA-1,47,11270,783,2826
ACCCTCAGTCGTGTTA-1,23554,83,1609,5250
ACCCTCATCAGGAGAC-1,11531,59,612,3830
ACCCTCATCCGGTAAT-1,24735,141,1634,5799
ACCCTCATCGCCCAGA-1,28,6012,370,2171
ACCCTCATCGCTAAAC-1,23566,117,1417,5893
ACCCTCATCTACCTTA-1,82,20352,1290,4818
ACCCTCATCTCTAGGA-1,44,9608,602,2868
ACCCTTGAGGTATTGA-1,20,6352,267,2125
ACCCTTGCAAGAGGCT-1,28,10508,730,3105
ACCCTTGGTAACCCGC-1,41,12164,562,3321
ACCCTTGGTCCTGTCT-1,38,10050,355,3124
ACCCTTGTCGCGAAGA-1,26,8380,558,2645
ACCCTTGTCTCATTGT-1,57,14323,745,3826
ACCGTTCAGCAGGCTA-1,27,5615,437,2150
ACCGTTCAGGGATCTG-1,40,12106,615,3336
ACCGTTCAGGTCCGAA-1,42,8580,716,2812
ACCGTTCAGGTGCTAG-1,7736,29,328,2837
ACCGTTCAGTTGCTCA-1,6858,13127,743,6189
ACCGTTCAGTTGTACC-1,12218,53,790,4018
ACCGTTCCAAACTCGT-1,16561,64,1048,4621
ACCGTTCCACTTGGCG-1,31,6687,380,2317
ACCGTTCCAGCACAGA-1,49,14693,679,3813
ACCGTTCCATGCGGTC-1,9100,50,966,3489
ACCGTTCCATGTTCGA-1,3034,8,19,1121
ACCGTTCGTTCTCGCT-1,53,15642,1427,3708
ACCGTTCGTTTCGACA-1,12782,56,806,3802
ACCGTTCTCCATACAG-1,12,926,13,638
ACCGTTCTCGAGTACT-1,9,2444,425,492
ACCTACCAGGATATGT-1,38,10744,564,3147
ACCTACCAGTAGCATA-1,14525,81,1048,4531
ACCTACCAGTAGGAAG-1,7038,29,356,2536
ACCTACCCAGAGCGTA-1,65,19082,1240,4506
ACCTACCCATTGTAGC-1,46,8260,414,2732
ACCTACCGTAATTAGG-1,19898,108,1113,5404
ACCTACCGTACTCCCT-1,25,5684,272,1970
ACCTACCGTCCCTGAG-1,13497,65,422,4263
ACCTACCGTGGATCGA-1,9,2352,224,555
ACCTACCTCAACGAGG-1,26,5709,294,2204
ACCTACCTCAGGCGAA-1,83,19001,1177,4422
ACCTACCTCGGTAGGA-1,11510,46,678,3887
ACCTGAACACAGCCTG-1,19,4874,279,1955
ACCTGAAGTCTCGCGA-1,93,15684,1067,3979
ACCTGAATCCCGAGAC-1,594,14882,859,4295
ACCTGTCAGGACGGAG-1,33,10000,894,2904
ACCTGTCAGGCCACCT-1,26024,118,1648,6219
ACCTGTCAGGGAGGTG-1,70,11792,625,3214
ACCTGTCAGGTTACCT-1,12539,77,706,4167
ACCTGTCCACATACTG-1,49,11141,749,3210
ACCTGTCCAGAAGTGC-1,13456,57,1043,3934
ACCTGTCGTCTGATAC-1,4276,12,308,1526
ACCTGTCTCAAGGTGG-1,26,5251,643,1730
ACCTGTCTCCAAAGGG-1,45,12462,1042,3528
ACGATCAAGGCATCAG-1,36,8071,811,2426
ACGATCAAGTTACGAA-1,21,4976,567,1830
ACGATCACAAAGGTTA-1,2155,22,723,1040
ACGATCACACGTCGGT-1,9177,30,554,3255
ACGATCAGTATCCTCC-1,17,4386,283,1649
ACGATCAGTCCCAAAT-1,12661,81,789,4298
ACGATCAGTTCATCTT-1,69,10988,933,3470
ACGATCATCCAACTAG-1,7944,34,488,2818
ACGATCATCGCATGAT-1,8353,33,380,3309
ACGATGTAGATCGACG-1,43,8141,540,2614
ACGATGTAGCAACAAT-1,641,12,2,481
ACGATGTAGCTCAGAG-1,46,8976,839,2823
ACGATGTAGGATTCCT-1,8249,51,679,3272
ACGATGTAGTTGAAAC-1,14219,68,875,4281
ACGATGTCAGGCACAA-1,21,3924,227,1631
ACGATGTCAGTGTGGA-1,13908,41,753,3753
ACGATGTGTATCACGT-1,22383,82,1862,5115
ACGATGTGTGCCAAGA-1,13,2370,45,617
ACGATGTTCCCGAGAC-1,22,6814,411,2119
ACGCACGCATGTTCGA-1,806,20,23,594
ACGCACGTCCATACAG-1,1012,14,0,682
ACGCACGTCGAAGAAT-1,14529,70,1239,4243
ACGCACGTCGCTGATA-1,30,6439,365,2066
ACGGAAGAGATAGTGT-1,8434,29,981,2709
ACGGAAGAGTCGCTAT-1,7104,34,398,2844
ACGGAAGCACTGGACC-1,34,10814,451,3234
ACGGAAGCAGCAGATG-1,6442,25,498,2618
ACGGAAGCATGAGGGT-1,64,11576,702,3182
ACGGAAGGTCCAGGTC-1,65,19627,1292,4570
ACGGAAGGTGTGCTTA-1,49,8386,480,2678
ACGGAAGTCAACCTCC-1,18088,81,1194,4701
ACGGAAGTCCCTCAAC-1,35,11571,594,2961
ACGGAAGTCGGTCGAC-1,6728,12032,1787,5834
ACGGAAGTCTCAGTCC-1,55,14422,776,3708
ACGGAAGTCTCCCATG-1,28,5144,335,1725
ACGGGTCAGAATAACC-1,26,7361,329,2364
ACGGGTCAGCGTATGG-1,36,11906,815,2958
ACGGGTCAGTATGAGT-1,16185,106,690,4822
ACGGGTCAGTCTTCGA-1,9343,68,629,3203
ACGGGTCCAAATAAGC-1,106,20172,1156,4495
ACGGGTCCAAGTTGGG-1,14090,106,1172,4341
ACGGGTCCACAGTCGC-1,38467,136,2190,6719
ACGGGTCCACTGTCGG-1,58,12246,1168,3541
ACGGGTCCAGTAACCT-1,1677,19,1,904
ACGGGTCGTAACATAG-1,17,6741,520,2292
ACGGGTCGTGTCCGGT-1,19070,70,1298,4657
ACGGGTCTCAACGCTA-1,4693,34,510,2080
ACGGGTCTCACTCCGT-1,28,5884,517,2159
ACGGGTCTCATTTCCA-1,96,17944,983,4295
ACGGGTCTCGCTACGG-1,41,11651,994,3260
ACGGGTCTCTCGTTTA-1,12,2634,628,1268
ACGGGTCTCTGGGAGA-1,46,8012,427,2743
ACGGTCGAGTCATAGA-1,18,8886,410,2772
ACGGTCGAGTCTAGCT-1,31,8191,426,2799
ACGGTCGAGTGGTTGG-1,2450,15,720,1253
ACGGTCGCAAGACGAC-1,10863,46,557,3756
ACGGTCGCACATTCGA-1,22630,94,1346,5518
ACGGTCGCAGCGACAA-1,36,12329,530,3158
ACGGTCGGTACGGATG-1,16928,58,1526,4318
ACGGTCGTCGGACGTC-1,12952,50,573,3970
ACGGTCGTCTCGGTCT-1,14288,82,844,4160
ACGGTTAAGGCTCTAT-1,47,11810,690,3092
ACGGTTACACACCTAA-1,707,15717,495,4469
ACGGTTAGTAGATCGG-1,7999,27,407,3015
ACGTAACCAAGTATCC-1,26,5541,387,2068
ACGTAACCACATTGTG-1,55,12287,801,3501
ACGTAACCATTGTCGA-1,50,9686,637,2913
ACGTAACGTCGGCTAC-1,16,7717,260,2365
ACGTAACGTCTCACGG-1,17398,82,1136,4349
ACGTAACGTGACCGAA-1,17685,75,1175,4440
ACGTAACGTGTTCGTA-1,65,12494,996,3609
ACGTAACTCCAGTACA-1,59,14017,541,3765
ACGTAACTCCGCGATG-1,50,14777,722,3798
ACGTACAAGAGACAAG-1,40,11166,776,2946
ACGTACAAGAGCCATG-1,38,5977,468,2185
ACGTACAAGCTGAGTG-1,23,5049,317,1663
ACGTACAAGTGCGCTC-1,18,4749,368,1894
ACGTACACAGAACCGA-1,34,6156,459,2170
ACGTACACATCTAACG-1,7037,29,269,2751
ACGTACAGTGGGTCAA-1,42,10214,509,2854
ACGTAGTAGATACTGA-1,12913,86,1088,4164
ACGTAGTCAATCGCCG-1,39,10709,436,3308
ACGTAGTCACCCGTAG-1,13503,63,1015,4361
ACGTAGTGTTCTGAGT-1,7591,40,411,2960
ACGTCCTAGATTGATG-1,17050,81,911,4707
ACGTCCTAGGTCGCCT-1,6090,25,452,2491
ACGTCCTAGTGCCAGA-1,23,7580,407,2592
ACGTCCTCACCGGAAA-1,29379,134,1852,6682
ACGTCCTCAGAAGTTA-1,27,5376,467,1944
ACGTCCTCATGCCATA-1,8509,36,611,3008
ACGTCCTCATTACGGT-1,38,9017,425,2813
ACGTCCTCATTGGCAT-1,5996,73,369,2956
ACGTCCTGTCCACTTC-1,27,8425,369,2461
ACGTCCTGTGAAGCGT-1,23,6036,372,1911
ACGTTCCAGTAGGTTA-1,29,5089,265,1795
ACGTTCCCACGTCGGT-1,4350,11,0,1632
ACGTTCCCAGCGACAA-1,23579,114,1420,5760
ACGTTCCCAGCGTTGC-1,19141,66,1052,4877
ACGTTCCGTCCCTCAT-1,64,14369,759,3692
ACGTTCCGTGACCGAA-1,18,4063,174,1413
ACGTTCCGTGAGTAGC-1,55,16295,1895,4102
ACGTTCCGTGGACTGA-1,6870,27,537,2619
ACGTTCCTCAACTGGT-1,26,589,7,452
ACGTTCCTCAAGCCCG-1,12,3063,143,748
ACGTTCCTCTTTCCGG-1,5541,24,332,2551
ACTACGAGTAGCTTTG-1,11,2321,253,1132
ACTACGAGTCGTTATG-1,22,6765,263,2310
ACTACGAGTCTGTCCT-1,11188,53,648,3692
ACTACGAGTTCCGGTG-1,12720,44,602,3921
ACTACGAGTTGTTGCA-1,40,12092,1143,3380
ACTACGATCTTCGGAA-1,29,4814,421,1752
ACTACGATCTTTGCTA-1,48,8431,402,2842
ACTATCTAGATAGTGT-1,18,4142,269,1702
ACTATCTAGCTAGTTC-1,7742,52,435,2927
ACTATCTAGGATATGT-1,7,2542,100,773
ACTATCTAGTAGCATA-1,7444,20,351,2764
ACTATCTCAGTAGAGC-1,1835,12,251,1062
ACTATCTGTGCACATT-1,13076,11751,1778,7877
ACTATCTTCAGCTGTA-1,35,10006,409,3212
ACTATCTTCGCTGACG-1,7126,30,420,3005
ACTATGGAGACCTGGA-1,49,10608,730,3088
ACTATGGAGGGATCGT-1,9011,43,792,3157
ACTATGGCAAACTGCT-1,39,7992,795,2557
ACTATGGCAAGCTCTA-1,28,4765,223,1846
ACTATGGCATCCGGCA-1,21439,68,944,5147
ACTATGGGTGTATTCG-1,14780,49,601,4052
ACTATGGGTTTCAGAC-1,55,14887,756,3925
ACTATTCAGAGGCGGA-1,46,8807,543,2743
ACTATTCAGTACCATC-1,17,5392,243,2184
ACTATTCCAACCTAAC-1,13079,61,585,4044
ACTATTCCACACACGC-1,48,12620,752,3577
ACTATTCCACAGCATT-1,32,5067,435,1832
ACTATTCGTACGGATG-1,19,3682,387,713
ACTATTCGTCACCCTT-1,12025,5988,654,6925
ACTATTCGTGAACTAA-1,36,9274,351,2876
ACTATTCGTTATTCCT-1,5432,18,0,1708
ACTATTCTCATTCGTT-1,23,5056,257,1961
ACTATTCTCATTTGTC-1,11834,49,602,4064
ACTATTCTCCCTTCCC-1,5764,20,250,2772
ACTATTCTCGTCAGAT-1,35,7872,530,2714
ACTATTCTCTGGAGAG-1,16,4943,306,1885
ACTCCCAAGACCATTC-1,16,4117,277,1686
ACTCCCAAGGAAACGA-1,73,13388,786,3809
ACTCCCACATACCAGT-1,39,4826,288,1863
ACTCCCAGTATTGCCA-1,14461,90,936,4535
ACTCCCAGTGTTTGCA-1,8153,39,428,3103
ACTCCCATCCTCTAGC-1,57,13308,870,3439
ACTCCCATCGTCAGAT-1,57,13003,781,3670
ACTCCCATCTGACCCT-1,18,3653,171,1712
ACTCCCATCTGTGCGG-1,16268,70,901,4657
ACTCTCGCAATGCAAA-1,38,10850,552,3160
ACTCTCGGTACTCCGG-1,7231,29,340,2616
ACTGATGAGACAGCTG-1,15,3385,290,1539
ACTGATGAGTTAGAAC-1,10205,103,639,3516
ACTGATGGTACGCTTA-1,86,11968,603,3518
ACTGATGGTGCAATAA-1,29,4392,308,1880
ACTGATGGTTCTAACG-1,5901,18,10,2024
ACTGATGTCAAAGGTA-1,42,9290,423,2882
ACTGATGTCACCTTGC-1,58,6849,449,2441
ACTGATGTCAGTCCGG-1,23,4774,293,1749
ACTGATGTCGCTTGAA-1,9709,39,427,3416
ACTGATGTCGGTCGAC-1,9481,67,550,3198
ACTGATGTCGGTTCAA-1,12538,61,999,3762
ACTGATGTCTCAATCT-1,14042,106,895,4428
ACTGCAAAGAGTCTGG-1,31,6849,694,2230
ACTGCAAAGGTGCTTT-1,3218,57,0,1289
ACTGCAACAGTGCCTG-1,121,24753,1388,5227
ACTGCAAGTATGAGCG-1,19,4261,130,1732
ACTGCAAGTTGTGCCG-1,18,7022,421,2330
ACTGCAATCAGACCTA-1,148,18382,991,4405
ACTGCAATCGCGCTGA-1,9977,37,385,3221
ACTGCAATCTACCCAC-1,10252,37,623,3659
ACTGTCCAGAAGAGCA-1,32,6332,735,2211
ACTGTCCCACGCACCA-1,577,7,0,426
ACTGTCCCAGAATTCC-1,21,5790,84,2074
ACTGTCCGTACAAGTA-1,56,12046,589,3035
ACTGTCCGTCTGTGCG-1,21969,118,748,5787
ACTGTCCGTGACTCTA-1,85,18326,790,4478
ACTGTCCGTTTGCCGG-1,20,9589,442,2967
ACTGTGACATATCTGG-1,25448,115,1609,6007
ACTGTGACATCAGTCA-1,21,5251,413,1792
ACTGTGAGTAGTCCTA-1,48500,304,4372,7866
ACTGTGAGTAGTCGTT-1,44,6632,540,2203
ACTGTGAGTCTAATCG-1,11875,70,809,3835
ACTGTGAGTGCCTTCT-1,19,4635,304,1840
ACTGTGATCAGATGCT-1,25,5806,393,2127
ACTGTGATCCATCCGT-1,996,11,0,643
ACTGTGATCGTGGAAG-1,38,8235,599,2439
ACTGTGATCTGCTCTG-1,38,6194,613,2121
ACTTAGGCAAGAAACT-1,97,15067,742,4012
ACTTAGGCATAACTCG-1,8742,26,395,3117
ACTTAGGGTCTGTGTA-1,14713,72,1426,4404
ACTTAGGGTGCCCACA-1,33,6896,321,2413
ACTTAGGGTTGGTAGG-1,9360,35,645,3359
ACTTAGGTCATCCTAT-1,58,11038,593,3272
ACTTAGGTCTATTGTC-1,55,9672,512,3207
ACTTATCAGCATCAGG-1,7170,29,402,2936
ACTTATCAGGTTTGAA-1,5,3446,231,1278
ACTTATCCAAATGGTA-1,65,13529,573,3833
ACTTATCCAAGATGTA-1,12870,79,189,4388
ACTTATCTCACTTTGT-1,817,20,14,616
ACTTATCTCGAGAATA-1,66,13953,760,3661
ACTTATCTCGGATACT-1,9846,39,497,3289
ACTTATCTCTGGACCG-1,42,6845,537,2468
ACTTCCGAGAAACCAT-1,4907,14,185,2310
ACTTCCGAGCAGTACG-1,21,5554,412,2046
ACTTCCGAGTACGTCT-1,1877,6,100,1076
ACTTCCGCATATCTGG-1,14,4115,171,1669
ACTTCCGGTCCGGTCA-1,19,5608,225,2076
ACTTCCGGTTGCTGAT-1,35,9181,707,2661
ACTTCCGGTTGGGTTT-1,12948,63,810,4019
ACTTCCGTCAGGAAGC-1,54,15628,564,3816
ACTTCGCAGGTTCCGC-1,27,8959,736,2512
ACTTCGCAGTCAGCCC-1,45,15038,678,4002
ACTTCGCAGTCTTGGT-1,20,3250,215,1376
ACTTCGCAGTTAACAG-1,39,10469,522,2945
ACTTCGCCAACACACT-1,22231,114,1278,5684
ACTTCGCGTCCACATA-1,45,17060,721,4060
ACTTCGCTCTTCGCTG-1,4406,30,227,2249
ACTTTCAAGAGCAACC-1,6395,45,405,2705
ACTTTCAAGTTGCGAG-1,6256,31,445,2615
ACTTTCAGTAACACCT-1,39,6401,300,2524
ACTTTCAGTCTTTCTA-1,10077,56,524,3550
ACTTTCAGTTCCGCAG-1,32,4082,240,1770
ACTTTCAGTTGCTAGT-1,9410,49,690,3318
ACTTTCATCGTGCAGC-1,32,8800,665,2652
ACTTTGTAGAGCAGCT-1,11251,48,560,3624
ACTTTGTCAAGCGATG-1,17,2838,146,1180
ACTTTGTGTAGGATAT-1,67,11895,919,3462
ACTTTGTGTGTCCGGT-1,16387,73,1380,4737
ACTTTGTTCCGGCTTT-1,17,6459,395,2334
ACTTTGTTCCGTGTGG-1,26119,146,1758,6181
ACTTTGTTCGCCGTGA-1,97,16507,1164,4248
ACTTTGTTCGCCTTTG-1,21,5747,290,2021
ACTTTGTTCGGTCTGG-1,3899,4710,647,3795
AGAAATGAGAGAGCAA-1,51,7212,864,2469
AGAAATGAGCTCGTGC-1,39,10616,783,3075
AGAAATGCATCGATGT-1,41,7803,853,2736
AGAAATGGTAGTCCTA-1,9877,33,446,3274
AGAAATGGTCCACTCT-1,6704,39,350,2680
AGAAATGTCGTCACCT-1,47,9021,486,2867
AGAACAAAGAAACACT-1,31,8637,436,2378
AGAACAAAGGGATGTC-1,4005,9,1,1568
AGAACAACATGACGGA-1,15,4833,417,1814
AGAACAAGTAGTCACT-1,40,9114,422,2733
AGAACAAGTATCGCAT-1,8243,31,318,3070
AGAACAAGTCAATCTG-1,85,13897,633,3801
AGAACAAGTTCAGCTA-1,81,14902,706,4132
AGAACAATCTTCGTGC-1,22815,120,1114,5732
AGAACCTAGGTAAACT-1,31,5326,217,1987
AGAACCTCATCGAAGG-1,8114,26,521,2762
AGAACCTGTCAGTCGC-1,86,18038,1327,4507
AGAACCTGTGATTCAC-1,30,10570,588,3185
AGAACCTTCTACCAGA-1,21579,109,907,5429
AGAAGCGAGTTGCGCC-1,65,11954,911,3685
AGAAGCGCACATTCTT-1,103,24363,1333,5113
AGAAGCGGTACGATGG-1,82,20323,1346,4564
AGAAGCGGTGAGATCG-1,88,7973,716,2491
AGAAGCGGTGCCCTTT-1,42,9444,648,2750
AGAAGCGGTTTGAACC-1,6665,41,702,2660
AGAAGCGTCCACGTCT-1,20410,75,1953,5001
AGAAGCGTCGCAGATT-1,6709,23,659,2483
AGAAGCGTCTCTGGTC-1,15,4569,296,1597
AGAAGTAAGAGTTGTA-1,4934,20,329,2173
AGAAGTAAGGCTTAGG-1,23,7551,504,2377
AGAAGTAAGTACTGTC-1,18105,102,714,4801
AGAAGTAGTACCCAGC-1,16,8852,360,2725
AGAAGTAGTTAGGCCC-1,7963,44,478,2999
AGAAGTAGTTCGGCGT-1,36,6967,353,2383
AGAAGTATCGCTGATA-1,32,9725,438,3122
AGACAAAAGTTTGGCT-1,24,8392,414,2430
AGACAAACACTCTGCT-1,19,7230,356,2315
AGACAAACATACGCAT-1,15366,66,862,4532
AGACAAAGTAGTACGG-1,18,5795,220,2172
AGACAAAGTCCAAGAG-1,15145,84,906,4401
AGACAAATCGAGAGAC-1,30,8214,610,2423
AGACACTAGAAACTAC-1,8859,45,628,2989
AGACACTAGATCCTAC-1,12013,76,819,3970
AGACACTAGGTTGACG-1,8884,36,452,3276
AGACACTTCCTTATAC-1,34,6255,332,2451
AGACACTTCGCGGACT-1,19818,94,1431,5147
AGACACTTCTTAAGGC-1,22,5906,201,2022
AGACAGGAGGAGAATG-1,24,8511,344,2591
AGACAGGCAAAGGCTG-1,687,30,19,561
AGACAGGCAAGACCGA-1,33,8481,528,2564
AGACAGGCAGAGGCTA-1,15,5356,264,1933
AGACAGGCAGTGACCC-1,36,6902,372,2310
AGACAGGGTCGAGCAA-1,18982,95,1482,5045
AGACAGGGTTCTCCTG-1,11537,66,834,3742
AGACAGGGTTTCGTAG-1,40,9725,357,2960
AGACAGGTCAGCGCGT-1,15,525,9,408
AGACCATAGATGCAGC-1,20,5415,356,1901
AGACCATAGCGATTCT-1,12754,77,570,3927
AGACCATAGGAGGTTC-1,55,10060,463,2879
AGACCATCACATGACT-1,14722,107,790,4619
AGACCATTCAAGCTGT-1,54,12994,686,3646
AGACCATTCGAGCACC-1,2669,15650,588,4938
AGACCATTCGATCCCT-1,9468,44,639,3470
AGACCCGAGAATTGTG-1,12116,41,741,3620
AGACCCGCAGATCCAT-1,16,6521,426,2333
AGACCCGGTATCGTTG-1,16836,69,1420,4544
AGACCCGGTCTTGCTC-1,15196,64,1031,4437
AGACCCGGTGTTAAAG-1,27,8422,539,2822
AGACCCGGTTGGCTAT-1,25923,110,1533,5791
AGACCCGTCCGACAGC-1,49,11605,1257,3214
AGACCCGTCGAGGCAA-1,49,11055,835,2959
AGACCCGTCGTTGTAG-1,16,3647,110,1660
AGACCCGTCTGGCCAG-1,13184,56,582,4537
AGACTCAAGGCCTTGC-1,66,18838,1040,4528
AGACTCAAGGGTGGGA-1,15795,91,1428,4160
AGACTCACAAGACTGG-1,45,9874,801,2910
AGACTCACAGAGAATT-1,83,17879,1111,4163
AGACTCAGTGCCCAGT-1,625,13,11,503
AGACTCATCACCTTAT-1,9503,45,428,3260
AGACTCATCCGAGTGC-1,17548,89,1210,4996
AGAGAATAGCGTGAAC-1,11,3944,225,1470
AGAGAATAGTTCCGTA-1,26,6515,511,2034
AGAGAATCACCATTCC-1,29,6095,379,2104
AGAGAATCACGCAAAG-1,21,5034,321,1847
AGAGAATCACGGCCAT-1,61,14116,884,3519
AGAGAATCACTTCAGA-1,15,4793,274,1874
AGAGAATCAGGATTCT-1,26,3414,220,1340
AGAGAATGTGTCTCCT-1,9,5537,234,2069
AGAGAATTCCGCTTAC-1,11548,64,712,4007
AGAGAGCCACACAGAG-1,20021,70,1345,5025
AGAGAGCCACCGCTGA-1,33,10325,685,3132
AGAGAGCCAGGCTTGC-1,41,7567,549,2706
AGAGAGCGTGGTAACG-1,9583,44,614,3229
AGAGAGCGTGTCTTAG-1,40,9895,765,3019
AGAGAGCGTTCGAGCC-1,18,4618,379,1741
AGAGAGCGTTCTAAGC-1,39,9430,690,2880
AGAGAGCTCGTTCGCT-1,10502,44,460,3371
AGAGAGCTCTTCCTAA-1,64,14397,1330,3968
AGAGCAGAGACGGTTG-1,102,16051,1201,4155
AGAGCAGCACAAATCC-1,12980,69,668,4236
AGAGCAGCACTTCATT-1,31,7984,338,2544
AGAGCAGCATGAGGGT-1,27,8899,486,2582
AGAGCAGGTCGATTTG-1,25,6795,704,2160
AGAGCAGGTCGGTGTC-1,47,9420,611,2728
AGAGCAGGTGGCCCAT-1,31,7784,599,2305
AGAGCAGGTGGTCCCA-1,64,8900,512,2903
AGAGCAGGTGTCTAAC-1,91,7157,774,2486
AGAGCAGTCAGGAGAC-1,21648,128,2174,5271
AGAGCAGTCATCAGTG-1,24,691,631,88
AGAGCAGTCGATTGGT-1,38,6587,357,2461
AGAGCAGTCTTCCCAG-1,37,9929,850,3035
AGAGCCCAGACGAAGA-1,7330,27,370,2778
AGAGCCCAGCGATGCA-1,22,6010,339,1993
AGAGCCCAGTGTTCAC-1,22,6917,384,2354
AGAGCCCCAGATACCT-1,47,9738,647,2958
AGAGCCCCAGCTTTGA-1,58,17014,1019,3851
AGAGCCCCATGGGCAA-1,24,4389,263,1709
AGAGCCCTCTATGCCC-1,7111,32,454,2732
AGATAGAAGATGCCGA-1,5145,21,434,2147
AGATAGAAGTGGTTCT-1,19346,84,1355,5031
AGATAGACAAGTATAG-1,15783,114,927,4566
AGATAGACAGAGTGAC-1,8418,76,370,3695
AGATAGAGTCTGTGTA-1,27,4367,301,1766
AGATAGAGTGGTAACG-1,9014,48,622,3588
AGATAGAGTTGATCGT-1,22,5762,511,1928
AGATAGAGTTTCGACA-1,5558,29,288,2312
AGATAGATCCAGCCTT-1,51,10508,567,3345
AGATAGATCGTCTCAC-1,12839,58,892,3986
AGATCCAAGATTAGTG-1,16818,117,855,5097
AGATCCAAGTGAACAT-1,4,3898,388,1553
AGATCCAAGTGCTAGG-1,1105,15,4,718
AGATCCACACACGCCA-1,37,9539,618,2969
AGATCCACATCGATGT-1,67,13126,671,3639
AGATCCAGTACATTGC-1,47,16139,813,4034
AGATCCAGTACCGGAA-1,511,6,32,390
AGATCCAGTAGCGCTC-1,37,11174,763,2953
AGATCCAGTAGCTGCC-1,8379,43,504,3387
AGATCCAGTCGATGCC-1,45,13913,733,3732
AGATCCAGTCTTGCGG-1,9401,47,455,3479
AGATCCAGTTCCGGTG-1,13291,48,543,4299
AGATCCATCAGTGGGA-1,18550,84,1644,5394
AGATCCATCCCAGCGA-1,51,12825,744,3709
AGATCGTAGCTTCATG-1,16228,69,732,4782
AGATCGTAGGTTACAA-1,45,8432,619,2668
AGATCGTCAACGGGTA-1,23,2715,41,735
AGATCGTGTACATTGC-1,12,3572,198,1433
AGATCGTTCGCAACAT-1,26,6664,357,2377
AGATCGTTCGTTCTGC-1,60,12654,881,3513
AGATGAACACTTGAGT-1,7986,32,318,2777
AGATGAAGTCCACGCA-1,23178,53,1064,5394
AGATGAATCATTACTC-1,61,10109,608,3172
AGATGAATCTAAGCCA-1,30,8224,400,2565
AGATGCTAGAAACTGT-1,60,14718,1187,3737
AGATGCTAGGTAGTCG-1,10052,9197,1686,6270
AGATGCTAGTTGGCTT-1,76,13896,968,4180
AGATGCTCAATCAAGA-1,14523,91,1486,4494
AGATGCTCACAGCCTG-1,10126,60,657,3332
AGATGCTCAGGGATAC-1,41,10273,451,2973
AGATGCTGTAACTGCT-1,13918,80,827,4503
AGATGCTGTCTGTCAA-1,14017,53,749,3983
AGATGCTTCCAGTGCG-1,42,9440,598,2774
AGCATCAAGGTGCGAT-1,52,12416,602,3407
AGCATCAAGTGGGAAA-1,12153,53,783,3835
AGCATCACAAGCGAAC-1,68,16010,990,4054
AGCATCACAATCCAGT-1,44079,247,2964,7341
AGCATCACACGAAGAC-1,16,4974,296,1996
AGCATCACACGAGAAC-1,22575,130,1434,5555
AGCATCACAGTAGAAT-1,1058,14,2,707
AGCATCAGTATGGAGC-1,41,8531,451,2715
AGCATCATCAACTGAC-1,24,6199,460,2006
AGCATCATCCTCACGT-1,19,6013,230,2085
AGCATCATCTCCTGAC-1,59,9172,372,3285
AGCATCATCTTGAACG-1,14163,80,762,4382
AGCCAATAGCGTGCCT-1,93,17942,1084,4614
AGCCAATAGGTATTGA-1,23,6105,238,1692
AGCCAATCAACAAGAT-1,17112,93,992,4647
AGCCAATCAAGCGCTC-1,29159,123,1574,6100
AGCCAATCAAGTTTGC-1,52,14405,704,3582
AGCCAATCACATTGTG-1,24,7422,381,2629
AGCCAATCAGTGTGCC-1,7268,51,364,2799
AGCCAATGTCACGTGC-1,87,19938,969,4354
AGCCAATGTCTCACGG-1,42,9948,552,3234
AGCCAATGTGTCGCTG-1,29,6587,330,2290
AGCCAATGTTCCGCAG-1,48,14638,789,3649
AGCCAATTCCACGGAC-1,88,17776,983,4725
AGCCAATTCCCGAATA-1,2487,17,2,1171
AGCCAATTCGAGAACG-1,31,5749,436,2026
AGCCAATTCGGCTGAC-1,9062,42,398,3213
AGCCAATTCTTGTGCC-1,25,5193,329,1920
AGCCACGAGGATTTCC-1,9760,43,437,3387
AGCCACGAGGCTCACC-1,25,7368,531,2606
AGCCACGCAGCGTGAA-1,98,17775,1057,4154
AGCCACGTCGCTTACC-1,23,5873,337,2334
AGCCAGCAGTAACAGT-1,15969,598,905,4718
AGCCAGCAGTGAACAT-1,50,11823,770,3482
AGCCAGCCAAGGACAC-1,25,9420,566,2573
AGCCAGCCAAGGTCGA-1,27,7363,647,2703
AGCCAGCCATAGGTTC-1,60,20084,1149,4355
AGCCAGCCATTGAGGG-1,29,5529,650,1988
AGCCAGCGTCCACTTC-1,73,17691,1260,4255
AGCCAGCGTCTACATG-1,614,4287,265,2161
AGCCAGCGTGTAAATG-1,20057,97,1385,5238
AGCCAGCGTTATGACC-1,37,8489,618,2467
AGCCAGCGTTCAACGT-1,19,4934,435,1795
AGCCAGCTCCTATGGA-1,16606,94,1079,5032
AGCCAGCTCGGTTGTA-1,54,11733,1254,2895
AGCCAGCTCTACTGCC-1,87,22466,989,4880
AGCCAGCTCTGAACGT-1,63,10834,932,3137
AGCGATTAGCATCTTG-1,103,15531,1246,3927
AGCGATTAGCCAAGCA-1,20292,142,1228,5487
AGCGATTAGTCCTACA-1,95,15881,809,3960
AGCGATTAGTTACTCG-1,80,13372,1217,3813
AGCGATTCAACCCTAA-1,36,7162,586,2479
AGCGATTCAGGTCCCA-1,13480,31,664,3263
AGCGATTCAGTCGGAA-1,19,5045,186,1865
AGCGATTGTACTCCCT-1,34,11241,781,3051
AGCGATTGTCGTGATT-1,15,5092,415,1896
AGCGATTGTTAGAAGT-1,41,5612,295,2156
AGCGATTTCGGTAACT-1,59,11829,864,3124
AGCGATTTCGGTCACG-1,6320,49,322,2546
AGCGATTTCGTAATGC-1,522,19,9,436
AGCGATTTCTGTCAGA-1,17,6598,301,2297
AGCGCCAAGTGGTCAG-1,71,14378,1115,3711
AGCGCCACAGCTTCCT-1,35,10499,588,3339
AGCGCCAGTTACGATC-1,34,10670,678,3374
AGCGCCATCTACTGAG-1,70,14725,982,3919
AGCGCCATCTGCATGA-1,7530,35,458,2917
AGCGCTGAGAAAGCGA-1,56,17436,728,3821
AGCGCTGAGCACCGTC-1,16076,220,1139,4434
AGCGCTGAGCGGCTCT-1,13,4980,367,1883
AGCGCTGAGCTCCATA-1,22516,87,1264,5810
AGCGCTGAGGCCCAAA-1,29419,125,1869,5989
AGCGCTGCAAATAGCA-1,15,5715,228,1980
AGCGCTGCAGAACTAA-1,87,15652,696,3833
AGCGCTGCAGTGTGCC-1,39,10498,615,3026
AGCGCTGCATCCTAAG-1,18587,76,1087,4761
AGCGCTGCATCTGTTT-1,16,2781,350,1409
AGCGCTGCATGCCGCA-1,17989,85,1594,4719
AGCGCTGGTGATAGAT-1,14,5290,483,1768
AGCGCTGTCCGTGACG-1,28,5425,500,1950
AGCGCTGTCTGGTGCG-1,4051,30,350,1643
AGCGTATAGATACGAT-1,24,4821,193,1835
AGCGTATAGGGCGAGA-1,49,11002,1057,3107
AGCGTATAGTCATACC-1,31,8673,500,2869
AGCGTATCAAGAATGT-1,18673,115,1362,4961
AGCGTATCAGTTGTTG-1,19371,111,1417,5302
AGCGTATGTAAGTTGA-1,41,5266,305,1934
AGCGTATGTCTTCTAT-1,20,5947,378,2101
AGCGTATTCCTTATCA-1,61,16627,922,4001
AGCGTATTCGCTGATA-1,6518,53,317,2535
AGCGTCGCAAAGTGTA-1,3,2666,139,1284
AGCGTCGCATGGCTGC-1,5,2331,168,1206
AGCGTCGGTACCCGCA-1,4294,23,274,2135
AGCGTCGGTACGCGTC-1,2009,4,124,1134
AGCTACAAGAATAACC-1,46,11602,501,3222
AGCTACAAGCGACATG-1,51,11668,649,3225
AGCTACAAGTATGATG-1,31,4271,241,1577
AGCTACAAGTTAGAAC-1,28,6680,511,2299
AGCTACACACCTCTGT-1,12940,86,814,4488
AGCTACACATACATCG-1,21,3923,208,1700
AGCTACATCCATTTCA-1,4887,22,195,2154
AGCTACATCCCATACC-1,62,7269,556,2450
AGCTACATCGCAAGAG-1,30,5498,406,2137
AGCTACATCGTGTGGC-1,33,6043,268,1968
AGCTACATCTCAAAGC-1,53,9864,697,2851
AGCTACATCTCATGGA-1,11613,80,637,3474
AGCTCAAAGATCCTAC-1,34,8547,292,2815
AGCTCAAAGCTGCCAC-1,14065,58,572,4427
AGCTCAAAGGATTTGA-1,5572,40,303,2278
AGCTCAAAGTAGCTCT-1,70,15847,767,3702
AGCTCAACATCGAACT-1,13554,75,989,4460
AGCTCAAGTACGATTC-1,25,4563,407,1702
AGCTCAAGTGAAGCTG-1,20279,79,1180,5124
AGCTCAAGTGGACAGT-1,14,5390,290,1890
AGCTCAAGTTCCGCAG-1,10059,39,543,3402
AGCTCAATCCTACGGG-1,2353,6144,496,3640
AGCTCAATCTCATGGA-1,2843,23,394,1534
AGCTTCCAGGTGAGAA-1,63,11754,713,3436
AGCTTCCCAAGCCATT-1,55,11392,700,3274
AGCTTCCCACTGCATA-1,29,6421,362,2185
AGCTTCCCATGGAATA-1,841,14,2,543
AGCTTCCCATTCAGCA-1,20575,70,1718,5018
AGCTTCCGTCAGATTC-1,23,5791,459,1828
AGCTTCCGTGGAATGC-1,266,9340,484,3210
AGGAAATAGCTCCCTT-1,8354,67,547,3240
AGGAAATCACAATGTC-1,61,14240,1104,3677
AGGAAATCACCAAATC-1,45,12039,613,3171
AGGAAATGTACCTGTA-1,53,16092,870,3899
AGGAAATGTACGGGAT-1,35,7751,672,2518
AGGAAATGTCCACACG-1,43,8984,709,2642
AGGAAATGTCTTGAGT-1,47,9750,664,3051
AGGAAATGTTGCCAAT-1,7701,28,490,2920
AGGAAATTCGGAGTAG-1,99,7675,730,2358
AGGAAATTCTAATTCC-1,25,4625,281,1755
AGGAAATTCTCATAGG-1,9793,55,486,3475
AGGAAATTCTTGGTCC-1,49,10220,743,3236
AGGAATAAGGGTTAGC-1,5186,10,0,1737
AGGAATACAAAGGCTG-1,4069,27,4,1718
AGGAATATCACCATCC-1,11,2251,121,1050
AGGAATATCAGAGTTC-1,4604,92,319,2205
AGGAATATCGCCATAA-1,21,4093,275,1560
AGGAATATCGTGTCAA-1,12142,40,633,3625
AGGACGAAGTGGTCAG-1,5906,38,350,2350
AGGACGACAACCCTCT-1,4241,39,267,1968
AGGACGACAATCGTCA-1,41,12752,594,3359
AGGACGACATGGTGGA-1,58,11973,722,3354
AGGACGAGTAGAGATT-1,13,6416,289,2223
AGGACGAGTTTACGTG-1,25,7190,534,2585
AGGACGATCAAGTGTC-1,41,10645,720,3116
AGGACGATCCCGTAAA-1,36,7848,506,2333
AGGACTTAGAGTCGAC-1,61,10817,840,3165
AGGACTTAGCGGTAAC-1,25347,8810,2942,8622
AGGACTTAGTAACGAT-1,44,13224,853,3468
AGGACTTCACACAGAG-1,35612,285,2664,7360
AGGACTTCAGAGTGTG-1,49,14230,947,3298
AGGACTTCATCTTCGC-1,55,10714,803,3240
AGGACTTGTCATAAAG-1,64,11313,754,3359
AGGACTTGTCCTACAA-1,10,6245,325,2183
AGGAGGTAGATGACCG-1,33,6283,435,2088
AGGAGGTAGCGCCTTG-1,14481,63,1091,4317
AGGAGGTAGGTAAGGA-1,99,5374,316,1882
AGGAGGTCAATGGCCC-1,12,3228,50,859
AGGAGGTCAGAAGTGC-1,11939,48,995,3683
AGGAGGTGTGTGAATA-1,104,16261,1516,3766
AGGAGGTGTTAACCTG-1,46,16304,1498,3865
AGGAGGTGTTATCCAG-1,5383,27,311,2207
AGGAGGTGTTGGAGAC-1,25862,120,1737,5615
AGGAGGTTCAGGAAAT-1,5747,39,451,2554
AGGAGGTTCCTCTGCA-1,5391,28,344,2251
AGGAGGTTCGACGACC-1,64,3261,211,1331
AGGATAAAGATCGCTT-1,4637,21,377,1930
AGGATAAAGCAACAAT-1,17412,93,985,4634
AGGATAACAGGACAGT-1,23,9785,613,2758
AGGATAATCAACGCTA-1,29,8158,264,2542
AGGATAATCTCAATCT-1,2758,14,179,1584
AGGATCTCAAGTATAG-1,6078,16,364,2241
AGGATCTCAATCTGCA-1,18968,101,1290,5448
AGGATCTCACATTGTG-1,24,6651,352,2373
AGGATCTCAGGGATAC-1,9832,59,470,3614
AGGATCTCAGTTGTTG-1,35648,170,4255,7173
AGGATCTGTAGCGTAG-1,63,14516,1204,3255
AGGATCTGTCATCCCT-1,3148,61,361,1709
AGGATCTTCCAATGCA-1,56,9042,581,2682
AGGATCTTCCTAGCCT-1,30,8428,361,2886
AGGCATTAGGCCCGTT-1,15,5440,420,1751
AGGCATTAGGGACTGT-1,12493,98,941,4013
AGGCATTAGGGATCTG-1,19133,103,931,5136
AGGCATTCAAATGGCG-1,11385,43,845,3767
AGGCATTCACAGCTGC-1,19,4308,159,1280
AGGCATTGTCGAATTC-1,2077,13,15,1092
AGGCATTGTGCTCTTC-1,8975,41,592,3133
AGGCATTTCATGGAGG-1,14800,82,950,4110
AGGCCACAGAGGTCGT-1,4731,14,318,2059
AGGCCACAGGCTGAAC-1,28,6130,231,2055
AGGCCACCAGGACATG-1,15,2252,1,848
AGGCCACCATCAGCGC-1,3913,30,152,1415
AGGCCACCATCTGGGC-1,45,7845,558,2764
AGGCCACGTATCAAGA-1,59,10734,577,3041
AGGCCACGTTAAACCC-1,40,8639,608,2641
AGGCCACGTTCGGTCG-1,35,11839,923,3146
AGGCCACGTTGTAGCT-1,20262,130,521,5690
AGGCCACGTTGTATGC-1,20,5541,377,2204
AGGCCACTCACCGGGT-1,111,15440,1023,4076
AGGCCACTCCGACGGT-1,10519,57,781,3753
AGGCCACTCGAACACT-1,9443,72,456,3452
AGGCCACTCTGTCCGT-1,8941,47,492,3313
AGGCTGCAGATTGCGG-1,8723,33,546,2935
AGGCTGCAGCTAGAGC-1,61,11700,1053,3158
AGGCTGCCAATCCTTT-1,13168,42,749,3799
AGGCTGCCACTGTGTA-1,25,5129,452,1853
AGGCTGCGTCACTCTC-1,17668,73,1321,4621
AGGCTGCGTTCGGACC-1,17,5200,250,2011
AGGCTGCTCACATTGG-1,21,6182,343,2095
AGGCTGCTCACGACTA-1,9,4644,282,1764
AGGCTGCTCAGGCGAA-1,50,13416,1101,3594
AGGCTGCTCCTAGCTC-1,57,13474,776,3715
AGGGAGTAGATAACAC-1,3264,31,990,1611
AGGGAGTAGGAACGCT-1,88,22758,1370,4457
AGGGAGTCAAGCCATT-1,9436,70,719,3193
AGGGAGTGTCTATGAC-1,34,3510,352,1532
AGGGAGTGTGAGTCAG-1,39,9052,636,2928
AGGGCCTCACAGTACT-1,42,5755,369,2250
AGGGCCTGTGATGAAT-1,601,7,1,451
AGGGCCTGTTGCATCA-1,89,18061,1222,4465
AGGGCCTTCAACGCTA-1,37,8942,377,3039
AGGGCCTTCCTTTGAT-1,24191,132,1084,5946
AGGGCCTTCGTTCTAT-1,8841,41,450,3225
AGGGCTCAGAAGGATG-1,75,8664,703,2356
AGGGCTCAGAAGTATC-1,19,3726,376,1669
AGGGCTCAGACTCAAA-1,63,11148,848,3306
AGGGCTCAGCTAAGTA-1,6878,41,479,2748
AGGGCTCAGGGTACGT-1,8416,50,489,2932
AGGGCTCAGGTTACAA-1,17,6945,510,2170
AGGGCTCAGTCTAGCT-1,12,3720,234,1518
AGGGCTCCAACGACTT-1,13634,11633,1633,7706
AGGGCTCGTCAAGGCA-1,47,11274,1215,3017
AGGGCTCGTGCAACAG-1,31,6477,536,2397
AGGGCTCGTTATGTCG-1,10624,42,757,3394
AGGGCTCTCCGAGATT-1,7362,33,402,2862
AGGGCTCTCGATCCCT-1,7894,34,541,2886
AGGGCTCTCGCAGTCG-1,11656,40,792,3731
AGGGCTCTCTGGGCAC-1,63,15105,1033,4065
AGGGTCCAGAACAGGA-1,48,13722,968,3649
AGGGTCCAGTTAGAAC-1,14372,78,756,4308
AGGGTCCCAAGTTCCA-1,47,9503,709,2792
AGGGTCCTCAATCGGT-1,20006,99,1743,4942
AGGGTCCTCTCGGCTT-1,7276,39,406,2645
AGGGTCCTCTTAATCC-1,13376,64,796,3947
AGGGTGAAGGCCACCT-1,17,5566,302,1808
AGGGTGAAGTCCCGGT-1,46,11002,867,3086
AGGGTGACAGTATGAA-1,14058,99,1200,4079
AGGGTGAGTCACTTAG-1,18498,76,1123,4475
AGGGTGAGTGCCGTAC-1,13179,60,1103,4142
AGGGTGAGTGTGCCTG-1,33,7098,451,2292
AGGGTGATCAACTACG-1,52,8807,385,2569
AGGGTGATCAAGCGTT-1,20,7298,380,2192
AGGGTGATCGCCAGAC-1,11962,55,751,3911
AGGGTGATCGGCACTG-1,2417,27,1,1063
AGGGTTTAGCTTGTTG-1,63,10524,705,3071
AGGGTTTAGTGCGACA-1,4072,39,296,1691
AGGGTTTGTCGTTTCC-1,9939,51,566,3275
AGGGTTTGTTAGGACG-1,64,11955,743,3233
AGGGTTTTCGATTGAC-1,11717,63,858,3972
AGGGTTTTCGGCCTTT-1,32,9208,512,2812
AGGTAGGAGGCACGAT-1,47,11505,736,3246
AGGTAGGAGGTCGTCC-1,23,11099,506,2881
AGGTAGGCAAGTATCC-1,30546,139,2835,6215
AGGTAGGCACCGTCTT-1,10567,45,681,3228
AGGTAGGCAGGTTACT-1,37,8048,747,2311
AGGTAGGCAGTAACCT-1,42,8317,351,2561
AGGTAGGCATGAAGGC-1,9178,33,661,2992
AGGTAGGGTACAAGTA-1,48,7381,567,2365
AGGTAGGGTATTGGCT-1,15475,83,1094,4535
AGGTAGGGTCTTGAGT-1,25,6583,441,2317
AGGTAGGGTTCGGCGT-1,15732,66,1228,4542
AGGTAGGTCCCAAGCG-1,9968,48,656,3491
AGGTAGGTCGTAGTCA-1,34,5199,545,1779
AGGTAGGTCGTCGATA-1,13,4619,250,1453
AGGTCATAGACGCATG-1,46,15569,819,3725
AGGTCATAGCTGTTCA-1,13,5015,315,1803
AGGTCATAGGGCGAGA-1,20,7271,321,2265
AGGTCATAGTCACACT-1,48,10114,509,2884
AGGTCATAGTCAGCGA-1,53,6563,638,2185
AGGTCATCACTGGATT-1,27,5093,393,1821
AGGTCATCAGCGAGTA-1,10638,45,520,3417
AGGTCATCAGTCAGTT-1,12,3675,186,1678
AGGTCATGTCATAACC-1,86,17122,1039,4202
AGGTCATGTCTTGCTC-1,73,21423,1037,4627
AGGTCATGTTGTGCCG-1,25,6285,478,2206
AGGTCATGTTTAAGGA-1,1901,14,2,938
AGGTCATTCTATACTC-1,44,11373,356,2932
AGGTCTAAGACCTTTG-1,19,5279,324,2018
AGGTCTACAACGAGGT-1,29,8985,783,2653
AGGTCTACAAGTTTGC-1,30,5813,268,2295
AGGTCTAGTAGTGTGG-1,29,6228,485,2157
AGGTCTAGTCGCTTGG-1,8399,39,346,2866
AGGTCTAGTCGTCAGC-1,3969,35,921,1907
AGGTCTAGTGCCTATA-1,26,3805,271,1689
AGGTCTATCAGCCTTC-1,147,26120,1248,5394
AGGTCTATCGAGTCTA-1,15960,83,627,4558
AGGTCTATCGTCTACC-1,89,9231,678,2934
AGGTGTTAGGTTACAA-1,14344,109,1250,4605
AGGTGTTCAGTTTGGT-1,28,6901,392,2780
AGGTGTTGTCCTCCTA-1,39,5073,466,1992
AGGTGTTGTGCATACT-1,44,7817,675,2420
AGGTGTTGTGTAAACA-1,7690,31,426,2934
AGGTGTTTCCACAAGT-1,6887,35,491,2923
AGGTGTTTCCGCATAA-1,11,3813,229,1464
AGGTGTTTCTAAGCCA-1,20043,111,1471,5302
AGGTTACCAACAGCTT-1,18,4803,294,1759
AGGTTACCAGGCGTTC-1,10,4102,327,1466
AGGTTACCATATGCGT-1,13508,62,808,3935
AGGTTACTCAAACCTG-1,49,12652,909,3166
AGGTTACTCAGATTGC-1,41,8615,694,2624
AGGTTACTCGAGAAGC-1,51,12538,782,3479
AGGTTGTAGATGGCGT-1,36,11549,908,3076
AGGTTGTAGGATTTAG-1,23,6291,441,1988
AGGTTGTAGGATTTGA-1,29,4765,259,1939
AGGTTGTCAAGATCCT-1,62,15484,1031,3754
AGGTTGTCAATAGGGC-1,48,10147,670,3319
AGGTTGTCATAGCACT-1,8578,35,718,3111
AGGTTGTGTATTTCTC-1,4188,23,355,1875
AGGTTGTGTCAGTCGC-1,10104,53,511,3471
AGGTTGTGTCTTGCGG-1,14,4380,353,1679
AGGTTGTGTTCCGGTG-1,36,8926,797,2578
AGGTTGTTCAAGAGGC-1,23,6740,515,2246
AGGTTGTTCACCGGTG-1,34,10778,467,3107
AGGTTGTTCTCAGTCC-1,3540,41,267,1682
AGTAACCAGACTTCAC-1,17552,9512,2159,8205
AGTAACCAGCGTGCTC-1,11474,54,770,3594
AGTAACCAGCTAGCCC-1,36,10849,606,3338
AGTAACCAGCTATCTG-1,49,9970,948,3086
AGTAACCCAGAGCCCT-1,1677,22,788,749
AGTAACCGTCGAGATG-1,15840,89,1144,4482
AGTACCAAGGCTCACC-1,17,5761,354,1971
AGTACCACAATCACGT-1,17534,88,1020,5157
AGTACCACAGATCATC-1,67,13315,1026,3513
AGTACCACAGCAGTTT-1,5398,43,216,2338
AGTACCACATCCTTGC-1,31,11290,379,3288
AGTACCAGTAGACGGT-1,9795,36,520,3346
AGTACCAGTCGCTTAA-1,8809,38,415,3163
AGTACCAGTGGGTATG-1,11798,60,714,3738
AGTACCAGTTTCACTT-1,8,2317,259,604
AGTACCATCCCGAACG-1,26,8173,519,2774
AGTACCATCGCAATTG-1,21,5157,297,2130
AGTACCATCTAAGCCA-1,18698,113,1263,5138
AGTACCATCTTGGTCC-1,40,5859,347,2261
AGTACTGAGCCGATCC-1,17,4224,293,1664
AGTACTGCATTAAAGG-1,57,7103,580,2457
AGTACTGGTAGGAGTC-1,9,2600,179,1246
AGTAGCTAGTCCTGTA-1,12,4982,268,1962
AGTAGCTGTTCGCGTG-1,12273,76,845,4029
AGTAGCTGTTGACTAC-1,12938,53,755,3793
AGTAGCTTCGCCACTT-1,22,5292,288,1064
AGTAGCTTCGTGCATA-1,40,5600,451,2128
AGTAGTCAGATGTTCC-1,48,7721,786,2427
AGTAGTCAGCTGAAAT-1,55,8931,622,2711
AGTAGTCAGGGTACAC-1,5687,22,373,2333
AGTAGTCAGTGCACTT-1,31,7532,457,2613
AGTAGTCGTACTCCCT-1,13,7802,323,2555
AGTAGTCGTAGGCAAC-1,14203,98,943,4221
AGTAGTCGTCATTCCC-1,52,12023,571,3204
AGTAGTCGTGGCTCTG-1,18,5677,463,2047
AGTCAACAGAGTCAAT-1,24,7666,314,2665
AGTCAACAGAGTTGTA-1,59,12948,922,3695
AGTCAACAGATACGAT-1,8,3873,198,1579
AGTCAACAGTCTGCGC-1,42,13473,873,3669
AGTCAACCAAATGCTC-1,45,7326,390,2404
AGTCAACCAACGTAAA-1,15167,92,528,4831
AGTCAACCAAGCGAGT-1,23957,114,1743,5563
AGTCAACCAATCTAGC-1,18762,98,1163,4982
AGTCAACCACTGAGTT-1,12815,55,973,3960
AGTCAACGTCACCTTC-1,69,14411,948,3721
AGTCAACGTCTTGCTC-1,58,12992,1059,3632
AGTCAACGTGCAGGAT-1,27,8387,670,2665
AGTCAACTCCCGTGAG-1,8357,123,1074,3177
AGTCAACTCGGATACT-1,56,14017,788,3992
AGTCACAAGCCAAGGT-1,16,7257,502,2279
AGTCACAAGCGCTGCT-1,35,11277,893,3137
AGTCACAAGTAGGGTC-1,19,5006,261,2066
AGTCACAAGTGCTAGG-1,14760,9125,1977,6645
AGTCACAAGTGGCGAT-1,11604,54,834,3756
AGTCACAAGTTGCTGT-1,81,17393,1065,4045
AGTCACAAGTTGGCGA-1,51,15282,1017,3930
AGTCACACACATGACT-1,42,15541,403,4008
AGTCACACACCGTGAC-1,111,21033,1295,5048
AGTCACACATCTCAAG-1,39,8065,546,2918
AGTCACAGTCGAACGA-1,40,8599,795,2606
AGTCACAGTTCTGACA-1,42,7784,611,2570
AGTCACATCCTATTGT-1,113,9834,536,3031
AGTCATGAGGACAAGA-1,121,23218,1625,4751
AGTCATGAGGGATGTC-1,21,4403,343,1634
AGTCATGGTGATGTAA-1,70,12473,789,3335
AGTCATGGTGTAGGAC-1,6811,38,416,2623
AGTCATGTCATGAGGG-1,36,8164,335,2501
AGTCATGTCCATTTGT-1,8643,60,542,3186
AGTCATGTCGTTACCC-1,10741,51,587,3496
AGTCTCCAGATCCTAC-1,114,14805,983,4339
AGTCTCCAGGTAGGCT-1,50,11191,797,3093
AGTCTCCCAAATCGGG-1,15,5400,274,1820
AGTCTCCCATATAGCC-1,17180,112,1453,4689
AGTCTCCCATCGGAGA-1,19393,84,1316,4849
AGTCTCCGTAATGCGG-1,4541,20,3,1463
AGTCTCCGTACAGTTC-1,13523,69,971,4503
AGTCTCCGTAGGATAT-1,45,7980,483,2580
AGTCTCCGTGTGTGTT-1,44,9112,613,2726
AGTCTCCTCATTTGGG-1,10848,72,774,3836
AGTCTCCTCGCTCCTA-1,20,5565,362,2202
AGTCTCCTCTAGCATG-1,664,14,1,499
AGTGACTAGCGGACAT-1,13367,80,1089,4184
AGTGACTAGGCGACAT-1,41,10091,1079,2949
AGTGACTCAAAGCAAT-1,8524,48,813,2916
AGTGACTCAAGCAGGT-1,25930,142,2016,6045
AGTGACTTCATCTACT-1,6855,33,412,2842
AGTGACTTCTCGACGG-1,12478,52,616,4250
AGTGATCAGGCCACCT-1,42,7718,499,2620
AGTGATCCAAGGCCTC-1,30,7498,560,2409
AGTGATCCAATCCTTT-1,66,5164,269,1776
AGTGATCCACAGTCGC-1,15818,73,1535,4476
AGTGATCCATGATCTG-1,41,7790,479,2596
AGTGATCGTAGGACCA-1,6341,251,359,2825
AGTGATCGTCGGAACA-1,29,6014,261,2272
AGTGATCTCATCGCCT-1,15,3803,299,1499
AGTGCCGAGCACTTTG-1,7642,32,366,3031
AGTGCCGAGTTTCGAC-1,11671,69,706,3653
AGTGCCGCAAGACTGG-1,19849,111,1383,5320
AGTGCCGGTCAAATCC-1,8865,46,448,3136
AGTGCCGGTGTTGATC-1,25,7108,540,2412
AGTGCCGTCACTACTT-1,7267,32,567,2316
AGTGCCGTCCTCTCTT-1,24,5000,278,1922
AGTGCCGTCGCAAGAG-1,3092,34,3,1418
AGTGTTGAGTACCATC-1,2535,24,49,1358
AGTGTTGAGTGGACTG-1,10490,70,840,3388
AGTGTTGCACACAGCC-1,11005,38,731,3519
AGTGTTGCACTTGGCG-1,5798,29,482,2336
AGTGTTGCAGCGGATA-1,41934,212,3143,7345
AGTGTTGCATATTCGG-1,104,20901,1270,4725
AGTGTTGCATCCGGTG-1,12156,4676,1172,5655
AGTGTTGGTCCCTCAT-1,7330,37,549,2847
AGTGTTGGTCCGAAAG-1,7795,36,571,3039
AGTGTTGGTCCTCCTA-1,5056,35,415,2125
AGTGTTGGTCGCTGCA-1,28,1623,95,750
AGTGTTGGTCGGTAAG-1,11761,37,928,3641
AGTGTTGGTGTCACAT-1,12216,104,1107,3856
AGTGTTGGTTCCGGTG-1,32,9043,829,2636
AGTGTTGTCATCGGGC-1,38,8110,313,2576
AGTGTTGTCCATAGAC-1,9291,41,578,3339
AGTGTTGTCTACGGTA-1,9826,62,789,3809
AGTTAGCAGTCATGGG-1,61,9284,786,2788
AGTTAGCCACTAGAGG-1,62,12351,742,3501
AGTTAGCCAGCAGACA-1,14933,62,641,4265
AGTTAGCCATCCGGCA-1,33,8641,315,2671
AGTTAGCGTAGTGCGA-1,35,11494,1148,3223
AGTTAGCGTCCTACGG-1,23733,87,1352,5272
AGTTAGCTCCACGGAC-1,42,15098,874,3599
AGTTAGCTCGAAACAA-1,73,7318,482,2430
AGTTCCCAGAGTCAAT-1,11,4190,247,1524
AGTTCCCAGCTCCACG-1,35,15032,836,3881
AGTTCCCCAAGCTGCC-1,18184,79,1301,4900
AGTTCCCCACCTGCTT-1,34,7064,482,2299
AGTTCCCGTTCCGTTC-1,19876,85,681,5079
AGTTCCCGTTGTCCCT-1,21,4325,245,1832
AGTTCGAAGTAGCAAT-1,2076,23,257,1207
AGTTCGACACTACCGG-1,23,4432,241,1612
AGTTCGACAGACCGCT-1,17288,101,919,5158
AGTTCGACATGGCGCT-1,11851,56,754,3816
AGTTCGAGTAAGTTGA-1,27,5460,297,2148
AGTTCGAGTCCCAAAT-1,9,3817,227,1459
AGTTCGAGTCGTGGAA-1,7710,48,1065,2922
AGTTCGAGTCTCACGG-1,707,15,10,601
AGTTCGAGTGACTGTT-1,15656,65,717,4183
AGTTCGAGTGTCCAAT-1,3278,17,141,1615
AGTTCGATCCAACCGG-1,21732,96,1112,5163
AGTTCGATCCGACAGC-1,13294,70,1187,3998
AGTTCGATCGCAACAT-1,49,10050,683,2818
ATACCGAAGCGAATGC-1,79,21919,900,4523
ATACCGAAGGGCCAAT-1,51,10360,730,2955
ATACCGAAGTCATGAA-1,18353,90,907,4778
ATACCGAAGTCCTACA-1,40,9146,504,2822
ATACCGACAGTGTATC-1,10210,35610,2665,9010
ATACCGAGTAACGATA-1,12,3983,237,1664
ATACCGAGTGTACGCC-1,16410,94,1512,4465
ATACCGAGTGTTCCTC-1,58,10170,1072,2933
ATACCGAGTTGGACTT-1,50,15269,1044,3875
ATACCGATCCCAGGAC-1,50,7733,422,2437
ATACCGATCCTATTTG-1,15822,87,824,4682
ATACCTTAGAAAGCGA-1,19,2995,187,1199
ATACCTTAGCACCCAC-1,8764,55,463,3306
ATACCTTAGGCGACAT-1,22215,139,1495,5464
ATACCTTAGGCTTCCG-1,41,6779,380,2541
ATACCTTAGTTAGAAC-1,20,5483,414,2059
ATACCTTCAGGAACCA-1,26,2046,126,986
ATACCTTCAGGATTCT-1,20,3452,224,1503
ATACCTTTCAGACCGC-1,14,4124,224,1705
ATACCTTTCATTGCGA-1,6345,44,313,2673
ATACTTCAGCCGCACT-1,13548,54,810,4395
ATACTTCAGCCTAGGA-1,17,3417,224,1577
ATACTTCAGTCTCTGA-1,18459,95,1189,4906
ATACTTCCAAATACAG-1,16304,97,1336,4829
ATACTTCTCAGCCTTC-1,34,7382,423,2471
ATACTTCTCCCAGCGA-1,60,9606,571,2964
ATACTTCTCCGGTAAT-1,14093,118,708,4630
ATACTTCTCCGTAGTA-1,23,3914,291,1523
ATACTTCTCTGCTTAT-1,18,4644,294,1709
ATAGACCAGCCGTCGT-1,19,5645,370,1890
ATAGACCCACAAATAG-1,7931,48,541,2861
ATAGACCCAGAGGAAA-1,25,6866,328,2168
ATAGACCGTAGACGTG-1,45,11883,729,3290
ATAGACCGTCTTTCTA-1,13174,73,548,4131
ATAGACCTCACAGAGG-1,49,8293,470,2489
ATAGACCTCGATTTCT-1,24,5739,403,1882
ATAGACCTCTACACTT-1,62,14066,979,3512
ATAGAGAAGATGTAGT-1,14,4882,369,1775
ATAGAGAAGCGTATGG-1,10900,74,639,3726
ATAGAGACAGCTATTG-1,48,11219,653,3190
ATAGAGAGTCGCACGT-1,16,2982,204,1212
ATAGAGAGTGACGTCC-1,25,4977,331,1691
ATAGAGATCCGTGTAA-1,19,3924,261,1455
ATAGAGATCCTTCTGG-1,48,7059,620,2110
ATAGAGATCGTGACTA-1,22928,146,2034,5890
ATAGAGATCTCTATAC-1,43,11128,479,3273
ATAGAGATCTTTCCAA-1,20,7440,304,2577
ATAGGCTAGAGCCGTA-1,1088,10,0,656
ATAGGCTAGGCGCTTC-1,28,7849,850,2395
ATAGGCTCAACCGATT-1,10,1828,3,808
ATAGGCTCAGCTGAAG-1,13816,111,960,4109
ATAGGCTCATTCAGGT-1,9519,52,674,3425
ATAGGCTGTGACGCCT-1,23570,93,1316,5553
ATAGGCTGTTATGACC-1,24,6731,535,2090
ATAGGCTTCAACGTGT-1,21,5089,439,1982
ATAGGCTTCACTCTTA-1,15646,111,871,4909
ATAGGCTTCCACTTCG-1,11046,53,704,3674
ATAGGCTTCCGCACTT-1,25,5847,347,2198
ATAGGCTTCGAACCTA-1,81,15281,852,4128
ATATCCTAGCAGCGAT-1,17584,80,819,4992
ATATCCTAGCGGTAGT-1,15,5454,296,1895
ATATCCTCACGTTCGG-1,32,9787,782,2774
ATATCCTCAGCGATTT-1,58,11680,790,3409
ATATCCTCATCCCACT-1,66,16792,821,4270
ATATCCTGTAACCAGG-1,34,8276,497,2829
ATATCCTGTGCCTACG-1,48,11069,762,3295
ATATCCTTCGCCTATC-1,9064,22,318,3333
ATATCCTTCGTGTTCC-1,79,18471,739,4220
ATCACAGAGACCAAGC-1,21,9485,384,2891
ATCACAGCAAGTGGCA-1,23,7139,406,2576
ATCACAGCAGACGCTC-1,21772,113,608,5767
ATCACAGGTCTACAAC-1,15671,74,737,4699
ATCACAGGTCTTCAAG-1,19,5711,317,2144
ATCACAGGTTCATCGA-1,13,5203,280,2040
ATCACAGTCTGCTTAT-1,4682,36,796,2403
ATCACGAAGGCATCTT-1,49,10133,666,3022
ATCACGAAGTCAGCCC-1,75,19929,963,4437
ATCACGACACTACAGT-1,239,49879,3495,7001
ATCACGAGTGAGTGAC-1,15,5094,315,1640
ATCACGAGTGCCTGAC-1,66,17758,1123,4374
ATCACGAGTTGAATCC-1,24,4843,327,1938
ATCACGATCCATTGTT-1,6435,28,406,2561
ATCACGATCCGTAGTA-1,31,6448,484,2297
ATCACGATCGGCTTCT-1,9545,54,455,3365
ATCACTTAGACTTCCA-1,17343,86,1082,5034
ATCACTTAGCGCGTTC-1,47,9091,608,2924
ATCACTTAGGCTAACG-1,37,7723,621,2536
ATCACTTCAGATTTCG-1,5862,38,330,2730
ATCACTTCAGCGACAA-1,75,14155,689,3858
ATCACTTGTATCTCGA-1,7723,36,356,3054
ATCACTTGTCACTTCC-1,30,5049,283,1883
ATCACTTGTTAAACAG-1,8847,54,649,3506
ATCAGGTAGAATCGCG-1,11,2934,243,1288
ATCAGGTCATGACCCG-1,10687,73,950,3640
ATCAGGTGTACCAGAG-1,72,13321,713,3768
ATCAGGTGTAGGTCAG-1,111,14546,948,4040
ATCAGGTGTCACCGCA-1,42,9006,524,2672
ATCAGGTGTCGCAACC-1,18864,87,1595,4968
ATCAGGTGTCTAACGT-1,917,720,27,1091
ATCAGGTTCTGAATCG-1,17,5986,363,2141
ATCATTCAGGACTGGT-1,102,15961,1088,4441
ATCATTCAGGGTAGCT-1,42,10154,598,3084
ATCATTCAGGTTCTTG-1,22,5613,310,2195
ATCATTCCACAAAGTA-1,17506,141,1012,4871
ATCATTCCACATCCCT-1,22213,118,1337,5811
ATCATTCGTTTCGTTT-1,68,18702,811,4609
ATCATTCTCACGATAC-1,84,16318,896,4553
ATCATTCTCGCGGACT-1,42,9252,685,2777
ATCCACCAGAGTCCGA-1,22,4744,280,1869
ATCCACCAGGCTCCCA-1,71,9054,630,3153
ATCCACCCACACAGCC-1,10882,48,623,3988
ATCCACCCACTCACTC-1,27,6973,464,2442
ATCCACCCAGCTGTGC-1,35017,147,1668,7264
ATCCACCGTATGGGAC-1,87,18845,1533,4217
ATCCACCGTCCAATCA-1,3270,27,1,1617
ATCCACCGTGATTGGG-1,56,12401,648,3819
ATCCACCGTTGCGAAG-1,40,9627,622,2873
ATCCACCGTTGGGAAC-1,10917,58,651,3771
ATCCACCTCAAGTCTG-1,46,6939,343,2525
ATCCACCTCGCTCTCA-1,25106,107,1044,6119
ATCCACCTCTAGCCAA-1,29774,147,1388,6669
ATCCATTAGCACTCAT-1,16616,100,833,5068
ATCCATTAGTGACCTT-1,43,9177,503,2957
ATCCATTCAAGGCGTA-1,17,3437,291,1452
ATCCATTCACCAGACC-1,22969,133,1366,5800
ATCCATTCAGAGGAAA-1,21,5373,275,1785
ATCCATTGTGTCTAAC-1,43,10952,496,3081
ATCCATTGTTGGTGTT-1,17895,77,1052,4950
ATCCATTTCACGTCCT-1,42,7977,417,2918
ATCCATTTCTCGCCTA-1,33,7091,211,2382
ATCCCTGAGATGGCAC-1,37,7070,485,2351
ATCCCTGAGCCGTCGT-1,8,2314,166,1004
ATCCCTGAGTACGAGC-1,85,18073,1018,4259
ATCCCTGCAAAGAGTT-1,35,11246,639,3528
ATCCCTGCACATTCGA-1,19864,111,902,5343
ATCCCTGCACTCAAGT-1,2098,18,3,997
ATCCCTGCAGAGCGTA-1,38,7505,384,2417
ATCCCTGCAGGCACAA-1,53,15172,1140,3746
ATCCCTGCATGACAGG-1,23,3802,312,1480
ATCCCTGGTTTCGCTC-1,5472,50,263,2335
ATCCCTGTCAGACATC-1,46,9552,624,2871
ATCCCTGTCCTATTTG-1,40,9800,713,3044
ATCCCTGTCGTGTGGC-1,52,9226,644,2934
ATCCCTGTCTACGCAA-1,22510,97,1006,5570
ATCCGTCAGTAAGCAT-1,35,6311,452,2397
ATCCGTCAGTAAGGGA-1,6643,22,541,2251
ATCCGTCCAAACCACT-1,76,19144,723,4617
ATCCGTCCAAGCCATT-1,34847,175,2374,6946
ATCCGTCCAATCGCGC-1,33,12194,938,3281
ATCCGTCCATCGAACT-1,17860,94,1068,4841
ATCCGTCCATGCGGTC-1,38,12201,608,3449
ATCCGTCGTACATTGC-1,4963,17,403,2002
ATCCGTCGTATTGAGA-1,25010,123,1904,5826
ATCCGTCGTGAGGCAT-1,36,9567,847,3128
ATCCGTCGTGCGGTAA-1,19589,89,1545,5092
ATCCGTCGTGTCTTAG-1,3,1073,189,619
ATCCGTCGTTCATCTT-1,39,7426,431,2448
ATCCGTCTCATGCCGG-1,76,9393,650,3078
ATCCGTCTCTCATGGA-1,18,4029,231,1581
ATCCGTCTCTCCTGAC-1,18,6331,347,2317
ATCCTATAGAGGTATT-1,47,7568,498,2674
ATCCTATAGATACAGT-1,54,8908,662,2874
ATCCTATAGCCATTTG-1,31,7554,327,2631
ATCCTATCACGCGCTA-1,10248,52,639,3661
ATCCTATCAGACATCT-1,82,15327,1103,4109
ATCCTATCATGTGGCC-1,24,6208,359,2345
ATCCTATCATTGCAAC-1,16,4293,212,2057
ATCCTATGTCTCGGGT-1,4219,39,17,1750
ATCCTATGTCTGATCA-1,11449,81,644,4010
ATCCTATGTCTTCATT-1,84,7472,508,2518
ATCGATGAGGTCCTGC-1,33,6933,436,2217
ATCGATGAGGTGCCAA-1,54,7454,548,2430
ATCGATGCAACTGATC-1,41,11698,696,3377
ATCGATGCACGCTGAC-1,65,17850,1154,4204
ATCGATGCATCTCATT-1,73,12214,557,3567
ATCGATGGTACTTGTG-1,13360,51,877,4085
ATCGATGGTCAGTCTA-1,13227,69,968,4113
ATCGCCTAGATTGACA-1,14935,75,1105,4421
ATCGCCTAGCAACTCT-1,53,14329,573,4110
ATCGCCTAGCCAGACA-1,35,7292,478,2364
ATCGCCTAGGGACACT-1,6913,27,492,2738
ATCGCCTAGGTTGGTG-1,9669,51,896,3338
ATCGCCTAGTGCAGGT-1,14588,83,1256,4146
ATCGCCTCAGACAAAT-1,32,5984,251,2059
ATCGCCTCAGCGTGCT-1,7048,34,614,2780
ATCGCCTCAGGTAGTG-1,4665,48,414,2247
ATCGCCTCATAGAATG-1,92,16073,1072,4089
ATCGCCTCATCTAACG-1,6795,34,24,2506
ATCGCCTGTACTGCCG-1,57,11998,803,3651
ATCGCCTGTAGAGATT-1,40,7708,740,2417
ATCGCCTGTAGTAAGT-1,6332,32,53,2280
ATCGCCTGTAGTCACT-1,5,2973,265,799
ATCGCCTGTGAGCGAT-1,40,13284,626,3552
ATCGCCTTCCGCACGA-1,54,15442,730,3965
ATCGCCTTCCGCGGAT-1,28,3850,462,1025
ATCGCCTTCCTCACTG-1,1591,33,15,1037
ATCGCCTTCCTGTAGA-1,16,4796,223,1895
ATCGCCTTCTCCACTG-1,168,22731,1334,5280
ATCGCCTTCTGCCTGT-1,6558,30,244,2697
ATCGGATAGAATACAC-1,34680,156,2154,6735
ATCGGATAGAGGGTGG-1,61,14053,690,3711
ATCGGATAGCTAAATG-1,12962,80,858,4036
ATCGGATAGTCAATCC-1,61,13518,1085,3673
ATCGGATAGTCCGCCA-1,65,15608,999,3779
ATCGGATAGTCGCGAA-1,45,13045,1194,3378
ATCGGATCAAGAGTAT-1,15655,182,1414,4597
ATCGGATCATAATGAG-1,17,4980,308,1866
ATCGGATGTCAGACGA-1,29265,171,1789,6327
ATCGGATGTCTACGAT-1,19,3684,360,1671
ATCGGATGTTTCGACA-1,59,13488,749,3265
ATCGGATGTTTCGTAG-1,64,12537,1092,3761
ATCGGATTCACCTTAT-1,9553,85,524,3676
ATCGGATTCCGTAGGC-1,49,11676,859,2966
ATCGGATTCGCGCCAA-1,9165,37,552,3070
ATCGGATTCGCTACGG-1,39,11678,991,3222
ATCGGCGAGCTGGCTC-1,16786,65,1208,4893
ATCGGCGCATCGATGT-1,46,9468,511,2912
ATCGGCGCATTCTGTT-1,60,13921,983,3532
ATCGGCGGTAGCGATG-1,59,13958,893,3362
ATCGGCGGTGTCTAAC-1,6484,6375,697,4808
ATCGGCGTCACTTCTA-1,31,6546,251,2333
ATCGTAGAGACTAGAT-1,68,15865,979,3860
ATCGTAGAGGCTTTCA-1,3448,13,5,1483
ATCGTAGAGTGTACCT-1,44,8327,580,2389
ATCGTAGCAAACCACT-1,20135,98,1452,4984
ATCGTAGCACAAGGTG-1,17336,87,1247,5115
ATCGTAGCACATAGCT-1,1019,14,1,620
ATCGTAGCACTAACGT-1,41,9370,446,2865
ATCGTAGCAGGATGAC-1,20576,95,1586,5138
ATCGTAGCATAGAAAC-1,8898,29,405,3232
ATCGTCCAGACGCCCT-1,28,7953,567,2524
ATCGTCCAGCCTCCAG-1,42,11030,481,3244
ATCGTCCAGGTAAGGA-1,6547,32,413,2608
ATCGTCCCACACTGGC-1,16,4545,243,1883
ATCGTCCCAGAATTCC-1,67,13860,882,3579
ATCGTCCCAGGACTAG-1,22289,77,1487,5277
ATCGTCCCAGTAACGG-1,11632,82,1488,4043
ATCGTCCGTAGTCGTT-1,17005,79,1297,4362
ATCGTCCGTCTCGCGA-1,14,655,6,480
ATCGTCCGTGTGCCTG-1,7821,2651,947,3508
ATCGTCCTCACCTTAT-1,10489,57,544,3890
ATCGTCCTCATTCGTT-1,27527,142,1339,6375
ATCGTCCTCGAGGCAA-1,13067,57,787,4514
ATCGTCCTCTCGCAGG-1,39,10174,721,3141
ATCGTGACAAGCTGCC-1,41,8635,501,2766
ATCGTGACACTTGTGA-1,19,2378,655,1026
ATCGTGAGTCACTTCC-1,23,7871,299,2699
ATCGTGATCCTACCAC-1,731,9,652,91
ATCGTGATCGCCGATG-1,62,12404,791,3377
ATCGTGATCGTCCATC-1,22,4699,485,1669
ATCGTGATCTCCTGCA-1,13,5195,286,1862
ATCTCTAAGCATAGGC-1,41824,145,1357,7125
ATCTCTAAGCGTGCTC-1,26,6659,371,2525
ATCTCTAAGGATGAGA-1,37,6997,619,2282
ATCTCTAAGTGGATAT-1,17,3177,231,1337
ATCTCTAAGTTTGCTG-1,24,5901,333,2269
ATCTCTACAACTTCTT-1,488,16851,713,4835
ATCTCTACACACCGCA-1,8597,90,227,3254
ATCTCTAGTCGGCCTA-1,9,4796,287,1690
ATCTCTAGTGGCTACC-1,12715,54,762,4037
ATCTCTAGTGGTCCCA-1,22,4513,296,1720
ATCTCTATCTACTGAG-1,19,4858,264,1802
ATCTTCAAGATGGTAT-1,22,5241,238,1871
ATCTTCAAGATTGACA-1,13866,70,604,4217
ATCTTCAAGCAGGCAT-1,51,12614,498,3390
ATCTTCAAGGGCTTCC-1,64,12356,779,3574
ATCTTCAAGGTAGACC-1,19438,89,1369,5053
ATCTTCAAGTGCAACG-1,74,7048,506,2187
ATCTTCACAACTCGTA-1,15622,91,1227,4547
ATCTTCACAGTCAGCC-1,13903,59,914,4493
ATCTTCAGTGTGTTTG-1,25,7968,452,2485
ATCTTCAGTGTTAAAG-1,50,9937,480,2922
ATCTTCATCTAGTGAC-1,8445,22,2,2243
ATCTTCATCTGCCCTA-1,14244,74,393,4350
ATCTTCATCTTCACAT-1,25,6323,556,2327
ATGACCAAGAAGAACG-1,18,4108,186,1696
ATGACCAAGCATGAAT-1,4221,43,2,1877
ATGACCAAGCGGTATG-1,57,15195,678,3644
ATGACCACACTGTGAT-1,7226,46,564,2824
ATGACCACAGAATCGG-1,84,14782,1050,4094
ATGACCACAGAGTAAT-1,9008,48,536,3314
ATGACCACAGGCACTC-1,80,23656,774,4782
ATGACCAGTGGGTCAA-1,44,5223,314,1854
ATGACCAGTTTGTTGG-1,9025,35,428,3227
ATGACCATCGAGATGG-1,58,7245,421,2444
ATGACCATCTCAACGA-1,51,10740,743,3120
ATGACCATCTGCAGCG-1,12265,65,1099,4077
ATGAGGGAGGCGCTTC-1,36,11361,788,3265
ATGAGGGAGTGAATAC-1,30,6789,605,2310
ATGAGGGCAATTGAAG-1,15684,62,781,4124
ATGAGGGCACGGCTAC-1,70,22152,1436,4661
ATGAGGGCAGTGGGTA-1,21,6395,316,2287
ATGAGGGGTAGGCAGT-1,47,10956,743,3058
ATGAGGGGTTCTCCCA-1,64,13228,1043,3761
ATGAGTCAGGACAAGA-1,78,13310,1282,3535
ATGAGTCCATTCACCC-1,12555,55,584,4007
ATGAGTCGTATGAGCG-1,9321,39,637,3385
ATGAGTCGTGACCGTC-1,12,2239,194,1115
ATGAGTCGTGTATACC-1,9,2516,208,1111
ATGAGTCGTTATGGTC-1,61,11070,898,3427
ATGAGTCTCCAGCACG-1,18,4584,283,1808
ATGAGTCTCCGAACGC-1,56,8802,758,2899
ATGAGTCTCTCGCTTG-1,62,11916,606,3558
ATGATCGAGAATTTGG-1,5711,38,467,2747
ATGATCGAGCATAGGC-1,17637,105,809,4866
ATGATCGAGTGAGGCT-1,2048,24,249,1172
ATGATCGCACGGATCC-1,31,9318,501,2694
ATGATCGCAGGTGTGA-1,13,3303,225,1414
ATGATCGCATCTTTCA-1,57,13145,947,3707
ATGATCGGTCATATGC-1,87,19478,1043,4416
ATGATCGTCCGAGGCT-1,40,9058,471,2677
ATGATCGTCGGAGCAA-1,14,3762,279,1498
ATGCATGAGGACTGGT-1,30,8744,500,2723
ATGCATGCAAATCCCA-1,15,4113,207,1604
ATGCATGCAACACTAC-1,117,21367,1331,5259
ATGCATGCACATCATG-1,13421,78,1303,4143
ATGCATGCATGTAACC-1,29,8241,347,2738
ATGCATGGTATGTCTG-1,16608,214,944,4969
ATGCATGTCCAAGCTA-1,99,21101,1174,4726
ATGCATGTCTACCCAC-1,62,16030,784,4184
ATGCCTCAGATGGTCG-1,12008,59,598,3508
ATGCCTCCAACCAACT-1,83,17892,669,4166
ATGCCTCCAAGCAATA-1,67,16161,765,4025
ATGCCTCCAAGTATCC-1,38,10507,408,3307
ATGCCTCGTCCCAAAT-1,21,7899,522,2477
ATGCCTCGTCGGATTT-1,33,6182,390,2433
ATGCCTCGTGTTCGTA-1,6923,36,619,2513
ATGCCTCTCATTTCCA-1,16,2861,208,1275
ATGCCTCTCCCGAACG-1,56,13381,939,3611
ATGCCTCTCGTTCATT-1,21,7715,360,2847
ATGCCTCTCTATCGCC-1,17844,54,909,4935
ATGCGATAGATCGACG-1,33,9401,619,2722
ATGCGATAGCTGGTGA-1,98,17499,1040,4234
ATGCGATAGGACTATA-1,54,13940,1123,3525
ATGCGATAGGATACCG-1,44,9083,799,2791
ATGCGATAGGGTTAGC-1,119,15944,1326,4131
ATGCGATCAATCGCAT-1,63,8882,728,2777
ATGCGATCACCTTCGT-1,683,23,0,505
ATGCGATCACGACCTG-1,10776,39,396,3714
ATGCGATCACTACGGC-1,10690,49,854,3638
ATGCGATGTAACAAGT-1,59,11268,665,3112
ATGCGATTCAAGTGTC-1,13261,65,1245,3988
ATGCGATTCGACCATA-1,100,19814,711,4418
ATGCGATTCGATACGT-1,9550,45,435,3398
ATGGAGGAGAAGTCAT-1,14529,52,938,4384
ATGGAGGAGACGACGT-1,39,11096,470,3002
ATGGAGGAGACGATAT-1,14185,58,668,4178
ATGGAGGAGAGCAGAA-1,28,7026,668,2296
ATGGAGGAGCGCCTAC-1,16,5219,327,1813
ATGGAGGAGGTAATCA-1,58,14540,934,3514
ATGGAGGAGTCTAACC-1,13451,81,701,4441
ATGGAGGAGTGATGGC-1,29,7255,879,2236
ATGGAGGGTCGTCAGC-1,13362,61,905,4132
ATGGAGGTCGCTTACC-1,6972,43,519,2790
ATGGATCAGAACGCGT-1,15,4782,403,1629
ATGGATCAGCCTCTTC-1,34,8361,413,2735
ATGGATCAGCGCATCC-1,32,10204,627,2986
ATGGATCAGCGTGTCC-1,9416,39,709,3499
ATGGATCAGTCGCGAA-1,27,7718,558,2519
ATGGATCCACAAACGG-1,72,12745,930,3556
ATGGATCCACCTTCGT-1,22,4437,404,1585
ATGGATCCACGAGGAT-1,8556,67,350,3400
ATGGATCCAGTTCCAA-1,28602,159,1772,6262
ATGGATCGTACGTGTT-1,9746,20,1,2539
ATGGATCGTCCTTGTC-1,41,9131,581,2804
ATGGATCGTGGACCTC-1,60,18303,1148,4416
ATGGATCTCAGCTCTC-1,56,16387,830,4139
ATGGATCTCCGAACGC-1,17,4601,334,1868
ATGGATCTCTCATTTG-1,6548,35,255,2678
ATGGGAGAGGATGCGT-1,10362,66,621,3644
ATGGGAGCAGGATTCT-1,17,6379,244,2420
ATGGGAGCAGTTGAAA-1,24,6522,726,2182
ATGGGTTAGGCTCACC-1,32,10304,765,2803
ATGGGTTGTCGGAACA-1,11810,11556,1742,6548
ATGGGTTGTCGTACTA-1,10,3213,190,1237
ATGGGTTGTGTCGCTG-1,27,5379,521,1836
ATGGGTTTCCGATAGT-1,21,4153,293,1696
ATGGGTTTCTGCATGA-1,19512,104,1178,5073
ATGGGTTTCTTAGCTT-1,17,2829,205,1313
ATGGTTGAGTCGTCTA-1,15598,88,1006,4429
ATGGTTGCAGCTATAC-1,20609,88,963,5106
ATGGTTGCAGTTGGTT-1,69,13443,823,3891
ATGGTTGCATCCTTGC-1,106,5508,269,1925
ATGGTTGGTACCTAAC-1,103,24173,1286,4995
ATGGTTGGTATCGAGG-1,28,7487,484,2529
ATGGTTGGTTTAGAGA-1,10592,41,731,3330
ATGGTTGTCAAGCGTT-1,10935,59,678,4048
ATGGTTGTCAAGCTTG-1,26086,165,1889,6201
ATGGTTGTCACAACCA-1,25,7877,376,2670
ATGTCCCCAGGCTTGC-1,7787,48,509,3021
ATGTCCCCATCGCCTT-1,23,4237,246,1624
ATGTCCCGTACCGTCG-1,977,24,2,620
ATGTCCCGTTGAGAGC-1,13070,60,776,4154
ATGTCCCTCCGCATAA-1,31,8000,645,2515
ATGTCCCTCGTAGGGA-1,36766,211,1886,6778
ATGTCTTCAAGTTCGT-1,18,6922,275,2371
ATGTCTTCACGGCGTT-1,27,9996,689,3103
ATGTCTTCACTATCCC-1,6799,37,444,2608
ATGTCTTCAGGTTCGC-1,17139,93,1124,5082
ATGTCTTCATCGCCTT-1,7150,39,336,2823
ATGTCTTTCAGCAATC-1,31,4369,272,1854
ATTACCTCACTCACTC-1,15318,98,884,4782
ATTACCTCACTCTGCT-1,6699,85,443,2895
ATTACCTCAGTTAGGG-1,844,16134,808,4612
ATTACCTGTCAGATTC-1,19,8508,489,2634
ATTACCTTCACATTGG-1,5124,29,298,2220
ATTACCTTCTTAAGGC-1,58,11704,733,3331
ATTACTCAGCTCGTGC-1,18193,101,1194,4790
ATTACTCAGCTCTGTA-1,27,7814,321,2487
ATTACTCAGTCGAAAT-1,17,4736,333,1773
ATTACTCCAAATTGCC-1,5510,7933,754,5139
ATTACTCCATTCATCT-1,38,6008,445,2212
ATTACTCGTATTGAGA-1,38,6832,524,2355
ATTACTCGTTAGAAGT-1,6029,32,378,2478
ATTACTCTCGGAACTT-1,13,3215,195,1242
ATTACTCTCGGTAGAG-1,18,4090,228,1580
ATTATCCAGAGATGCC-1,37,8111,679,2373
ATTATCCAGGACGCTA-1,8241,49,805,3271
ATTATCCAGTGAGTTA-1,3900,20,0,1770
ATTATCCAGTGGCGAT-1,3176,18,171,1415
ATTATCCCAGCTTTCC-1,21755,122,1328,5853
ATTATCCCATCCTAAG-1,77,16558,1034,4000
ATTATCCCATCTGCGG-1,4412,24,382,2053
ATTATCCGTGGTCCGT-1,36,8179,561,2527
ATTATCCGTGGTCTGC-1,54,13865,952,3785
ATTATCCGTTCGGACC-1,52,14597,690,3831
ATTATCCTCCGTGGCA-1,47,10553,618,3131
ATTCACTAGCGAACTG-1,49,8596,843,2753
ATTCACTAGGAAGAAC-1,17074,261,1307,4858
ATTCACTAGGCCTAGA-1,12257,55,731,3787
ATTCACTCATGAAGCG-1,28,5467,390,1918
ATTCACTGTAGGCAAC-1,28,6971,378,2318
ATTCACTGTCAACATC-1,1449,11,2,950
ATTCACTGTGCCGGTT-1,29,5759,458,2155
ATTCACTTCACTACGA-1,20819,115,833,5461
ATTCACTTCCAACCAA-1,8134,40,763,3288
ATTCACTTCCGAAATC-1,23,5596,298,2248
ATTCACTTCCTCAGGG-1,49,10952,589,3252
ATTCACTTCGATACAC-1,19,6326,321,2090
ATTCACTTCGCCGAGT-1,49,9534,373,2902
ATTCAGGAGGCATCGA-1,6518,26,268,2555
ATTCAGGAGGTTGGAC-1,49,7725,590,2399
ATTCAGGCAAAGTATG-1,59,9048,581,2881
ATTCAGGCATATCTCT-1,7109,45,255,2765
ATTCAGGGTAAGTCAA-1,80,15272,1143,3792
ATTCAGGTCATCTCTA-1,32,10041,728,2977
ATTCATCAGATGACAT-1,32,6146,330,2226
ATTCATCAGCCTCTTC-1,25500,147,1180,6077
ATTCATCAGGCGTTGA-1,31,7252,681,2145
ATTCATCCACGCTTAA-1,62,7979,658,2814
ATTCATCGTAACAAGT-1,52,12482,918,3354
ATTCATCGTCGATTAC-1,45,9794,829,3115
ATTCATCGTGAACCGA-1,47,11195,917,3175
ATTCATCGTGCGCTCA-1,13,832,8,554
ATTCATCTCCCGAGTG-1,9,3192,239,1085
ATTCATCTCCGAACGC-1,42,9659,768,3223
ATTCATCTCGATGCAT-1,42,10718,542,3182
ATTCATCTCTGGCTGG-1,4880,76,1033,2429
ATTCCATAGGAGGTTC-1,30,6784,580,2174
ATTCCATCAACTGCCG-1,6845,35,358,2775
ATTCCATGTACTGTTG-1,5156,33,268,2238
ATTCCATGTCTTCCGT-1,26,5476,334,2346
ATTCCATGTGATTGGG-1,14193,81,1143,4317
ATTCCATGTGCCTACG-1,37,4778,230,1832
ATTCCATGTTACAGCT-1,6075,43,343,2402
ATTCCATGTTCCTAGA-1,86,13748,739,4015
ATTCCATTCACTCTTA-1,48,5291,230,2029
ATTCCATTCTAGAACC-1,17,2549,562,1129
ATTCCCGAGAATTGCA-1,14,5327,300,1963
ATTCCCGAGGTCACAG-1,44,9523,607,3143
ATTCCCGAGTAACGTA-1,20,5568,379,1971
ATTCCCGAGTTCATCG-1,14628,54,592,4629
ATTCCCGCATAGGCGA-1,55,14442,924,3824
ATTCCCGGTCACGACC-1,8136,35,381,3308
ATTCCCGGTTGCCAAT-1,39,9355,551,3029
ATTCCCGTCATGCCGG-1,1803,16,587,1032
ATTCCTAAGCTGGCCT-1,56,14661,809,3871
ATTCCTACAAGGAGTC-1,2922,12,9,1316
ATTCCTACACCAAAGG-1,15684,6545,1338,6345
ATTCCTAGTCCCTAAA-1,49,6654,706,2293
ATTCCTATCAAACCCA-1,8,1789,0,734
ATTCCTATCCTCGCAT-1,32,7703,523,2718
ATTCCTATCGCAGAGA-1,24,2834,253,1303
ATTCCTATCTCCTACG-1,6993,37,279,2731
ATTCGTTAGCTGACTT-1,19,4353,399,1530
ATTCGTTCAGTGTACT-1,18214,80,489,4469
ATTCGTTGTCCAAGAG-1,22,4780,413,1853
ATTCGTTGTGAAAGTT-1,46,8761,610,2724
ATTCGTTGTTTAGACC-1,43,5545,776,1999
ATTCGTTTCAGGAAGC-1,54,9238,676,2676
ATTCGTTTCCTCTCTT-1,112,10443,861,3586
ATTCTACAGAGGACTC-1,50,12852,653,3283
ATTCTACAGGGTTAGC-1,10275,63,792,3421
ATTCTACAGGTACATA-1,23,4323,220,1815
ATTCTACAGGTTTACC-1,56,9805,550,3335
ATTCTACCAATAGTGA-1,39,7918,630,2550
ATTCTACCACGACGAA-1,15,3869,286,1645
ATTCTACCACGTCGGT-1,33,15296,949,3737
ATTCTACCATTGCTGA-1,11665,82,962,3954
ATTCTACTCAACGCTA-1,3613,29,1004,1769
ATTCTACTCCCGAATA-1,53,15311,689,3957
ATTCTACTCCGCGGAT-1,28,4293,337,1585
ATTCTACTCTCATGGA-1,43,7642,484,2341
ATTCTACTCTCCACTG-1,44,12414,863,3485
ATTCTTGAGCGTTACT-1,50,9524,733,2859
ATTCTTGCAGAACCGA-1,17,3242,139,1296
ATTCTTGGTGCTCCGA-1,59,6054,369,2056
ATTCTTGGTGTGTGTT-1,13052,84,646,3833
ATTCTTGGTTACCGTA-1,14850,66,751,4419
ATTCTTGTCCGTAATG-1,34,7959,430,2575
ATTCTTGTCTAATTCC-1,4078,21,257,1786
ATTGGGTAGGGCTAAC-1,7324,33,533,2651
ATTGGGTCAAATCGGG-1,6581,29,410,2840
ATTGGGTCACGACGCT-1,7634,41,484,2907
ATTGGGTCATCGGCCA-1,42,9201,446,2749
ATTGGGTGTACACGTT-1,17,4751,267,1946
ATTGGGTGTTTGGGTT-1,38,6734,394,2511
ATTGGGTTCATCCTGC-1,40,8267,650,2882
ATTGGGTTCATGCAGT-1,60,10352,868,3067
ATTGGGTTCGCTCATC-1,51,9969,613,3006
ATTGTTCAGAGTAACT-1,26,4219,200,1720
ATTGTTCAGGCCTGCT-1,41,10813,456,3170
ATTGTTCCAATGTCAC-1,13998,77,725,4751
ATTGTTCCACGCTGAC-1,20,3325,275,832
ATTGTTCCAGACTGCC-1,61,10046,662,3165
ATTGTTCCATTCCTCG-1,7908,28,237,3174
ATTGTTCGTACAACGG-1,17,4287,348,1646
ATTGTTCGTCAGGTGA-1,20,6200,252,2173
ATTGTTCGTCGTAATC-1,1260,13,0,711
ATTTACCAGACGCAGT-1,7280,47,297,2792
ATTTACCAGCGCTGAA-1,13322,47,624,4086
ATTTACCCACAGTCCG-1,65,13343,682,3741
ATTTACCCAGTCAACT-1,18,4290,213,1611
ATTTACCGTAAGGCCA-1,70,7196,391,2290
ATTTACCGTCCAATCA-1,16456,89,1014,4853
ATTTACCTCAGAGCAG-1,36,8508,422,2706
ATTTACCTCATTACGG-1,16,5029,372,1925
ATTTCACAGCACGTCC-1,46,14488,590,3526
ATTTCACAGCCACTCG-1,18906,10571,1934,8668
ATTTCACCACCGGAAA-1,27,6415,274,2192
ATTTCACGTACAGTAA-1,14433,97,852,4658
ATTTCACGTCCAGGTC-1,30,6770,403,2401
ATTTCACGTGTCGCTG-1,19,3441,179,1335
ATTTCACGTTTCCATT-1,4644,31,236,2179
ATTTCACTCCACGGGT-1,6841,31,435,2640
ATTTCACTCTTCTGTA-1,22756,120,1372,5789
ATTTCTGAGAAACTGT-1,53,9268,529,3134
ATTTCTGAGCCGGAAT-1,2421,14,86,1322
ATTTCTGAGGAGTATT-1,4372,40,251,1976
ATTTCTGCAGCTAACT-1,11947,11226,1026,6547
ATTTCTGCAGGTACGA-1,37,5202,451,1921
ATTTCTGTCCATTCGC-1,2468,13,427,1421
CAAAGAACACATAACC-1,9467,45,422,3256
CAAAGAACACGCTGCA-1,14126,81,967,4339
CAAAGAACACTCCCTA-1,1431,16915,891,4972
CAAAGAACAGTCAGTT-1,29,3696,323,1498
CAAAGAACATACGCAT-1,7099,22,328,2903
CAAAGAAGTACCTTCC-1,16641,80,1387,4400
CAAAGAAGTGGTGATG-1,15,3763,282,1514
CAAAGAATCTTGGATG-1,14728,75,624,4446
CAACAACAGAGGCCAT-1,25095,120,1986,5757
CAACAACCAAACCACT-1,21,7182,333,2380
CAACAACCAACAAAGT-1,20449,305,1246,5491
CAACAACCAGTACTAC-1,45,9873,664,2881
CAACAACCAGTCGAGA-1,7998,60,371,2991
CAACAACCAGTGCCTG-1,67,19460,1150,4084
CAACAACCATCCCGTT-1,67,14306,984,4037
CAACAACGTCGAAGCA-1,27,9869,493,2821
CAACAACTCACTTATC-1,34,12320,412,3519
CAACAGTAGACGGTCA-1,11473,11031,1645,6718
CAACAGTAGAGCAGCT-1,17332,85,1768,5048
CAACAGTAGTTCTACG-1,24,5112,356,1922
CAACAGTCAACCAGAG-1,108,19955,1618,4708
CAACAGTCAATTGTGC-1,23,6682,474,2347
CAACAGTCAGTCTTCC-1,94,17464,1287,4180
CAACAGTGTCATGGCC-1,47,12869,754,3417
CAACAGTTCACGATAC-1,14587,80,776,4431
CAACAGTTCTCACGAA-1,16,4617,281,1797
CAACCAAAGAGCCATG-1,1711,81,0,1114
CAACCAAAGCGTCGAA-1,47,7521,485,2145
CAACCAAAGTCGTCTA-1,37,6426,566,2135
CAACCAAAGTCTGCAT-1,65,10979,794,3266
CAACCAACACATACGT-1,8397,7083,849,5730
CAACCAACACATTGTG-1,21,4891,180,1911
CAACCAACATGACCCG-1,24788,109,1296,5541
CAACCAACATTCAGCA-1,8180,48,491,3123
CAACCAAGTATGATCC-1,18609,79,1073,4830
CAACCTCAGATACGAT-1,69,16272,986,3920
CAACCTCCACTACTTT-1,86,13523,875,4051
CAACCTCCACTTTAGG-1,9067,46,536,3245
CAACCTCCAGAGGAAA-1,13381,82,774,4258
CAACCTCGTAATTGGA-1,5316,19,5,1856
CAACCTCGTAGCTGAG-1,26810,155,1678,6090
CAACCTCGTCACTCTC-1,66,16500,929,4186
CAACCTCTCTCGACGG-1,31,10969,496,3318
CAACGATAGCGTTAGG-1,19,4165,332,1459
CAACGATCAACCACGC-1,37,8456,756,2483
CAACGATCAGCGACCT-1,10446,36,13,2823
CAACGATCAGTGTACT-1,21,5920,396,1988
CAACGATGTTTCCCAC-1,31,4515,341,1797
CAACGGCAGACGCCCT-1,67,17475,1151,4333
CAACGGCAGCGACCCT-1,39,10369,607,3019
CAACGGCAGCGAGTAC-1,20,10053,2,2663
CAACGGCTCCTTCTAA-1,11874,57,501,3841
CAACGGCTCGCTAATG-1,36,13463,566,3604
CAACGGCTCTGATGGT-1,6064,36,294,2596
CAAGACTAGAAGCCTG-1,17080,9648,2229,7329
CAAGACTAGAGCTGCA-1,6463,34,1205,2666
CAAGACTAGATTACCC-1,32,6373,701,2439
CAAGACTAGGTACATA-1,30,6545,515,2255
CAAGACTAGTACCATC-1,7689,57,362,2913
CAAGACTAGTCCCAGC-1,7973,20,599,2832
CAAGACTAGTGGCCTC-1,6061,39,398,2388
CAAGACTGTAGACGGT-1,14005,92,1163,4234
CAAGACTGTCTTGAGT-1,1378,10,1,796
CAAGACTGTTACCCAA-1,8650,91,280,3266
CAAGACTTCGAACGCC-1,38,9201,632,2827
CAAGAGGAGTAAACTG-1,65,11178,891,3109
CAAGAGGCACAACATC-1,63,12284,851,3528
CAAGAGGGTACATTGC-1,63,15816,1068,3937
CAAGAGGTCAAGTGGG-1,19,2691,174,1537
CAAGAGGTCGAACCTA-1,10097,26,631,3231
CAAGCTAAGCCTGGAA-1,82,19376,967,4505
CAAGCTAAGGCCACCT-1,72,15283,918,4006
CAAGCTAAGGTGATCG-1,56,14389,896,3781
CAAGCTACAATACCCA-1,78,13300,880,3679
CAAGCTACAATATCCG-1,21836,84,1500,5405
CAAGCTACATAATCGC-1,59,10615,656,3320
CAAGCTAGTAGGTGCA-1,29,6341,271,2232
CAAGCTAGTCGACTTA-1,864,36,29,687
CAAGCTAGTGCACAAG-1,30,7697,513,2268
CAAGCTAGTGGGAGAG-1,40,10792,743,2661
CAAGCTAGTGTGATGG-1,21,7541,504,2411
CAAGCTATCAAGCCAT-1,18766,104,1193,5114
CAAGCTATCTTTACAC-1,89,14079,817,4312
CAAGGGAAGCTGTGCC-1,6369,40,269,2698
CAAGGGAAGGACAGCT-1,43,7634,735,2395
CAAGGGAAGGCGTTAG-1,38,9821,707,3094
CAAGGGACAACGATCT-1,16677,104,1100,4786
CAAGGGACACAACATC-1,17,3880,170,385
CAAGGGACACGCCACA-1,38,9369,428,2836
CAAGGGAGTCGCGGTT-1,72,21034,1363,4452
CAAGGGAGTGACCGTC-1,31,7008,371,2459
CAAGGGAGTGTGAGCA-1,38,10947,661,3136
CAATACGAGCCAGTAG-1,94,16822,1154,4335
CAATACGAGGTTCATC-1,23756,126,1567,5468
CAATACGGTTACGCCG-1,47,10804,655,3255
CAATACGTCTCGTTTA-1,36,5555,270,2225
CAATCGAAGAAGAACG-1,18,4812,312,1755
CAATCGAAGCACGGAT-1,24,6325,349,2240
CAATCGACAATCGTCA-1,24,8344,367,2770
CAATCGACACGCTGCA-1,102,22045,1249,5083
CAATCGACAGAGATGC-1,40,9925,478,2908
CAATCGACAGCGTATT-1,10,2535,204,626
CAATCGAGTGTCTCCT-1,16113,63,913,4446
CAATCGATCTAAGCGT-1,9055,43,698,3022
CAATCGATCTGCGGGT-1,31,9855,527,2932
CAATCGATCTTGCAGA-1,19,5304,412,1906
CAATGACAGGTCCGAA-1,39,14292,1058,3735
CAATGACCAAGGCCTC-1,91,16557,881,4119
CAATGACCACTTACAG-1,12231,78,939,3966
CAATGACGTCTTGCGG-1,47,10848,803,2963
CAATGACTCGCAGATT-1,17217,66,1048,4360
CAATGACTCGTACCTC-1,34,6863,491,2357
CAATGACTCTCATAGG-1,13,3502,228,1443
CAATGACTCTTAGCAG-1,12088,71,859,4248
CAATTTCAGACTTCCA-1,27,6985,275,2482
CAATTTCAGGTGCCAA-1,42,9386,669,2496
CAATTTCCAGGAGGTT-1,39,12117,1089,3559
CAATTTCCAGTTCCAA-1,32,5699,387,2096
CAATTTCCATCTCAAG-1,23,6213,248,2258
CAATTTCGTATCGCGC-1,35,9298,615,2772
CAATTTCGTCGCAACC-1,24,8699,281,2706
CAATTTCGTCGTACTA-1,7141,42,453,2794
CAATTTCGTTCATCTT-1,58,13573,573,3854
CAATTTCTCCAAGGGA-1,7611,40,390,2853
CAATTTCTCTAAACGC-1,13452,66,823,4212
CAATTTCTCTCCTGTG-1,23,5391,301,1863
CACAACAAGGAATCGC-1,51,12424,820,3330
CACAACAAGTTGTAGA-1,11181,4107,967,4972
CACAACACAAGGACAC-1,39755,218,2868,7660
CACAACACACGCAGTC-1,59,15893,805,3914
CACAACACAGCAAGAC-1,40,10435,477,3117
CACAACACAGGAGGTT-1,12,2647,207,985
CACAACAGTAGAAACT-1,25972,123,1470,6148
CACAACAGTAGCTGTT-1,43,8386,444,2610
CACAACAGTGCCTATA-1,15283,86,743,4844
CACAACAGTGGAGGTT-1,18,4751,361,1755
CACAACATCCCTCGAT-1,23,5096,342,1913
CACAACATCGAAGTGG-1,51,13184,1273,3537
CACACAAAGGGCAGTT-1,83,16959,1004,4258
CACACAACATAGTCGT-1,14666,96,1066,4549
CACACAAGTATCGTTG-1,46,15317,952,3805
CACACAAGTGTCCACG-1,21,7934,374,2650
CACACAATCCATTCGC-1,25775,117,1268,6076
CACAGATAGTACAGAT-1,21,5985,369,2137
CACAGATCACCTTCGT-1,70,15400,1044,4135
CACAGATGTACGTAGG-1,12457,54,719,3958
CACAGATGTAGGATAT-1,100,20029,1358,4435
CACAGATGTTAAGACA-1,75,8201,513,2683
CACAGATGTTATAGCC-1,78,13800,1034,3622
CACAGATTCAAACCCA-1,46,11301,650,3410
CACAGATTCGCCGTGA-1,25,5732,384,1866
CACAGATTCGTGGAAG-1,20015,106,1786,5237
CACAGATTCTGCTGAA-1,82,14336,1287,4050
CACAGGCAGATAGCTA-1,33,6528,111,2326
CACAGGCAGCACGGAT-1,17765,91,1304,5117
CACAGGCAGGAGAGTA-1,8127,51,663,3146
CACAGGCCAATAGTAG-1,9301,44,388,3351
CACAGGCCATCGCTAA-1,11163,49,522,3758
CACAGGCCATCGTGGC-1,69,17744,934,4397
CACAGGCGTCCCGTGA-1,35,7115,715,2403
CACAGGCGTGCATTTG-1,14369,56,737,4357
CACAGGCGTTCAAAGA-1,6262,33,404,2584
CACAGGCTCAAGCCCG-1,37,2405,424,487
CACAGGCTCCAGGACC-1,61,10964,731,3403
CACAGGCTCCCACAGG-1,38,9710,498,3129
CACAGGCTCGAATGCT-1,11197,43,528,3486
CACATGAAGTTCCGTA-1,7350,32,523,2729
CACATGACAATCAGCT-1,2769,5,46,1445
CACATGAGTGTAAACA-1,16,2440,137,1229
CACATGATCGTCTCAC-1,69,11802,721,3290
CACATGATCTGATGGT-1,34,6045,456,2253
CACCAAAAGCTCTTCC-1,40,12394,650,3407
CACCAAAAGTCGCTAT-1,39,5731,506,2008
CACCAAAAGTGCTCAT-1,8008,81,1803,3230
CACCAAACAAGACTGG-1,11846,38,4,2830
CACCAAAGTATCGAGG-1,27,6814,387,2203
CACCAAAGTTCGGCGT-1,47,14886,1152,3677
CACCAAAGTTTGTTCT-1,26816,181,1243,6525
CACCAAATCAACTTTC-1,12155,66,595,4119
CACCAAATCGCCAGTG-1,27,6553,521,2226
CACCAAATCTGTGCGG-1,9346,43,686,3109
CACCGTTAGAGCCGTA-1,86,13055,709,3616
CACCGTTAGCTCGAAG-1,27,4610,323,1621
CACCGTTAGTGTTGTC-1,20317,261,1406,5138
CACCGTTCAACGATTC-1,13,4430,279,1882
CACCGTTCAATTCACG-1,15180,50,1034,4006
CACCGTTCACAGAGCA-1,67,16104,858,3842
CACCGTTCAGATCCAT-1,16454,78,1017,4594
CACCGTTGTCACCGAC-1,56,15553,1125,4325
CACCGTTGTGTTCCTC-1,10611,33,657,3089
CACGAATAGACTTGTC-1,15001,69,1018,4294
CACGAATAGTGCCAGA-1,43,3933,404,1557
CACGAATCAACCGACC-1,3602,94,783,1961
CACGAATCAACGATTC-1,13102,55,528,3968
CACGAATCAAGCACCC-1,72,12034,1218,3453
CACGAATCACAGCCTG-1,140,13997,779,3849
CACGAATCAGAAATTG-1,1915,13,1,962
CACGAATGTCTGTGTA-1,23,4621,214,1887
CACGAATGTGAGTGAC-1,9902,82,762,3642
CACGAATGTTAGGGAC-1,23,4682,313,1625
CACGAATGTTGGTGTT-1,57,16919,809,4056
CACGAATTCAGCAATC-1,47,12634,661,3763
CACGGGTAGAGGTGCT-1,29613,145,2124,5885
CACGGGTAGTACAACA-1,12152,60,965,4311
CACGGGTCAGGGAATC-1,21,7459,561,2248
CACGGGTCAGTCAACT-1,12148,40,920,3715
CACGGGTCATTGACCA-1,56,17120,662,4014
CACGGGTGTACCACGC-1,60,12210,1013,3351
CACGGGTGTACCGTCG-1,9483,40,431,3357
CACGGGTGTTAATCGC-1,58,12841,1004,3346
CACGGGTGTTACCGTA-1,26,6424,336,2205
CACGGGTTCTCCCATG-1,62,8122,363,2363
CACGTGGAGAGTCTTC-1,13425,818,1018,4560
CACGTGGAGCTCCGAC-1,11397,56,669,3318
CACGTGGAGGACGGAG-1,59,11837,883,3531
CACGTGGAGTTCCTGA-1,6423,50,570,2627
CACGTGGCATACTTTC-1,3876,24,372,1825
CACGTGGCATGCACTA-1,23,6539,251,2160
CACGTGGGTCACGCTG-1,61,9848,400,2997
CACGTGGGTCATGGCC-1,9795,53,581,3647
CACGTGGGTCGCTTAA-1,109,19405,982,4409
CACGTGGGTCGTATTG-1,43,7595,692,2516
CACGTGGGTGGTCCCA-1,1325,20,23,938
CACGTGGGTGTCTCCT-1,46,15194,861,3994
CACGTGGGTTGTTGAC-1,112,21155,1478,4711
CACGTGGTCCTGCTAC-1,30,9501,377,2621
CACGTGGTCGCTAATG-1,10278,41,627,3374
CACGTGGTCGGCTTGG-1,35,7561,414,2288
CACGTTCCACTGCGAC-1,34,6716,359,2111
CACGTTCCAGGCGAAT-1,48,11326,684,3315
CACGTTCCATAGTCGT-1,16911,65,727,4616
CACGTTCGTATTGGCT-1,9054,32,491,3243
CACGTTCGTCCTGGTG-1,58,9803,608,2937
CACTAAGAGTCAGGGT-1,43,10950,715,3150
CACTAAGCACGGTAGA-1,5966,20,8,2198
CACTAAGGTTCCGCGA-1,38,8051,521,2707
CACTAAGTCACCACAA-1,32,6616,367,2170
CACTAAGTCATTTCGT-1,9286,55,332,3487
CACTAAGTCCATAGAC-1,6730,35,290,2866
CACTAAGTCCTCTGCA-1,57,11742,570,3614
CACTGAACAAGGGTCA-1,10415,36,624,3750
CACTGAACAATACCCA-1,80,13767,746,3815
CACTGAACAGCCTTCT-1,10844,54,348,3876
CACTGAAGTTCGAAGG-1,21,5613,369,1843
CACTGAAGTTGTGGAG-1,15440,76,1121,4601
CACTGAATCACGGTCG-1,26,6150,257,2397
CACTGAATCCAAGAGG-1,6265,26,373,2395
CACTGAATCCTTTGAT-1,1430,11,145,850
CACTGGGAGCCGTCGT-1,5731,22,362,2234
CACTGGGAGCGACTAG-1,37,8593,724,2754
CACTGGGAGTAGGAAG-1,31,6297,614,2086
CACTGGGCAACCACGC-1,27069,109,1445,6169
CACTGGGCAATGAGCG-1,17371,102,933,5133
CACTGGGCAATTCGTG-1,23,4338,186,1961
CACTGGGCAATTTCGG-1,13824,98,1084,4565
CACTGGGCACGCAAAG-1,22580,105,1802,5478
CACTGGGCATAGATGA-1,22,6630,6,1504
CACTGGGGTGTTCATG-1,18,5220,349,1892
CACTGGGGTTCCGTTC-1,33,7778,343,2711
CACTGGGGTTTGTTGG-1,75,15538,952,4111
CACTGTCAGACCATGG-1,53,9555,449,2520
CACTGTCAGTAATACG-1,32,7561,425,2550
CACTGTCAGTGAACAT-1,13937,54,652,4129
CACTGTCGTCTGATCA-1,9760,40,403,3223
CACTGTCGTGCCGGTT-1,13,3795,293,1599
CACTGTCTCACTGGTA-1,12372,57,400,3835
CACTGTCTCTCGCCTA-1,85,12063,825,3714
CACTTCGAGACGCTCC-1,67,12790,1165,3733
CACTTCGAGATGCAGC-1,21,7033,512,2168
CACTTCGAGCGTGAAC-1,22,940,11,604
CACTTCGAGCGTTACT-1,9166,65,925,3127
CACTTCGCAAAGAACT-1,79,10783,728,3086
CACTTCGCACCAGTAT-1,6425,23,297,2759
CACTTCGGTACAAAGT-1,14,3045,141,751
CACTTCGGTACCAATC-1,14,5149,282,2312
CACTTCGGTACGTGTT-1,4182,45,623,2052
CAGAGCCAGATACTGA-1,21,4093,355,1644
CAGAGCCAGGTCTTTG-1,3878,33,557,1839
CAGAGCCAGTAACGAT-1,17,6230,323,2099
CAGAGCCGTTCCGCAG-1,7036,29,399,2785
CAGAGCCTCATACGAC-1,37,7496,568,2489
CAGAGCCTCATTACTC-1,38,4064,260,1480
CAGAGCCTCCCATAAG-1,10309,66,731,3498
CAGAGCCTCTCAACGA-1,98,18590,964,4521
CAGATACAGCCGTAAG-1,24105,138,1953,5756
CAGATACCAGGCTCTG-1,16,5463,302,2056
CAGATACCAGTAGTTC-1,52,8776,806,2810
CAGATACGTCCCTGTT-1,66,14635,893,3758
CAGATACTCCCGAATA-1,12865,118,774,3534
CAGATACTCCGCGATG-1,12726,48,854,3931
CAGATACTCGATCCAA-1,16,3342,390,1366
CAGATACTCTACAGGT-1,14920,93,1129,4972
CAGATACTCTAGTACG-1,59,10108,676,2864
CAGATCAAGCAAATCA-1,73,12283,727,3329
CAGATCAGTCACGCTG-1,29,7433,463,2416
CAGATCAGTGACTCTA-1,15406,92,1229,4741
CAGATCAGTTTCCAAG-1,7033,22,391,2583
CAGATCATCCCGAGGT-1,12853,60,781,4135
CAGATCATCGAAATCC-1,7583,46,410,3098
CAGATCATCTCTGCTG-1,46,10375,720,3183
CAGATTGAGCACCAGA-1,5539,22087,2062,7171
CAGATTGAGCGTTCCG-1,6637,26,337,2421
CAGATTGCAGAGAATT-1,19420,122,1386,5123
CAGATTGGTATTCCTT-1,63,12847,1068,3549
CAGATTGGTTAGGCTT-1,6716,22,305,2526
CAGATTGTCAACTCTT-1,17729,96,706,4864
CAGATTGTCGAAGTGG-1,21,5748,332,2014
CAGATTGTCGGTAAGG-1,28,4783,384,1804
CAGATTGTCTCTCAAT-1,56,11266,577,3347
CAGCAATCAACCCGCA-1,43,7204,498,2537
CAGCAATGTCGTCGGT-1,11511,73,853,3996
CAGCAATGTGTAAACA-1,96,21069,1017,4431
CAGCAATGTTTCGCTC-1,13512,76,1109,4300
CAGCAATTCACTCCGT-1,4481,7063,665,4439
CAGCACGAGCGACTTT-1,26603,243,2195,6009
CAGCACGAGTAACGAT-1,49,12809,825,3428
CAGCACGCAACTCCAA-1,32,12875,723,3391
CAGCACGCACATAACC-1,100,17940,865,4347
CAGCACGCACGATTCA-1,63,16060,929,4233
CAGCACGGTCTGCAAT-1,24,3965,307,1656
CAGCACGTCATTCACT-1,36,9705,602,2613
CAGCACGTCTATTCGT-1,67,11692,1008,3195
CAGCAGCAGGAAGTAG-1,44,9537,869,2707
CAGCAGCAGGCTCAAG-1,53,17900,871,3959
CAGCAGCAGTTGCCCG-1,21670,124,1761,5394
CAGCAGCCAAACTCTG-1,45,10152,444,3069
CAGCAGCCACTACTTT-1,16124,58,975,4414
CAGCAGCCACTAGGTT-1,32,7273,614,2512
CAGCAGCGTAACATGA-1,52,11545,537,3489
CAGCAGCGTATGTCTG-1,15,4911,254,1760
CAGCAGCGTGATTAGA-1,12609,50,869,3794
CAGCAGCGTTGATCGT-1,49,13095,667,3573
CAGCAGCTCGATGCTA-1,56,10762,926,3228
CAGCCAGAGTCGCTAT-1,5809,30,419,2330
CAGCCAGCAGCAGATG-1,1379,14,3,887
CAGCCAGCAGTCAGAG-1,52,12266,603,3618
CAGCCAGGTAGGTAGC-1,125,18011,1178,4422
CAGCCAGGTCCACAGC-1,23,5186,302,1974
CAGCCAGGTTCTATCT-1,9,3427,3,845
CAGCCAGGTTGCTCAA-1,14623,59,968,4234
CAGCCAGTCAGATTGC-1,51,14262,761,3850
CAGCCAGTCAGGGATG-1,17,3949,225,1519
CAGCCAGTCCTTCACG-1,35204,191,1858,6901
CAGCCAGTCGGCTATA-1,19174,109,1337,5098
CAGCCAGTCTTCTAAC-1,7353,34,437,2770
CAGCGTGAGACAGCGT-1,15762,79,1186,4553
CAGCGTGAGCATGCGA-1,23,6604,296,2452
CAGCGTGAGCTAGATA-1,35,14822,595,3532
CAGCGTGAGTAAGAGG-1,5983,27,461,2378
CAGCGTGAGTTGCCCG-1,32156,140,2549,6508
CAGCGTGCAAAGCGTG-1,9343,28,493,3309
CAGCGTGCAAGTGTCT-1,6,2240,0,887
CAGCGTGCAATCCTAG-1,16227,70,1112,4702
CAGCGTGCAATTTCGG-1,9659,43,538,3056
CAGCGTGCAGTAGTTC-1,8178,59,461,3164
CAGCGTGCATTGCAAC-1,22,9257,525,2456
CAGCGTGGTCGAAACG-1,20985,107,1319,5201
CAGCGTGGTTGGCCTG-1,21,9005,332,2869
CAGCGTGTCCGGCTTT-1,63,16702,810,4058
CAGCGTGTCCTCGATC-1,62,12395,1100,3391
CAGCGTGTCGCGATCG-1,21,5411,466,1654
CAGGCCAAGCCTTCTC-1,133,15477,671,3971
CAGGCCAAGTGTCATC-1,30,9444,417,2888
CAGGCCACAAATGGAT-1,73,18718,942,4149
CAGGCCACAGAGATGC-1,21227,108,1189,5589
CAGGCCACAGGAACCA-1,26837,126,1370,6026
CAGGCCACATAGACTC-1,12877,61,701,4081
CAGGCCAGTACGTACT-1,5595,24,213,2657
CAGGCCAGTAGACGTG-1,25,8361,297,2719
CAGGCCAGTAGTTCCA-1,10,1896,1164,564
CAGGCCAGTCTAGGCC-1,17125,138,1096,4734
CAGGCCATCCGTGTCT-1,10632,47,377,3732
CAGGCCATCGTAATGC-1,12346,77,752,4096
CAGGCCATCTTAGCTT-1,77,14747,1144,3838
CAGGGCTCAAACGGCA-1,14247,94,637,4523
CAGGGCTGTCAGACGA-1,14829,85,1370,4530
CAGGGCTGTGCCTTCT-1,12173,49,560,4020
CAGGGCTGTGGTCTCG-1,15,942,13,644
CAGGGCTTCCTATGGA-1,40,8793,504,2830
CAGGGCTTCGATGCTA-1,30,7887,574,2569
CAGGGCTTCTCCTACG-1,10073,39,473,3477
CAGGTATAGAAGCCTG-1,12109,74,1004,3820
CAGGTATAGATTGGGC-1,33,7808,585,2601
CAGGTATGTACCTATG-1,57,9840,503,3095
CAGGTATGTATAGCTC-1,57,10265,698,3050
CAGGTATGTCTGTGGC-1,8155,62,499,3323
CAGGTATGTGGCATCC-1,36,10900,721,2924
CAGGTATGTTGGTACT-1,53,10669,612,3108
CAGGTATTCTGAACGT-1,75,8561,804,2662
CAGTGCGAGAGAAGGT-1,69,17331,1087,4074
CAGTGCGAGCTAGATA-1,16512,73,1129,4509
CAGTGCGAGGTTCCGC-1,15244,829,1282,5252
CAGTGCGCAAGATGTA-1,7235,35,467,2694
CAGTGCGCACCAATTG-1,76,20709,894,4833
CAGTGCGCATGTTACG-1,37,8899,360,2576
CAGTGCGGTAGCGTTT-1,49,9861,831,2847
CAGTGCGGTGAGTAGC-1,56,17480,1169,4343
CAGTGCGGTTCCTTGC-1,25084,110,1736,5833
CAGTGCGTCTAGCATG-1,17,4387,328,1735
CAGTTAGAGCACACAG-1,34482,169,3097,6912
CAGTTAGCACGATTCA-1,10250,44,471,3625
CAGTTAGCAGTAACCT-1,35,10475,542,3026
CAGTTAGCATGAGGGT-1,74,9891,541,2819
CAGTTAGGTCATCGGC-1,754,13,13,636
CAGTTAGGTGCTGATT-1,69,14217,840,3757
CAGTTAGTCTACTATC-1,64,19477,1043,4489
CAGTTCCAGACGAGCT-1,21939,115,727,5868
CAGTTCCAGAGTGACC-1,15,4193,306,1646
CAGTTCCAGCACCTGC-1,44,11255,591,3313
CAGTTCCAGTATAGGT-1,13646,63,619,3919
CAGTTCCCAGACTGCC-1,41,10545,499,3175
CAGTTCCCATTGAGGG-1,12634,62,986,3890
CAGTTCCGTTAGGGAC-1,8,4065,404,710
CAGTTCCTCACCCTGT-1,674,15048,1069,4552
CAGTTCCTCATGAAAG-1,44,7747,632,2365
CAGTTCCTCCTATGGA-1,50,9993,474,3086
CAGTTCCTCTCTCTAA-1,10376,76,1156,3582
CAGTTCCTCTTCTGGC-1,11618,88,896,3970
CATAAGCAGGCCGCTT-1,44,8803,596,2844
CATAAGCAGTCGGCAA-1,37,9291,684,2661
CATAAGCAGTGGCGAT-1,9878,47,649,3664
CATAAGCCAGAACATA-1,10241,47,487,3713
CATAAGCCAGCTATTG-1,65,17848,1226,4188
CATAAGCCATCCAACA-1,130,27300,1584,5366
CATAAGCGTCGTCAGC-1,19,6832,360,2215
CATAAGCGTGGCAGAT-1,86,17559,920,4193
CATAAGCTCACCATAG-1,67,10090,656,3192
CATAAGCTCACGATCA-1,40,7420,391,2515
CATAAGCTCAGGACGA-1,25991,147,1617,5904
CATAAGCTCCTGTAAG-1,29,9490,744,2820
CATACAGAGACAGCTG-1,34,9857,806,3017
CATACAGAGGAGGCAG-1,4850,28,1310,2127
CATACAGAGTTGTCAC-1,11598,80,896,3664
CATACAGCACCGGAAA-1,16,5545,444,2179
CATACAGCATTATGCG-1,16,7358,325,2566
CATACAGGTTTCGTTT-1,20,5236,381,1750
CATACAGTCGGTAGAG-1,16204,83,1105,4712
CATACAGTCTGAGATC-1,51,10894,898,2903
CATACCCAGATGGCAC-1,61,16444,815,3997
CATACCCAGGTTCCAT-1,21,4908,287,1948
CATACCCGTCCAAATC-1,26,7771,499,2350
CATACCCTCTAGACCA-1,49,12001,707,3427
CATACTTAGCGTACAG-1,54,10484,670,3200
CATACTTAGCTGTTAC-1,30,886,12,661
CATACTTAGGTCGTAG-1,15,2964,253,1163
CATACTTAGTAGTCAA-1,31,7299,315,2554
CATACTTAGTTGTAGA-1,8073,32,341,3080
CATACTTCAAGAATGT-1,56,12645,1113,3316
CATACTTCAGTCGCAC-1,23135,157,1382,5734
CATACTTGTATGCTTG-1,60,13527,857,3778
CATACTTGTCCGGACT-1,74,16414,913,4562
CATACTTGTCTATGAC-1,59,14782,1477,3965
CATACTTGTTGGACTT-1,3593,63,71,1509
CATACTTTCGCCGAAC-1,93,18924,1262,4691
CATAGACAGCAGGTCA-1,85,15722,951,4231
CATAGACAGTTAACGA-1,50,5108,234,2271
CATAGACCAGCACGAA-1,22,4733,296,1761
CATAGACGTCACCGCA-1,14359,64,943,4038
CATAGACGTCACGTGC-1,65,13888,1108,3403
CATAGACGTTTACTTC-1,35,9514,672,2883
CATAGACTCGATACGT-1,15,3680,250,1325
CATCAAGAGGACAAGA-1,73,13275,820,3559
CATCAAGAGTAGAATC-1,17,5454,402,1769
CATCAAGCACCACATA-1,120,23972,1262,5293
CATCAAGCACGGCCAT-1,9713,41,666,3194
CATCAAGCAGACACCC-1,69,14610,961,3599
CATCAAGGTCTACGAT-1,64,14246,821,3832
CATCAAGGTGCTGCAC-1,28,5718,290,2376
CATCAAGGTTTCGACA-1,31,5254,355,2033
CATCAAGTCACGGTCG-1,55,10205,698,2903
CATCAAGTCGACGTCG-1,15,4537,392,1660
CATCCACAGGCACGAT-1,43,8766,558,2924
CATCCACAGGGAGTGG-1,87,18670,1148,4222
CATCCACCAAGTCATC-1,54,13196,1017,3386
CATCCACCATTGGCAT-1,35,7992,466,2627
CATCCACGTAGATCGG-1,32,9787,598,2917
CATCCACGTAGGAGGG-1,37,9041,597,2938
CATCCACTCCACAAGT-1,5621,11,224,1515
CATCCACTCTTCTCAA-1,30,8371,418,2905
CATCCCAAGATGCCGA-1,18520,55,892,4748
CATCCCACAGATCATC-1,77,16884,751,4217
CATCCCAGTGTCTTAG-1,13413,81,1034,4567
CATCCCAGTTGTCAGT-1,21827,85,1371,5870
CATCCCATCAAGTCGT-1,17,4333,343,1881
CATCCCATCATCCTAT-1,7978,38,259,2871
CATCCCATCGAATGCT-1,19,6405,321,2178
CATCCCATCTCTAGGA-1,13841,74,1045,4085
CATCCCATCTCTGAGA-1,21,7158,313,2383
CATCCGTAGCGTCAAG-1,8787,49,1378,3270
CATCCGTCACTCCTTG-1,22,8423,438,3088
CATCCGTCAGTAACAA-1,60,15410,668,3825
CATCCGTTCAGCGTCG-1,11,3092,201,1382
CATCCGTTCTACACAG-1,19,5485,351,1915
CATCCGTTCTCATGGA-1,27,9678,509,2803
CATCGCTAGCTGCGAA-1,17340,22242,2578,9188
CATCGCTCAGTGCGCT-1,4742,51,442,2308
CATCGCTCAGTTGAAA-1,13726,77,964,4341
CATCGCTCATAGACTC-1,66,11578,945,3179
CATCGCTGTCTGTAAC-1,3861,21,235,1582
CATCGCTGTCTTGCTC-1,25,5656,273,2285
CATCGCTTCGAAGGAC-1,6686,27,350,2654
CATCGCTTCGCCTTGT-1,12977,70,648,4387
CATCGGGAGCGACTGA-1,4745,29,429,1547
CATCGGGAGCTGAAGC-1,7473,28,483,2749
CATCGGGAGGCATTTC-1,36,5691,274,2134
CATCGGGAGGGCCAAT-1,31,6203,470,2101
CATCGGGAGTCTGCGC-1,81,17365,1486,4224
CATCGGGCACGTAGTT-1,19,5772,328,2141
CATCGGGCACGTATAC-1,31,8347,869,2643
CATCGGGCACTGTCGG-1,8663,38,499,3264
CATCGGGGTAGTACGG-1,26535,118,1744,5656
CATCGGGGTATTTCGG-1,35979,2424,2530,7918
CATCGGGGTCAATCTG-1,100,22416,854,4914
CATCGGGGTCCTGGTG-1,27,3878,457,1512
CATCGGGGTGCCTACG-1,51,12438,1358,3258
CATCGGGGTTCGAACT-1,23,5452,308,2229
CATCGGGGTTCGGTCG-1,42,8981,632,3076
CATCGGGGTTGTAAAG-1,40,7074,319,2195
CATCGGGTCCTGCCAT-1,25,5345,337,2004
CATCGGGTCGAGTTGT-1,9831,8352,1579,5566
CATCGGGTCTAACGGT-1,32,5377,401,2156
CATCGGGTCTTAGCAG-1,66,12292,705,3524
CATCGGGTCTTCTCAA-1,50,13209,862,3631
CATCGTCAGGGTGAAA-1,26,6498,440,2152
CATCGTCCAAATGGTA-1,14830,60,844,4157
CATCGTCCACAAAGCG-1,14101,52,924,4053
CATCGTCCAGCGTTGC-1,5061,18,317,2151
CATCGTCGTCCACGCA-1,29591,130,1961,5276
CATCGTCGTGGGTATG-1,18,5399,555,1798
CATCGTCTCAAGCCTA-1,9341,37,667,3141
CATCGTCTCCTCCACA-1,12452,105,981,4171
CATGAGTAGATGACAT-1,27,6269,323,2282
CATGAGTAGCCTCCAG-1,40,8594,472,2692
CATGAGTCAGCACCCA-1,143,31072,1799,5755
CATGAGTCAGTAGAGC-1,530,10,0,394
CATGAGTTCGATTTCT-1,51,8107,595,2691
CATGAGTTCGCCAGAC-1,17,6135,416,2068
CATGAGTTCTCTGAGA-1,7188,43,419,2902
CATGCAAAGATACTGA-1,7006,28,385,2754
CATGCAAAGGCTCTCG-1,40,12087,471,3185
CATGCAAAGGCTGTAG-1,65,14410,992,3527
CATGCAACATTGCTTT-1,41,7484,518,2777
CATGCAAGTAGTTAGA-1,27,3354,308,1384
CATGCAAGTCACCCTT-1,23,5909,329,2132
CATGCAAGTCCTCAGG-1,7597,31,485,2980
CATGCAATCCATGATG-1,5585,621,631,2382
CATGCAATCTACTATC-1,7651,5806,738,4951
CATGCAATCTCCTGCA-1,18558,86,1140,4807
CATGCCTAGCAGTAAT-1,11052,72,658,3659
CATGCCTAGGCTTAGG-1,30,7122,472,2447
CATGCCTGTTGCCAAT-1,32,7006,453,2415
CATGCCTTCCGTATGA-1,13099,57,489,4124
CATGCCTTCGAACCAT-1,17233,99,908,5397
CATGCCTTCTTCACAT-1,28,6949,527,2421
CATGCCTTCTTTGGAG-1,12724,55,601,4043
CATGCGGAGCTCTGTA-1,8631,33,354,3220
CATGCGGAGCTGCCAC-1,37,8062,470,2718
CATGCGGAGTCTGTAC-1,17602,94,1911,5311
CATGCGGAGTTCGGTT-1,21,1031,20,686
CATGCGGCAACAGAGC-1,20363,125,467,5871
CATGCGGCACCGGAAA-1,80,21107,1380,4173
CATGCGGCATAACTCG-1,35,8825,727,2766
CATGCGGGTAGAAACT-1,13998,81,988,4058
CATGCGGGTAGGCTGA-1,62,14483,844,3763
CATGCGGGTCAGATTC-1,2715,23,817,1372
CATGCGGGTCTACACA-1,11301,125,753,3781
CATGCGGGTCTTCAAG-1,10577,70,651,3626
CATGCGGTCAACACCA-1,44,8003,510,2780
CATGCGGTCATTCGTT-1,13915,80,728,4080
CATGCTCAGGGCAACT-1,23,3155,219,1489
CATGCTCCAAATCAAG-1,47,8983,464,2723
CATGCTCCAACAAGTA-1,75,16842,1007,4228
CATGCTCCACCAACAT-1,66,13178,734,3648
CATGCTCCATCTTAGG-1,14892,85,874,4658
CATGCTCGTAGCGCCT-1,18048,73,1124,4691
CATGCTCGTATCGCAT-1,12233,41,670,3639
CATGGATAGGAACTCG-1,29,7285,785,2404
CATGGATCACTGTGAT-1,22214,108,1094,5111
CATGGATCAGCCTTCT-1,23,7137,409,2280
CATGGATGTAACTGCT-1,3543,62,437,1598
CATGGATGTTAAGCAA-1,16,5745,316,1854
CATGGATGTTAGGCCC-1,19688,108,1107,5220
CATGGATTCTCAAAGC-1,19397,117,1506,5237
CATGGTAAGTACCGGA-1,35924,166,2546,6754
CATGGTAAGTATTAGG-1,82,13084,1003,3800
CATGGTAAGTCGGGAT-1,27,7842,350,2467
CATGGTACAAAGGGTC-1,32,7689,475,2486
CATGGTACAATAGAGT-1,23,2862,468,1406
CATGGTACATAGATCC-1,40,5394,324,2171
CATGGTAGTACGTAGG-1,31,10345,820,2986
CATGGTAGTGATCATC-1,7987,36,266,2959
CATGGTAGTGCATTAC-1,39,6946,348,2263
CATGGTATCATTCCTA-1,5500,35,349,2556
CATGGTATCGACCTAA-1,83,14901,1040,4182
CATGGTATCGGTGCAC-1,23,2565,299,578
CATGGTATCTCTTCAA-1,263,7143,561,2840
CATTCATAGACTTCGT-1,11730,9976,1675,6886
CATTCATAGAGAGGTA-1,16642,107,1382,4382
CATTCATAGCGCACAA-1,8614,58,627,2927
CATTCATAGTCTTCGA-1,11143,48,567,3684
CATTCATCATTCGATG-1,6484,40,335,2676
CATTCATGTGGCAGAT-1,7845,33,562,2797
CATTCATTCATGCCGG-1,14464,60,871,4319
CATTCATTCCAAGCTA-1,1312,9,16,790
CATTCCGAGCGTGTTT-1,50,11403,650,3262
CATTCCGCAAGACGGT-1,24,2475,889,1078
CATTCCGCAATCGCAT-1,1918,12,1,1063
CATTCCGCACTTGTGA-1,15884,83,411,4723
CATTCCGCAGAACTAA-1,14431,59,1099,4253
CATTCCGGTGTGTCCG-1,27,10174,594,3044
CATTCCGTCAAGCGTT-1,5105,4564,625,4079
CATTCCGTCCTATGGA-1,26187,127,962,5942
CATTCCGTCCTCACTG-1,65,12561,782,3540
CATTCCGTCGAAGAAT-1,6732,9333,816,5694
CATTCCGTCGCCGTGA-1,7244,29,265,2611
CATTCCGTCTACACTT-1,8639,30,379,3219
CATTCTAAGATGAAGG-1,18594,6437,1647,7423
CATTCTAAGTGATGGC-1,10287,48,605,3518
CATTCTACAAACTAGA-1,1716,13,566,938
CATTCTACAACCGCTG-1,2160,11,1,966
CATTCTACAGAGAGGG-1,19,5615,232,2142
CATTCTACATGACGGA-1,40,8174,695,2410
CATTCTATCATACAGC-1,29,6150,216,2229
CATTGAGAGAAGTATC-1,10287,106,555,3581
CATTGAGAGCAGGCTA-1,8348,39,547,2922
CATTGAGAGTAACCTC-1,15021,92,1059,4385
CATTGAGAGTTAACGA-1,9849,61,573,3724
CATTGAGCAGAAGTTA-1,3988,4,0,1644
CATTGAGCATTCACCC-1,11213,55,634,3433
CATTGAGGTCCGAAAG-1,12132,65,1012,3766
CATTGAGGTGAACGGT-1,72,12945,820,3796
CATTGAGGTGTCATCA-1,76,15064,879,4097
CATTGAGTCATCTGTT-1,49,10481,705,3085
CATTGAGTCATGAGTC-1,3086,11,1,1288
CATTGAGTCCAGCACG-1,17183,62,1100,4456
CATTGAGTCCGTGTAA-1,18,3348,186,1339
CATTGAGTCGTAGCCG-1,25499,110,2257,5607
CATTGCCAGTCATCGT-1,12392,66,694,3831
CATTGCCAGTCTAACC-1,39,9045,471,3066
CATTGCCCAGCGGATA-1,23695,94,944,5438
CATTGCCCATCGTTCC-1,55,13414,741,3854
CATTGCCGTACAAAGT-1,6544,29,263,2701
CATTGCCTCACGTCCT-1,7912,45,375,3360
CATTGCCTCGAGTGGA-1,12368,54,535,3831
CATTGCCTCGATGGAG-1,25,6801,421,2280
CATTGCCTCGCCTCTA-1,17092,86,995,4682
CATTGTTAGTGCAAAT-1,34,7683,534,2493
CATTGTTCAAGGCTTT-1,1025,10,1,631
CATTGTTCACATTCGA-1,28,5938,358,2388
CATTGTTGTAACGGTG-1,5703,48,412,2830
CATTGTTGTAGACGGT-1,33,5803,330,2086
CATTGTTGTTACAGCT-1,8142,35,454,3066
CATTGTTGTTCAAACC-1,39,7874,699,2635
CATTGTTTCTACGGGC-1,12698,75,947,3942
CATTTCAAGGTACTGG-1,768,7,16,583
CATTTCACAATCAGCT-1,17,4581,384,728
CATTTCACACCTCAGG-1,74,12959,815,3670
CATTTCACAGCTCATA-1,53,10050,667,2749
CATTTCACATCTCAAG-1,29,2643,15,805
CATTTCAGTCACAGAG-1,15172,92,987,4889
CATTTCAGTCGAACAG-1,15692,96,993,4819
CCAAGCGAGATGAATC-1,16138,64,1207,4315
CCAAGCGAGATGCTAA-1,24,6467,351,2122
CCAAGCGAGGAAAGAC-1,27,4909,402,1575
CCAAGCGAGTGCTCAT-1,35,6684,452,2217
CCAAGCGCACTACAGT-1,30,9353,728,2717
CCAAGCGCAGGATGAC-1,13,6920,326,2210
CCAAGCGCAGTAGTTC-1,38,8740,545,2816
CCAAGCGGTGTAACGG-1,25195,80,1429,5768
CCAAGCGGTTCCTAAG-1,30,6870,424,2146
CCAAGCGGTTGAATCC-1,22,6638,521,2180
CCAAGCGTCAAATGCC-1,6302,20,305,2383
CCAAGCGTCGTTCTAT-1,15,3212,176,1432
CCAATGAAGACTAAGT-1,8419,25,559,3129
CCAATGAAGCATCCCG-1,76,14199,543,3922
CCAATGAAGCGTCGAA-1,20,11068,483,3030
CCAATGAAGTCCTGTA-1,8581,36,476,2905
CCAATGACAATTGCCA-1,9808,29,454,3334
CCAATGACACAAAGTA-1,73,10430,576,3283
CCAATGAGTCGTACAT-1,19,7073,389,2193
CCAATTTAGCGCCTTG-1,98,2108,304,1196
CCAATTTAGTCCGTCG-1,10252,38,617,3640
CCAATTTAGTGCCTCG-1,7636,29,406,2762
CCAATTTCATTGCTTT-1,5248,24,426,2391
CCAATTTGTCACTCGG-1,44,8834,754,2797
CCAATTTGTCTAACTG-1,15663,73,384,4599
CCAATTTGTTATCTGG-1,19,6558,379,2339
CCACAAAAGAATAGTC-1,3936,17,255,1937
CCACAAAAGCATGCAG-1,10044,55,697,3417
CCACAAAAGGTTACAA-1,6423,28,365,2412
CCACAAACATTACTCT-1,31,4466,272,1912
CCACAAAGTACAGGTG-1,66,12772,887,3387
CCACAAAGTCAACCAT-1,588,11,7,437
CCACAAAGTCTTAGTG-1,11977,57,773,3753
CCACAAAGTGCAATAA-1,19,7196,481,2229
CCACAAAGTGCATGTT-1,1491,12,28,1006
CCACAAAGTTGAGTCT-1,16892,105,842,5058
CCACAAAGTTGTTGCA-1,28,7191,467,2290
CCACAAATCATGCCCT-1,101,21162,1027,4775
CCACACTAGCTAGATA-1,16,4047,218,1548
CCACACTAGCTTTGTG-1,16220,85,1588,4363
CCACACTCAACACGTT-1,123,13840,1258,3794
CCACACTCAATCACGT-1,74,18125,790,4194
CCACACTCAATCGTCA-1,68,15824,982,4064
CCACACTCATGCCGGT-1,46,10400,693,3045
CCACACTCATGGAAGC-1,18,4745,277,1966
CCACACTGTCCAGCCA-1,36,10057,820,3054
CCACACTGTCCCAAAT-1,75,17977,1087,4247
CCACACTGTGAGTTGG-1,110,23142,1311,4880
CCACACTGTGCATCTA-1,41,9843,523,3109
CCACACTGTGCCCACA-1,51,10532,752,3216
CCACACTTCGAAACAA-1,93,19241,1245,4766
CCACACTTCGCCAACG-1,9624,101,522,3623
CCACACTTCGGTAAGG-1,11741,61,879,4167
CCACCATAGGGTCAAC-1,3,2679,185,543
CCACCATCATACAGAA-1,70,12783,482,3486
CCACCATGTACATACC-1,91,14643,606,4119
CCACCATGTAGAGGAA-1,10002,43,862,3174
CCACCATGTAGTGCGA-1,142,13907,631,3598
CCACCATGTCACCGAC-1,24,8289,344,2829
CCACCATGTCCTGGGT-1,18,2926,365,1373
CCACCATGTCTACAAC-1,16,5918,261,2113
CCACGAGAGCAAGCCA-1,73,16402,784,3964
CCACGAGAGCGCCATC-1,16,4315,291,1537
CCACGAGAGGTCATCT-1,82,16614,1383,4217
CCACGAGCACGGTGAA-1,27,7164,476,2310
CCACGAGCACTGCACG-1,110,19079,1253,4573
CCACGAGCATGTCAGT-1,5,3263,276,1367
CCACGAGGTCCTGTTC-1,31,8154,577,2542
CCACGAGGTTGCTCGG-1,52,20547,775,4382
CCACGAGTCAAGTGTC-1,21273,126,1582,5220
CCACGAGTCGGCTATA-1,62,18139,897,4458
CCACGTTAGAAACCCG-1,19447,73,575,5161
CCACGTTAGAAGAACG-1,6353,46,743,2742
CCACGTTAGATTGACA-1,67,11803,784,3435
CCACGTTCAACATACC-1,60,9472,601,2940
CCACGTTCACTGAATC-1,94,22382,1189,4675
CCACGTTCAGCGTTTA-1,10638,54,466,3728
CCACGTTGTTCGAACT-1,74,16575,1124,4409
CCACGTTGTTCTATCT-1,43,7776,572,2698
CCACGTTGTTGAGGAC-1,7451,27,361,2900
CCACGTTTCGTGGTAT-1,28,9064,522,2821
CCACGTTTCTCTATGT-1,15420,60,786,4416
CCACTTGAGCAATAAC-1,55,9158,539,2970
CCACTTGAGCACCGAA-1,38,9810,455,2859
CCACTTGAGGAACGAA-1,56,14563,1026,3732
CCACTTGCAGCGAACA-1,12584,33,4,2902
CCACTTGCATCCGTTC-1,35,9702,358,2935
CCACTTGGTAGATCCT-1,31,8722,573,2653
CCACTTGGTAGGCTGA-1,35254,126,2655,6846
CCACTTGGTAGGTCAG-1,15032,61,1149,4356
CCACTTGGTGCCCGTA-1,21297,135,1086,5862
CCACTTGGTTCTCGCT-1,12,3243,189,1338
CCACTTGTCGCAAGAG-1,14,821,12,562
CCACTTGTCGCCAATA-1,11323,104,438,3692
CCACTTGTCTCTTAAC-1,67,19708,1235,4477
CCACTTGTCTGCGGAC-1,20,6332,362,2337
CCATAAGAGGATTTAG-1,20,3860,309,1412
CCATAAGCAATAGTGA-1,55,8428,655,2772
CCATAAGCAATCGAAA-1,8,3840,250,1671
CCATAAGCACAATGCT-1,95,17223,1032,4615
CCATAAGCACTGAATC-1,9499,37,436,3350
CCATAAGCAGATACCT-1,21573,121,1026,5574
CCATAAGGTAGGTTTC-1,53,10692,683,2973
CCATAAGGTGCCGGTT-1,10792,53,712,3842
CCATAAGGTTCCTAAG-1,23,7701,265,2757
CCATAAGGTTTGTTGG-1,6218,56,373,2799
CCATAAGTCCCAAGTA-1,22,5584,406,1951
CCATAAGTCTCGACCT-1,41,12087,538,3313
CCATCACAGAGTATAC-1,13017,83,686,4101
CCATCACAGAGTGTTA-1,25,4050,274,1395
CCATCACAGCATGCGA-1,754,15,18,578
CCATCACAGGTTCAGG-1,12801,59,435,4264
CCATCACCACCTCTGT-1,32935,153,1065,6841
CCATCACCAGCGACCT-1,28,8732,458,2710
CCATCACCAGTCCGTG-1,30,5012,667,1765
CCATCACCAGTCGCAC-1,8883,4300,817,4776
CCATCACGTAGCGCCT-1,24,4310,334,1775
CCATCACGTATGCTTG-1,12030,48,503,3742
CCATCACGTCAGGTGA-1,17087,107,1138,5093
CCATCACGTCTCGGGT-1,95,12324,826,3411
CCATCACTCAGGGATG-1,15925,97,1039,4591
CCATCACTCGGATTAC-1,26,6622,480,2200
CCATCACTCTGTCCCA-1,1682,28,551,955
CCCAACTCACAATGTC-1,34449,162,2033,7233
CCCAACTCACCTGCTT-1,8784,54,491,3251
CCCAACTGTAGATTAG-1,26,5117,172,2025
CCCAACTGTGCCAAGA-1,30,9129,384,2928
CCCAACTGTTAGAAAC-1,11498,54,382,3921
CCCAACTGTTTGGGAG-1,14031,69,1181,4092
CCCAACTTCCGCGATG-1,23214,96,1154,5352
CCCAACTTCTATTCGT-1,44,9351,578,2622
CCCATTGCAAAGCTCT-1,37,9338,651,2854
CCCATTGCAACAGTGG-1,11308,39,542,3488
CCCATTGGTAGTCTGT-1,35,6555,547,2872
CCCATTGGTCTGTGCG-1,49,8995,954,2995
CCCATTGGTGATTCTG-1,78,20478,1692,4459
CCCATTGTCAATCTCT-1,2587,23,350,1339
CCCATTGTCGATGCTA-1,40,9337,429,2910
CCCATTGTCTACTTCA-1,92,15439,918,4244
CCCATTGTCTCTTGCG-1,14,9335,525,2772
CCCGAAGAGCTTCGTA-1,11,4707,241,1751
CCCGAAGAGGTAAACT-1,22188,119,1240,5732
CCCGAAGAGTAACCTC-1,47,10300,840,2995
CCCGAAGCAGAGGGTT-1,12,4928,387,1693
CCCGAAGCAGTAGAGC-1,1124,16,846,273
CCCGAAGGTACTGCCG-1,59,13702,820,3646
CCCGAAGGTGAATATG-1,95,15348,1056,3987
CCCGAAGTCCTTCTGG-1,18162,88,1280,4886
CCCGAAGTCTACTGCC-1,49,11438,723,3076
CCCGGAAAGGTGGGTT-1,20,5092,282,1922
CCCGGAACACCAGACC-1,5289,21,14,1886
CCCGGAACACCTTCCA-1,15065,64,724,4408
CCCGGAACATCATCCC-1,19,7476,451,2418
CCCGGAACATTAGGCT-1,12737,58,844,4180
CCCGGAAGTAAGGCCA-1,18475,106,1393,5058
CCCGGAAGTCCCTGTT-1,32,10042,574,2731
CCCGGAAGTCTGTAGT-1,8029,35,465,3009
CCCGGAAGTGGTCAAG-1,18369,176,1473,4791
CCCGGAATCAGTGATC-1,41,8795,599,2459
CCCGGAATCCGAAATC-1,21,7571,610,2328
CCCGGAATCGCCAATA-1,14684,65,833,4164
CCCGGAATCGGCATCG-1,9071,37,702,3160
CCCTAACAGAATGTTG-1,92,18937,1175,4785
CCCTAACCATATGCGT-1,146,27928,1636,5416
CCCTAACGTAGCTTGT-1,32,10840,375,3159
CCCTAACGTCTGATCA-1,65,9904,712,3204
CCCTAACGTGGTTCTA-1,82,11147,921,3591
CCCTAACGTTGTGTTG-1,8564,46,489,3469
CCCTCAAAGCGTTACT-1,3931,29,1074,1824
CCCTCAACATCCGTTC-1,21,4644,241,1723
CCCTCAAGTCGCGTCA-1,5808,21,516,2308
CCCTCAAGTTAGGGAC-1,8322,7950,890,4854
CCCTCAAGTTTACTGG-1,13642,47,555,4064
CCCTCAATCCTCTGCA-1,20987,85,413,5153
CCCTCAATCGCAGATT-1,8684,40,385,3246
CCCTCAATCGCGTAGC-1,17,4987,427,1072
CCCTCTCAGGGAGGTG-1,14447,66,994,4238
CCCTCTCCAATACCCA-1,72,15024,958,4146
CCCTCTCCACGAGGAT-1,20852,113,1605,5675
CCCTCTCGTGATACTC-1,21,4445,209,1857
CCCTCTCTCGTGAGAG-1,54,9396,832,3071
CCCTCTCTCTGTGCAA-1,12782,74,619,4289
CCCTGATAGCAACAGC-1,6895,39,497,2840
CCCTGATAGGTTTACC-1,41,6552,580,2200
CCCTGATCAATCAGCT-1,47,8828,555,2724
CCCTGATCACCCAACG-1,1862,16,1,975
CCCTGATCACGACAAG-1,47,9013,658,2862
CCCTGATCACTCAGAT-1,34,8886,402,2919
CCCTGATCAGGTGAGT-1,47,8882,478,2932
CCCTGATGTTGTGGAG-1,18,7132,410,2372
CCCTGATTCCTGTAGA-1,58,17065,956,4116
CCCTTAGAGACCCTTA-1,24,5844,276,2212
CCCTTAGAGTAGGAAG-1,7392,26,368,2755
CCCTTAGCACTACGGC-1,35257,149,1548,6662
CCCTTAGCATGGCACC-1,14833,59,465,4455
CCCTTAGCATGTGACT-1,7844,48,435,2966
CCCTTAGGTATGGTTC-1,3272,24,4,1365
CCCTTAGGTCCAGTTA-1,1066,10,13,817
CCCTTAGTCGTTCCCA-1,16506,140,837,4873
CCGAACGAGCAGATAT-1,22037,116,1452,5164
CCGAACGAGCCGATTT-1,38,10192,721,2920
CCGAACGAGGCTGGAT-1,9764,26,552,3248
CCGAACGCATGACTGT-1,26,3706,259,1566
CCGAACGGTACGCTAT-1,10220,35,679,3464
CCGAACGGTGCCTGCA-1,14435,68,1221,4546
CCGAACGGTTCCTAGA-1,34,4816,432,2023
CCGAACGTCTCAACGA-1,60,15807,785,4006
CCGATCTAGATGCCGA-1,47,9216,532,2960
CCGATCTAGCAAGCCA-1,27,7090,367,2570
CCGATCTAGGCAGGGA-1,32,9033,364,2770
CCGATCTAGGCATGGT-1,6815,32,639,2874
CCGATCTAGTACGAGC-1,28897,114,2532,5940
CCGATCTAGTGCGCTC-1,32,8682,567,2888
CCGATCTAGTGGATAT-1,1133,14,0,687
CCGATCTCACGGGCTT-1,57,19321,483,4398
CCGATCTCAGTAGATA-1,16,5476,320,2004
CCGATCTCATAGATCC-1,7745,35,486,3073
CCGATCTCATTGCCGG-1,1928,12,575,1052
CCGATCTGTATGGTAA-1,12544,86,1276,3979
CCGATCTGTTAGCGGA-1,6630,31,576,2758
CCGATCTTCTTCACGC-1,18075,100,1217,4682
CCGATGGAGACCCGCT-1,13773,66,807,4052
CCGATGGAGGATATGT-1,26,6722,408,2367
CCGATGGAGTCTTCGA-1,6107,43,730,2018
CCGATGGGTCATCAGT-1,44,7477,509,2536
CCGATGGGTGGCGCTT-1,66,13579,877,3756
CCGATGGTCAGCTTCC-1,17595,89,1375,5021
CCGATGGTCCGTGGGT-1,61,12215,966,3236
CCGATGGTCGATACGT-1,38,11233,487,3013
CCGATGGTCTACACTT-1,23,5488,355,1909
CCGATGGTCTTCCGTG-1,2622,164,5,1420
CCGCAAGAGATGCTTC-1,90,16317,1301,4187
CCGCAAGAGATTACCC-1,12937,70,589,4018
CCGCAAGAGCAAATGT-1,4917,33,35,2310
CCGCAAGAGCCTAACT-1,38,8391,515,2628
CCGCAAGGTACTCCCT-1,11066,11614,2428,6839
CCGCAAGGTCCTGGTG-1,133,8977,657,2690
CCGGACAAGAATACAC-1,31,6081,387,2055
CCGGACAAGAGCATCG-1,19,7222,344,2259
CCGGACAAGGCGTCCT-1,47,13643,1027,3525
CCGGACAAGGTCGAGT-1,26590,97,1800,5874
CCGGACACAGAATTCC-1,10414,36,529,3435
CCGGACACAGCTATAC-1,1069,5,2,667
CCGGACACAGGATGAC-1,7,2786,256,1352
CCGGACACAGGTAGTG-1,55,14391,1377,3766
CCGGACAGTAGGGTAC-1,33,10769,500,2971
CCGGACAGTATTCCGA-1,32,7966,524,2445
CCGGACATCGTCTCAC-1,55,11050,531,3090
CCGGACATCTACACTT-1,53,10629,726,3246
CCGGGTAAGGCTTTCA-1,64,18448,1061,4625
CCGGGTACAAACGGCA-1,15,3419,247,1438
CCGGGTACAACCCGCA-1,28,5918,344,2280
CCGGGTACACTAACGT-1,85,17551,698,4349
CCGGGTACAGAGGTAC-1,24014,252,594,5979
CCGGGTACAGTGTATC-1,62,11640,776,3590
CCGGGTACATGGACAG-1,51,14421,897,3835
CCGGGTAGTCACTAGT-1,4519,4591,536,3953
CCGGGTATCAACGAGG-1,16758,8589,2262,7433
CCGGGTATCAATCCAG-1,16577,102,810,4786
CCGGGTATCAGTCCGG-1,25,7829,583,2677
CCGGGTATCAGTGCGC-1,9942,5297,1076,5207
CCGGGTATCCCTCTAG-1,7704,36,378,2859
CCGGGTATCGATACGT-1,26,8534,556,2777
CCGGTAGAGGGCTGAT-1,82,15951,1815,3923
CCGGTAGAGTGAATAC-1,12229,78,962,3669
CCGGTAGGTCATGGCC-1,14466,75,845,4429
CCGGTAGGTGACTAAA-1,62,12579,998,3421
CCGGTAGGTGGAGAAA-1,22614,189,2244,5733
CCGGTAGTCACCCATC-1,12545,5995,1045,5880
CCGGTAGTCCTTCTAA-1,20,5855,639,1920
CCGGTAGTCTTCCCGA-1,48,7718,638,2532
CCGGTGAAGGACACTG-1,24136,153,1821,6431
CCGGTGAAGGATGTTA-1,4242,3964,642,3441
CCGGTGAAGGTTGAGC-1,15509,73,1332,4505
CCGGTGAAGTGATAGT-1,97,21473,1086,4358
CCGGTGACAACGGCTC-1,18,5621,298,1839
CCGGTGACACTCAGAT-1,38571,295,455,6245
CCGGTGACAGCTCATA-1,73,19757,1220,4534
CCGGTGAGTAGTCACT-1,51,9643,979,2864
CCGGTGAGTCATAAAG-1,6543,24,346,2463
CCGGTGAGTTCTTAGG-1,4071,32,332,2025
CCGGTGAGTTCTTGTT-1,4432,17,272,1858
CCGGTGATCAGGAAAT-1,21,3610,239,1565
CCGTAGGAGCATCAGG-1,29,4174,342,1604
CCGTAGGAGTCGGGAT-1,63,13410,1359,3656
CCGTAGGAGTGACACG-1,15478,86,1023,4730
CCGTAGGCACTGGATT-1,19411,101,1343,5164
CCGTAGGCAGCGTTGC-1,21,6308,491,2271
CCGTAGGGTCCCTAAA-1,44,10087,814,2804
CCGTAGGGTCCTTGTC-1,49,15045,841,3786
CCGTAGGGTCGTCGGT-1,752,9,718,48
CCGTAGGGTGGCATCC-1,36,10781,1001,2889
CCGTAGGGTGGTCTGC-1,32,9815,662,3159
CCGTAGGTCAAGCCGC-1,6772,37,421,3046
CCGTAGGTCACCATCC-1,15796,76,784,4144
CCGTAGGTCCGTAGGC-1,6801,37,283,2652
CCGTAGGTCTCACTCG-1,29820,140,2368,6484
CCGTAGGTCTTCGACC-1,20781,83,1345,5398
CCGTGAGAGACCATGG-1,878,17,50,596
CCGTGAGAGCGGACAT-1,11288,38,722,3429
CCGTGAGAGCGGTATG-1,14,4316,278,1627
CCGTGAGAGGTTCCGC-1,40,7293,437,2507
CCGTGAGAGTGAGTTA-1,101,9830,1153,3115
CCGTGAGCAAAGACTA-1,26,4567,321,1668
CCGTGAGCAAGACTGG-1,55,12455,466,3639
CCGTGAGCAGGTGGAT-1,6344,28,441,2445
CCGTGAGCATTGCTTT-1,11025,45,495,3710
CCGTGAGGTCAGACGA-1,7201,60,521,2862
CCGTGAGGTCGGTGTC-1,3296,39,0,1327
CCGTGAGGTCTGGTTA-1,12547,42,1031,4020
CCGTGAGGTGGATCAG-1,50,11921,904,3239
CCGTGAGTCACCTGTC-1,12193,43,791,4047
CCGTGAGTCCCACAGG-1,19,4909,255,1674
CCGTGAGTCCCTCTTT-1,22549,124,1024,5706
CCGTGAGTCTAGCAAC-1,20,3852,223,1644
CCGTGAGTCTTGTTAC-1,52,8747,684,2870
CCGTTCAAGTGTGTTC-1,32,6616,410,2057
CCGTTCAGTAATGCTC-1,85,17671,816,4457
CCGTTCAGTTAAAGTG-1,16,5649,321,1956
CCGTTCATCGGTTAGT-1,27,6664,323,2249
CCGTTCATCTTTGGAG-1,47,10135,626,3093
CCTAACCAGTAGGAAG-1,28,6897,568,2208
CCTAACCCAACACGTT-1,10356,47,623,3584
CCTAACCCAAGGCAAC-1,10438,41,471,3533
CCTAACCCAGGCAATG-1,20,5095,508,917
CCTAACCGTATTCCGA-1,43,10639,550,3370
CCTAACCTCCACAGGC-1,9022,48,677,3664
CCTAACCTCTCTTCAA-1,13559,58,687,4511
CCTAAGAAGACCAGCA-1,20,3887,311,1608
CCTAAGAAGCGCCTCA-1,8928,25,523,3122
CCTAAGACAAGCGCAA-1,14960,5939,945,6466
CCTAAGACACAAGCCC-1,17994,74,598,5430
CCTAAGACAGAGTCAG-1,7781,51,392,3097
CCTAAGACAGCGTTGC-1,7825,35,476,2888
CCTAAGACAGGTTCAT-1,4601,44,267,2010
CCTAAGAGTACGGCAA-1,10065,62,709,3064
CCTAAGAGTATGCTAC-1,73,12420,787,3706
CCTAAGAGTCTAGATC-1,20,5115,267,2114
CCTAAGAGTTCTTGCC-1,100,21290,1611,4748
CCTAAGATCAAGCTGT-1,14877,49,868,4163
CCTAAGATCAAGGACG-1,44,9398,1016,2725
CCTAAGATCCTGTAAG-1,14784,99,766,4528
CCTAAGATCGTAGCTA-1,37,10124,620,3090
CCTACGTAGCGACTGA-1,26,5736,330,1984
CCTACGTAGCTGTACT-1,10052,43,451,3332
CCTACGTAGGCCTAAG-1,2716,18,2,1359
CCTACGTAGGCGTCCT-1,19943,65,1221,4925
CCTACGTAGGGAGTGG-1,17,3771,319,1474
CCTACGTCAGGCTACC-1,16592,128,882,4754
CCTACGTGTATGAGAT-1,72,16420,944,4093
CCTACGTGTCACTTCC-1,20,4793,243,1756
CCTACGTTCACTGTTT-1,46,9396,517,3006
CCTACGTTCCAACTGA-1,71,19920,1153,4937
CCTACGTTCCGTGACG-1,3458,415,35,1742
CCTACGTTCGTGCAGC-1,2345,23,15,1029
CCTATCGAGATGTTAG-1,30,6405,443,2049
CCTATCGAGGTGCCAA-1,22,4196,337,1616
CCTATCGCAAAGCTCT-1,58,9139,769,2904
CCTATCGCAACGTTAC-1,8995,43,575,3229
CCTATCGCAGATTTCG-1,88,38420,2125,5967
CCTATCGTCCACTGAA-1,13,4548,271,1896
CCTATCGTCGCTCTAC-1,1264,23125,1005,5415
CCTCAACAGAGCAGTC-1,47,10836,691,3076
CCTCAACAGCGGCTCT-1,1581,17,7,855
CCTCAACAGGTAAACT-1,32,8308,495,2954
CCTCAACAGTGATTCC-1,36,8528,330,2814
CCTCAACCAAACACCT-1,13,4268,269,1822
CCTCAACCACTCTAGA-1,55,12561,496,3469
CCTCAACCATCAACCA-1,17311,64,649,4598
CCTCAACCATCATGAC-1,717,22,13,550
CCTCAACCATCGGATT-1,39,11636,789,3170
CCTCAACGTACCACGC-1,47,11972,896,3319
CCTCAACGTCACTTAG-1,24,5080,232,2160
CCTCAACGTGGGCTCT-1,33,8584,319,2750
CCTCAACTCATGCAGT-1,77,13313,945,3992
CCTCAACTCCCGAACG-1,24,7398,412,2421
CCTCACAAGAGGACTC-1,16363,87,965,4559
CCTCACAAGCTTGTTG-1,15691,120,1374,4776
CCTCACAAGGACTAAT-1,96,15165,1767,3920
CCTCACAAGGCTCACC-1,95,22664,826,4989
CCTCACACAAAGACTA-1,85,15496,865,4164
CCTCACACACGTCGGT-1,13,5343,361,1930
CCTCACACAGCTCATA-1,24,4006,175,1583
CCTCACAGTTCACGAT-1,19286,76,927,5420
CCTCACAGTTCGGTCG-1,80,16161,906,4225
CCTCACAGTTGGCCGT-1,49,13383,657,3729
CCTCACATCATGACAC-1,74,14699,660,3992
CCTCACATCGTAGTGT-1,81,15385,1166,4059
CCTCACATCTTAGCAG-1,15,4212,363,1627
CCTCAGTAGATGACAT-1,78,6292,420,2250
CCTCAGTAGCGCCATC-1,38,12324,373,3543
CCTCAGTAGGGAGTTC-1,25,5917,349,1990
CCTCAGTCAGAGTGAC-1,67,16571,994,4067
CCTCAGTCATTCATCT-1,26,5948,165,2215
CCTCAGTGTCTGTGGC-1,65,20348,1110,4403
CCTCAGTGTGTACAGG-1,47,10994,844,3159
CCTCAGTTCCGGTAGC-1,702,16,0,517
CCTCAGTTCGCATTGA-1,21671,121,1328,5504
CCTCAGTTCTACCCAC-1,49,9064,463,3155
CCTCATGAGAGTTGAT-1,11,2831,149,1212
CCTCATGCAGCTTTCC-1,9466,46,283,3803
CCTCATGCAGGAGGAG-1,37,8227,596,2726
CCTCATGCAGTAGATA-1,13,2843,248,494
CCTCATGCAGTGTATC-1,14780,95,1089,4490
CCTCATGGTAGTGGCA-1,18,5325,416,1993
CCTCATGGTGTGCCTG-1,29,4318,432,1932
CCTCATGTCGTTCTGC-1,96,15169,908,4012
CCTCATGTCTCCATAT-1,50,11680,978,3265
CCTCATGTCTGGAAGG-1,16498,119,1435,4467
CCTCCAAAGAGGACTC-1,60,16115,988,4079
CCTCCAAAGCACTAAA-1,20556,103,1006,5322
CCTCCAACAACCGCCA-1,17666,97,767,5390
CCTCCAACAACTTCTT-1,32,8280,241,2684
CCTCCAACAGCCGTTG-1,10672,52,511,3888
CCTCCAACAGTTGTCA-1,43,12807,388,3723
CCTCCAAGTAAGGAGA-1,17,5355,394,1877
CCTCCAAGTTCTCCCA-1,17858,72,622,5046
CCTCCAATCCGCTAGG-1,65,19302,988,4593
CCTCCAATCGGTGTTA-1,31383,165,1842,7161
CCTCCAATCTTTCCAA-1,18,3807,202,1538
CCTCCTCAGAGGATGA-1,14836,86,1476,4428
CCTCCTCGTATTCCGA-1,8831,272,583,3987
CCTCCTCGTGGGCTTC-1,28,9332,438,2842
CCTCCTCTCACTGATG-1,27,2809,299,1020
CCTCCTCTCGACTCCT-1,76,11895,395,3813
CCTCCTCTCGCGTCGA-1,11182,53,818,3906
CCTCTAGAGATGGGCT-1,38,7148,639,2229
CCTCTAGAGCAAATGT-1,20,643,13,485
CCTCTAGCAAACCATC-1,99,15974,783,4462
CCTCTAGCAATCGTCA-1,33,7178,547,2314
CCTCTAGCAGACAATA-1,48,12418,1040,3514
CCTCTAGCAGGTGACA-1,56,11862,893,3289
CCTCTAGCAGTAGTGG-1,12555,62,934,4007
CCTCTAGCAGTCCCGA-1,100,26120,987,5277
CCTCTAGCATACTTTC-1,10625,67,646,3924
CCTCTAGGTCCACTCT-1,45,15504,808,4058
CCTCTAGTCCAATGCA-1,6384,27,247,2713
CCTCTAGTCCCGTGAG-1,24,7573,387,2489
CCTCTAGTCCTGTTGC-1,13745,47,407,3098
CCTCTAGTCGGCATAT-1,14,4803,235,1751
CCTCTAGTCGTGAGAG-1,10070,31,657,3303
CCTCTAGTCTGCACCT-1,12,4045,340,1598
CCTCTCCAGCCTCTCT-1,24457,114,1228,6164
CCTCTCCCACTCAAGT-1,939,17,15,700
CCTCTCCCAGAGTAAT-1,20,5894,388,2144
CCTCTCCCAGGTTCGC-1,14126,47,915,4345
CCTCTCCCATTGACAC-1,30,8370,258,2731
CCTCTCCGTAGATCGG-1,14753,71,1171,4153
CCTCTCCGTCAAGCGA-1,42,9104,824,2933
CCTCTCCGTGAGCAGT-1,6592,28,327,2446
CCTCTCCTCATGGTAC-1,32,4390,294,1859
CCTCTCCTCCCGTTCA-1,25,5477,311,2084
CCTCTCCTCGAACGCC-1,16,3384,45,791
CCTGCATCACACCAGC-1,55,24059,972,5037
CCTGCATCACGGATCC-1,23,7832,288,2670
CCTGCATCACGGTAGA-1,56,9932,571,3157
CCTGCATGTCCACACG-1,37,7270,528,2264
CCTGCATGTCGGTAAG-1,63,11930,851,3463
CCTGCATGTGACGTCC-1,36,10703,673,3128
CCTGCATGTTCGTTCC-1,16244,83,875,4778
CCTGCATTCCAACTAG-1,8366,27,3,2309
CCTGCATTCCTCTAAT-1,32,7673,375,2528
CCTGTTGAGACCGCCT-1,62,13912,835,3566
CCTGTTGAGAGGTTTA-1,69,3441,172,1366
CCTGTTGAGATGGTCG-1,63,8672,613,2676
CCTGTTGAGGACACTG-1,10380,51,770,3814
CCTGTTGAGGATATGT-1,9791,42,653,3372
CCTGTTGCAAAGGCTG-1,7423,38,327,3118
CCTGTTGCACACAGAG-1,24,5073,299,1904
CCTGTTGCACATATCG-1,18,5670,308,2315
CCTGTTGCATCTAACG-1,49,10688,803,2973
CCTGTTGGTAGGAGGG-1,35,6545,428,2264
CCTGTTGGTAGGTACG-1,16772,124,1122,4960
CCTGTTGGTTGTGGCC-1,55,11420,616,3062
CCTGTTGTCAAAGCCT-1,10203,61,1104,3798
CCTGTTGTCAAAGGAT-1,68,18777,1015,4151
CCTGTTGTCACCTCGT-1,74,18269,917,4418
CCTGTTGTCGACCTAA-1,45,8779,693,2617
CCTGTTGTCGCCGATG-1,46,11555,726,3245
CCTTCAGGTAGCGCTC-1,8492,54,686,3071
CCTTCAGGTGTGACCC-1,15,3861,202,893
CCTTCAGTCGACGACC-1,27,9055,448,2873
CCTTGTGAGACCTGGA-1,40,10913,650,3137
CCTTGTGAGGCGAACT-1,21,2432,131,635
CCTTGTGAGGGCAGGA-1,22,6358,476,1993
CCTTGTGAGTTGGGAC-1,7237,46,624,2768
CCTTGTGCAAGACGAC-1,56,10674,584,3082
CCTTGTGCAGTTGCGC-1,823,55,785,93
CCTTGTGCATCATCTT-1,71,4637,268,1981
CCTTGTGGTCCTTGTC-1,39,9086,482,2934
CCTTGTGGTGCGTTTA-1,9986,45,457,3301
CCTTGTGTCACTGATG-1,8194,64,551,3089
CCTTGTGTCAGGTAAA-1,6275,24,405,2602
CCTTGTGTCTATCCAT-1,32,8456,527,2664
CCTTGTGTCTCGTCAC-1,27,6935,337,2476
CCTTTGGAGATGTTCC-1,8169,43,480,3118
CCTTTGGAGGTGATAT-1,10,3716,212,1462
CCTTTGGCAAATAAGC-1,12,4232,271,1757
CCTTTGGCAGCCCACA-1,42,11617,437,3339
CCTTTGGGTTAAGGGC-1,12190,37,669,3836
CCTTTGGTCCCTCGAT-1,18,4150,261,1634
CCTTTGGTCCCTTTGG-1,24,6840,579,2066
CCTTTGGTCGTTCCTG-1,25,4730,208,1851
CCTTTGGTCTAAGCGT-1,58,7804,622,2365
CCTTTGGTCTAGCATG-1,13,1411,687,601
CCTTTGGTCTTTGCAT-1,38,11026,946,3141
CGAAGGAAGGACAGCT-1,59,19442,941,4217
CGAAGGAAGGTTGTTC-1,15126,68,1219,4299
CGAAGGACAAGAGGCT-1,56,11407,791,3058
CGAAGGAGTAGTGCGA-1,33,6174,420,2419
CGAAGGAGTGCAATAA-1,8775,55,803,3230
CGAAGGATCACTCCGT-1,59,10407,784,3238
CGAAGGATCCATCACC-1,17,5541,249,2096
CGAAGGATCGTAGGGA-1,29,7276,469,2413
CGAAGTTAGACGAGCT-1,23,4243,300,1619
CGAAGTTAGATGTTAG-1,15,4713,301,1669
CGAAGTTAGCTCCCTT-1,15284,72,1300,4439
CGAAGTTAGCTGAGTG-1,16850,111,1390,4933
CGAAGTTAGGCCTTGC-1,63,13078,895,3557
CGAAGTTAGGTCACAG-1,27,6900,384,2306
CGAAGTTCAGAGTGAC-1,22,6271,436,2201
CGAAGTTGTGCCTTTC-1,16,9058,317,2719
CGAAGTTTCAAGTCGT-1,62,11442,675,3392
CGAAGTTTCAGAGCGA-1,6609,30,486,2508
CGAAGTTTCCTCGCAT-1,61,12579,834,3554
CGAATTGAGAGTAACT-1,54,9186,761,2739
CGAATTGAGCGCTTCG-1,36,9209,523,2765
CGAATTGAGTCTGCAT-1,54,17436,750,4106
CGAATTGGTAACGCGA-1,57,10311,597,2854
CGAATTGGTACCCAGC-1,826,21,0,580
CGAATTGGTAGACAGC-1,27,7663,395,2663
CGAATTGGTGCGTCGT-1,11993,40,923,3803
CGAATTGTCCACAAGT-1,21,5228,310,2030
CGAATTGTCCGACATA-1,64,14232,877,3960
CGAATTGTCGCCAATA-1,30,6635,323,2501
CGAATTGTCTTACTGT-1,30,9630,454,3062
CGACAGCAGAGCCATG-1,13102,45,690,3813
CGACAGCAGAGTCGAC-1,15392,70,956,4592
CGACAGCAGCGCCTCA-1,66,15140,920,3700
CGACAGCAGTGCAACG-1,50,7751,456,2451
CGACAGCCAACTACGT-1,67,13754,923,3814
CGACAGCCAAGTGCTT-1,95,10651,1066,3067
CGACAGCCACGGCCAT-1,19,5993,236,1962
CGACAGCCAGGCTCTG-1,9030,50,1173,3355
CGACAGCCATCAGCGC-1,15,5483,281,2161
CGACAGCGTACGGATG-1,37,7025,558,2272
CGACAGCGTAGGACTG-1,95,9785,789,2846
CGACAGCGTGGAAATT-1,11983,41,489,3529
CGACAGCGTGTACGCC-1,49,17484,1158,3924
CGACAGCGTGTTCCAA-1,19776,80,1157,4557
CGACAGCGTTCACCGG-1,36,9252,809,2480
CGAGAAGAGGAGACCT-1,22,5551,379,1877
CGAGAAGCACCAGCCA-1,15,6982,413,2348
CGAGAAGCACTGTTCC-1,84,15581,866,4490
CGAGAAGCAGACGATG-1,35,7247,389,2358
CGAGAAGGTCTCGACG-1,22039,133,1418,5375
CGAGAAGTCGTTATCT-1,24,8100,507,2516
CGAGAAGTCTACTCAT-1,25,4543,366,1804
CGAGAAGTCTTCGATT-1,17,3618,266,1390
CGAGGAACACAGCTTA-1,51,15029,1334,3407
CGAGGAACACGAGGAT-1,35,7474,521,2381
CGAGGAACATGATGCT-1,54,13484,839,3892
CGAGGAAGTCCTCAGG-1,14818,67,1148,4319
CGAGGAAGTCTCGACG-1,31,10970,455,3270
CGAGGAATCCGACGGT-1,71,19541,1598,4191
CGAGGCTCAATGCTCA-1,13127,59,855,4210
CGAGGCTCACGACTAT-1,86,13973,858,4060
CGAGGCTCAGGTCTCG-1,40,8639,502,2625
CGAGGCTCAGTCACGC-1,93,24833,1313,4972
CGAGGCTGTTACGTAC-1,8736,81,1758,3363
CGAGGCTGTTGTCAGT-1,19567,80,1516,5007
CGAGGCTTCACGAACT-1,75,15317,1061,3973
CGAGGCTTCTCTGCTG-1,89,25547,1919,5461
CGAGTGCAGACCAAAT-1,54,12713,901,3337
CGAGTGCAGCACTAAA-1,56341,255,2565,7731
CGAGTGCAGCGGTAAC-1,62,10356,961,3111
CGAGTGCAGTCCCAAT-1,124,24105,1415,5029
CGAGTGCAGTGACACG-1,34,10102,806,2966
CGAGTGCCAATGTCAC-1,56,13190,815,4003
CGAGTGCCACACACTA-1,26,5771,537,2050
CGAGTGCCAGATTAAG-1,44,10939,568,3154
CGAGTGCCATCCGCGA-1,60,10587,930,3150
CGAGTGCTCACATACG-1,91,21242,1377,4581
CGAGTGCTCCATTCGC-1,214,17695,937,4368
CGAGTTAAGGTTGAGC-1,3452,11,34,1522
CGAGTTACAAGTACCT-1,84,15241,795,3770
CGAGTTACATGACGTT-1,69,13814,946,3653
CGAGTTACATGGTGGA-1,16,2646,271,1083
CGAGTTAGTCAACCTA-1,33,7087,559,2156
CGAGTTAGTCTACATG-1,11,2873,217,1200
CGAGTTAGTGACTCTA-1,38,7913,381,2629
CGAGTTAGTGTATTCG-1,38,4881,225,1814
CGATCGGCAAATCCCA-1,55,11419,554,2936
CGATCGGCACAAAGTA-1,12080,57,703,3672
CGATCGGCATTCATCT-1,18699,76,1227,4937
CGATCGGGTAAGATCA-1,40,9032,536,2738
CGATCGGGTCGAGCAA-1,12056,37,684,3654
CGATCGGGTCTGTAAC-1,45,11115,604,3152
CGATCGGGTGATTCAC-1,5696,16,650,1967
CGATCGGGTGCGACAA-1,11185,45,904,3690
CGATCGGGTTCTAAGC-1,12982,60,926,3993
CGATCGGTCACATACG-1,31,9285,726,2450
CGATCGGTCATGTCTT-1,5640,25,167,2613
CGATCGGTCCCGGTAG-1,41,8588,535,2770
CGATCGGTCCCTTTGG-1,20284,74,1086,5029
CGATCGGTCTGGCTGG-1,8105,45,434,2968
CGATCGGTCTTTGCGC-1,6171,16,308,2418
CGATGCGAGCAACAGC-1,4728,20,516,2140
CGATGCGAGCTAATCC-1,12864,57,837,4058
CGATGCGCATCAACCA-1,14310,44,801,4395
CGATGCGGTTCAAAGA-1,12338,27,856,3518
CGATGCGGTTCCGCAG-1,12798,52,913,3956
CGATGCGGTTGTCCCT-1,1927,14,3,1017
CGATGCGTCTGCGGAC-1,10491,47,912,3866
CGATGCGTCTTAATCC-1,10268,38,681,3375
CGATGGCAGCGACCCT-1,15,4837,436,1610
CGATGGCAGGAACGCT-1,100,20080,1228,4677
CGATGGCAGTCTGGAG-1,44,6700,538,2258
CGATGGCCAAATCAGA-1,17,8725,348,2662
CGATGGCCAGATGCGA-1,77,18939,1123,4328
CGATGGCCATCCGCGA-1,8066,31,408,2904
CGATGGCCATTAAGCC-1,17898,88,1149,4809
CGATGGCGTCATCGGC-1,31,4769,411,1637
CGATGGCGTCTGCATA-1,18,6315,304,2187
CGATGGCGTGCTCTTC-1,74,14729,1002,4005
CGATGGCGTGGTACAG-1,49,12231,766,3283
CGATGGCGTTGAATCC-1,1696,16,1,835
CGATGGCGTTTAGTCG-1,55,9213,759,2873
CGATGGCTCGAGATAA-1,25,5077,363,1753
CGATGGCTCGGATACT-1,71,16252,843,4003
CGCAGGTCAAATCGTC-1,70,15227,676,4052
CGCAGGTCACAGTCCG-1,10015,53,707,3692
CGCAGGTCATGAAGGC-1,4403,8,2,1570
CGCAGGTGTGTGACCC-1,49,14281,1072,3585
CGCAGGTGTTAGGGTG-1,28,6668,290,2224
CGCAGGTTCGTTCCTG-1,86,21119,1210,4795
CGCAGGTTCTTCTTCC-1,56,10527,967,3385
CGCATAAAGACCATGG-1,59,593,18,451
CGCATAAAGATCGGTG-1,50,14405,901,3889
CGCATAAAGCGCCTAC-1,12291,37,831,3704
CGCATAAAGGGTCTTT-1,16,4919,437,1837
CGCATAACAAACTCTG-1,43,9030,617,2810
CGCATAACACAAGCTT-1,52,12020,780,3305
CGCATAACACGTAGAG-1,9325,26,505,3181
CGCATAACAGACCTAT-1,87,15986,760,4204
CGCATAAGTGCGGCTT-1,14070,51,1014,3864
CGCATAATCAGCTGAT-1,29,7704,300,2633
CGCATAATCGGCTCTT-1,12448,101,477,4290
CGCATGGAGAACCCGA-1,37,8485,482,2757
CGCATGGAGGCTTCCG-1,62,16864,872,4036
CGCATGGCAAACAGGC-1,23,10243,660,2874
CGCATGGCAACGGTAG-1,16243,74,1209,4691
CGCATGGCAGTAACAA-1,48942,206,3168,7885
CGCATGGGTAGGGAGG-1,25,7084,297,2190
CGCATGGTCTGTCCGT-1,53,17549,1336,4246
CGCCAGAAGAGAGTGA-1,31,6137,528,2225
CGCCAGAAGAGCTGAC-1,4561,20,237,1985
CGCCAGAAGTAGGAAG-1,159,7329,378,2508
CGCCAGACACAACGCC-1,16545,23856,1578,9230
CGCCAGACACGCAAAG-1,15431,107,1138,4559
CGCCAGAGTACGACTT-1,20,5792,413,1764
CGCCAGAGTGGGTATG-1,41,5315,422,2076
CGCCAGATCAAGTCTG-1,79,17882,703,4319
CGCCATTAGCAGCCTC-1,19,4047,243,1769
CGCCATTAGGAACGTC-1,35,8113,516,2473
CGCCATTAGTCCGCGT-1,21,5853,239,1889
CGCCATTAGTCTGGAG-1,52,8782,1163,2696
CGCCATTCACGCCAGT-1,23,6698,350,2394
CGCCATTCATGTGCCG-1,6922,37,299,2585
CGCCATTCATTCACAG-1,48,8509,575,2939
CGCCATTGTACGTTCA-1,11207,51,582,3821
CGCCATTGTGTCTCCT-1,47,9940,417,2993
CGCCATTTCACCTGTC-1,7253,55,435,3003
CGCGTGAAGAAGAACG-1,46,7790,631,2435
CGCGTGAAGCTCGAAG-1,37,7430,528,2412
CGCGTGAAGCTGACAG-1,54,9529,831,2892
CGCGTGAAGGTATAGT-1,3958,20,191,1751
CGCGTGACAAGTCCAT-1,19,5697,325,2000
CGCGTGACACCGTGCA-1,19490,77,718,5149
CGCGTGACACGCTTAA-1,21650,84,1405,5148
CGCGTGACACGTCGTG-1,21,7252,440,2275
CGCGTGACAGACGGAT-1,72,18171,1281,4238
CGCGTGACAGAGAATT-1,55,12190,649,3208
CGCGTGAGTACAAGTA-1,23496,108,2114,5385
CGCGTGAGTACAGAGC-1,13,4306,171,1681
CGCGTGAGTAGCTCGC-1,25141,126,1699,5587
CGGAACCAGGGTTTCT-1,1722,8,2,924
CGGAACCAGTCACGCC-1,38,8171,556,2573
CGGAACCCATACCAGT-1,23,5497,351,1998
CGGAACCGTACGATTC-1,9221,34,619,3224
CGGAACCTCAACTGGT-1,24486,115,1734,5729
CGGAACCTCAAGTCGT-1,72,19840,1088,4501
CGGAACCTCAGTGGGA-1,92,20696,1206,4648
CGGAACCTCGGAAACG-1,65,11418,1039,3088
CGGAACCTCGGTTAGT-1,8184,47,715,2968
CGGAACCTCTTACCGC-1,16718,83,1071,4824
CGGAACCTCTTAGTTC-1,55,18157,873,4342
CGGAATTAGGAGTACC-1,29,7642,457,2440
CGGAATTCATGCACTA-1,17648,83,1336,5005
CGGAATTGTACAGTCT-1,20144,86,1896,5269
CGGAATTGTCACAGTT-1,61,13705,1174,3554
CGGAATTGTCCACTCT-1,19884,104,915,5172
CGGAATTGTCCAGCAC-1,21514,138,1189,5813
CGGAATTGTCTCGGGT-1,34,12252,754,3346
CGGAATTGTTAAGAAC-1,9426,60,714,3448
CGGAATTTCGCGTTTC-1,18,4332,290,1576
CGGAATTTCTCGAGTA-1,40,11492,1054,3058
CGGACACAGACCGTTT-1,6431,35,610,2696
CGGACACAGGACTATA-1,20429,100,1460,5152
CGGACACAGGTACAAT-1,39,7604,464,2452
CGGACACAGTGATAAC-1,26,7251,491,2626
CGGACACCAGGCCTGT-1,62,15033,573,3819
CGGACACGTCAGACTT-1,42,11096,475,3189
CGGACACGTTAGAGAT-1,12849,59,1079,4039
CGGACACTCGGTTCAA-1,11307,50,568,3563
CGGAGAAAGCGACTGA-1,17941,94,1866,4716
CGGAGAACAGATACCT-1,9143,43,576,3330
CGGAGAAGTCCCTAAA-1,25,5778,379,2019
CGGAGAAGTTGCCGCA-1,21256,97,1517,5036
CGGAGAATCAGAGCAG-1,3346,29,370,1667
CGGAGAATCGACCTAA-1,21,5861,340,1882
CGGCAGTAGACGTCCC-1,16864,80,1652,4514
CGGCAGTAGCACTCAT-1,21,4564,384,1648
CGGCAGTCAGGCTCTG-1,14959,63,997,4398
CGGCAGTGTACGAAAT-1,15648,125,1432,4638
CGGCAGTGTCCACAGC-1,36,7529,471,2096
CGGCAGTGTCGCTTAA-1,20,4002,287,1664
CGGCAGTGTCTCCTGT-1,16888,98,1466,4622
CGGCAGTGTGAATATG-1,24209,127,1222,5240
CGGCAGTGTGCTATTG-1,15235,76,1100,4320
CGGCAGTGTTGACGGA-1,26,6577,463,2169
CGGCAGTTCGCCTTGT-1,11769,67,1124,4020
CGGGACTAGGAACTAT-1,21,5127,441,1715
CGGGACTCAATCTCGA-1,14378,61,964,4229
CGGGACTCACCTGCGA-1,17414,1813,1323,5767
CGGGACTGTAAGCAAT-1,56,11302,1074,3001
CGGGACTGTCTGCGCA-1,20,5829,436,2053
CGGGACTGTCTTAGTG-1,13983,117,991,4366
CGGGACTGTGGCCCAT-1,53,15198,1018,3902
CGGGACTTCGCCTTTG-1,14,4996,194,1882
CGGGCATAGTAATCCC-1,42,13977,888,3744
CGGGCATCATAAGCGG-1,11647,39,826,3669
CGGGCATCATCGATGT-1,20,4967,261,1649
CGGGCATCATGAATCC-1,7105,28,521,2575
CGGGCATGTGACAACG-1,10256,46,622,3355
CGGGCATTCCTTCTGG-1,17,5331,339,2081
CGGGCATTCGGTGTAT-1,12438,61,1237,3840
CGGGTCAAGAGAACCC-1,20,6896,631,2367
CGGGTCACAAGACAAT-1,36435,233,1378,6670
CGGGTCACAGTGTATC-1,15485,86,1394,4588
CGGGTCACATGTTCGA-1,11,6239,265,2392
CGGGTCAGTACCCGAC-1,34,7766,406,2529
CGGGTCAGTCAAAGCG-1,31,7246,320,2416
CGGGTCAGTCGATTTG-1,5964,21,3,1761
CGGGTCAGTGCTCTTC-1,16180,74,1483,4455
CGGGTCAGTTTGGAAA-1,6566,34,1767,2666
CGGGTCATCATTATCC-1,260,18605,1020,4746
CGGGTCATCCAAGGGA-1,14154,47,960,4114
CGGGTCATCCACACCT-1,44,11478,838,3124
CGGGTGTAGGACATCG-1,53,12128,1005,3312
CGGGTGTAGGCGAACT-1,28,7940,576,2515
CGGGTGTAGGCTAGCA-1,32,7930,319,2579
CGGGTGTGTTATAGCC-1,40,10272,601,3133
CGGGTGTTCCAGCACG-1,20492,125,586,5529
CGGGTGTTCGGTTCAA-1,23,9257,469,2678
CGGGTGTTCTTCGACC-1,86,18097,1162,4636
CGGGTGTTCTTCGGAA-1,1078,14488,1882,4029
CGGGTGTTCTTTCCGG-1,15,3571,551,671
CGGTCAGAGGCTCCCA-1,25,5485,340,1982
CGGTCAGCAAGCGGAT-1,40,12799,1132,3280
CGGTCAGCATGAATCC-1,27,9592,536,2864
CGGTCAGGTCTAACTG-1,25776,115,1252,5699
CGGTCAGTCAGCAGAG-1,13562,66,887,3915
CGGTCAGTCCTAGCTC-1,31,9238,403,2945
CGGTCAGTCGCTTAAG-1,11416,70,769,4055
CGTAAGTAGCACCGAA-1,48,12976,875,3467
CGTAAGTAGCCGAACA-1,105,17481,1173,4365
CGTAAGTCAACTGCTA-1,4610,26,2,1629
CGTAAGTCAATACCCA-1,28036,174,1696,5966
CGTAAGTCACAATTCG-1,2378,7797,944,3352
CGTAAGTCAGGAATAT-1,11,2251,184,554
CGTAAGTGTAGGGTAC-1,71,12537,692,3478
CGTAAGTTCCTGTTAT-1,38,10454,588,3077
CGTAATGAGATAGCTA-1,14,4193,206,1494
CGTAATGAGGTTGGAC-1,13774,72,982,4030
CGTAATGCAAGTATAG-1,9089,63,489,3205
CGTAATGCACACGGAA-1,29,7021,261,2577
CGTAATGCACGTCGTG-1,18,6290,288,2298
CGTAATGCATCGTCCT-1,28,7912,673,2580
CGTAATGGTATCCTCC-1,28282,103,1368,6144
CGTAATGGTATGTCCA-1,522,5,20,442
CGTAATGTCAGGCGAA-1,33,5468,638,1974
CGTAATGTCGCATTAG-1,14195,298,593,4765
CGTAATGTCGCTACAA-1,37,10666,581,2932
CGTAATGTCTCCGAAA-1,10972,72,773,3653
CGTAATGTCTGGCCTT-1,106,7974,409,2617
CGTAGTAAGAGGATGA-1,66,4167,229,1609
CGTAGTAAGATGAATC-1,57,10116,884,3480
CGTAGTAAGTGGATTA-1,42,5721,276,2321
CGTAGTACACAGCGCT-1,62,13972,755,3771
CGTAGTACAGCTGTGC-1,19500,67,881,4883
CGTAGTACATCCCGTT-1,46,9580,436,3091
CGTAGTACATGAAAGT-1,84,17106,1189,4316
CGTAGTAGTATCAGCT-1,39,4010,338,1621
CGTAGTAGTTCTGACA-1,16,6688,335,2216
CGTAGTAGTTTACACG-1,6320,25,359,2435
CGTAGTAGTTTGTTGG-1,36,6986,445,2406
CGTAGTATCAGACATC-1,99,4842,370,1948
CGTAGTATCATCTGTT-1,12856,61,943,3940
CGTAGTATCGCCAACG-1,52,9387,732,3017
CGTAGTATCTATGTGG-1,19,4869,240,1709
CGTCAAAAGAATCCCT-1,19,2651,243,569
CGTCAAAAGATTTGCC-1,64,7259,666,2461
CGTCAAAAGTTCCGTA-1,28,8354,529,2422
CGTCAAAAGTTGTCGT-1,26,9588,814,2794
CGTCAAACAAGGCGTA-1,66,8187,631,2571
CGTCAAACAGTTCCAA-1,52,9063,580,2877
CGTCAAAGTAGAGGAA-1,3084,12,3,1460
CGTCAAAGTGGACAGT-1,11051,74,780,3670
CGTCAAAGTGGTCCGT-1,9788,44,398,3014
CGTCAAAGTGTGATGG-1,14,4942,397,1769
CGTCAAAGTTATCCAG-1,25,5967,276,2224
CGTCAAATCACGAGGA-1,39,9666,465,3025
CGTCAAATCATACAGC-1,37,9703,292,2934
CGTCAAATCTCCGCAT-1,25,9563,670,2434
CGTCCATAGAGACAAG-1,4209,818,362,2394
CGTCCATAGCCGATAG-1,14224,74,1162,4480
CGTCCATCATGACTTG-1,63,4331,278,1919
CGTCCATGTATCACGT-1,10124,9535,1167,6288
CGTCCATGTGCATCTA-1,1315,10,3,747
CGTCCATGTTCGGACC-1,77,18388,1375,4332
CGTCCATTCACACCGG-1,73,11843,579,3388
CGTCCATTCACAGAGG-1,13096,45,673,3749
CGTCCATTCACTTGGA-1,1165,17,0,683
CGTCCATTCCGAGAAG-1,18592,74,898,4605
CGTCCATTCCTTGAAG-1,22,5930,291,2292
CGTGAATAGTCCTGCG-1,6202,33,302,2742
CGTGAATCAGTTGTTG-1,11566,56,891,3926
CGTGAATGTAGCGTTT-1,48,17344,765,4128
CGTGAATTCGTCGATA-1,16955,79,1127,4886
CGTGAATTCGTGCTCT-1,34,8651,633,2725
CGTGAATTCGTTCTGC-1,19223,77,924,4926
CGTGATAAGGACGCAT-1,1263,20,44,774
CGTGATAAGGCACCAA-1,5935,37,297,2557
CGTGATACAGTTGAAA-1,6241,27,295,2522
CGTGATAGTAAGATCA-1,1065,9,1,687
CGTGATAGTTGCATTG-1,8,3539,286,1360
CGTGATATCGCTCCTA-1,61,14605,738,3813
CGTGATATCTAATTCC-1,13649,73,980,4157
CGTGATATCTTGAGCA-1,4388,26,955,2018
CGTGCTTAGAGCACTG-1,17901,63,689,4560
CGTGCTTAGGTTCAGG-1,47,7347,579,2583
CGTGCTTCACATAGCT-1,6768,18,0,2139
CGTGCTTGTATCTCGA-1,21,6244,281,2144
CGTGCTTGTTCGGTAT-1,42,8603,523,2738
CGTGCTTTCCGCAACG-1,18904,71,1080,5404
CGTGCTTTCGAGTCCG-1,11006,56,791,3718
CGTGCTTTCGATCCAA-1,4913,26,543,2179
CGTGTCTAGAATGTTG-1,7383,37,254,2880
CGTGTCTCAAGAGGTC-1,19,4569,271,1913
CGTGTCTGTATCAGCT-1,276,12869,586,3916
CGTGTCTTCCGACAGC-1,20,5795,482,1997
CGTGTCTTCGTACACA-1,9597,50,675,3490
CGTTAGAAGAGGCGGA-1,86,21037,1458,4793
CGTTAGAAGTCCTACA-1,11447,79,608,4099
CGTTAGACACGGCGTT-1,7993,20,417,2852
CGTTAGAGTACCGCGT-1,15700,8893,2054,7211
CGTTAGATCTCCTGTG-1,9289,34,659,3271
CGTTCTGAGCAGGCAT-1,9533,45,473,3263
CGTTCTGAGCATCAGG-1,12900,64,887,3890
CGTTCTGAGGCCATAG-1,12950,46,574,3833
CGTTCTGAGTAGCATA-1,5175,27,371,2600
CGTTCTGCAAGGTTGG-1,24066,109,1464,5391
CGTTCTGCACCAGTAT-1,14833,68,1092,4434
CGTTCTGCATGACCCG-1,41,10849,1151,3107
CGTTCTGGTAAGGAGA-1,524,18,1,407
CGTTCTGGTTCGGTCG-1,30,8322,532,2497
CGTTCTGGTTGGAGAC-1,10652,72,387,3307
CGTTCTGTCATTTGCT-1,9025,47,466,3048
CGTTCTGTCTCATAGG-1,25,6876,434,2298
CGTTGGGAGATAGCAT-1,50,9211,806,2720
CGTTGGGAGCTAGAGC-1,7,5208,203,1099
CGTTGGGAGTGGCCTC-1,40,17150,689,4011
CGTTGGGCAAACGTGG-1,173,9759,708,2944
CGTTGGGCACATCATG-1,15702,28,15,3951
CGTTGGGCACTTGAAC-1,15981,82,862,4620
CGTTGGGTCAAGTCTG-1,29,8333,631,2910
CGTTGGGTCCTGCTAC-1,31678,160,1418,6520
CGTTGGGTCGACCTAA-1,40,8782,600,2622
CGTTGGGTCTCTCAAT-1,47,8274,700,2397
CTAACCCAGTAAACAC-1,7080,37,328,3068
CTAACCCCAACCGCCA-1,15810,111,1144,4557
CTAACCCCAATTTCCT-1,15,5346,342,1936
CTAACCCCAGAAATTG-1,58,8714,624,2755
CTAACCCGTATACAGA-1,40,7006,317,2248
CTAACCCGTTGCATGT-1,84,19442,897,4455
CTAACCCTCGCATGAT-1,8933,26,603,3329
CTAACCCTCGCTGCGA-1,32,10093,365,3168
CTAACCCTCTCTGCCA-1,48514,210,1552,7443
CTAACTTAGGTGCCTC-1,28,9843,518,2921
CTAACTTAGGTTCCAT-1,9194,72,643,3478
CTAACTTCACCAGCCA-1,17,3331,5,1113
CTAACTTCATAAGCGG-1,18,3951,403,1557
CTAACTTCATTGACCA-1,54,8968,417,2941
CTAACTTGTGTTACAC-1,58,13595,874,3667
CTAACTTGTTATCTGG-1,46,10860,850,3409
CTAACTTTCATTCGTT-1,40,7290,416,2331
CTAACTTTCCTACTGC-1,14404,72,778,4585
CTAAGTGAGCCTATCA-1,510,6,13,403
CTAAGTGAGCTACTAC-1,32,7585,596,2544
CTAAGTGAGGCCACCT-1,29,7232,470,2452
CTAAGTGAGGTCGAGT-1,13742,70,1042,4179
CTAAGTGGTAACCCGC-1,82,18072,1076,4521
CTAAGTGGTAGTCCTA-1,61,13382,1111,3439
CTAAGTGGTGTAAACA-1,19916,92,1432,4972
CTAAGTGGTTCGGCTG-1,3518,4600,521,3283
CTAAGTGTCGGCTGGT-1,47,10701,924,2753
CTAAGTGTCTTAGCTT-1,35,7882,614,2614
CTAAGTGTCTTCTGTA-1,10098,57,682,3469
CTACAGAAGTGTACAA-1,103,11470,462,3415
CTACAGACAACAGAGC-1,89,29110,1839,4993
CTACAGACACGCTGTG-1,5169,29,440,2223
CTACAGACATATGGCT-1,22181,116,1456,5689
CTACAGAGTCAAGGCA-1,10408,54,505,3392
CTACAGAGTCTAACTG-1,11786,50,534,3940
CTACAGATCACTACTT-1,14646,92,891,4459
CTACATTCACAACCGC-1,27,7705,499,2590
CTACATTCACAGTATC-1,63,12086,948,3380
CTACATTCAGCTGAAG-1,55,9211,794,2975
CTACATTCATATGGCT-1,13121,7018,1116,7655
CTACATTGTATCCTTT-1,151,3168,252,1444
CTACATTGTCACTTAG-1,18,5418,322,2068
CTACATTGTCCTCAGG-1,19,5696,301,2145
CTACATTGTGGCACTC-1,18,4670,129,1923
CTACATTTCCCTCTAG-1,25,6875,269,2436
CTACCCAAGCCTCTTC-1,35,7810,582,2561
CTACCCAAGGAAACGA-1,56,4688,383,1667
CTACCCAAGTCACTCA-1,32341,122,1124,6452
CTACCCACAGCTGAGA-1,12113,63,592,3881
CTACCCACAGGATCTT-1,34,7942,493,2673
CTACCCACATGGAACG-1,6250,147,1048,2646
CTACCCACATGGGTTT-1,25,7502,422,2431
CTACCCACATGTGACT-1,19,5380,475,1889
CTACCCAGTTAAACAG-1,24661,133,1226,5870
CTACCCATCATCGTAG-1,24,7524,357,2719
CTACCCATCATGGATC-1,16,4836,211,1577
CTACCCATCCTATTGT-1,5640,44,722,2354
CTACCTGAGAGAAGGT-1,9876,59,690,3428
CTACCTGAGATGCTTC-1,8,6140,326,2330
CTACCTGAGGATGTTA-1,40,6682,608,2341
CTACCTGCAGCCCAGT-1,60,11379,757,3376
CTACCTGCAGGCATGA-1,72,16949,1113,4337
CTACCTGCAGTAGAAT-1,14892,52,886,4107
CTACCTGGTAATTGGA-1,13,2425,137,1030
CTACCTGTCCCGAGTG-1,14079,72,910,4355
CTACCTGTCTATCCAT-1,38,5647,357,2016
CTACGGGAGCAGCGAT-1,27,9025,837,2661
CTACGGGAGTAGTCAA-1,34325,164,3130,6683
CTACGGGCACTGGCCA-1,22739,77,1356,5475
CTACGGGGTACAGGTG-1,52,11800,1144,3149
CTACGGGGTGTATACC-1,6681,20,468,2653
CTACGGGTCCGCAGTG-1,28,5222,351,1892
CTACGGGTCTTCCAGC-1,43,10557,904,3247
CTACTATAGCGATGCA-1,53,8731,515,2727
CTACTATAGTAGTGCG-1,65,13597,1053,3250
CTACTATAGTGACACG-1,9640,53,604,3527
CTACTATAGTTGCGCC-1,16,2566,107,1167
CTACTATCAGCAGTAG-1,33,7937,509,2540
CTACTATGTCGCTGCA-1,23,4353,230,1727
CTACTATGTGCACATT-1,64,9617,634,3043
CTAGACAAGCATTGTC-1,58,10752,594,3259
CTAGACAAGCGTTACT-1,43,8584,666,2798
CTAGACAAGCTAAACA-1,30,7213,439,2479
CTAGACAAGGAACTCG-1,17,3355,205,1359
CTAGACAAGGTCTACT-1,33,5308,279,1799
CTAGACAAGTAAACGT-1,51,7855,509,2615
CTAGACAAGTCATCGT-1,70,13760,916,3521
CTAGACACACTTTAGG-1,31,8929,388,2729
CTAGACACAGAGGTAC-1,40,10253,773,3158
CTAGACACAGCGACAA-1,21903,78,1010,5093
CTAGACACAGTATTCG-1,54,13232,692,3711
CTAGACACATGTGGCC-1,63,10378,555,3353
CTAGACAGTAAGGCTG-1,17,4817,355,1674
CTAGACAGTAGACAAT-1,23368,147,1633,6002
CTAGACAGTCACAATC-1,7760,48,260,3229
CTAGACAGTGTAAACA-1,2467,10,0,1293
CTAGACAGTGTCTCCT-1,22,5811,235,2064
CTAGACAGTTGCTCCT-1,46,10466,644,3398
CTAGGTAAGGGTACAC-1,19241,405,1457,5050
CTAGGTACAGAGCTAG-1,89,16145,1233,3938
CTAGGTAGTGAGCAGT-1,7474,33,417,2725
CTAGGTAGTTCCGCGA-1,64,17494,813,4299
CTAGGTAGTTTCACAG-1,14552,69,564,4474
CTAGGTATCACCCTTG-1,22,4529,318,1837
CTAGGTATCTGAGATC-1,58,10741,744,2831
CTATAGGAGGCCTAAG-1,70,14041,937,3646
CTATAGGAGTCGAATA-1,14,5274,290,1802
CTATAGGCACCGGCTA-1,106,14072,1287,3981
CTATAGGCACTGGATT-1,31,5386,311,2027
CTATAGGCATAGAAAC-1,66,10174,666,3345
CTATAGGCATGAAGGC-1,25,5574,319,1979
CTATAGGGTAGACAAT-1,8944,46,763,3413
CTATAGGGTCGTACTA-1,5379,33,878,2164
CTATAGGGTGAGAACC-1,38,10112,504,3043
CTATAGGGTGTATTCG-1,58,11427,489,3007
CTATAGGGTTAAACAG-1,60,14168,777,3752
CTATAGGTCATGAGTC-1,27,613,9,497
CTATAGGTCCATTTAC-1,43,10409,555,2874
CTATAGGTCCGCTAGG-1,6504,36,320,2788
CTATAGGTCTACTGCC-1,86,20357,1480,4607
CTATAGGTCTAGTGTG-1,23,6565,342,2318
CTATCCGAGGAGCAAA-1,81,13877,754,3956
CTATCCGAGTTCAACC-1,15544,74,860,4437
CTATCCGCACTAGTAC-1,58,13853,902,3866
CTATCCGCATCCGTGG-1,2922,19,2,1234
CTATCCGGTGTCGATT-1,24532,104,1513,5707
CTATCCGTCGGTGTTA-1,13,5493,687,1814
CTATCCGTCGTTCTAT-1,41,4804,521,1880
CTATCCGTCTGTCTCG-1,21,5795,299,2235
CTATCTAAGCATGCGA-1,38,8056,554,2495
CTATCTAAGCGAAACC-1,8704,29,410,3094
CTATCTAAGCTGTTAC-1,30,6376,316,2208
CTATCTAAGTTCAACC-1,7107,29,327,2829
CTATCTACATATGGCT-1,7887,28,479,2859
CTATCTACATGACAAA-1,22373,145,1359,5946
CTATCTACATTCTGTT-1,29,7809,377,2795
CTATCTAGTAACAGTA-1,64,17372,1134,4169
CTATCTAGTACCACGC-1,6137,48,253,2600
CTATCTAGTAGCTAAA-1,1199,31,75,726
CTATCTAGTCGACGCT-1,39,10257,599,3098
CTATCTAGTGACAGCA-1,29,5638,322,2256
CTATCTAGTTGGGACA-1,54,11752,693,3269
CTATCTATCATGGTAC-1,34,8775,402,2657
CTATCTATCCACCTGT-1,49,8648,428,2897
CTATCTATCTCTAGGA-1,22,2675,215,1241
CTCAACCAGACCATGG-1,16040,128,1657,5206
CTCAACCAGGCTTCCG-1,11416,8608,1147,6907
CTCAACCAGGTGCTTT-1,11408,55,624,3884
CTCAACCCATCCGGTG-1,14,4204,189,1809
CTCAACCCATTGCCTC-1,8635,68,1085,3464
CTCAACCGTATACAGA-1,43,8396,422,3002
CTCAACCGTTGCTCCT-1,63,16306,1007,4129
CTCAACCTCGACGACC-1,11748,49,568,3744
CTCAACCTCGCACTCT-1,43,5846,307,2329
CTCAACCTCGTAGTGT-1,692,301,11,811
CTCAACCTCTCAACGA-1,16252,15253,1903,8825
CTCAAGAAGCCTTTCC-1,57,12527,659,3758
CTCAAGAAGTCGGCAA-1,13,4408,303,1516
CTCAAGAAGTGCACCC-1,80,517,2,292
CTCAAGAGTCAGTCCG-1,36,6965,523,2445
CTCAAGAGTCGAACGA-1,18,4924,395,1850
CTCAAGATCATCGCCT-1,26,3219,153,1332
CTCAAGATCCTGGCTT-1,833,12,1,566
CTCAAGATCTCATGGA-1,16543,90,1089,4765
CTCAATTAGACATCCT-1,23,5058,279,1973
CTCAATTAGCCGATAG-1,35,7365,320,2553
CTCAATTCAGAGTGTG-1,13,2186,76,635
CTCAATTCAGTCCCGA-1,39,10532,731,3239
CTCAATTGTAATGCGG-1,20,4915,257,1841
CTCAATTGTATCGATC-1,14040,101,886,4436
CTCAATTGTCCAGGTC-1,56,13946,695,3589
CTCAATTGTTGTGTTG-1,45,7450,781,2277
CTCAATTTCGTGCTCT-1,18261,137,494,5846
CTCAATTTCTGTTCAT-1,11187,1314,945,4412
CTCACTGAGATGCTGG-1,19,4882,278,1723
CTCACTGAGGACATCG-1,55,11928,1104,3225
CTCACTGAGTAGTCAA-1,11088,838,740,4102
CTCACTGAGTCACACT-1,34,7546,265,2571
CTCACTGCAACACAAA-1,50,10099,881,3126
CTCACTGCAGCGTGAA-1,38,8148,544,2475
CTCACTGCAGTAGAGC-1,30,7458,529,2272
CTCACTGGTCTTACTT-1,47,11303,495,3458
CTCACTGGTCTTCTAT-1,60,11684,632,3514
CTCACTGTCACAGTGT-1,23,6355,408,2181
CTCACTGTCTTAGTTC-1,17,5000,305,1926
CTCAGAAAGGTACTGG-1,18,7799,259,2505
CTCAGAACACCAACAT-1,27,6442,205,2373
CTCAGAACACTGAATC-1,27398,135,2020,6474
CTCAGAACAGGCGAAT-1,115,19622,1357,4712
CTCAGAAGTCCTGGGT-1,18209,106,1258,4943
CTCAGAAGTCTTCATT-1,24,4808,304,1842
CTCAGAAGTGTCGCTG-1,3482,6016,495,3351
CTCAGAATCGCTCCTA-1,118,21547,1060,4857
CTCAGGGAGAGTGTTA-1,18,8804,615,2226
CTCAGGGCACATGACT-1,30,5984,352,2341
CTCAGGGCACCTATCC-1,61,13926,834,3786
CTCAGGGCAGGAGGAG-1,3633,11,210,1789
CTCAGGGGTACTGTTG-1,71,15081,784,4276
CTCAGGGGTATGTGTC-1,62,7891,646,2820
CTCAGGGGTGTACATC-1,66,9013,667,2565
CTCAGGGTCCACGTAA-1,44,13523,702,3559
CTCAGGGTCCGTATAG-1,19924,95,1440,5258
CTCAGGGTCCTCTGCA-1,31060,132,2174,6600
CTCAGGGTCGTGGTAT-1,15,3368,257,1307
CTCAGGGTCTGTACAG-1,3563,24,713,1728
CTCAGGGTCTTACGTT-1,8450,40,841,3171
CTCAGTCAGGAAACGA-1,257,13960,810,3819
CTCAGTCAGGTCCCTG-1,20146,89,1288,5064
CTCAGTCCAAGGACAC-1,38,8638,542,2939
CTCAGTCCACTGAATC-1,16224,107,1257,4919
CTCAGTCCACTGTGAT-1,19,6132,342,2209
CTCAGTCGTAATGATG-1,22,4079,230,1658
CTCAGTCGTCAGACTT-1,26,6333,301,2370
CTCAGTCGTGGTCTTA-1,80,18302,1185,4414
CTCAGTCTCATCGCTC-1,10249,522,1111,3956
CTCAGTCTCGGAATTC-1,12117,43,649,3631
CTCATCGAGCAAGCCA-1,7,4454,218,1447
CTCATCGCAAGAGATT-1,30,8651,679,2687
CTCATCGCAAGATGTA-1,15,5406,241,1918
CTCATCGGTAATGCTC-1,25,4303,318,1653
CTCATCGGTACTCGAT-1,14839,502,714,4678
CTCATGCAGCAACTCT-1,22449,149,1145,6260
CTCATGCAGTCACTCA-1,36765,216,1683,7211
CTCATGCCAATGCAGG-1,27,3954,249,1590
CTCATGCCAATGTCAC-1,1487,11,2,893
CTCATGCCAGCGGATA-1,21,6838,394,2257
CTCATGCGTACAAGCG-1,44,13542,740,3644
CTCATGCGTACAGTTC-1,37,8988,390,2701
CTCATGCGTCGTCTCT-1,8,2856,341,1301
CTCATGCGTTCGGTCG-1,13236,64,1256,4052
CTCATTAAGCAACCAG-1,1888,45,163,938
CTCATTAAGCTTCTAG-1,7661,44,240,3037
CTCATTAAGGAGTATT-1,7893,2460,663,4158
CTCATTAAGTTCACTG-1,673,13,3,517
CTCATTACAAATCCCA-1,7998,45,461,2922
CTCATTACACGACGTC-1,28,14203,640,3599
CTCATTACACTTTATC-1,10652,81,545,3984
CTCATTACATCCTAAG-1,9192,47,540,3307
CTCATTAGTAAGGCCA-1,14076,91,1305,4676
CTCATTAGTAAGTTGA-1,17,3514,171,1474
CTCATTATCACCCTTG-1,134,9600,534,3278
CTCATTATCTGGCTGG-1,27,7651,396,2573
CTCCAACAGAAATTCG-1,17,3678,303,1657
CTCCAACAGCGAGTAC-1,49,11063,883,3052
CTCCAACAGGGAGTGG-1,8978,564,699,3703
CTCCAACAGTCTGCGC-1,49,13119,845,3552
CTCCAACCACGTTGGC-1,36,3842,235,1622
CTCCAACCATGACAAA-1,26,2365,85,716
CTCCAACGTACGGCAA-1,9159,43,352,3286
CTCCAACGTGTTCCAA-1,14,6957,505,2444
CTCCAACGTTTACGAC-1,12354,301,791,4062
CTCCAACTCAGAGTTC-1,42,8679,792,2648
CTCCAACTCAGCTGAT-1,13371,60,847,4573
CTCCAACTCATCTGTT-1,82,19280,1042,4689
CTCCACAAGCTCGCAC-1,26,5383,307,2035
CTCCACACAAGCCCAC-1,14,5424,373,1998
CTCCACACACCAAAGG-1,23395,276,1513,5743
CTCCACACATGACGAG-1,9804,48,623,3720
CTCCACAGTCGTATGT-1,24,4077,208,1713
CTCCACAGTTCCGCTT-1,41,11428,664,2900
CTCCACATCTAGGAAA-1,10279,52,656,3777
CTCCACATCTCCTGAC-1,68,12216,763,3661
CTCCATGAGAGCAGTC-1,8349,25,484,2940
CTCCATGAGGCCCGTT-1,1435,6,2,754
CTCCATGAGTAGTGCG-1,42,8479,486,2720
CTCCATGGTCTTCGAA-1,24008,104,1243,5527
CTCCATGGTGAAAGTT-1,3626,11,0,1443
CTCCATGGTGTTACTG-1,31,7402,425,2472
CTCCATGGTTCAAAGA-1,451,6127,307,2613
CTCCATGTCACGGTCG-1,32,6506,395,2167
CTCCATGTCGTCAACA-1,75,11382,854,3693
CTCCATGTCGTCCTTG-1,12,5319,287,1885
CTCCATGTCTAAGGAA-1,13535,59,768,3977
CTCCCAAAGAGGCGGA-1,26,8665,489,2564
CTCCCAAAGAGTGTGC-1,14199,59,1030,4152
CTCCCAAAGCGATTCT-1,158,9120,756,2831
CTCCCAAAGCTGGCTC-1,77,22997,1774,4554
CTCCCAAGTGCCTTCT-1,44,9812,486,3110
CTCCCAAGTGTACGCC-1,41,7140,571,2349
CTCCCAATCAAGTCTG-1,51,11922,902,3172
CTCCCAATCGCCTAGG-1,10651,30,516,3520
CTCCCAATCGGTCGAC-1,4487,14,302,1290
CTCCCAATCTACCAGA-1,5851,40,351,2537
CTCCCTCAGAGGATCC-1,18,2861,126,1163
CTCCCTCAGATTGCGG-1,22,4827,248,1805
CTCCCTCAGGTGCAGT-1,19,4100,237,1685
CTCCCTCCAAGAGTGC-1,34050,151,1672,6522
CTCCCTCGTCTACGTA-1,37,10674,660,3063
CTCCCTCGTGTTTCTT-1,26,6930,443,2404
CTCCCTCTCCGGTTCT-1,33,8398,374,3048
CTCCCTCTCGGATACT-1,12225,62,889,3906
CTCCCTCTCTGACCCT-1,60,11825,551,3842
CTCCGATAGTTCATGC-1,23,5843,354,2323
CTCCGATCACTTCAAG-1,33,5911,507,2081
CTCCGATCAGTCAGCC-1,14081,67,1119,3806
CTCCGATGTCACAGTT-1,5424,23,349,2399
CTCCGATGTTCAAAGA-1,10373,55,768,3693
CTCCGATGTTTCAGAC-1,14011,98,673,4707
CTCCGATTCGGTGAAG-1,3646,18,464,1791
CTCCGATTCGTCGGGT-1,24,7543,523,2560
CTCCTCCAGGTGATCG-1,41,7388,667,2443
CTCCTCCCAGCTATTG-1,19,4888,220,2005
CTCCTCCCATTACTCT-1,79,7345,479,2528
CTCCTCCGTCCATCTC-1,36,7689,582,2938
CTCCTCCGTGATGAAT-1,6137,36,147,1852
CTCCTCCGTGCCCAGT-1,73,20860,1301,4870
CTCCTCCTCACGAACT-1,39,9367,591,2887
CTCCTTTAGGGCAGTT-1,5,1808,38,898
CTCCTTTAGGTCCAGA-1,15,5278,312,2041
CTCCTTTCACAAGCAG-1,12040,68,760,4360
CTCCTTTCATTCAGGT-1,10262,88,1177,4002
CTCCTTTTCCGGCAAC-1,36,7535,305,2685
CTCCTTTTCGAGATAA-1,46,8322,420,2749
CTCGAGGAGGTCTACT-1,124,24654,2118,4947
CTCGAGGAGGTTGGTG-1,94,21045,1009,4692
CTCGAGGAGTCCCTAA-1,19368,140,1535,5018
CTCGAGGAGTCTACCA-1,34,8481,480,2817
CTCGAGGCATGACGAG-1,4246,25,406,1962
CTCGAGGTCAGCTCTC-1,32,10374,824,3035
CTCGAGGTCGCTACAA-1,23979,117,1743,5838
CTCTCAGAGACCTCCG-1,5991,23,274,2644
CTCTCAGAGGGCAGTT-1,959,46,522,420
CTCTCAGCAACCAATC-1,28,6435,326,2415
CTCTCAGGTAGAATGT-1,18,4504,269,1659
CTCTCAGGTCGACGCT-1,17,4683,368,1761
CTCTCAGGTTCAGCGC-1,1451,42,1185,277
CTCTCAGTCATTCACT-1,33,7060,190,2416
CTCTCAGTCCTGTTGC-1,28,9243,705,2797
CTCTCAGTCGAGTCTA-1,14741,101,1237,4336
CTCTCAGTCTAATTCC-1,43,6166,369,2242
CTCTCAGTCTACAGGT-1,10589,64,554,3783
CTCTCGAAGACTCCGC-1,21959,96,1581,5466
CTCTCGAAGAGTTGCG-1,80,14864,1027,3617
CTCTCGAAGCAAACAT-1,2841,12,3,1252
CTCTCGAAGCAATAAC-1,5413,26,372,2191
CTCTCGAAGCATGATA-1,33,8187,457,2489
CTCTCGAAGGGACCAT-1,30,7403,614,2288
CTCTCGAAGGTAAGGA-1,26,8374,433,2525
CTCTCGAAGTATCCTG-1,36,8159,555,2590
CTCTCGACAAGAGGTC-1,30,8526,345,2612
CTCTCGACACATTGTG-1,14,4658,296,1706
CTCTCGACAGGTACGA-1,33,10005,517,3022
CTCTCGACATCGCTGG-1,12491,33,446,3968
CTCTCGACATGTGTCA-1,4238,24,114,1835
CTCTCGAGTCCAAATC-1,68,15896,866,3942
CTCTCGAGTTACGTAC-1,16029,84,987,4911
CTCTCGATCATTGGTG-1,12448,71,1074,3992
CTCTCGATCGTTGCCT-1,5437,29,260,2556
CTCTCGATCTCACTCG-1,9579,71,818,3737
CTCTGGTAGCCAGTAG-1,10570,50,461,3807
CTCTGGTAGTCACTCA-1,29,6150,219,2063
CTCTGGTCAGAACTCT-1,22,6713,378,2387
CTCTGGTCATCTCAAG-1,51,11040,574,3081
CTCTGGTGTGGAAATT-1,17,3880,284,1684
CTCTGGTGTTCGCGTG-1,17,5601,306,1910
CTGAATGAGCCTGTCG-1,5952,26,422,2325
CTGAATGCAAATCGGG-1,7176,30,338,2811
CTGAATGCAGCTCTGG-1,75,7958,378,2755
CTGAATGCATGGACAG-1,38,11884,611,3099
CTGAATGGTAGTCGTT-1,27,5523,514,2002
CTGAATGGTTTCAGAC-1,31,8161,385,2459
CTGAATGTCTCGCGTT-1,21981,74,1275,5407
CTGAGCGAGAGAGTGA-1,22,4048,378,1545
CTGAGCGAGCTGAGTG-1,32,9202,548,2768
CTGAGCGAGGACTTCT-1,32964,13983,4304,10048
CTGAGCGAGGCGAAGG-1,66,21821,776,4555
CTGAGCGCATGGCCAC-1,27,8001,610,2713
CTGAGCGGTGACACAG-1,13371,47,1085,4113
CTGAGCGTCCCAGTGG-1,22,4879,378,1778
CTGAGCGTCCTACAAG-1,1214,6,1,695
CTGAGGCAGCAGCCTC-1,25,4066,199,1637
CTGAGGCCAAGACCGA-1,53,14701,734,3426
CTGAGGCGTATGACAA-1,26,6104,523,2124
CTGAGGCGTGCCCTTT-1,1538,71,1,953
CTGAGGCTCAAATGAG-1,37,8688,434,2888
CTGAGGCTCGCGCTGA-1,87,20714,1329,4606
CTGAGGCTCGGAAACG-1,50,10977,881,3104
CTGATCCAGGCCTTCG-1,13872,56,962,4409
CTGATCCAGGCTTCCG-1,43,5880,302,2263
CTGATCCAGTCCGCGT-1,15743,74,1030,4581
CTGATCCCAGATCCTA-1,6776,34,453,2498
CTGATCCCATACACCA-1,26,4172,255,1580
CTGATCCCATTAAGCC-1,27,7201,270,2504
CTGATCCGTATCCCTC-1,13,5271,259,2040
CTGATCCGTCCGTACG-1,27,5720,239,2246
CTGATCCGTCGCTCGA-1,61,13014,949,3488
CTGATCCGTGTCCTAA-1,28,6035,425,2151
CTGATCCGTTGCATTG-1,14738,81,1055,4658
CTGATCCTCCGAAATC-1,27114,196,1742,6287
CTGATCCTCCTAGCCT-1,65,9368,619,3072
CTGATCCTCCTCTAGC-1,33,7976,340,2780
CTGATCCTCGAAGCAG-1,25,7902,307,2558
CTGATCCTCGGCTGAC-1,16,5269,240,1951
CTGCAGGAGGCCCGTT-1,48,12825,1188,3442
CTGCAGGAGTACCCTA-1,51,8463,713,2795
CTGCAGGAGTGGTCAG-1,76,10983,695,3061
CTGCAGGCACTGAGGA-1,20,5902,486,2026
CTGCAGGCATAACAGA-1,17896,69,402,4807
CTGCAGGGTATGTCAC-1,57,10333,780,3103
CTGCAGGGTGCAGGAT-1,8301,48,430,3018
CTGCAGGGTTGCATAC-1,9389,49,631,3108
CTGCAGGTCCATGCAA-1,7241,28,570,2543
CTGCATCAGAGGTTAT-1,9655,42,421,3200
CTGCATCAGCACCTGC-1,56,16557,954,3891
CTGCATCAGCTAAACA-1,17027,76,1014,4729
CTGCATCCAGCTGAAG-1,16,4158,294,1885
CTGCATCGTGAATTAG-1,34,9617,746,2938
CTGCATCGTTTGTGGT-1,33,5852,409,2220
CTGCATCTCACTGAAC-1,10498,42,492,3603
CTGCATCTCCCGAGAC-1,14085,54,1107,4607
CTGCCATAGAGATTCA-1,14,4971,304,1694
CTGCCATAGGCTTCCG-1,16813,59,784,4862
CTGCCATTCGCTAATG-1,12612,72,864,4377
CTGCCATTCGCTCTCA-1,37320,189,2037,7464
CTGCCATTCTAAGCCA-1,13849,77,884,4738
CTGCCTAAGCCTATTG-1,20897,123,1123,5542
CTGCCTAAGCGCGTTC-1,14736,80,1068,4344
CTGCCTAAGTGCACCC-1,35007,129,1173,6590
CTGCCTAAGTGGGAAA-1,49,8118,601,2678
CTGCCTACACTGGACC-1,15244,70,1315,4392
CTGCCTACAGTAGATA-1,52,8974,357,3031
CTGCCTAGTACGCTAT-1,8006,19,325,3266
CTGCCTAGTATAGCTC-1,11775,45,526,3415
CTGCCTAGTGCTATTG-1,7300,41,157,2663
CTGCCTAGTGGTCCGT-1,11,4373,250,1759
CTGCCTATCGTGTGGC-1,41,10043,693,2761
CTGCCTATCTGGTGCG-1,83,21221,1241,4772
CTGCGAGAGGAACGAA-1,26,7268,442,2177
CTGCGAGAGTCCGCGT-1,13257,70,1031,4064
CTGCGAGCAAGCGCAA-1,9757,28,490,3361
CTGCGAGCAGGCACTC-1,34,14440,690,3802
CTGCGAGGTCTGTGTA-1,34,15067,880,3379
CTGCGAGGTGCGTTTA-1,38,7205,472,2183
CTGCGAGGTTGTCATG-1,34,10448,675,3179
CTGCGAGTCGGCTTGG-1,35,10662,956,2798
CTGCTCAAGAGAGTTT-1,15898,68,922,4311
CTGCTCAAGCAACTCT-1,18385,107,1088,4599
CTGCTCAAGCCTGAAG-1,43,10042,1131,3085
CTGCTCACAATGAAAC-1,30,9698,422,3022
CTGCTCAGTGGCTAGA-1,24,12005,669,3233
CTGCTCATCACCGGTG-1,34674,147,2111,6383
CTGCTCATCTCTGACC-1,8223,31,540,2841
CTGGACGAGTGATAAC-1,54,10257,603,2998
CTGGACGGTATGCAAA-1,47,10498,820,3123
CTGGACGGTCCACATA-1,42454,230,4237,7682
CTGGACGGTCTCAGAT-1,9485,32,549,3253
CTGGACGGTCTGCATA-1,55,13718,895,3731
CTGGACGGTTCGATTG-1,9563,44,408,3228
CTGGACGGTTTGACAC-1,45,12153,716,3519
CTGGCAGAGTTCCGTA-1,23,5170,348,1930
CTGGCAGCACGGCCAT-1,20533,84,1416,5320
CTGGCAGCATCCTAAG-1,28,7642,258,2396
CTGGCAGGTTATAGCC-1,10673,60,866,3861
CTGGCAGGTTGGATCT-1,66,11159,1009,3266
CTGGCAGTCACTGCTC-1,46,9723,536,3396
CTGGTCTAGCTGCGAA-1,5503,42,298,2524
CTGGTCTCAAAGGCGT-1,41,9900,647,2958
CTGGTCTCACGGTGAA-1,44,15775,646,3879
CTGGTCTCAGACAAGC-1,15,4022,262,1702
CTGGTCTCAGCACAAG-1,9236,33,631,3382
CTGGTCTTCATCACCC-1,25,7481,362,2656
CTGGTCTTCGCCTCTA-1,22,4257,225,1774
CTGGTCTTCTTGAACG-1,10639,54,190,3582
CTGTACCAGACCTGGA-1,76,19038,1242,4247
CTGTACCAGCAATAGT-1,13174,48,569,3979
CTGTACCAGCCTCTTC-1,3083,18,165,1500
CTGTACCAGGAGACCT-1,13609,60,1407,4014
CTGTACCCAAAGACTA-1,3010,5,112,1404
CTGTACCGTAGGACCA-1,34,9496,329,2901
CTGTACCGTATCACGT-1,76,10142,484,2995
CTGTACCGTGTTGACT-1,19766,106,1583,5179
CTGTACCTCACTTTGT-1,19238,110,1003,5091
CTGTACCTCTACGGTA-1,7355,36,611,2829
CTGTAGAAGCCTCTTC-1,108,11969,702,3417
CTGTAGAAGGTTCCGC-1,15902,51,1489,4001
CTGTAGAAGTCGAAGC-1,14,4340,338,1653
CTGTAGACAAGGCCTC-1,33,10034,622,2841
CTGTAGACACAACGAG-1,8,523,7,392
CTGTAGACACGCGCAT-1,9123,35,452,3214
CTGTAGACACTAAACC-1,70,12874,776,3521
CTGTAGACAGCTAACT-1,45,8640,732,2738
CTGTAGAGTATAATGG-1,38,5255,360,1961
CTGTAGAGTTCGGTTA-1,20,7399,465,2605
CTGTAGATCCTCTAGC-1,18,4923,263,1977
CTGTAGATCCTCTCGA-1,40,8612,705,2401
CTGTAGATCGGTCGGT-1,23,5027,302,1883
CTGTAGATCTCAGGCG-1,13126,3412,1023,5220
CTGTATTAGATAGCTA-1,28532,157,1108,6160
CTGTATTAGGCCCACT-1,18194,104,872,5096
CTGTATTAGTGCAACG-1,7727,35,292,2976
CTGTATTCAGTTGCGC-1,52,15780,1139,3947
CTGTATTCATGTGTCA-1,10,3926,264,1571
CTGTATTCATGTTACG-1,30699,183,1648,6773
CTGTATTGTCAGGCAA-1,19,4968,419,1702
CTGTATTGTGATATAG-1,64,9813,753,2927
CTGTATTTCCCAATAG-1,30,7667,433,2709
CTGTATTTCCCAGGAC-1,648,45,11,545
CTGTATTTCTATGTGG-1,10985,47,788,3790
CTGTCGTAGCACTCTA-1,20367,111,1105,5542
CTGTCGTAGGTAGTCG-1,16955,96,1087,4805
CTGTCGTAGTATGAAC-1,9887,73,749,3730
CTGTCGTCACGGTAGA-1,39,9972,463,3057
CTGTCGTGTCCCGGTA-1,25,8768,693,2719
CTGTCGTGTGCATTTG-1,7374,38,626,2755
CTGTCGTGTTGAGGAC-1,2598,9,207,1424
CTGTCGTTCACAGTGT-1,29,7485,569,2354
CTGTGAAAGAGAACCC-1,36,8114,754,2542
CTGTGAAGTCCGGACT-1,59,13477,524,3297
CTGTGAATCAGTCAGT-1,25,3984,369,1662
CTGTGAATCTTAGCAG-1,6691,44,337,2641
CTGTGGGAGACTCCGC-1,7522,33,464,2823
CTGTGGGAGCAATAAC-1,28,7326,401,2506
CTGTGGGAGCCTTCTC-1,48,11556,666,3285
CTGTGGGAGGACACTG-1,15,5526,197,1960
CTGTGGGAGGATAATC-1,9819,63,803,3103
CTGTGGGAGGCCTGCT-1,74,9169,779,2524
CTGTGGGCAACAAGAT-1,2292,14,5,1231
CTGTGGGCAACCGGAA-1,44,11514,789,2991
CTGTGGGCAGGACATG-1,10493,60,587,3671
CTGTGGGGTAGGTGCA-1,75,12455,1033,3403
CTGTGGGGTGGACCTC-1,4215,66,31,1831
CTGTGGGGTTAGAAAC-1,15609,77,1206,4579
CTGTGGGTCCACCTGT-1,19,6459,380,2216
CTGTGGGTCCGTATAG-1,33,5279,413,2123
CTGTGGGTCGTTGCCT-1,8455,49,569,2879
CTGTGGGTCTTAGCCC-1,40,9668,660,3129
CTTACCGAGAATAGTC-1,15959,75,1072,4411
CTTACCGAGACGTCCC-1,25,6548,455,2291
CTTACCGAGCCAAGCA-1,53,12169,511,3677
CTTACCGCAATTCACG-1,43,12362,1036,3347
CTTACCGCACTGGATT-1,28267,160,2010,6494
CTTACCGCAGTCGAGA-1,5742,29,489,2138
CTTACCGCATGTGCTA-1,67,11893,700,3297
CTTACCGGTATACAGA-1,18835,128,1123,6002
CTTACCGGTCACAGAG-1,12678,74,937,4307
CTTACCGGTCCCGGTA-1,38,8448,540,2538
CTTACCGGTTGGACCC-1,2128,8,1,915
CTTACCGGTTGTGGAG-1,28,11683,671,3291
CTTACCGTCACCTGGG-1,30,8817,465,2851
CTTACCGTCGCACTCT-1,74,16242,934,4190
CTTACCGTCTGTGTGA-1,8753,55,371,3149
CTTAGGAAGACGCAGT-1,15706,67,1171,4393
CTTAGGAAGCTAGTTC-1,10861,46,610,3747
CTTAGGACACCATATG-1,13365,69,800,4164
CTTAGGAGTGACATCT-1,107,17433,1015,4316
CTTAGGAGTGACTGAG-1,7126,31,551,2865
CTTAGGAGTGGACCAA-1,50,8830,685,2830
CTTAGGAGTGTGCCTG-1,14,5305,566,1858
CTTAGGAGTTTAGTCG-1,10131,41,925,3304
CTTAGGATCCATAAGC-1,30,10867,609,2893
CTTAGGATCCCAGGCA-1,20,7254,342,2301
CTTAGGATCGATACGT-1,25,8105,408,2290
CTTCAATAGAAGTGTT-1,25,5088,253,1930
CTTCAATAGAGGTCAC-1,30,9827,589,2831
CTTCAATCAACAGATA-1,32,9585,458,2998
CTTCAATCACCGGCTA-1,30,7225,368,2573
CTTCAATCACCTGTCT-1,7650,43,413,3205
CTTCAATCAGACATCT-1,20,4020,195,1766
CTTCAATCAGTCGGTC-1,20,7329,405,2605
CTTCAATGTCCTTGTC-1,17,4290,242,1660
CTTCAATTCAGTCACA-1,47,10357,668,3058
CTTCAATTCCAGTGCG-1,21937,109,1283,5931
CTTCAATTCCCAGGCA-1,49,9048,572,3068
CTTCAATTCCTCTGCA-1,9,2636,178,1227
CTTCAATTCTATCGGA-1,13135,80,976,4276
CTTCCGAAGAGAACCC-1,8694,8384,1141,5841
CTTCCGAAGCATCAAA-1,49,7473,575,2606
CTTCCGAAGTAAACTG-1,34,9451,498,2751
CTTCCGACAATGAGCG-1,13,5747,201,1940
CTTCCGACAATTTCCT-1,32,6992,438,2760
CTTCCGACACAATCTG-1,21,7453,379,2593
CTTCCGACAGGTCAGA-1,16218,197,1109,4556
CTTCCGAGTGTTAAAG-1,6696,36,444,2871
CTTCCGAGTTGATGTC-1,22,5741,350,2099
CTTCCGATCCACAAGT-1,30,6325,447,2275
CTTCCGATCCTAGAGT-1,12,4186,235,1717
CTTCCGATCGGAAGGT-1,8,1875,132,916
CTTCCTTAGCTATCTG-1,5384,44,231,2531
CTTCCTTAGTGTTGAA-1,13727,63,637,3972
CTTCCTTCAAGTCATC-1,12821,61,816,4128
CTTCCTTCAGAATCGG-1,52,8791,795,2789
CTTCCTTGTACAAAGT-1,11371,52,977,3571
CTTCCTTGTTAAACCC-1,70,15866,925,4182
CTTCCTTTCCATAAGC-1,11,4239,237,1710
CTTCCTTTCCCTCTAG-1,19,3648,314,1612
CTTCCTTTCCTACGGG-1,68,13239,805,3922
CTTCCTTTCTCGTCAC-1,66,8826,482,3002
CTTCCTTTCTGAATGC-1,13,3148,215,1423
CTTCCTTTCTGGACTA-1,2511,12,1,1186
CTTCCTTTCTTTCCAA-1,37,5766,540,2352
CTTCCTTTCTTTGCAT-1,13526,70,562,4726
CTTCGGTCAAGATGTA-1,10874,53,800,3783
CTTCGGTCACTTGACA-1,15576,91,1024,4389
CTTCGGTCATAGCTGT-1,54,11980,746,3455
CTTCGGTCATCTCCCA-1,3809,39,572,1931
CTTCGGTGTAGATCCT-1,14882,80,1331,4341
CTTCGGTGTAGATTGA-1,4667,27,320,1958
CTTCGGTGTATCAGCT-1,7739,33,796,2860
CTTCGGTGTGTCCACG-1,59,15806,765,3887
CTTCGGTTCCTACGGG-1,8417,47,486,3150
CTTCGGTTCGAGAGCA-1,11360,78,912,3652
CTTCGGTTCGTGGCTG-1,22,5870,320,2138
CTTCTAAAGCACCTGC-1,20,6155,286,2245
CTTCTAAAGTTGCCTA-1,14,3999,273,1788
CTTCTAACAGGATCTT-1,5626,23,252,2574
CTTCTAAGTCCAGCGT-1,25,4226,274,2001
CTTCTAAGTCTAACTG-1,76,13663,838,3989
CTTCTAAGTCTCTCTG-1,2240,43,1,1128
CTTCTAATCAGAGTTC-1,46,7045,409,2450
CTTCTAATCGGACTGC-1,44,7675,495,2596
CTTCTCTAGAGCAACC-1,49,6817,553,2529
CTTCTCTAGAGGATCC-1,27,7607,525,2527
CTTCTCTAGCGCGTTC-1,69,14343,977,3804
CTTCTCTAGTGCTACT-1,7435,35,383,3089
CTTCTCTAGTGGTTGG-1,11,3489,342,1389
CTTCTCTCAAGTTGGG-1,14821,87,931,4505
CTTCTCTCACAGCCTG-1,21,7862,431,2693
CTTCTCTGTATGGTAA-1,44,8746,349,2860
CTTCTCTGTGTGATGG-1,60,15783,1026,3936
CTTCTCTGTTCGGACC-1,34,5485,354,2019
CTTCTCTTCAACACCA-1,17,3930,173,1844
CTTCTCTTCACAACCA-1,11998,68,306,4239
CTTCTCTTCATCGACA-1,39,8053,543,2666
CTTCTCTTCGACATAC-1,70,11309,821,3656
CTTCTCTTCGCGTGAC-1,8974,37,406,3223
CTTCTCTTCGGACTGC-1,3965,20,252,1848
CTTCTCTTCGTCACCT-1,81,14298,803,4042
CTTGAGAAGAGTCGAC-1,50,10922,624,3353
CTTGAGAAGCGGACAT-1,9933,93,754,3405
CTTGAGACAGACCTAT-1,99,21995,1382,4778
CTTGAGACATTCTGTT-1,55,9121,765,3005
CTTGAGAGTGTAAATG-1,86,11853,1139,3363
CTTGAGATCTTTCTAG-1,65,12542,738,3424
CTTGATTAGAACGCGT-1,23,6956,556,2614
CTTGATTAGAGAAGGT-1,17246,18,5,3081
CTTGATTCAAGACCTT-1,14488,67,1083,4332
CTTGATTCAGAATCGG-1,22,3665,390,1535
CTTGATTCAGGTGTGA-1,9128,39,699,3256
CTTGATTGTAGGAAAG-1,5806,34,337,2416
CTTGATTGTTCCGCTT-1,36,6784,389,2548
CTTGATTTCCAGCTCT-1,81,13256,780,4060
CTTGATTTCCCTTTGG-1,49,9332,555,3002
CTTGATTTCGGAGCAA-1,9109,46,341,3053
CTTGATTTCGTACCTC-1,14,3982,222,1542
CTTTCAAAGAGGGCGA-1,6121,28,475,2502
CTTTCAAAGAGGGTCT-1,35,9325,485,2756
CTTTCAACAAATCAAG-1,4135,67,312,1903
CTTTCAACACTACAGT-1,42,5225,265,1883
CTTTCAACAGGGCTTC-1,40,6807,643,2433
CTTTCAAGTCATTCCC-1,25,7752,427,2769
CTTTCAAGTCGGATTT-1,37,9764,483,2854
CTTTCAATCACTTATC-1,14043,65,678,4402
CTTTCAATCTCATGCC-1,12,3944,221,1546
CTTTCAATCTCTAAGG-1,40,10734,475,3073
CTTTCAATCTGTGCAA-1,8175,100,790,3280
CTTTCGGAGGTCATTC-1,70,14343,812,3702
CTTTCGGAGGTCGTGA-1,32,8502,581,2695
CTTTCGGCAACGGTAG-1,31399,137,2562,6194
CTTTCGGGTATTGGCT-1,37,8563,350,2879
CTTTCGGGTCACTAGT-1,10,3816,215,1514
CTTTCGGGTGGGTCAA-1,24,4540,256,1689
CTTTCGGGTTGCTCAA-1,58,13480,1048,3707
CTTTCGGTCCGTGTCT-1,38,11618,1324,2976
CTTTCGGTCCTGGGAC-1,43,5516,372,2002
GAAACCTCAGAGTTCT-1,13583,46,621,4232
GAAACCTGTGCGTCGT-1,7992,26,442,3045
GAAACCTTCCCATAGA-1,28,9464,335,2850
GAAACCTTCGATACAC-1,15408,115,705,4379
GAAACCTTCGCTCCTA-1,14696,90,898,4478
GAAACCTTCGGCACTG-1,23,5868,251,2142
GAAATGAAGAGTCTGG-1,41,9168,766,2957
GAAATGAAGTATAGAC-1,51,9210,650,2867
GAAATGACACCCGTAG-1,40,15579,609,3635
GAAATGACACGCCACA-1,51,13661,931,3515
GAAATGACAGATACTC-1,16461,88,1025,4782
GAAATGAGTACATACC-1,31,6667,263,2264
GAAATGAGTCTAGATC-1,16922,122,1114,4917
GAAATGAGTTCAGGTT-1,13386,55,564,4046
GAAATGAGTTTCCCAC-1,564,25,25,439
GAAATGATCCATCCGT-1,296,9599,529,3079
GAAATGATCCGCGATG-1,18073,100,1360,4913
GAAATGATCCTCACGT-1,16995,82,1363,4638
GAAATGATCGAGCACC-1,21637,119,1366,5614
GAAATGATCGGTGTAT-1,21,5835,339,2150
GAACACTAGAGCCATG-1,37,8027,370,2883
GAACACTAGGCTTAGG-1,29,8755,638,2734
GAACACTCAACCGCCA-1,21707,16158,1890,9585
GAACACTCAATAGGAT-1,11677,67,360,3798
GAACACTCACGGCACT-1,30,12222,730,3405
GAACACTCAGAAATTG-1,38,9288,701,2911
GAACACTCATGTTCAG-1,13,4113,260,1535
GAACACTCATTGACTG-1,10389,47,700,3676
GAACACTGTCTACAAC-1,20133,82,1012,5305
GAACACTGTTGTGTAC-1,27,5576,350,2111
GAACACTTCCTCAGGG-1,36,6009,354,2268
GAACACTTCGCCTCTA-1,74,15618,681,4076
GAACACTTCTGTCGCT-1,85,15185,840,4167
GAACGTTAGGTTTACC-1,19974,94,1121,5106
GAACGTTCAGTGCGCT-1,63,15215,1071,4114
GAACGTTCATTGGCAT-1,13984,126,941,4527
GAACGTTCATTGTGCA-1,22129,114,724,5733
GAACGTTGTATCATGC-1,45,8704,597,2566
GAACGTTGTCAATGGG-1,38,13951,744,3660
GAACGTTGTGAAGCGT-1,44,6454,665,2295
GAACGTTGTGATGGCA-1,20,4315,237,1735
GAACGTTGTGTACATC-1,23556,107,1201,5621
GAACGTTTCACACCCT-1,23,7688,445,2425
GAACGTTTCCAGTGTA-1,10758,51,340,3657
GAACGTTTCGTGTGAT-1,13,4843,399,1812
GAACGTTTCGTTCATT-1,3981,17,5,1365
GAACTGTAGCCTTTGA-1,24,6725,316,2744
GAACTGTAGGATACGC-1,1107,6,0,711
GAACTGTAGGCATCGA-1,17566,94,1935,4597
GAACTGTAGTAGGTTA-1,24901,124,718,5321
GAACTGTAGTGGTCAG-1,18575,98,1436,5072
GAACTGTCATTGCAAC-1,43010,200,2618,7530
GAACTGTGTACAGGTG-1,33,10507,540,2957
GAACTGTTCCACGTGG-1,87,22934,1123,4964
GAACTGTTCCTACACC-1,33,6022,453,2269
GAACTGTTCGTCGATA-1,67,19532,1070,4437
GAAGAATAGGAGAGGC-1,10907,53,678,3534
GAAGAATCAAAGGGTC-1,35,8943,728,2666
GAAGAATCAAGCCATT-1,56,11579,960,3150
GAAGAATCAATCCTAG-1,13780,105,1067,4617
GAAGAATGTCAGATTC-1,42,11206,643,2718
GAAGAATGTCGTTATG-1,17069,84,1079,4811
GAAGAATGTGACGCCT-1,52,11049,559,3200
GAAGAATGTTTACGAC-1,27,5961,371,1375
GAAGAATTCCGCGGAT-1,15220,72,1148,4515
GAAGAATTCGATCCAA-1,12417,69,775,4067
GAAGAATTCGTAATGC-1,11072,56,1093,3783
GAAGCCCAGAGGCGGA-1,49,13252,1224,3490
GAAGCCCAGCACGTCC-1,33015,136,1468,6310
GAAGCCCAGTGGCCTC-1,27,12817,731,3272
GAAGCCCCAACTCCCT-1,61,10955,503,3373
GAAGCCCCACACCTTC-1,15,6400,315,2244
GAAGCCCCACATTACG-1,29,7532,430,2376
GAAGCCCCACTGGAAG-1,18900,104,1046,5296
GAAGCCCCATCTCGTC-1,63,16170,951,3823
GAAGCCCGTAGGGAGG-1,9268,45,403,3334
GAAGCCCGTTGGCCTG-1,9380,56,577,2893
GAAGCCCTCGTGGAAG-1,31,10151,671,2653
GAAGCGAAGTGCTCAT-1,44,13307,910,3489
GAAGCGAAGTTTGAGA-1,29,8817,434,2849
GAAGCGACACAATGAA-1,27,7235,608,2421
GAAGCGACACTAGAGG-1,39,10613,834,2671
GAAGCGAGTCGATGCC-1,11158,58,1232,3671
GAAGCGAGTTAGGGAC-1,36,10804,675,2929
GAAGCGATCAGCAATC-1,27,5415,393,1864
GAAGCGATCCCTCAAC-1,17152,101,1205,4861
GAAGCGATCCGAAATC-1,11,3178,161,1235
GAAGGACAGGCTCCCA-1,97,18358,1087,3989
GAAGGACCACTGTCCT-1,11492,41,528,3797
GAAGGACCACTGTGAT-1,7284,39,620,2753
GAAGGACGTCGATTTG-1,23,6295,268,2053
GAAGGACTCGTGGGTC-1,55,9422,615,2949
GAAGGGTAGAGTCTGG-1,91,17088,942,4036
GAAGGGTAGCTCCGAC-1,41,568,109,355
GAAGGGTCAGAGAAAG-1,11577,56,764,3909
GAAGGGTCATCCTAAG-1,20,6038,405,2245
GAAGGGTGTACAACGG-1,71,27756,1713,5006
GAAGGGTGTACGTTCA-1,81,2362,159,754
GAAGGGTGTATGTCTG-1,56,9445,778,2740
GAAGGGTGTGAGCTCC-1,18229,72,1032,4574
GAAGGGTGTGTGGTCC-1,9316,45,729,3188
GAAGGGTGTGTTAACC-1,8717,3416,485,4577
GAAGGGTGTTATGGTC-1,10947,55,607,3531
GAAGGGTTCCGGACTG-1,9079,44,596,3194
GAAGGGTTCCTCTAAT-1,69,7512,322,2507
GAAGGGTTCGTAGTGT-1,25,6015,375,2160
GAAGGGTTCGTGCGAC-1,52,16076,1061,3880
GAAGGGTTCGTTCTAT-1,16,7011,456,2336
GAAGTAAAGCAGATAT-1,9958,49,578,3273
GAAGTAAAGGATTTCC-1,70,15136,1466,4103
GAAGTAAAGGTAACTA-1,11233,64,712,3644
GAAGTAAAGTGATAGT-1,49,7069,673,2251
GAAGTAAGTCCTCCAT-1,72,10819,580,3084
GAAGTAAGTGATGTAA-1,37,6653,409,2367
GAAGTAATCCCTTCCC-1,18,1401,354,800
GAATAGAAGCAAATCA-1,47,7417,292,2489
GAATAGAAGTAGGGTC-1,20,4329,241,1818
GAATAGAAGTCCGCGT-1,20283,100,890,5286
GAATAGACAAAGACGC-1,5006,18,327,2363
GAATAGACACCTCAGG-1,14222,91,717,4273
GAATAGACACGACGCT-1,31,5464,216,2140
GAATAGACAGCTAACT-1,80,17416,828,4384
GAATAGACAGTATACC-1,45,9705,526,3136
GAATAGAGTCACCACG-1,5430,37,446,2453
GAATAGAGTCCGGTCA-1,47,12654,530,3668
GAATAGAGTGAGGAAA-1,70,12652,1227,3679
GAATAGAGTGGCATCC-1,27,5535,384,1908
GAATAGATCAGGACGA-1,22,6072,361,2230
GAATAGATCCCTCTCC-1,21,7443,530,2753
GAATCACAGCGCGTTC-1,33,4478,443,1772
GAATCACAGCTGAAAT-1,8278,36,680,2996
GAATCACAGGGACCAT-1,22885,145,1199,5799
GAATCACCACCATATG-1,17260,106,1076,4733
GAATCACCATAGTCGT-1,16,3756,313,1586
GAATCACCATCTGCGG-1,23,4770,236,1978
GAATCACCATGACCCG-1,33,7611,412,2677
GAATCACGTGAGGAAA-1,16755,71,1393,4616
GAATCACGTGGTAACG-1,27,7556,271,2591
GAATCACGTTACGTAC-1,33,7514,405,2709
GAATCACGTTGTATGC-1,21,8153,429,2351
GAATCACTCTATTTCG-1,8379,36,354,3276
GAATCACTCTTGGTCC-1,40,9965,626,3085
GAATCGTAGATCACCT-1,105,16723,1048,4255
GAATCGTCAAATCAAG-1,20,4420,284,1515
GAATCGTCAACTTGGT-1,27,4828,465,1814
GAATCGTCACATACGT-1,68,4394,217,1651
GAATCGTCAGACAATA-1,33,7066,443,2340
GAATCGTCATCCTGTC-1,23,7119,753,2436
GAATCGTGTTGGCCGT-1,28,9379,945,2597
GAATCGTTCAGTAGGG-1,19,6233,362,2302
GAATCGTTCATTTGTC-1,724,4,535,192
GAATCGTTCTACGCGG-1,38,12831,702,3489
GAATCGTTCTGCTCTG-1,30,7755,556,2173
GACACGCAGCTTAAGA-1,36,8761,679,2748
GACACGCCAACGTTAC-1,26188,118,1742,6144
GACACGCCACATAGCT-1,63,13500,1279,3574
GACACGCCAGAGTCAG-1,12423,66,323,4174
GACACGCCATCAGCTA-1,51,11032,464,3603
GACACGCCATGGAGAC-1,10664,51,539,3433
GACACGCGTGATACAA-1,974,440,17,1046
GACACGCGTTAGTCGT-1,35,10136,314,2843
GACACGCTCGTCCTCA-1,19,3732,164,1564
GACACGCTCTCTGCCA-1,19482,98,1097,5154
GACAGCCAGCACTCTA-1,13954,12885,1497,7424
GACAGCCAGCAGGGAG-1,27,6459,465,2058
GACAGCCGTAGCTTGT-1,52,10845,525,3226
GACAGCCGTCGCATGC-1,16478,93,1256,4330
GACAGCCGTCTTGTCC-1,16536,107,1242,4746
GACAGCCGTGGCTGCT-1,21053,79,1173,5193
GACAGCCTCAACGAGG-1,3458,11,45,1564
GACAGCCTCAGCGCAC-1,5126,68,781,2432
GACAGCCTCTTACTGT-1,44,11390,725,3065
GACATCAAGATACCAA-1,17484,70,921,4809
GACATCAAGCTCGGCT-1,13755,80,847,4621
GACATCAAGGTACTGG-1,27,7543,403,2398
GACATCACAATTGTGC-1,18953,72,1100,5332
GACATCACACAGAAGC-1,51,9287,678,2910
GACATCACACCGGAAA-1,39,9178,450,2636
GACATCACATGACTCA-1,58,13845,793,3738
GACATCACATTGCTGA-1,89,17939,755,4313
GACATCAGTGAGCAGT-1,67,12323,931,3142
GACATCATCGTCCTTG-1,45,13087,820,3356
GACCAATAGACCGTTT-1,14845,59,777,4109
GACCAATAGACTTCGT-1,24,7614,465,2571
GACCAATAGGTTGGAC-1,20267,94,1434,4942
GACCAATGTGAGTCAG-1,25837,95,1357,5757
GACCAATTCATTGTGG-1,11,3541,258,1368
GACCAATTCGGTAGAG-1,12676,93,1165,4203
GACCCAGAGTCACTGT-1,53,7131,659,2558
GACCCAGAGTTCCGGC-1,81,24312,1679,4782
GACCCAGCAATGTCTG-1,35,11496,576,3144
GACCCAGCAGGAGGAG-1,974,4,1,616
GACCCAGGTGAGATTA-1,75,14998,889,4027
GACCCAGGTTTCCAAG-1,27,4205,364,1633
GACCCAGTCCTCCACA-1,37,9097,556,2909
GACCCAGTCGACCCAG-1,22,6847,462,2130
GACCCAGTCGAGTCCG-1,11914,46,718,3852
GACCCAGTCTCGGGAC-1,66,15458,1299,4026
GACCCAGTCTGCATAG-1,22511,124,1389,5718
GACCCTTAGGCTTAGG-1,7188,22,427,2735
GACCCTTAGTACTGTC-1,30,7672,297,2497
GACCCTTAGTCTGGAG-1,24,3794,378,1523
GACCCTTCACGTCTCT-1,63,16364,1010,4260
GACCCTTCAGACCAGA-1,26,7934,690,2445
GACCCTTCAGCGGTCT-1,16780,18635,2424,8635
GACCCTTCATGATGCT-1,45,9382,533,2873
GACCCTTGTACGGGAT-1,26,11435,533,3323
GACCCTTGTGAGCTCC-1,57,9855,1195,2978
GACCCTTGTGATACTC-1,21,5039,389,1753
GACCCTTGTTACCGTA-1,81,16814,1111,4136
GACCCTTGTTGCAAGG-1,7823,38,499,2918
GACCCTTTCCAACACA-1,14,4019,157,1629
GACCCTTTCTAGCCAA-1,69,12434,500,3494
GACCCTTTCTTTCGAT-1,6173,115,583,2603
GACCGTGAGCTAGATA-1,18887,106,1107,5218
GACCGTGAGGTGAGAA-1,21009,6969,2305,7480
GACCGTGAGTCCGCCA-1,59,12760,1051,3391
GACCGTGAGTGTTGAA-1,58,10397,597,3013
GACCGTGCACCACTGG-1,38,13031,636,3755
GACCGTGTCTTCCCGA-1,46,8639,514,2383
GACCTTCAGACCCTTA-1,61,13618,840,3967
GACGCTGAGACTCTTG-1,20256,16474,2419,9031
GACGCTGAGGTAAAGG-1,53,10305,654,2962
GACGCTGCAACGCCCA-1,22737,107,1680,5477
GACGCTGCAACGGGTA-1,21,4397,327,1707
GACGCTGCACGGGCTT-1,12521,57,557,3857
GACGCTGCAGAAGCTG-1,41,7946,670,2490
GACGTTAAGGTTCTTG-1,53,8629,339,2743
GACGTTACAAGCTGTT-1,19,6632,400,2250
GACGTTACAAGTGTCT-1,16761,106,1344,4741
GACGTTACAGATACTC-1,14143,104,1211,4278
GACGTTAGTCACAGTT-1,24,6140,269,2159
GACGTTAGTTGGGATG-1,18750,100,1656,4962
GACGTTATCCATTTGT-1,58,15279,902,3907
GACGTTATCCTCGCAT-1,19,4375,251,1723
GACTATGAGATAGCAT-1,34,10071,665,3077
GACTATGAGCGAGTAC-1,26,5658,517,2030
GACTATGAGCGCCTTG-1,31,6561,403,2076
GACTATGAGGCTATCT-1,30,5380,281,2043
GACTATGCACAGTACT-1,39,9913,665,2637
GACTATGGTCCATAGT-1,12,5973,525,1250
GACTATGGTTCAGCTA-1,52,11845,816,3344
GACTATGTCACCCATC-1,39,13233,881,3568
GACTATGTCGATTTCT-1,113,21253,1151,4763
GACTATGTCGCCGAGT-1,5001,20,294,2007
GACTCAAAGACCAACG-1,4721,21,293,2419
GACTCAAAGAGAGCAA-1,15677,71,789,4826
GACTCAAAGTATAGGT-1,5175,24,177,2012
GACTCAACAACAAAGT-1,14634,112,791,4507
GACTCAACACATATGC-1,42,10066,455,2978
GACTCAACATTCCTAT-1,7631,454,1132,3496
GACTCAAGTCGGCTAC-1,24,7371,402,2504
GACTCAATCCACCTGT-1,38,7198,385,2574
GACTCAATCCTCGCAT-1,33235,173,1906,7138
GACTCAATCCTTATGT-1,11936,61,694,3859
GACTCAATCTCTGCTG-1,54,10898,443,2876
GACTCTCAGGCCCACT-1,13933,64,788,4203
GACTCTCAGGGTGAGG-1,13253,72,1076,4092
GACTCTCGTCGATTAC-1,903,12,0,615
GACTCTCGTGACTCTA-1,78,12067,1002,3420
GACTCTCTCTACCTTA-1,24,4938,261,1971
GACTGATGTAACATAG-1,20,3122,164,1457
GACTGATGTATTTCTC-1,8507,51,469,3277
GACTGATGTCACTTCC-1,16865,87,1107,4684
GACTGATGTCGGTAAG-1,803,5,1,545
GACTGATGTTCCTAAG-1,19,5320,241,2128
GACTGATGTTGCACGC-1,55,12831,643,3652
GACTGATGTTGCATTG-1,25,7983,485,2705
GACTGATTCGTTGTGA-1,62,7346,594,2374
GACTTCCAGAAGTCCG-1,19,3782,413,1499
GACTTCCAGAGGGTGG-1,12,2953,245,1220
GACTTCCAGAGTCGAC-1,8593,47,483,3085
GACTTCCCAATACAGA-1,24,5170,305,1960
GACTTCCCACACTGGC-1,13314,40,13,3178
GACTTCCGTAGTTACC-1,16,5353,226,2030
GACTTCCGTATGACAA-1,39,7066,669,2215
GACTTCCGTCAGGTAG-1,48,17402,877,3821
GACTTCCGTCTCCTGT-1,15848,78,511,4926
GACTTCCGTGACAGCA-1,15972,46,690,4376
GACTTCCGTTTCAGAC-1,12130,71,558,4263
GACTTCCTCATTACTC-1,62,9710,441,3087
GACTTCCTCTCGACCT-1,17,7609,263,2528
GAGAAATAGGCTGAAC-1,51,10932,587,3162
GAGAAATAGTATAACG-1,12,3470,176,1504
GAGAAATCACCTCGTT-1,167,10555,673,3042
GAGAAATCAGAACGCA-1,23423,141,1683,5815
GAGAAATCAGACCAAG-1,18786,333,1258,4977
GAGAAATCAGAGCGTA-1,31,6921,453,2264
GAGAAATCAGCTGTTA-1,1297,27,4,910
GAGAAATGTATTCCTT-1,49,8257,579,2676
GAGAAATGTCAACACT-1,58,13629,501,3713
GAGAAATGTGTTCAGT-1,16,5110,406,1790
GAGAAATGTTCTAAGC-1,17152,67,1317,4604
GAGAAATTCCCTAGGG-1,52,10788,890,3330
GAGAAATTCCGTATAG-1,15402,75,757,5086
GAGAAATTCGCTTGAA-1,30,13542,546,3426
GAGAAATTCGTCGACG-1,20,6385,325,2149
GAGACCCAGCTGAGCA-1,71,20936,925,4577
GAGACCCAGGATGCGT-1,20898,103,1551,5511
GAGACCCAGGCCCGTT-1,4873,49,1598,2137
GAGACCCAGTGCCAGA-1,16,3263,13,925
GAGACCCCAACCAGAG-1,93,18117,1354,4531
GAGACCCCACCGTACG-1,98,15666,918,3892
GAGACCCCACGGTGCT-1,17574,123,1259,4680
GAGACCCCATCAGCGC-1,1248,14857,968,4669
GAGACCCGTGGTAATA-1,39,10145,577,2892
GAGACCCGTTGTTGCA-1,44,14855,597,3594
GAGACCCTCCTCGCAT-1,71,14667,1072,3729
GAGACTTAGATGATTG-1,29,5149,366,2020
GAGACTTAGATGTTCC-1,25,3962,412,1501
GAGACTTAGCAGCCTC-1,25,8285,665,2516
GAGACTTCAACTGGTT-1,41,3734,288,1721
GAGACTTCACCCAAGC-1,61,17264,813,4045
GAGACTTCAGAGGAAA-1,12729,63,1151,4017
GAGACTTGTAGTGCGA-1,20290,125,1288,5425
GAGACTTGTCACCTTC-1,9123,72,675,3341
GAGACTTGTCCGATCG-1,30,5649,330,1944
GAGACTTGTCTCTCAC-1,11203,64,739,4114
GAGACTTGTGACACGA-1,31,6978,511,2354
GAGACTTGTGATGGCA-1,53,14083,896,3378
GAGACTTTCTCAACCC-1,7275,28,338,3022
GAGACTTTCTGAGAAA-1,48,6507,483,2202
GAGACTTTCTGTTCAT-1,8674,49,419,3087
GAGAGGTAGATTCGCT-1,3318,22,129,1161
GAGAGGTAGCTAGCCC-1,6399,35,445,2679
GAGAGGTAGGTCATAA-1,25320,163,665,4454
GAGAGGTCAACCGCCA-1,39,8824,457,2552
GAGAGGTCAGGACAGT-1,21,8062,443,2703
GAGAGGTGTCCGAAAG-1,13080,79,595,3874
GAGAGGTGTCGTATTG-1,16246,84,1175,4666
GAGAGGTGTCTGCATA-1,14,5040,366,1844
GAGAGGTGTGCAACAG-1,34,5671,247,2152
GAGAGGTTCATCGGGC-1,72,18737,1200,4394
GAGAGGTTCCTTCTGG-1,6124,39,676,2366
GAGAGGTTCGCTCTAC-1,14128,78,1238,4201
GAGATGGAGCGTTGTT-1,4937,18,315,2112
GAGATGGCAATACGCT-1,27,5732,438,2140
GAGATGGCACAGTGTT-1,23,5979,309,1907
GAGATGGCAGGGTCTC-1,62,15102,826,3637
GAGATGGGTTCGGTCG-1,13694,55,804,4095
GAGATGGTCAGATTGC-1,103,24262,1465,4840
GAGATGGTCCCAACTC-1,69,15217,996,4048
GAGATGGTCGAACCAT-1,84,10841,752,3105
GAGATGGTCTGCTTTA-1,53,9880,622,3047
GAGATGGTCTGGAGAG-1,2926,15,41,1391
GAGCCTGAGCGCCCAT-1,9928,47,794,3420
GAGCCTGAGCTGACCC-1,33,6699,358,2421
GAGCCTGCAGGACGAT-1,42,11482,792,3103
GAGCCTGGTACCCGCA-1,8834,23,761,2850
GAGCCTGGTAGCTCGC-1,9926,63,786,3567
GAGCCTGGTAGCTGCC-1,18472,67,790,4915
GAGCCTGGTTCCGCGA-1,11727,369,562,4249
GAGCCTGTCAACGAGG-1,23,4775,237,1877
GAGCCTGTCGCCAGAC-1,13,2347,162,827
GAGCCTGTCTAGTGAC-1,48,8458,543,2910
GAGCTGCAGAGGTCGT-1,2108,266,1194,921
GAGCTGCCAATAGTAG-1,50,11532,880,3033
GAGCTGCGTGTCTTCC-1,24024,98,2034,5319
GAGCTGCGTTGTGCCG-1,18,5149,319,1720
GAGCTGCTCCTGTAAG-1,54,13179,680,3313
GAGCTGCTCGTCGATA-1,18227,92,1214,5134
GAGCTGCTCTTAATCC-1,13179,92,699,4398
GAGGCAAAGCAACAAT-1,9805,41,716,3331
GAGGCAAAGTGTACAA-1,26,6887,276,2452
GAGGCAACACTGCATA-1,10171,36,553,3451
GAGGCAAGTCCTCCTA-1,11521,64,564,3849
GAGGCAATCAGAGTTC-1,68,15779,894,4048
GAGGCAATCATGCAGT-1,71,10186,416,3149
GAGGCAATCCCATAGA-1,7301,6044,594,5178
GAGGCAATCCGCGATG-1,8334,36,556,3121
GAGGCAATCCGCTTAC-1,85,20157,1002,4540
GAGGCAATCCTACGGG-1,40,5922,377,2015
GAGGCAATCGGTGCAC-1,13068,54,657,4024
GAGGCCTAGAAATTGC-1,31,5413,314,2132
GAGGCCTAGGAATGTT-1,80,16755,893,4248
GAGGCCTAGGTCCTGC-1,1869,11,8,877
GAGGCCTCAGAATTCC-1,108,21649,1079,4983
GAGGCCTGTCTGTCCT-1,24,7837,421,2596
GAGGCCTGTTGCCTAA-1,73,16823,914,3943
GAGGCCTTCATTGTGG-1,208,5663,402,2156
GAGGGATAGAAATCCA-1,13442,77,986,3885
GAGGGATCAAGTTCGT-1,17319,105,970,4813
GAGGGATGTAGGCAGT-1,41,9414,441,2910
GAGGGATGTGCAAGAC-1,65,13652,859,3628
GAGGGATTCACATTGG-1,22,5051,455,1945
GAGGGATTCCATGATG-1,50,18950,664,4248
GAGGGATTCCCAGTGG-1,12528,48,806,3635
GAGGGATTCGTGGTAT-1,44,4139,306,1594
GAGGGTAAGGACAAGA-1,8320,52,591,2789
GAGGGTAAGTGCGCTC-1,44,8982,660,2627
GAGGGTACAATGCAGG-1,16176,8468,1997,7226
GAGGGTACAGTGCCTG-1,43,8549,714,2552
GAGGGTACATTGGGAG-1,22,5300,410,1939
GAGGGTAGTATCAGGG-1,376,7154,390,2558
GAGGGTAGTCGGCCTA-1,13,4523,276,1766
GAGGGTAGTGACTGTT-1,55,12358,1047,3028
GAGGGTAGTGAGTTGG-1,17461,94,1245,4679
GAGGGTAGTTAAGGAT-1,10836,47,759,3527
GAGGGTAGTTTCGGCG-1,70,23594,1445,4788
GAGGGTATCCCGATCT-1,68,11393,1053,3006
GAGGGTATCCTCATAT-1,30,6204,406,1985
GAGGGTATCTCCAAGA-1,13453,144,880,4280
GAGTCATAGGCGATAC-1,16220,85,1707,4598
GAGTCATCACCAGCTG-1,19,3271,64,1234
GAGTCATGTCAAGCGA-1,20255,82,1507,5127
GAGTCATGTCTTCCGT-1,29,8067,505,2518
GAGTCATGTCTTTCTA-1,21,5138,498,1948
GAGTCATGTGTCCACG-1,63,9899,721,2892
GAGTCATGTTTGTTGG-1,12,3453,256,1445
GAGTCATTCACCGCTT-1,69,18826,896,4431
GAGTCATTCCAATCCC-1,63,11896,615,3527
GAGTCATTCTCAACGA-1,4499,52,524,2229
GAGTCTAAGGGAGATA-1,36,11142,641,2875
GAGTCTACACGGTCTG-1,62,17375,1333,3897
GAGTCTACAGTCTTCC-1,28,5906,515,2074
GAGTCTACATCTCATT-1,68,11525,745,3668
GAGTCTAGTAGTAAGT-1,10407,65,486,3442
GAGTCTAGTCGTGTTA-1,66,14961,1263,4015
GAGTCTATCTAGGCCG-1,7458,35,371,2825
GAGTCTATCTTCGTGC-1,48,10853,673,3004
GAGTGAGAGCAGCAGT-1,14406,71,1034,4302
GAGTGAGAGTGGCAGT-1,39,8899,970,2556
GAGTGAGAGTGTAGTA-1,2388,16,2,1155
GAGTGAGAGTTGCCTA-1,20,4695,280,1904
GAGTGAGCAAGAGTAT-1,31,8130,761,2538
GAGTGAGCAGAACATA-1,988,84,842,188
GAGTGAGGTAGATTAG-1,15,2880,258,466
GAGTGAGGTCAGACGA-1,13,3566,273,1427
GAGTGAGGTGCCCACA-1,7673,25,3,2203
GAGTGAGGTGTAGCAG-1,10860,104,759,3751
GAGTGAGTCATTCTTG-1,68,11755,1162,3204
GAGTGAGTCCAGGACC-1,33,6106,557,2111
GAGTGTTCACTTGACA-1,13,657,24,461
GAGTGTTGTAGTCTGT-1,52,8276,531,2764
GAGTGTTGTTCCGCTT-1,52,9790,546,2871
GAGTGTTGTTCTCAGA-1,24,6540,409,2301
GAGTGTTTCCGACGGT-1,15084,73,1115,4597
GAGTGTTTCCTGTAGA-1,68,14230,1230,3564
GAGTGTTTCGAGAAGC-1,17,5521,206,2056
GAGTTACCACTGCACG-1,33,8453,572,2471
GAGTTACCACTTCATT-1,15479,54,799,4044
GAGTTACCACTTGGCG-1,23261,115,1602,5658
GAGTTACGTCCTCCAT-1,58,11586,979,3348
GAGTTGTAGCAATTCC-1,32,6691,338,2079
GAGTTGTAGCTCCCTT-1,11931,64,798,3825
GAGTTGTCAGGGTTGA-1,70,14539,1307,3922
GAGTTGTGTCACTCAA-1,12542,42,716,3820
GAGTTGTGTCGCTCGA-1,12752,10057,2158,6970
GAGTTGTGTGGATCAG-1,22,7892,366,2414
GAGTTGTGTTCACCGG-1,6860,25,468,2521
GAGTTGTTCACTGTTT-1,27,3018,1008,1240
GAGTTGTTCCACGGGT-1,9133,45,455,3232
GAGTTGTTCCTACCGT-1,18891,189,1561,4924
GAGTTGTTCTATTTCG-1,17127,83,1032,4871
GAGTTTGAGCAAATCA-1,12011,84,708,4054
GAGTTTGAGCACTCTA-1,12130,40,698,3682
GAGTTTGAGGTAGATT-1,83,14129,888,3877
GAGTTTGCATCAGTCA-1,22,6325,429,1934
GAGTTTGGTAGACGTG-1,24,8688,517,2506
GAGTTTGGTAGAGTTA-1,18,3440,180,1265
GAGTTTGGTAGTCACT-1,1414,21,1,795
GAGTTTGGTCAGCGTC-1,15,4506,312,1844
GAGTTTGTCCAGCCTT-1,20940,114,786,5413
GAGTTTGTCGATCCAA-1,54,16424,1115,3945
GATAGAAAGACAACTA-1,7040,41,442,2649
GATAGAAAGTAGGGTC-1,64,5176,548,1899
GATAGAACACGGCACT-1,13513,80,649,4507
GATAGAACAGCAGTGA-1,15,2711,101,778
GATAGAACAGGCGAAT-1,5118,8945,1610,4934
GATAGAACAGGTCAAG-1,1842,11,9,931
GATAGAAGTAGGTTTC-1,17625,101,1281,4817
GATAGAAGTCCGAAAG-1,14261,181,707,4235
GATAGAAGTCGAGTGA-1,19,5863,336,1934
GATAGAATCCTCCACA-1,14,4938,202,1702
GATAGAATCTAGCCAA-1,10436,48,613,3370
GATAGCTAGATTGATG-1,8388,65,600,2952
GATAGCTCAACCACAT-1,19515,121,1033,5306
GATAGCTCAAGTCCAT-1,106,17880,1145,4505
GATAGCTCACTCCACT-1,10068,43,567,3463
GATAGCTCATCACCAA-1,22962,122,1629,5812
GATAGCTGTCAGGCAA-1,13,3739,123,1591
GATAGCTGTGGCCCAT-1,57,9799,996,2543
GATAGCTTCACCTCGT-1,15,4356,190,1888
GATAGCTTCTGGAGAG-1,43,6258,511,2403
GATAGCTTCTGTTCAT-1,8,2245,78,631
GATCACACATGAAGCG-1,24578,148,1949,6091
GATCACAGTACCGTGC-1,45,11193,490,3429
GATCACATCCAAATGC-1,224,10224,449,3218
GATCACATCCACTGAA-1,69,11893,564,3527
GATCACATCCTCCACA-1,55,13307,876,3628
GATCACATCGTTGTAG-1,22,4776,411,1633
GATCAGTAGCCGATTT-1,36,6266,296,2156
GATCAGTAGGAATCGC-1,20,6242,345,2204
GATCAGTAGTCCCGGT-1,81,26527,1683,5327
GATCAGTAGTCGCCCA-1,18,4637,340,1728
GATCAGTCAGAATGTA-1,25973,167,1298,5501
GATCAGTGTCATCCGG-1,81,18229,1332,4351
GATCAGTGTCGGCCTA-1,38,10802,546,3302
GATCATGAGAACGTGC-1,29,7870,522,2505
GATCATGAGACATATG-1,10490,35,311,3450
GATCATGTCCACACAA-1,17,3628,206,1205
GATCATGTCCGCACGA-1,25,6075,385,2036
GATCCCTAGCCTGTGC-1,13804,61,535,4328
GATCCCTAGGCGAAGG-1,27,8948,337,2647
GATCCCTCAACCGGAA-1,54,12743,971,3230
GATCCCTGTATCGAGG-1,42,8288,617,2549
GATCCCTGTTCCACAA-1,15143,69,803,4182
GATCCCTTCGTTACCC-1,30,9985,505,3162
GATCGTAAGTCCTGTA-1,55,10405,662,3213
GATCGTACAAAGACTA-1,18856,95,1149,5207
GATCGTACATCATTGG-1,9200,48,422,3477
GATCGTAGTCCACTCT-1,2199,17,169,1214
GATCGTAGTGAGATTA-1,12,2820,255,1227
GATCGTATCACCCTCA-1,1344,9,1,737
GATCGTATCCTGGTCT-1,105,24001,1088,4895
GATGACTAGCGATGCA-1,77,21034,1669,4768
GATGACTAGTGAACAT-1,105,14267,647,3928
GATGACTCACCTGAAT-1,21442,129,1063,5294
GATGACTCACTATGTG-1,498,7,1,397
GATGACTCACTTGGGC-1,32,11323,548,3377
GATGACTGTCAACATC-1,38,11181,881,3130
GATGACTGTGAACTAA-1,37,12780,543,3418
GATGAGGCAAATTGCC-1,19573,100,1041,5275
GATGAGGCAACAAGTA-1,67,14232,1270,3671
GATGAGGCAAGCGATG-1,15545,78,1277,4439
GATGAGGCAATTTCCT-1,79,13011,838,3896
GATGAGGCACTGGCGT-1,40,11005,914,3051
GATGAGGCACTTCATT-1,20,4506,296,1589
GATGAGGCAGGTCCGT-1,10574,40,518,3425
GATGAGGGTGGTAACG-1,35,10187,765,2825
GATGAGGGTTTGACAC-1,27513,173,2252,5933
GATGAGGTCAAGGACG-1,34,8964,454,2631
GATGAGGTCATGCCAA-1,38,6056,458,1981
GATGAGGTCCAAAGGG-1,15866,79,844,4328
GATGAGGTCCACTGGG-1,17990,52,658,4676
GATGAGGTCGATGCAT-1,68,15953,808,4057
GATGAGGTCTCCAAGA-1,2899,17,1,1163
GATGATCAGCATAGGC-1,25,4992,390,1705
GATGATCAGGCATCAG-1,42,9626,531,2998
GATGATCGTAACTAAG-1,15749,76,1089,4437
GATGATCGTGTAACGG-1,9,4044,354,1579
GATGATCTCGAGCTGC-1,37,10020,546,2990
GATGATCTCGCAGTTA-1,23,5157,446,1819
GATGATCTCGTTGTAG-1,23,6034,218,2242
GATGCTACAAGTCCAT-1,45,11310,668,3368
GATGCTACAGTTTCGA-1,11,4162,194,1591
GATGCTAGTGTCCAAT-1,24531,102,1755,5463
GATGCTAGTGTGTACT-1,5967,27,342,2512
GATGCTATCTGCCCTA-1,10596,48,432,3517
GATGGAGAGCATCCCG-1,46,11935,789,2928
GATGGAGAGCTATCCA-1,9172,29,405,3101
GATGGAGCACAGAGAC-1,53,12030,700,3228
GATGGAGCACTCTGCT-1,82,22306,1197,4753
GATGGAGCAGGAATAT-1,36,6524,252,2138
GATGGAGCAGGTGTTT-1,9685,41,715,3122
GATGGAGGTAAGTTAG-1,8152,23,497,2904
GATGGAGGTATCATGC-1,102,18704,1073,4913
GATGGAGGTCGCCACA-1,22143,118,1572,5364
GATGGAGGTCTTGGTA-1,17764,97,1421,4786
GATGGAGGTGCCTGAC-1,31,11011,534,3083
GATGGAGGTTCAAGGG-1,5656,24,360,2327
GATGGAGTCAGTGTGT-1,7370,44,749,2837
GATGGAGTCGGCTGTG-1,48,10737,431,3324
GATGTTGAGAGTGACC-1,62,10739,863,2993
GATGTTGAGATGACCG-1,25,6782,378,2310
GATGTTGAGATTGTGA-1,25182,123,1818,5385
GATGTTGAGGCAGGGA-1,31,7467,623,2292
GATGTTGAGGGCCAAT-1,19617,86,1476,5086
GATGTTGCAACCCGCA-1,70,11848,840,3142
GATGTTGCACTAACGT-1,7481,19,381,2853
GATGTTGCAGGAGGAG-1,12,3193,356,1257
GATGTTGCAGTGCGCT-1,35,8265,512,2589
GATGTTGGTACGAAAT-1,5403,26,224,2354
GATGTTGGTGGCGCTT-1,55,10243,692,2855
GATGTTGTCACACCCT-1,8160,49,591,3203
GATGTTGTCTAACGGT-1,783,8708,841,3137
GATGTTGTCTCCCATG-1,64,8798,651,2626
GATTCGAAGCACGTCC-1,16870,47,897,4316
GATTCGAAGCTTCATG-1,10403,12062,1102,6974
GATTCGAAGGTAAAGG-1,66,12246,1044,3102
GATTCGACAGAAATCA-1,25,8508,342,2750
GATTCGACAGGATTCT-1,14,2517,121,877
GATTCGAGTACAAGTA-1,12,2734,176,1267
GATTCGAGTAGCACGA-1,11004,60,714,3508
GATTCGAGTCGCATTA-1,23152,102,1437,5287
GATTCGAGTGGACCTC-1,28,5436,543,1965
GATTCGAGTTGTGTAC-1,14,3310,225,1508
GATTCGATCAATCCGA-1,44,9728,740,2786
GATTCGATCATTTGTC-1,7047,37,417,2849
GATTCGATCCCTTGTG-1,8267,57,613,3047
GATTCGATCGGCATTA-1,38,9025,387,2809
GATTCTTAGAAACCAT-1,85,15910,668,3807
GATTCTTAGACCATAA-1,32295,143,1791,6583
GATTCTTAGCTCGCAC-1,4131,30,1,1288
GATTCTTGTAGAGGAA-1,24,3420,281,1258
GATTCTTGTATGCTTG-1,46,9767,797,3139
GATTCTTGTCTCTCCA-1,16634,91,1008,4742
GATTCTTGTGTCGCTG-1,22,6812,530,2372
GATTCTTTCCCATAGA-1,45,10655,824,3141
GATTCTTTCGGAGCAA-1,23,4970,309,1891
GATTCTTTCTCGCGTT-1,66,13769,830,3884
GATTCTTTCTGGCCGA-1,25,4492,324,1664
GATTGGTAGATGTTAG-1,20395,140,1187,5364
GATTGGTAGCTCGGCT-1,9702,30,488,3412
GATTGGTAGGCCTGCT-1,7947,5695,527,5139
GATTGGTAGTCTCGTA-1,1777,16,1742,44
GATTGGTCAAATACGA-1,133,14903,975,4158
GATTGGTCAATACCTG-1,26,8850,777,2808
GATTGGTCACACAGCC-1,48,10538,827,3276
GATTGGTGTCAGTTTG-1,19840,77,1632,5028
GATTGGTTCCGATGCG-1,67,11364,759,3292
GATTTCTAGCATGCAG-1,10434,64,976,3726
GATTTCTAGTAAACTG-1,49,8812,610,2920
GATTTCTCAATTTCGG-1,48,8030,534,2672
GATTTCTGTCTTACTT-1,26,4593,316,1885
GATTTCTTCGCAGTGC-1,20,5600,278,2071
GATTTCTTCTCATGGA-1,44,9093,568,2817
GCAACATAGTCATAGA-1,44,10023,649,2865
GCAACATCAGACTGCC-1,93,20536,1064,4582
GCAACATCAGCTTTCC-1,32,7473,342,2582
GCAACATTCACCCTTG-1,8379,48,439,3253
GCAACATTCACCTGGG-1,12326,42,503,3812
GCAACATTCCCAGGAC-1,74,11011,735,3236
GCAACATTCGAGTACT-1,63,18986,1374,4344
GCAACATTCTTCTTCC-1,24,6687,309,2418
GCAACCGCAGCTGGTC-1,46,9322,786,2839
GCAACCGCAGGAATAT-1,19,4516,298,1794
GCAACCGCATCTATCT-1,6655,65,429,2446
GCAACCGTCGAGAAAT-1,100,12289,943,3394
GCAACCGTCGCATAGT-1,65,13888,712,3846
GCAACCGTCTGAACGT-1,19056,70,1029,5006
GCACATAAGGGACCAT-1,10531,45,507,3386
GCACATACAAGAGTTA-1,24,6687,206,2253
GCACATACAATGAAAC-1,77,10775,638,3400
GCACATACAGTTCACA-1,54,9572,739,3191
GCACATACATCTGTTT-1,74,18921,807,4453
GCACATAGTCGGATTT-1,21,4992,318,1738
GCACATATCCTTGGAA-1,16,4145,224,1735
GCACATATCGGAAGGT-1,2768,7,215,1439
GCACATATCTCTCGCA-1,21060,138,1208,5410
GCACGGTAGGGCGAAG-1,25,4469,204,1138
GCACGGTCACGCTTAA-1,66,16690,1243,3971
GCACGGTCATGCTGCG-1,11755,47,580,3522
GCACGGTCATGGAGAC-1,15414,159,1477,4457
GCACGGTGTCTCTCTG-1,650,12,0,504
GCACGTGAGCCGTTGC-1,68,14229,1059,3686
GCACGTGAGCTACTGT-1,15,2562,261,537
GCACGTGCAATAGTCC-1,56,10292,857,3043
GCACGTGCACGACGTC-1,384,13261,499,3856
GCACGTGCACGATTCA-1,2503,16,0,1074
GCACGTGCAGACGATG-1,17291,111,910,4428
GCACGTGGTGGAAATT-1,26445,124,2122,6063
GCACGTGTCCGGTAGC-1,25,5264,343,1817
GCACGTGTCGCTCTAC-1,8204,46,527,2781
GCACGTGTCTACACAG-1,34,6276,467,2182
GCACTAAAGATGACCG-1,43,12442,510,3447
GCACTAACACCACTGG-1,30,11941,670,3217
GCACTAAGTAGTATAG-1,91,17919,1293,4325
GCACTAAGTGTGGTCC-1,23,7196,549,2425
GCACTAATCAGACCGC-1,1684,16,1,898
GCACTAATCCATGATG-1,46,8510,504,3094
GCACTAATCCGTGACG-1,23262,96,1937,5454
GCACTAATCCTTGGAA-1,17,4183,243,1462
GCACTAATCGCGTAGC-1,31,8079,397,2551
GCACTAATCGCTTAAG-1,28,9985,657,3092
GCACTAATCGGTTAGT-1,93,14256,949,3972
GCACTAATCTCTCAAT-1,24671,113,869,5611
GCAGCCAAGAACTGAT-1,113,18235,1179,4368
GCAGCCAAGCACACAG-1,31,9699,401,2800
GCAGCCAAGCTAAACA-1,23,6941,241,2350
GCAGCCACAAACTCTG-1,13657,83,838,4241
GCAGCCACAAAGACGC-1,29,7953,551,2326
GCAGCCACAACAACAA-1,129,29773,1739,5638
GCAGCCACACCTGATA-1,62,11007,652,3088
GCAGCCAGTAGACAGC-1,20325,102,1201,5405
GCAGCCAGTGTAGCAG-1,36,11985,841,3412
GCAGCCAGTTGCTCCT-1,13170,57,678,4149
GCAGCCATCAGGACGA-1,17021,104,918,5141
GCAGCCATCCACGAAT-1,68,14471,667,3926
GCAGCCATCCGCATAA-1,18255,39,1014,4902
GCAGCCATCGAGCTGC-1,26019,102,1421,5413
GCAGCCATCGCACTCT-1,75,17352,1201,4316
GCAGCCATCTCCTGCA-1,23,7782,305,2565
GCAGCTGAGAGAAGGT-1,51,5282,557,2464
GCAGCTGAGTCCCAGC-1,8578,43,578,3066
GCAGCTGAGTGGTTGG-1,5370,28,524,2190
GCAGCTGGTGAATATG-1,65,9611,480,2930
GCAGCTGTCCGTGGGT-1,22,5365,424,1947
GCAGCTGTCTACTTCA-1,63,13508,755,3534
GCAGCTGTCTGGTGCG-1,1319,15,20,778
GCAGCTGTCTTGGTCC-1,125,9975,562,2930
GCAGGCTAGATGCTAA-1,53,8194,505,2724
GCAGGCTAGGCATCTT-1,103,26184,1420,5244
GCAGGCTAGGTACCTT-1,9639,51,414,3356
GCAGGCTAGTCAGAGC-1,30,5649,564,2041
GCAGGCTCATATGGCT-1,50,13937,466,3970
GCAGGCTCATGAATCC-1,31,7116,334,2594
GCAGGCTGTAGAGACC-1,21,4093,462,1643
GCAGGCTGTCACTTAG-1,18815,98,1166,5012
GCAGGCTGTTGGCCGT-1,7198,140,379,2883
GCAGGCTTCTTAGCTT-1,40,4848,313,1798
GCAGTTAAGGGAGGAC-1,13398,80,1011,4127
GCAGTTAAGTCGAGGT-1,7554,31,365,2837
GCAGTTACACGACAAG-1,8579,31,439,3027
GCAGTTACAGGTAGTG-1,17,4572,246,1707
GCAGTTACATCTGCGG-1,25,4761,319,1785
GCAGTTACATGGTGGA-1,22,4260,241,1650
GCAGTTAGTCGTTCAA-1,15709,82,1030,4181
GCAGTTAGTTCCGCGA-1,30489,133,1534,6354
GCAGTTATCCACGGGT-1,17,5862,261,1946
GCAGTTATCTGCGGAC-1,1055,27,1,773
GCATCGGAGAGAACCC-1,13681,68,934,4077
GCATCGGAGAGTTGCG-1,18458,74,1574,4726
GCATCGGAGGTAGTAT-1,13012,51,786,3934
GCATCGGAGTGATAGT-1,11010,41,251,3675
GCATCGGAGTTAGAAC-1,92,15111,745,3684
GCATCGGCACAATGTC-1,14665,11959,1783,7106
GCATCGGGTACTGTTG-1,9166,50,337,3212
GCATCGGGTTATGTGC-1,15953,237,858,4523
GCATCGGGTTGGATCT-1,26656,118,1214,6342
GCATCGGTCCCGAAAT-1,39,13930,582,3614
GCATCGGTCCGCACTT-1,45,11675,465,3452
GCATCGGTCTCGTTTA-1,10512,55,726,3616
GCATCTCAGACGGTCA-1,56,11713,604,3573
GCATCTCAGCACCCAC-1,67,17291,855,4267
GCATCTCAGCGTTAGG-1,14214,355,1276,4427
GCATCTCAGCTAATGA-1,22,4897,391,1097
GCATCTCAGTTACGAA-1,5987,11,287,2224
GCATCTCCAATTGGTC-1,57,10071,646,3370
GCATCTCGTACTTGTG-1,26,7949,480,2480
GCATCTCGTTAACAGA-1,13,4184,267,1553
GCATCTCGTTAGTCGT-1,27288,123,2810,5991
GCATCTCTCACCCTTG-1,15909,83,1106,4744
GCATCTCTCGTAGCTA-1,12083,69,562,3927
GCATGATAGCAGTACG-1,10434,61,528,3563
GCATGATCACAACGAG-1,12,3800,1,1235
GCATGATGTTACACTG-1,25,6731,321,2221
GCATGATTCGCCGAAC-1,9982,699,547,3725
GCATTAGAGAGAGTTT-1,60,14257,825,3706
GCATTAGAGTTGTAAG-1,9729,46,873,3345
GCATTAGCACAGCTGC-1,23,1131,14,760
GCATTAGGTCAAGGCA-1,14,3630,206,1461
GCATTAGGTCCTCCTA-1,40,9846,386,3216
GCATTAGGTGGCCACT-1,18109,76,748,4619
GCATTAGTCACCTGTC-1,20,6183,295,2074
GCATTAGTCCGCAGTG-1,11116,90,842,3815
GCATTAGTCTATCCAT-1,9191,56,658,3371
GCCAACGAGGTGAGCT-1,39,9228,737,2748
GCCAACGCACCTCAGG-1,22663,84,874,5424
GCCAACGCAGGGACTA-1,36,6885,797,2648
GCCAACGGTGTCGATT-1,40,11437,490,3189
GCCAACGGTTCGAAGG-1,1215,54,66,789
GCCAACGGTTGTGGAG-1,19570,85,1399,5219
GCCAACGTCAACACGT-1,19623,127,1101,5273
GCCAACGTCTACTTCA-1,12734,42,558,4190
GCCAACGTCTGGACTA-1,902,7420,430,2864
GCCAACGTCTGTGTGA-1,83,19666,1297,4504
GCCAGCAAGAAGAACG-1,165,8721,602,2671
GCCAGCAAGCTGACAG-1,82,22881,1116,4787
GCCAGCAAGGCATGGT-1,8224,32,574,3010
GCCAGCAAGTCCTACA-1,33,10354,284,2920
GCCAGCAAGTGCTAGG-1,16923,143,1555,4688
GCCAGCACACAATGTC-1,47,11655,513,3528
GCCAGCACAGCTTCGG-1,11537,12429,1773,6770
GCCAGCACATTACGGT-1,12526,88,659,4183
GCCAGCACATTGACAC-1,26,11565,544,3298
GCCAGCAGTAATTGGA-1,22,6175,309,2167
GCCAGCAGTCCCAAAT-1,9359,39,597,3095
GCCAGCAGTCGATTAC-1,6738,35,340,2490
GCCAGGTAGAAATTGC-1,19483,148,402,5217
GCCAGGTAGATAACGT-1,55,16198,809,4188
GCCAGGTAGCATGGGT-1,4028,37,4,1872
GCCAGGTCAAGGTCAG-1,26193,112,1862,5787
GCCAGGTCATAATGAG-1,31,10169,433,2986
GCCAGGTCATGAAGCG-1,22,7177,374,2329
GCCAGGTGTAGACTGG-1,16850,95,1301,4707
GCCAGGTGTAGATCGG-1,43,12302,965,3453
GCCAGGTTCGATTGGT-1,49,16433,927,3661
GCCAGGTTCTTTCTAG-1,48,10179,881,2955
GCCAGGTTCTTTGGAG-1,11524,38,498,3977
GCCAGTGAGCCACCGT-1,18,7394,427,2585
GCCAGTGAGGCAGCTA-1,70,11263,1040,3328
GCCAGTGAGTACGAGC-1,45,10073,905,2791
GCCAGTGGTAATTGGA-1,55,10776,793,2818
GCCAGTGTCATTTCCA-1,12777,77,916,3963
GCCAGTGTCCAACACA-1,40,8699,403,2895
GCCAGTGTCCGGCAGT-1,21,8383,558,2622
GCCAGTGTCTCTGAGA-1,74,18052,1154,4296
GCCATGGAGAAGTGTT-1,28,7862,365,2482
GCCATGGAGATGACAT-1,18900,112,888,5065
GCCATGGAGGTCGTGA-1,46,7256,564,2239
GCCATTCAGACGCAGT-1,23291,125,1420,5437
GCCATTCAGCGTGTTT-1,65,13368,565,3685
GCCATTCAGGCAATGC-1,37,9889,486,3240
GCCATTCAGGCGTCCT-1,31,9686,600,2787
GCCATTCAGGTCGCCT-1,20818,125,1428,5141
GCCATTCAGTACAGAT-1,27,6569,302,2361
GCCATTCAGTTGGAAT-1,8141,9091,1307,5622
GCCATTCCAAGCCTGC-1,34948,182,2623,6960
GCCATTCGTCGTGTTA-1,8126,7259,1114,5606
GCCATTCTCAGTCCGG-1,14146,69,1031,4233
GCCATTCTCCACATAG-1,70,14284,581,3746
GCCATTCTCGAAGCAG-1,19,7484,384,2485
GCCCAGACACTTCAGA-1,9336,133,496,3303
GCCCAGACAGCTATTG-1,52,7542,447,2490
GCCCAGAGTCACAATC-1,18,5594,350,1990
GCCCAGAGTTGTGGCC-1,28,7874,667,2729
GCCCAGATCCGAAGGA-1,33,9543,671,2668
GCCCAGATCGTGGGTC-1,43,10891,771,3425
GCCCAGATCTGGGCGT-1,62,13887,840,3518
GCCCGAAAGAGATCGC-1,56,15697,1049,3616
GCCCGAAAGGCATGGT-1,59,17249,815,4032
GCCCGAACAATCGCCG-1,8926,45,367,2898
GCCCGAACATGAGATA-1,39,9743,783,3178
GCCCGAAGTAGAATAC-1,8902,32,1,2612
GCCCGAAGTGGTTTGT-1,35,8516,646,2715
GCCCGAATCACTACGA-1,68,16179,1232,4086
GCCCGAATCCATTCAT-1,48,10564,701,3108
GCCCGAATCGACATAC-1,58,9703,751,2755
GCCGATGAGCACTAGG-1,8472,93,1649,3047
GCCGATGAGTAGCCAG-1,64,10684,586,3606
GCCGATGCAAATCCCA-1,56,9846,975,2972
GCCGATGCAGCATGCC-1,17063,71,901,4820
GCCGATGCAGCTACCG-1,41,10682,711,3152
GCCGATGCATCATTGG-1,5023,52,498,2366
GCCGATGTCGGCAGTC-1,17868,98,1118,4590
GCCGTGAAGGGATCAC-1,22,4929,294,1876
GCCGTGACACACTGGC-1,3498,14,296,884
GCCGTGACAGGTTCAT-1,50,9606,732,2821
GCCGTGACATAGATCC-1,18,6930,430,2372
GCCGTGACATCAGCAT-1,61,13416,864,3151
GCCGTGAGTCTTCAAG-1,60,10197,836,3008
GCCGTGAGTGAAAGTT-1,14788,43,685,4007
GCCGTGAGTTGCCGCA-1,47,12815,760,3308
GCCGTGATCAAAGACA-1,14,4026,379,1542
GCCGTGATCGCTATTT-1,10453,51,498,3698
GCCTGTTAGTCTGCAT-1,64,10953,809,2803
GCCTGTTCAACACAGG-1,70,16564,835,4331
GCCTGTTCACGCTTAA-1,15108,77,911,4613
GCCTGTTCACGTCTCT-1,35,10234,447,3304
GCCTGTTCATGACTAC-1,24,4968,319,2076
GCCTGTTGTATCAAGA-1,6231,20,311,2222
GCCTGTTGTGTTAAAG-1,61,8012,690,2438
GCCTGTTGTTTGTTGG-1,34,3793,242,1632
GCCTGTTTCCTGTAAG-1,128,11938,653,3606
GCGAGAAAGACCCTTA-1,68,9725,1079,2944
GCGAGAACACGCACCA-1,67,15912,1405,4052
GCGAGAACATCAGCAT-1,25,7414,406,2668
GCGAGAACATTGCAAC-1,25,7513,557,2614
GCGAGAAGTCACTTAG-1,9297,52,416,3186
GCGAGAAGTCCCGCAA-1,14722,85,1450,4699
GCGAGAAGTTCAATCG-1,83,22003,1270,4782
GCGATCGAGCGTCTCG-1,950,7,106,613
GCGATCGCACCTGAAT-1,22,3183,621,1519
GCGATCGCAGGATTCT-1,10,2944,15,897
GCGATCGTCCGATTAG-1,22,3713,122,1548
GCGATCGTCTTGTGCC-1,13,3189,207,1228
GCGGAAAAGAACGTGC-1,16097,75,1073,4741
GCGGAAAAGCGAAACC-1,37,7613,447,2341
GCGGAAAAGCTGAGCA-1,42,13174,621,3471
GCGGAAAAGGCCATAG-1,38,11088,710,3040
GCGGAAAAGTGATGGC-1,21,5094,413,1786
GCGGAAACACCCTAGG-1,16136,17837,2377,8521
GCGGAAACACTGGATT-1,48,8489,595,2878
GCGGAAAGTACTCAAC-1,19,6651,441,2191
GCGGAAAGTCGCCTAG-1,52,13749,727,3911
GCGGAAAGTGGAATGC-1,52,13471,947,3490
GCGGAAAGTTCGAGCC-1,39,10414,712,3276
GCGGAAATCCAGCACG-1,26,8550,370,2728
GCGGAAATCGAGAACG-1,56,9805,365,3089
GCGGAAATCGCCACTT-1,40,9611,853,2383
GCGGATCAGCAGCAGT-1,7866,32,756,2667
GCGGATCAGCGCCTCA-1,67,19043,1063,4311
GCGGATCAGGCATCGA-1,75,12383,1070,3219
GCGGATCAGGCGACAT-1,56,7948,865,2490
GCGGATCAGGGCAATC-1,18712,122,1548,4882
GCGGATCAGGTAAGAG-1,22,7393,448,2563
GCGGATCAGTTGTCGT-1,23238,102,1554,5390
GCGGATCCACTCCGGA-1,15723,72,1323,4370
GCGGATCGTACGTTCA-1,40,11501,865,3243
GCGGATCGTACTGGGA-1,28,10672,1011,2911
GCGGATCGTAGCTGTT-1,16,5797,421,1858
GCGGATCTCGACCACG-1,15870,55,885,4321
GCGGATCTCGGTAGGA-1,20609,105,1996,5542
GCGTGCAAGATCCCGC-1,8085,44,376,3150
GCGTGCAAGGGAGTGG-1,51,14843,823,3534
GCGTGCAAGGTTTGAA-1,18552,91,1419,5152
GCGTGCAAGTTGCCTA-1,1119,15,20,765
GCGTGCACAACTCCCT-1,16339,64,886,4678
GCGTGCAGTAGGGAGG-1,21,7472,396,2461
GCGTGCAGTCGTGCCA-1,5049,11,14,1877
GCGTGCATCCACGAAT-1,26,7583,347,2452
GCGTGCATCCATATGG-1,17,6989,315,2479
GCGTGCATCCGAAGGA-1,39,7723,601,2165
GCGTGCATCTTCCCGA-1,12777,55,1046,3920
GCGTTTCAGATACTGA-1,98,14772,744,3784
GCGTTTCAGGACAGCT-1,11,2751,203,897
GCGTTTCAGTCCTGTA-1,9006,44,385,3094
GCGTTTCAGTGGGAAA-1,41,7142,589,2447
GCGTTTCAGTTACGGG-1,25,6888,442,2304
GCGTTTCCAATAGTAG-1,33,5533,195,1981
GCGTTTCGTCGAGCTC-1,7495,36,310,3054
GCGTTTCGTCTCTCAC-1,66,10276,466,3276
GCGTTTCGTGGTGATG-1,54,5995,474,2122
GCGTTTCGTTATAGCC-1,23207,5221,1683,7480
GCGTTTCTCAGAGCGA-1,501,4191,247,1932
GCGTTTCTCTGCTTAT-1,15,5267,329,1924
GCTACAAAGAGAGCCT-1,13620,67,503,3661
GCTACAAAGAGCTTTC-1,16369,83,1355,4646
GCTACAAAGTCGAGGT-1,2888,13,187,1116
GCTACAACAAAGCACG-1,14102,71,699,4258
GCTACAACAGCAGACA-1,24,7124,247,2353
GCTACAAGTGACTCGC-1,46,11155,682,3199
GCTACAATCGCTCCTA-1,48,14136,712,3752
GCTACAATCGTAGAGG-1,29,6854,507,2355
GCTACAATCTCGGCTT-1,20727,86,1166,4973
GCTACCTAGCGAGTCA-1,53,15472,719,3899
GCTACCTAGTAAGAGG-1,30110,173,2205,6862
GCTACCTAGTCTAGAA-1,9595,31,333,3198
GCTACCTCAAACTCGT-1,32,10258,443,3201
GCTACCTCACGAGGTA-1,7497,33,367,2847
GCTACCTCATCTCATT-1,32,7527,334,2862
GCTACCTGTTCTCTCG-1,73,19663,1244,4465
GCTACCTTCGATACGT-1,8,2174,74,897
GCTACCTTCGCGCTGA-1,95,22620,1108,4799
GCTACCTTCGGAACTT-1,42,10382,666,3247
GCTCAAAAGACGTCGA-1,15053,71,1378,4394
GCTCAAACATTATGCG-1,19087,65,1163,4942
GCTCAAAGTCCGATCG-1,763,11650,716,3746
GCTCAAAGTTCCTAGA-1,19,7190,313,2495
GCTCAAATCCACTTTA-1,9893,53,646,3671
GCTCAAATCGTACCTC-1,21617,93,946,5332
GCTGAATAGCAGATAT-1,37,9593,594,2910
GCTGAATAGTGTGTTC-1,33,4394,311,1783
GCTGAATCAAATGAAC-1,78,13201,984,3612
GCTGAATCAATAGGGC-1,72,16669,839,4188
GCTGAATCATGAGGGT-1,22192,82,1517,5189
GCTGAATGTACAAACA-1,63,10622,575,2895
GCTGAATGTCGACGCT-1,73,14531,1028,3464
GCTGAATGTCTTGCTC-1,10901,35,421,3436
GCTGAATGTTACACAC-1,10231,44,293,3610
GCTGAATGTTGCTGAT-1,31,6456,260,2288
GCTGAATTCACAAGAA-1,29,6591,372,2456
GCTGAATTCGGTAACT-1,50,8316,695,2619
GCTGAATTCTTTGATC-1,25,4939,360,1683
GCTGCAGAGAGCAAGA-1,31,8446,1054,2661
GCTGCAGAGCCATATC-1,23,5363,429,2003
GCTGCAGAGGGACAGG-1,72,16794,1159,4116
GCTGCAGAGGGACCAT-1,19,6115,253,2316
GCTGCAGAGGTTATAG-1,12,2761,132,1231
GCTGCAGCACGTCGTG-1,32,9081,508,2688
GCTGCAGCAGAGACTG-1,23702,103,1499,5175
GCTGCAGTCAGATTGC-1,93,23412,1707,4872
GCTGCAGTCGGCATAT-1,2027,8,1,977
GCTGCAGTCTTTCCAA-1,14,5254,347,2085
GCTGGGTAGAACAAGG-1,12950,78,805,3640
GCTGGGTAGACTCAAA-1,48,8027,565,2941
GCTGGGTAGGCCTGCT-1,9436,39,332,3087
GCTGGGTAGGTTCTTG-1,5509,32,715,2317
GCTGGGTCAAGGTCAG-1,48,10652,725,3066
GCTGGGTCACGGCGTT-1,1263,11,0,803
GCTGGGTCAGATTTCG-1,20,5842,294,2210
GCTGGGTGTCATACCA-1,32,9499,566,2962
GCTGGGTGTGCCCGTA-1,20,5596,375,1666
GCTGGGTTCCATCTCG-1,48,10850,503,3172
GCTGGGTTCTCCGCAT-1,40,12169,691,3217
GCTGGGTTCTCGCCTA-1,1720,19,2,906
GCTTCACAGCATGCGA-1,2104,34,386,1240
GCTTCACAGGTGAGCT-1,2860,14,3,1180
GCTTCACGTACTGTTG-1,9432,54,465,3209
GCTTCACGTATAATGG-1,19415,178,1408,5193
GCTTCACGTCCAGCGT-1,29,11687,387,3242
GCTTCACGTGTGACCC-1,8989,41,528,3268
GCTTCACGTTTGGGAG-1,19,4765,396,1996
GCTTCACTCCACGTAA-1,7180,54,454,3003
GCTTCACTCGGATAAA-1,14092,84,972,4414
GCTTCACTCGGCCTTT-1,41,10247,585,3418
GCTTGGGAGCGGGTAT-1,3113,10,0,1268
GCTTGGGCACATCCCT-1,53403,100,13,6264
GCTTGGGCAGCTGTTA-1,548,2,17,433
GCTTGGGCATGATCTG-1,32,5791,453,2161
GCTTGGGGTCACTTCC-1,40,13114,578,3580
GCTTGGGTCACTAGCA-1,19456,87,1186,5043
GCTTGGGTCAGCAGAG-1,3818,6969,624,3513
GCTTGGGTCAGTAGGG-1,8184,39,670,2973
GCTTTCGAGGCAATGC-1,33,7894,445,2392
GCTTTCGAGGTTCACT-1,24016,123,1129,5827
GCTTTCGGTAGGAAAG-1,27,9520,581,2700
GCTTTCGGTCCAGTTA-1,16200,86,878,5024
GCTTTCGTCCAGCACG-1,23,5523,348,1875
GCTTTCGTCCGTGGCA-1,1975,15,562,1040
GCTTTCGTCTCGCTTG-1,8812,51,521,3094
GGAACCCAGTCATGGG-1,28,9830,677,2885
GGAACCCCACTTGTCC-1,38,10344,455,3074
GGAACCCCAGACTGCC-1,18182,95,1206,5064
GGAACCCCAGAGAATT-1,17,4596,305,1712
GGAACCCCAGCGCTTG-1,57524,191,4330,8989
GGAACCCCAGTCAGTT-1,23,7772,384,2659
GGAACCCGTAACTAAG-1,53,11423,846,3205
GGAACCCGTAGGACCA-1,43,13189,828,3560
GGAACCCGTTCTCTAT-1,784,93,10,655
GGAACCCTCACGGACC-1,53,21680,908,4526
GGAACCCTCTAAGCCA-1,40,9239,883,2935
GGAAGTGAGACCAGAC-1,15765,83,1217,4353
GGAAGTGAGAGTCAGC-1,13,4021,228,1676
GGAAGTGAGTAGTCAA-1,36,8074,858,2460
GGAAGTGAGTCAACAA-1,7171,26,267,2617
GGAAGTGCACGCGCTA-1,19591,91,1531,4903
GGAAGTGCATAGACTC-1,50,7802,625,2475
GGAAGTGCATCATTGG-1,17,6310,395,2256
GGAAGTGGTATCGTAC-1,26,5820,472,1982
GGAAGTGTCGAAACAA-1,13,4645,313,1605
GGAAGTGTCGTGGCTG-1,18797,63,960,4455
GGAAGTGTCTTGCAGA-1,26,8614,613,2559
GGAATCTAGACTAAGT-1,23956,98,1475,6139
GGAATCTAGAGGCCAT-1,12048,96,695,4021
GGAATCTAGCTCCATA-1,159,19551,1229,4546
GGAATCTAGGCCTAGA-1,5965,26,385,2436
GGAATCTAGTAGGATT-1,77,15181,1028,4057
GGAATCTGTCGTTGGC-1,23,8050,616,2385
GGAATCTTCTCCTACG-1,54,11076,471,3547
GGAATCTTCTTTCCAA-1,23,8544,509,2808
GGAATGGAGTAGAGTT-1,12451,77,887,3950
GGAATGGCACAAGCTT-1,9541,369,806,3957
GGAATGGCACTTCAGA-1,30,4840,280,1776
GGAATGGGTGGAATGC-1,35,10667,533,2921
GGAATGGGTTTCACAG-1,71,12716,1127,3704
GGAATGGTCAATCAGC-1,65,12464,1148,3685
GGACGTCAGGCACTAG-1,33,10916,566,3442
GGACGTCAGGTGGGTT-1,24,10407,402,2907
GGACGTCCACACTGGC-1,61,22055,1444,4752
GGACGTCCACATATCG-1,91,6643,370,2218
GGACGTCCAGTGAGCA-1,14175,73,1031,4255
GGACGTCCATAGCACT-1,22790,108,1117,5649
GGACGTCGTACACGTT-1,850,23,15,675
GGACGTCGTACAGCGA-1,16,9008,541,2635
GGACGTCGTATGGAGC-1,56,9233,816,2656
GGACGTCGTCTTCATT-1,31,6930,423,2402
GGACGTCGTTCCTTGC-1,26,10361,623,3263
GGACGTCGTTCTATCT-1,63,20552,1272,4728
GGACGTCTCCTTCGAC-1,27,8049,473,2890
GGACGTCTCTTACGTT-1,52,9374,682,3239
GGAGAACCAAGTATCC-1,88,16124,923,4061
GGAGAACGTTACTCAG-1,17300,65,1120,4448
GGAGAACTCAAACGTC-1,80,21037,1633,4211
GGAGAACTCGGTCGGT-1,7756,36,501,2846
GGAGAACTCTATCGGA-1,6598,30,242,2617
GGAGAACTCTGGGCCA-1,2768,14,1,1147
GGAGATGAGACCACGA-1,71,14211,904,4005
GGAGATGAGATAGCAT-1,145,11647,856,3384
GGAGATGCAAATGAGT-1,8710,39,374,3192
GGAGATGCACAGAGCA-1,26,6734,426,2192
GGAGATGCAGAAGTTA-1,26007,236,2631,5971
GGAGATGCAGGCTCTG-1,16303,70,1256,4659
GGAGATGGTAGGTAGC-1,49,7739,575,2628
GGAGATGTCAACTCTT-1,44,11456,885,2846
GGAGATGTCGGTCTGG-1,4572,24,348,2207
GGAGATGTCTATACTC-1,33,6896,457,2293
GGAGCAAAGATGACAT-1,40,8589,323,2429
GGAGCAAAGCGAGAAA-1,21985,127,1648,5666
GGAGCAACAAGGGTCA-1,31,4020,266,1797
GGAGCAACACAAGCAG-1,17486,99,928,4832
GGAGCAACAGAGTTGG-1,20070,212,1305,5410
GGAGCAAGTATTCCGA-1,423,415,11,652
GGAGCAAGTCACTCTC-1,44,11215,732,3139
GGAGCAAGTGCCTACG-1,16110,211,1267,4579
GGAGCAAGTTCCGGTG-1,19,4847,351,1810
GGAGCAATCAGTGTTG-1,23,5915,304,2167
GGAGCAATCATTCCTA-1,5530,30,285,2287
GGAGCAATCTGACCCT-1,10765,41,383,3400
GGAGGATAGGAAGTAG-1,21,6073,411,1879
GGAGGATAGTAACCTC-1,8167,37,434,3137
GGAGGATAGTAGGATT-1,137,18944,1255,4551
GGAGGATCAGACGCTC-1,23,6117,436,2039
GGAGGATGTAGAGCTG-1,70,16699,1326,3799
GGAGGATGTATTCCTT-1,62,8179,454,2630
GGAGGATGTCTGCAAT-1,26,6170,508,2142
GGAGGATGTGCTGATT-1,46,11446,528,3329
GGAGGATGTTAGGCCC-1,73,13229,869,3567
GGAGGATGTTGCTGAT-1,52,10499,513,3293
GGAGGATTCATAGAGA-1,10365,55,875,3117
GGAGGATTCCCTAGGG-1,19,4622,335,1665
GGAGGATTCCCTTGTG-1,8129,99,518,2982
GGAGGATTCCTGTACC-1,29,4081,204,1699
GGAGGATTCCTGTTGC-1,10694,58,648,3813
GGAGGTAAGGACGCTA-1,46,7227,648,2476
GGAGGTAAGTCCCTAA-1,4735,44,248,2151
GGAGGTACAGTCGCAC-1,91,17669,920,4434
GGAGGTACATCCGAGC-1,22145,95,1643,5457
GGAGGTACATCTATCT-1,6858,25,462,2816
GGAGGTAGTATTCTCT-1,12608,54,435,3951
GGAGGTAGTCACGACC-1,41,9437,761,2824
GGATCTAAGAGGTATT-1,26,7908,573,2580
GGATCTACAAGACAAT-1,28,6716,508,2065
GGATCTACAGGGCTTC-1,8104,34,416,2907
GGATCTACAGGTTTAC-1,83,15596,1146,3878
GGATCTAGTGGGTTGA-1,16,7097,359,2167
GGATCTAGTTGCCATA-1,77,14898,714,3799
GGATCTATCGATTCCC-1,173,17666,1203,4462
GGATGTTAGAAACCAT-1,10731,36,660,3513
GGATGTTAGCATGCAG-1,25,9773,425,2934
GGATGTTCACTCCTGT-1,25,4155,357,1628
GGATGTTCATTAAGCC-1,11506,76,751,4316
GGATGTTTCAAATAGG-1,15145,87,933,4383
GGATGTTTCGCTCTCA-1,20,3219,5,1178
GGATGTTTCGGTAAGG-1,52,7335,596,2355
GGATGTTTCTGGCTGG-1,37,11886,603,3278
GGCACGTCAGGTACGA-1,33,9739,816,3129
GGCACGTCATGACAAA-1,48,14146,819,3790
GGCACGTGTCAGACTT-1,67,14530,1194,3773
GGCACGTGTTTGAAAG-1,20282,105,1763,5296
GGCACGTTCAAGGACG-1,40,10985,535,3255
GGCAGTCAGAGCCTGA-1,40,11571,833,3133
GGCAGTCAGTACTCGT-1,8223,37,455,2769
GGCAGTCAGTGGAAAG-1,17068,72,1494,4690
GGCAGTCAGTTGCTCA-1,20543,209,1398,5373
GGCAGTCCACCTGCGA-1,42,7049,336,2235
GGCAGTCCACTGGATT-1,11666,48,441,3895
GGCAGTCGTAATGCGG-1,45,10325,443,3068
GGCAGTCGTAGGGTAC-1,3011,41,295,819
GGCAGTCGTCTAGGCC-1,27,3570,267,1469
GGCAGTCGTGGAATGC-1,17679,70,983,4675
GGCAGTCGTTCGGCTG-1,8684,49,486,3145
GGCAGTCGTTCTAACG-1,49,9315,722,2873
GGCAGTCGTTTGGAGG-1,19,3551,321,1410
GGCAGTCTCACAACCA-1,8995,45,280,3025
GGCAGTCTCCGCGATG-1,23451,124,1623,5913
GGCAGTCTCGTTCGCT-1,26236,132,1335,5756
GGCAGTCTCTGTTGGA-1,54,17211,1407,4036
GGCGTCAAGAGGGTAA-1,23,3864,275,1556
GGCGTCAAGCCTCCAG-1,24,10169,697,3030
GGCGTCAAGCTGTACT-1,14202,61,534,4284
GGCGTCACACATATGC-1,28,11047,635,3116
GGCGTCACAGCTACCG-1,38,10204,623,2851
GGCGTCAGTCTACACA-1,6792,27,384,2598
GGCGTCAGTGAGGAAA-1,12,4835,295,1869
GGCGTCAGTTTCTATC-1,20436,92,1645,5306
GGCGTCATCCCTATTA-1,7883,38,501,2916
GGCGTCATCCCTTGGT-1,44,12606,895,3374
GGCGTCATCCTGTAAG-1,23,7780,517,2245
GGCTGTGCAACTCCCT-1,5348,49,196,2261
GGCTGTGCACATTGTG-1,71,13349,1062,3194
GGCTGTGCAGCGTATT-1,60,8785,615,2658
GGCTGTGCAGCTAACT-1,46,9257,717,2897
GGCTGTGTCCCAGTGG-1,41,7811,739,2369
GGCTTGGAGCATTGAA-1,35,6592,394,2333
GGCTTGGAGTGGGAAA-1,44,7647,605,2464
GGCTTGGAGTTTCGGT-1,552,9,2,418
GGCTTGGCAGTTCTAG-1,36,9765,1002,2889
GGCTTGGGTCGTGTTA-1,29,8480,583,2702
GGCTTGGGTGTGGACA-1,76,13050,1075,3501
GGCTTGGGTTAGAAGT-1,19074,158,1514,5316
GGCTTGGTCGTCAGAT-1,12634,65,856,4382
GGCTTGGTCTGCTTAT-1,22734,109,1514,5634
GGCTTTCAGAGTCAAT-1,124,14146,1353,3857
GGCTTTCAGCGAGTAC-1,76,21542,1540,4387
GGCTTTCCAGTCGGAA-1,9860,41,748,3268
GGCTTTCGTCGGAACA-1,1528,12,3,913
GGCTTTCGTGTTGACT-1,18846,89,1124,4948
GGCTTTCTCCTGGGAC-1,7969,31,504,3075
GGCTTTCTCGGTAGAG-1,20985,6053,2186,7479
GGGAAGTAGGAGAGTA-1,31,10259,390,3113
GGGAAGTAGGTAAGAG-1,51,9704,570,2776
GGGAAGTCAAATTAGG-1,24412,151,1556,5628
GGGAAGTCACATTCGA-1,42,10183,727,2635
GGGAAGTCACGGAAGT-1,27,5095,536,2014
GGGAAGTGTACGCTTA-1,13,3529,221,1335
GGGAAGTGTAGATTAG-1,24624,156,2239,5867
GGGAAGTGTGTGGACA-1,754,24,0,527
GGGAAGTGTTGCATGT-1,26,5265,258,1922
GGGAAGTTCGCAATTG-1,51,13243,1103,3346
GGGAAGTTCTGCATGA-1,12348,57,729,3707
GGGACAAAGAGCAGCT-1,88,21267,963,4512
GGGACAAAGCTGAGCA-1,67,11148,830,3096
GGGACAAAGGTTCAGG-1,14,3164,265,1437
GGGACAAGTACTCCCT-1,14890,76,929,4338
GGGACAAGTGATAGAT-1,62,12134,1061,3601
GGGACAAGTGTTGAGG-1,22,6613,525,2282
GGGACAAGTTTGTTGG-1,43,8204,712,2620
GGGACAATCAGACATC-1,40,7686,501,2731
GGGACAATCCCTTGTG-1,29631,160,2030,6464
GGGACAATCGAACACT-1,38,5472,785,2170
GGGACAATCGACCACG-1,7896,30,593,2868
GGGACCTAGAGTATAC-1,34,8345,316,2603
GGGACCTAGGCGTCCT-1,6802,31,576,2746
GGGACCTAGTATGTAG-1,67,15011,947,3937
GGGACCTCAACAAAGT-1,10181,45,584,3599
GGGACCTCATGACGAG-1,20,4115,246,1710
GGGACCTCATGGCCAC-1,67,24971,1048,5081
GGGACCTTCACGAGGA-1,38,14089,558,3671
GGGACCTTCAGCACCG-1,58,16820,987,3941
GGGACCTTCAGGGATG-1,26,3298,212,1521
GGGACCTTCCTACAAG-1,30465,201,2211,6697
GGGACCTTCTTTGCGC-1,41,7921,664,2600
GGGACTCAGAGCAGCT-1,20753,94,1260,4978
GGGACTCAGCGATGGT-1,50,9723,804,2857
GGGACTCAGTAGTCCT-1,54,8588,424,2701
GGGACTCCACGTTGGC-1,17063,83,1232,4806
GGGACTCGTAGATCCT-1,11873,71,905,3893
GGGACTCGTAGCGAGT-1,12596,48,795,3854
GGGACTCGTAGTAAGT-1,502,4,2,349
GGGACTCGTCCATCTC-1,20770,96,1526,5443
GGGAGATAGATAGCTA-1,13735,62,749,4024
GGGAGATAGGGACACT-1,69,14054,1099,3506
GGGAGATAGTAGTCTC-1,10,5570,390,1894
GGGAGATAGTGTACAA-1,4006,16,3,1505
GGGAGATCACAGTGTT-1,15696,66,1005,4178
GGGAGATGTACAGAGC-1,13,5246,328,1853
GGGAGATGTATTAAGG-1,19428,123,1524,4775
GGGAGATGTGAGGATC-1,61,11466,815,3228
GGGAGATGTGGCCTCA-1,14352,89,1394,4411
GGGAGATGTGTCACAT-1,67,13683,1165,3681
GGGAGATTCTCGAGTA-1,41,12407,643,3179
GGGAGATTCTGTAACG-1,16,4309,412,1491
GGGAGTAAGCATATGA-1,2635,13,0,859
GGGAGTAAGGCTGAAC-1,7840,42,551,3032
GGGAGTACAGGGTTGA-1,13706,68,978,4245
GGGAGTACATAGATGA-1,13381,49,772,3843
GGGAGTAGTAGACGTG-1,48,8951,625,2672
GGGAGTAGTCGCGGTT-1,34,6709,694,2274
GGGAGTAGTGGCCTCA-1,91,16148,1174,4217
GGGAGTATCATGCTAG-1,40,13598,497,3421
GGGAGTATCGACCTAA-1,13070,93,1049,4215
GGGATCCAGACCGTTT-1,27,11870,400,3231
GGGATCCAGAGCATTA-1,114,22357,1752,4810
GGGATCCAGAGGATCC-1,112,14490,959,3655
GGGATCCAGCTCATAC-1,63,9005,725,2957
GGGATCCCAGCGATTT-1,18896,100,903,5281
GGGATCCGTCCAAAGG-1,23,9090,360,2745
GGGATCCGTCGTCAGC-1,37,7918,484,2879
GGGATCCGTCTTCATT-1,863,21,11,579
GGGATCCTCATGGCCG-1,100,23515,1288,4925
GGGATCCTCTCACCCA-1,54,6522,335,2228
GGGATGAAGCTGACTT-1,91,7616,523,2644
GGGATGAAGGCTAGCA-1,35,14224,899,3443
GGGATGAAGTGGACTG-1,9716,44,560,2776
GGGATGATCCCAGGAC-1,71,12724,761,3146
GGGATGATCCGCTGTT-1,36,5843,337,2069
GGGATGATCCTCTAAT-1,29,7701,440,2612
GGGATGATCGAGAATA-1,15097,57,842,4335
GGGCCATAGAAGGCTC-1,16806,18716,2061,8818
GGGCCATGTTCGGCGT-1,69,13564,891,3632
GGGCGTTCAACTACGT-1,16907,110,1466,4946
GGGCGTTCAAGGTCGA-1,26266,160,1793,5818
GGGCGTTCACAATTCG-1,66,14271,1194,4000
GGGCGTTGTATCACCA-1,14357,38,596,3669
GGGCGTTGTGCAATAA-1,12,4041,304,1710
GGGCGTTGTGTTCCTC-1,8198,46,544,3180
GGGCGTTTCTTTACAC-1,37,10912,525,3058
GGGCTACAGATGGCGT-1,8653,31,619,3094
GGGCTACAGCGTTGTT-1,25,4282,454,1723
GGGCTACCATACAGAA-1,34,8629,611,2584
GGGCTACGTTGGACCC-1,21052,165,1887,5398
GGGCTACTCATTGAGC-1,30,6874,458,2251
GGGCTACTCGAGATGG-1,5371,29,512,2164
GGGCTACTCTTTCAGT-1,16951,89,1115,4539
GGGCTCAGTAATCAGA-1,7427,34,600,2793
GGGCTCAGTGAGTAAT-1,22,5795,508,1927
GGGCTCAGTGCAGTGA-1,18057,101,1179,4651
GGGCTCAGTTCTGACA-1,1070,14,1,659
GGGCTCATCAATGTCG-1,29,9716,789,2792
GGGCTCATCAGGTAAA-1,13746,78,635,4075
GGGTAGAAGACTCTTG-1,15075,13143,2074,8065
GGGTAGAAGCATCAAA-1,43,12560,474,3302
GGGTAGAAGGTAAGAG-1,15,3237,280,783
GGGTAGAGTAATCAGA-1,6304,30,299,2473
GGGTAGAGTTCAACGT-1,8808,34,556,3108
GGGTAGATCGTCGCTT-1,5697,28,482,2509
GGGTATTAGAATCGAT-1,43,9617,846,2774
GGGTATTAGACGATAT-1,23,6291,254,2214
GGGTATTAGACTTCCA-1,19000,334,1200,5155
GGGTATTAGGAACGCT-1,41,7852,402,2457
GGGTATTAGTGCAGCA-1,62,11133,889,3159
GGGTATTCAACTGAAA-1,8358,48,572,3330
GGGTATTCAATTGTGC-1,9309,52,549,3462
GGGTATTCACAGTCGC-1,24,8206,430,2558
GGGTATTCATCAACCA-1,61,9332,1073,2871
GGGTATTGTCGTATTG-1,17356,93,411,4719
GGGTATTGTGTGGACA-1,16,3575,184,1660
GGGTATTTCGCATAGT-1,42,6923,516,2335
GGGTCACAGATCGCTT-1,32,7073,295,2329
GGGTCACAGCGCTTCG-1,67,16707,908,4288
GGGTCACAGGTCCAGA-1,2334,22,384,1171
GGGTCACAGGTCCGAA-1,38,8659,680,2766
GGGTCACCACAAGTTC-1,31,8576,306,2831
GGGTCACGTAGACACG-1,40,10770,555,3182
GGGTCACGTCTACGAT-1,13818,63,1087,4359
GGGTCACTCCATTGCC-1,1880,25,1,946
GGGTCACTCCCGTGTT-1,6262,42,444,2558
GGGTCACTCTACTGCC-1,15219,87,921,4855
GGGTCACTCTATTCGT-1,43,9138,409,3046
GGGTCACTCTTAGCTT-1,6935,43,351,2716
GGGTCTGAGACCCTTA-1,85,12906,813,3571
GGGTCTGAGCATGCAG-1,23029,102,931,5776
GGGTCTGAGCTGCCTG-1,33,9850,591,3119
GGGTCTGAGGACCCAA-1,19357,98,1111,5138
GGGTCTGCAAGGTCGA-1,28,7796,371,2313
GGGTCTGCAAGTCATC-1,21,4497,399,1516
GGGTCTGCAGACTCTA-1,68,18688,1299,4540
GGGTCTGGTGTGTCGC-1,15953,17708,2713,8973
GGGTCTGTCCTTGAAG-1,22,4218,252,1536
GGGTCTGTCCTTGACC-1,542,9,0,407
GGGTGAAAGAAGGGAT-1,7287,44,289,2722
GGGTGAAAGTAGGAAG-1,43,12158,675,3084
GGGTGAAAGTCAGGGT-1,5936,21,2,2075
GGGTGAACAATCGCCG-1,14787,65,496,4471
GGGTGAACACACCTGG-1,70,13717,1074,3736
GGGTGAAGTGTCACAT-1,23,5377,288,1707
GGGTGAAGTGTCCTAA-1,42,7397,686,2333
GGGTGAAGTTGACGGA-1,26,7853,742,2579
GGGTGAATCAGTGGGA-1,10098,67,853,3337
GGGTGAATCCTGCCAT-1,3011,18,7,1379
GGGTGTCAGACCTTTG-1,8,2259,185,1015
GGGTGTCAGAGGCCAT-1,52,13528,830,3510
GGGTGTCAGGTAAGGA-1,8181,53,383,2902
GGGTGTCGTGAATGTA-1,45,12518,943,3476
GGGTGTCTCCCGTGTT-1,73,14644,1192,3743
GGGTGTCTCGTCCTCA-1,11243,76,1035,4022
GGGTTATAGACCACGA-1,20,6636,236,2314
GGGTTATAGATTAGCA-1,43,8288,498,2541
GGGTTATAGTATGAGT-1,9164,12238,2046,6439
GGGTTATCAGTCTGGC-1,13,3895,219,1527
GGGTTATCAGTGTGGA-1,9929,44,671,3363
GGGTTATCATGCCGCA-1,8633,49,523,3275
GGGTTATTCCATCTCG-1,35,7353,578,2454
GGGTTTAAGAGGCCAT-1,44,12818,771,3360
GGGTTTAAGCTTAGTC-1,53,8833,609,2730
GGGTTTAAGTCTGCAT-1,20095,156,835,5796
GGGTTTACAATCAAGA-1,64,11320,763,3404
GGGTTTACACAGTCAT-1,7876,52,732,3058
GGGTTTACAGTAGTTC-1,145,28018,1572,5295
GGGTTTACATTGACAC-1,39,10017,444,2923
GGGTTTAGTAGGTTTC-1,17,4315,391,1463
GGGTTTATCGAGAATA-1,15,4735,277,1802
GGTAACTAGCAGCCCT-1,185,38844,2130,6269
GGTAACTAGCCATTCA-1,1551,20,2,834
GGTAACTAGTAACCTC-1,94,17721,1158,4305
GGTAACTCAACCGCTG-1,9900,8318,1164,6235
GGTAACTCACACCTGG-1,59,9813,514,3239
GGTAACTCATTACTCT-1,6493,57,614,2512
GGTAACTGTAGATCCT-1,103,18550,999,4559
GGTAACTGTTTCCCAC-1,54,13687,981,3378
GGTAACTTCACTACGA-1,66,13596,518,3713
GGTAACTTCACTGATG-1,76,13178,753,3729
GGTAACTTCCCGTTCA-1,47,12564,773,3652
GGTAATCAGCTCGGCT-1,32,8358,463,2570
GGTAATCAGGAACGTC-1,32221,202,2978,6446
GGTAATCAGGTAGGCT-1,27,6340,201,2272
GGTAATCCAAGAGTGC-1,40,9094,765,2649
GGTAATCCACTGCGAC-1,8247,46,437,3136
GGTAATCCAGACCATT-1,45,8195,504,2910
GGTAATCCAGGCCCTA-1,43,8551,763,2792
GGTAATCGTAAGGCTG-1,84,13181,1079,3480
GGTAATCGTGAACTAA-1,32367,174,2609,6794
GGTAATCTCCACCTGT-1,30,5816,283,2131
GGTAATCTCCCACAGG-1,40,10753,970,2597
GGTAATCTCTATCGGA-1,10758,48,685,3679
GGTAGAGAGACCAACG-1,8303,44,530,3338
GGTAGAGAGAGTTGCG-1,32,5540,483,1930
GGTAGAGAGGCCTAAG-1,43,7817,615,2572
GGTAGAGAGGTCCAGA-1,19,5135,399,1824
GGTAGAGCAACGGTAG-1,32,8732,753,2690
GGTAGAGCAATCAAGA-1,26,4171,377,1678
GGTAGAGCACCTGCAG-1,10956,57,756,3801
GGTAGAGCACTCCGGA-1,12912,9351,1430,6873
GGTAGAGGTACGCTAT-1,27,4448,115,1750
GGTAGAGGTGACTGAG-1,15132,96,1015,4365
GGTAGAGGTGATATAG-1,58,9395,800,3071
GGTAGAGTCGACATAC-1,53,10418,756,2829
GGTAGAGTCGTGCAGC-1,9555,63,800,3402
GGTCACGAGACCATGG-1,33,6700,414,2328
GGTCACGAGGATATAC-1,74,13161,679,3708
GGTCACGAGGTGGGTT-1,38,9590,711,2776
GGTCACGCAATTCTTC-1,9058,12094,1805,7058
GGTCACGCACATATGC-1,58,11657,696,3249
GGTCACGCACCTCAGG-1,136,2444,0,906
GGTCACGCACGCGTCA-1,30,9443,493,2778
GGTCACGCACTAACGT-1,3904,33,1334,1786
GGTCACGCATGGTACT-1,37,6318,361,2221
GGTCACGGTAGGATAT-1,9795,43,534,3422
GGTCACGTCATTGCCC-1,17,3642,1,1179
GGTCACGTCCCGTGTT-1,36,7240,667,2201
GGTCACGTCCGCGATG-1,972,44,40,714
GGTCACGTCGAATCCA-1,12416,49,791,3776
GGTCACGTCGTTGCCT-1,36,7505,508,2678
GGTCTGGAGAGCCGTA-1,15618,39,783,4335
GGTCTGGAGCCTGAAG-1,63,10198,731,2795
GGTCTGGAGTGAGTTA-1,90,10661,859,3118
GGTCTGGAGTGGTCAG-1,288,9201,697,2835
GGTCTGGGTACGTGAG-1,6393,33,330,2793
GGTCTGGGTATCGTAC-1,22,6687,396,2337
GGTCTGGTCCTAGCTC-1,15363,93,1250,5215
GGTCTGGTCTTAATCC-1,8242,39,598,3004
GGTGAAGAGAGTGAAG-1,51,8814,1088,2649
GGTGAAGAGCCTGTCG-1,6802,23,483,2481
GGTGAAGAGTCAAGCG-1,57,14045,858,3626
GGTGAAGCAAGCTGTT-1,27834,125,1781,6239
GGTGAAGCATTGTCGA-1,3352,9,450,987
GGTGAAGGTCCCTAAA-1,23,5284,392,2083
GGTGAAGGTCGTTCAA-1,30480,157,2062,6604
GGTGAAGTCTGACAGT-1,11578,40,708,3339
GGTGAAGTCTTCGACC-1,5541,32,357,2351
GGTGATTAGCAATTAG-1,16184,222,1372,4637
GGTGATTAGCGGACAT-1,37651,170,3094,6880
GGTGATTCAACTTGGT-1,8209,40,443,2965
GGTGATTCAAGACGGT-1,70,15310,1021,3714
GGTGATTCAGACCTAT-1,54,14504,561,3841
GGTGATTGTCAACCTA-1,21265,71,1018,5049
GGTGATTTCACCCATC-1,35,7608,604,2612
GGTGATTTCCTCTCGA-1,15,856,9,588
GGTGATTTCGAGAACG-1,1754,20,126,927
GGTGATTTCGAGTACT-1,68,17164,1039,4156
GGTGGCTAGGCTGAAC-1,102,23337,1428,4957
GGTGGCTCAATAGGGC-1,90,19906,962,4846
GGTGGCTCACTATCGA-1,15021,92,965,4453
GGTGGCTCATCGAGCC-1,20747,7003,1937,8009
GGTGGCTCATGGAGAC-1,19291,91,1105,5410
GGTGGCTGTAAGTAGT-1,25,5972,511,1918
GGTGGCTGTGCCAAGA-1,60,10806,528,3188
GGTGGCTGTGGGTTGA-1,8752,62,654,2918
GGTGGCTTCCCATAGA-1,9,5471,245,2120
GGTGTCGAGATGTTGA-1,9324,59,751,3749
GGTGTCGAGTTACGTC-1,592,13262,957,4151
GGTGTCGGTCCAGCCA-1,21,8453,435,2671
GGTGTCGGTCCTGGGT-1,31,9165,557,2865
GGTGTCGGTCGCAACC-1,13054,50,749,3657
GGTGTCGGTCTCACGG-1,24391,118,2479,5740
GGTGTCGTCCATAGAC-1,1038,13,1,672
GGTGTCGTCCTGTACC-1,23,3855,172,1525
GGTGTTAAGACATAAC-1,13631,61,540,4097
GGTGTTAAGAGCTGAC-1,8235,39,513,2885
GGTGTTAGTAGATGTA-1,61,10638,1118,2991
GGTGTTAGTTAAACCC-1,67,6998,583,2312
GGTGTTAGTTCGGCTG-1,54,12424,710,3539
GGTGTTATCCGCTTAC-1,15695,86,1305,4718
GGTTAACAGACAACAT-1,44,11358,411,3345
GGTTAACAGATTCGAA-1,15948,65,1493,4464
GGTTAACAGTAATCCC-1,108,28013,1463,5358
GGTTAACCATCTTCGC-1,21858,92,1158,5698
GGTTAACGTCTCACGG-1,15600,83,1031,4429
GGTTAACGTTCAACGT-1,18,3759,242,1671
GGTTAACGTTCTCGTC-1,48,9192,858,2954
GGTTAACTCCTGATAG-1,6590,36,443,2720
GGTTCTCAGAATCCCT-1,43,14213,838,3521
GGTTCTCAGACTCAAA-1,84,11914,690,3546
GGTTCTCGTACGTTCA-1,13623,60,677,4112
GGTTCTCGTAGACAGC-1,42658,130,2521,6667
GGTTCTCGTGCAGTGA-1,9757,44,509,3278
GGTTCTCGTGGATCAG-1,117,9648,778,2590
GGTTCTCGTGGCTTAT-1,75,13185,724,3794
GGTTCTCGTTTGCAGT-1,3999,43,292,1870
GGTTCTCTCAACGCTA-1,22313,101,1288,5665
GGTTCTCTCCGATCTC-1,10048,48,558,3469
GGTTGTAAGACTCTAC-1,71,11839,669,3624
GGTTGTAAGAGCATAT-1,58,14006,699,3663
GGTTGTAAGCTCGAAG-1,36,6462,399,2321
GGTTGTACAGTGCGCT-1,77,16647,828,3943
GGTTGTAGTCAAAGCG-1,54,10788,896,3021
GGTTGTAGTCTACACA-1,22,4624,380,1656
GGTTGTATCCACCTCA-1,63,10984,608,3074
GGTTGTATCGGTTGTA-1,24146,105,1787,5362
GGTTGTATCTGTCGCT-1,14,3124,290,1372
GTAACACAGCCAACCC-1,22553,120,1569,5185
GTAACACAGCTCGAAG-1,27,5025,316,1714
GTAACACCAAACACGG-1,43,5242,252,2051
GTAACACCAAAGCACG-1,44,7381,554,2382
GTAACACCATAGTCGT-1,9318,3888,983,4585
GTAACACGTCGCGGTT-1,57,16943,1192,4026
GTAACACGTCTTGCTC-1,19405,79,720,5083
GTAACACTCCCATAGA-1,83,9752,665,3167
GTAACACTCGCCACTT-1,98,20288,1164,4785
GTAACCAAGAACCGCA-1,7347,46,499,3039
GTAACCAAGTGGTTGG-1,36,9875,643,2709
GTAACCAAGTTGCGAG-1,2999,19,174,1452
GTAACCACACGCGTCA-1,29,6470,417,2319
GTAACCACACTGCACG-1,40,11627,600,2924
GTAACCACAGGCACTC-1,15402,69,1024,4826
GTAACCAGTACCACGC-1,55,9397,656,2799
GTAACCAGTATTCCTT-1,82,12309,680,3557
GTAACCAGTCCCGCAA-1,13782,56,1129,3698
GTAACCAGTCGATTTG-1,44,6421,565,2070
GTAACCAGTCGCATCG-1,22,8339,521,2557
GTAACCAGTTCAATCG-1,6136,45,433,2780
GTAACCATCGCGGACT-1,26,5320,276,1972
GTAAGTCAGAATTGTG-1,35,7071,364,2362
GTAAGTCAGATTGACA-1,66,6832,231,2222
GTAAGTCAGCGAACTG-1,86,8439,330,2820
GTAAGTCCAAGGTACG-1,100,20328,1298,4420
GTAAGTCCACGACAGA-1,15,4730,352,1703
GTAAGTCGTCGAGTGA-1,20,4605,329,1763
GTAAGTCTCAGTGATC-1,76,11890,626,3520
GTAAGTCTCCATTGTT-1,26,4961,322,1744
GTAAGTCTCTGTCTCG-1,19,3734,247,1606
GTAAGTCTCTTGGTCC-1,73,4985,418,1908
GTAATCGAGATGCTAA-1,1772,9,88,1015
GTAATCGAGCATGAAT-1,22512,137,1510,5730
GTAATCGAGCTCGTGC-1,11656,65,1053,3514
GTAATCGAGGAGGCAG-1,3321,10500,1165,4914
GTAATCGCAAGCGCAA-1,50,9498,621,3104
GTAATCGGTCCGATCG-1,72,16054,1307,4123
GTAATCGTCACAAGAA-1,53,12692,959,3362
GTAATCGTCATCGACA-1,11233,49,707,3862
GTAATCGTCTCCTACG-1,1329,6,272,779
GTAATGCAGGATCATA-1,9822,68,656,3306
GTAATGCAGGCCATAG-1,71,19359,1241,4451
GTAATGCCAATACAGA-1,17,4209,334,1643
GTAATGCCACGCACCA-1,34,12085,854,3294
GTAATGCGTCGACTTA-1,9,3128,1,1068
GTAATGCGTTTCACTT-1,34,8589,489,2889
GTAATGCGTTTCGTAG-1,56,11925,750,3418
GTACAACAGCCTCTGG-1,16,6392,420,2163
GTACAACAGGATATAC-1,47,11960,946,3495
GTACAACCAACTCGAT-1,17,4981,440,858
GTACAACCAAGTCCAT-1,16742,149,1455,4897
GTACAACCACTTGAAC-1,2126,18,4,955
GTACAACGTAAGGCCA-1,77,13375,818,3589
GTACAACGTAGTGCGA-1,49,12927,885,3022
GTACAACGTGCCCTTT-1,69,19738,1366,4762
GTACAACGTTCCTTGC-1,98,24991,1104,4928
GTACAACTCATTGCTT-1,32,7665,336,2625
GTACAACTCGTAGCTA-1,16688,77,1151,5009
GTACAACTCTTCGACC-1,52,10440,957,3066
GTACAGTAGAATTGTG-1,84,13329,707,3646
GTACAGTAGAGGTATT-1,18,6279,499,2184
GTACAGTAGAGTTCGG-1,11933,49,575,3694
GTACAGTAGGACAACC-1,16689,67,746,4789
GTACAGTAGGACTATA-1,18,4807,203,1895
GTACAGTAGGACTTCT-1,89,20785,961,5011
GTACAGTAGTGATAAC-1,109,21599,1168,4808
GTACAGTAGTTGAAGT-1,34,7116,402,2822
GTACAGTCACTCATAG-1,49,10729,804,3295
GTACAGTCATCGTTCC-1,36,11514,667,3047
GTACAGTGTATCGCGC-1,33,8629,578,2570
GTACAGTGTCGAGTTT-1,54,13304,835,3405
GTACAGTGTGTCTTGA-1,29,4898,403,1778
GTACAGTGTTTCCAAG-1,592,8429,450,3180
GTACAGTTCACCCATC-1,36,4690,367,2004
GTACAGTTCTAACGCA-1,27,8753,532,2732
GTACAGTTCTTGTTAC-1,6792,27,350,2687
GTAGAAAAGAACTTCC-1,28,7389,411,2484
GTAGAAAAGCCAAGGT-1,11564,63,816,4061
GTAGAAAGTAGTCACT-1,11223,64,837,3621
GTAGAAAGTCAGCGTC-1,22,3691,180,1400
GTAGAAAGTCCTTGTC-1,27,7657,558,2403
GTAGAAAGTCTCACAA-1,32,7518,418,2421
GTAGAAAGTGACCTGC-1,49,10777,877,2876
GTAGAAATCGGATTAC-1,9,2506,134,1092
GTAGAAATCTGTCTCG-1,54,11356,533,3261
GTAGAGGAGACTTCAC-1,12122,64,672,3861
GTAGAGGAGCTGACCC-1,2637,10,16,1212
GTAGAGGCAACTGTGT-1,28,6253,330,2131
GTAGAGGCAGTCTTCC-1,89,16106,1255,4008
GTAGAGGGTCACCGCA-1,18,4386,293,1569
GTAGAGGGTCGAACGA-1,14898,71,959,4240
GTAGAGGGTTGCTAGT-1,61,12288,937,3233
GTAGAGGTCAGCAGAG-1,17129,65,1341,4726
GTAGAGGTCATCGCCT-1,8455,57,517,3395
GTAGATCCACGACGTC-1,40,10733,667,3185
GTAGATCCACGGTGTC-1,136,20035,1741,4654
GTAGATCGTAATGATG-1,73,16320,924,3898
GTAGATCGTAGCTGAG-1,30,6948,358,2021
GTAGATCGTCCTTGTC-1,112,10893,842,3250
GTAGATCGTTGGGTTT-1,26,7817,614,2212
GTAGATCTCCTGGTCT-1,6834,25,445,2436
GTAGCTAAGACGATAT-1,12286,28,2,3002
GTAGCTAAGGCACTCC-1,69,18963,1385,4395
GTAGCTAAGGGTAGCT-1,32,6025,367,2123
GTAGCTACACCACATA-1,72,16452,829,3908
GTAGCTACATCCTTGC-1,16093,74,930,4652
GTAGCTAGTACACGCC-1,53,15537,1007,3917
GTAGCTAGTACGCTTA-1,87,13520,960,3688
GTAGCTATCAGGAACG-1,39,9909,643,2829
GTAGCTATCCATAAGC-1,47,10785,537,3042
GTAGCTATCCCGTGTT-1,54,7916,505,2531
GTAGCTATCCGTAGGC-1,17853,80,983,4681
GTAGGAGAGAGTACCG-1,39,9969,873,3123
GTAGGAGAGTATTCCG-1,36,6831,766,2352
GTAGGAGCACAGAAGC-1,55,10513,932,2889
GTAGGAGCACCCTTAC-1,10582,116,544,3582
GTAGGAGCATCCGAAT-1,19,6485,383,2111
GTAGGAGCATCGATGT-1,12685,63,1094,3992
GTAGGAGGTCACTCTC-1,40,7866,781,2753
GTAGGAGGTCGCACAC-1,49,11368,981,3126
GTAGGAGTCTGGACTA-1,15803,84,1102,4741
GTAGGAGTCTGTCTCG-1,16304,7839,1525,6503
GTAGGTTAGCGCACAA-1,46,10348,1068,3048
GTAGGTTCAAGATGTA-1,16555,68,761,4465
GTAGGTTCAGCTCGGT-1,27,7141,308,2398
GTAGGTTCAGTTCTAG-1,20875,111,1310,5452
GTAGGTTGTCACGCTG-1,9846,54,503,3550
GTAGGTTGTCTCGCGA-1,29,4920,443,1873
GTAGGTTGTGCATTTG-1,32058,170,2066,6175
GTAGGTTGTGCGGATA-1,77,17161,780,4278
GTAGGTTTCACGGGAA-1,9,4414,297,1606
GTAGGTTTCCAGCTCT-1,6709,38,366,2603
GTAGTACAGGCGAAGG-1,13,3996,351,1570
GTAGTACAGTACTCGT-1,27,5045,289,1892
GTAGTACCAATCTCTT-1,60,11582,1089,3293
GTAGTACCACGCCACA-1,5144,36,1083,2200
GTAGTACCATATTCGG-1,14898,76,1126,4155
GTAGTACCATCGTCCT-1,47,14334,959,3881
GTAGTACCATTCTGTT-1,39146,170,2499,7250
GTAGTACGTAGTTACC-1,36,8571,579,2590
GTAGTACGTGAGAGGG-1,20,6156,582,2074
GTAGTACGTGGGTATG-1,46,12595,782,3193
GTAGTACTCACCTGTC-1,42,9767,681,2929
GTAGTACTCAGGAGAC-1,13260,76,894,4180
GTAGTACTCCCTAGGG-1,7889,47,252,3192
GTAGTACTCTTTGCGC-1,11421,44,613,3619
GTATTGGAGTGTAGAT-1,11312,77,594,3790
GTATTGGCAATCCTAG-1,8192,57,669,3427
GTATTGGCACCAGCTG-1,72,22699,1144,4618
GTATTGGGTCACGACC-1,16505,73,874,4338
GTATTGGGTGTTTACG-1,14101,54,931,3956
GTATTGGGTTGTCAGT-1,28,7309,253,2547
GTATTTCAGGTAGGCT-1,42,10459,923,3066
GTATTTCAGGTGCAGT-1,8,2146,134,597
GTATTTCAGTTTGAGA-1,6905,34,369,2846
GTATTTCCAGAAATCA-1,31,6510,660,2120
GTATTTCCATGACGGA-1,27,6712,469,2251
GTATTTCGTGTGCTTA-1,11261,60,959,3898
GTATTTCGTTTGGGAG-1,11260,62,1157,3610
GTATTTCTCACTCGAA-1,14946,12796,1513,8052
GTATTTCTCAGCTTGA-1,41,9874,694,3115
GTCAAACAGCAGCCCT-1,36,10034,603,3347
GTCAAACCACTGCTTC-1,34,10552,672,3398
GTCAAACCATAATGAG-1,54,6945,558,2468
GTCAAACGTAGCACGA-1,88,22154,1127,4845
GTCAAACGTGTGAGCA-1,4394,22,29,1653
GTCAAACTCCCTCGTA-1,44,7036,390,2466
GTCAAGTCACAGTGTT-1,35,7031,533,2291
GTCAAGTGTAACCCGC-1,20435,105,1295,5457
GTCAAGTGTCAAACGG-1,28514,108,875,6351
GTCAAGTGTCAGGCAA-1,49,10823,166,2744
GTCAAGTGTCCAGGTC-1,20,3290,198,1287
GTCAAGTGTTCTAAGC-1,70,17960,1329,4299
GTCAAGTGTTGGAGAC-1,4529,4408,542,3857
GTCAAGTTCAACCGAT-1,37,11894,368,3137
GTCACGGAGAGGATCC-1,6332,42,1167,2655
GTCACGGAGAGTTGAT-1,43,8431,681,2519
GTCACGGAGCAAGCCA-1,34,7704,300,2698
GTCACGGAGGCAGGTT-1,8,2383,135,1181
GTCACGGCAAGCTCTA-1,29,5997,450,2009
GTCACGGCAGCGACAA-1,5234,23,431,2094
GTCACGGCATCCGGCA-1,11939,65,1427,3772
GTCACGGCATCGTGCG-1,26,6166,443,2085
GTCACGGGTACGGCAA-1,8216,45,90,3135
GTCACGGGTGTTATCG-1,89,17702,1021,4416
GTCACGGTCATTTACC-1,23490,131,2087,6000
GTCACGGTCGAGTGGA-1,20,4683,183,1922
GTCACTCAGCGAAACC-1,13217,80,728,4136
GTCACTCAGGATCATA-1,30,3919,230,1606
GTCACTCAGGATGCGT-1,71,13936,831,3660
GTCACTCAGGTAATCA-1,13025,84,799,4335
GTCACTCAGTGGTTAA-1,75,7813,544,2604
GTCACTCCACCTAAAC-1,645,31,2,440
GTCACTCCAGATCCTA-1,22,8744,453,2936
GTCACTCCAGCGTTTA-1,104,20094,1302,4679
GTCACTCCAGGTATGG-1,68,10448,909,3005
GTCACTCCATAACTCG-1,11808,116,889,4294
GTCACTCCATATGAAG-1,75,15714,973,3823
GTCACTCTCCAACCAA-1,16324,95,1699,4810
GTCAGCGAGCATCCTA-1,58,10148,691,3229
GTCAGCGAGGTAAACT-1,7122,30,556,2647
GTCAGCGAGGTAGGCT-1,60,13908,811,3952
GTCAGCGAGGTCCCTG-1,14108,49,906,4222
GTCAGCGAGTACCATC-1,53,10387,805,2830
GTCAGCGCAATTCACG-1,71,14175,1011,3828
GTCAGCGCACGTGTGC-1,14244,63,648,4384
GTCAGCGCATGTCTAG-1,511,16,3,417
GTCAGCGGTATCGTAC-1,54,10317,885,2896
GTCAGCGTCACAGTGT-1,7016,35,497,2944
GTCAGCGTCACTCCGT-1,9224,44,276,3397
GTCAGCGTCCATACAG-1,102,22945,1295,5116
GTCAGCGTCTACTCAT-1,28,6707,324,2372
GTCATCCAGCTCTTCC-1,57,14476,795,3889
GTCATCCAGTACGAGC-1,1799,27,85,1138
GTCATCCCAAATGAAC-1,58,12634,972,3438
GTCATCCCATCCGGTG-1,7410,41,479,2784
GTCATCCCATTAGGCT-1,19,4573,262,1788
GTCATCCGTCAGCTTA-1,11000,41,738,3746
GTCATCCGTCCAACGC-1,25749,134,1510,6237
GTCATCCGTGGGTCAA-1,33681,186,2183,6829
GTCATCCGTGGTTTAC-1,1070,19,1,676
GTCATCCTCACAAGAA-1,11222,55,595,3731
GTCATCCTCCAAGGGA-1,16588,110,1210,4811
GTCATCCTCGCTCCTA-1,51,10768,539,3440
GTCATGAAGCTTGTTG-1,12707,103,449,3616
GTCATGAAGGAACTAT-1,82,13028,847,3657
GTCATGAAGGCTGTAG-1,32,7112,272,2382
GTCATGACACGCTGAC-1,53,10075,535,3087
GTCATGACAGCATTGT-1,2527,29,549,1365
GTCATGAGTATGAGAT-1,2179,64,5,1069
GTCATGAGTCTACTGA-1,27,4435,368,1669
GTCATGAGTGCCTATA-1,15,2532,390,1276
GTCATGATCCACAGCG-1,8744,38,541,3354
GTCATGATCCCTCGTA-1,16704,130,882,4857
GTCATGATCCTGGCTT-1,28,7588,403,2483
GTCATTTAGAAGTCTA-1,32,6779,291,2433
GTCATTTAGGTCATTC-1,53,10998,992,3341
GTCATTTCAAACGAGC-1,79,7581,672,2480
GTCATTTCAGAGGCTA-1,112,17448,1099,4599
GTCATTTCAGAGTCAG-1,12919,67,969,3952
GTCATTTCAGCTTCCT-1,8480,51,363,3076
GTCATTTGTGGAGGTT-1,89,15237,1049,3737
GTCATTTTCACGGGAA-1,45,11468,934,3082
GTCATTTTCCGAACGC-1,19,3584,332,1623
GTCATTTTCTGTCGTC-1,94,15380,849,4103
GTCCACTAGGGCGAGA-1,9943,40,790,3202
GTCCACTAGGTTCACT-1,79,18770,982,4456
GTCCACTCACCGTGGT-1,36,10396,419,3227
GTCCACTGTACCATAC-1,99,18406,887,4655
GTCCACTGTGCATGAG-1,31370,11222,2040,9732
GTCCACTGTTCATCTT-1,45,9244,883,2667
GTCCCATAGACAGTCG-1,24,6653,272,2339
GTCCCATAGAGGTATT-1,27,3996,251,1612
GTCCCATAGCACCAGA-1,76,13747,719,3750
GTCCCATAGGTAAGAG-1,43,10966,669,3151
GTCCCATAGGTACAGC-1,23,4828,365,1643
GTCCCATAGGTCCGAA-1,7410,31,563,2994
GTCCCATAGTCATAGA-1,510,29,0,404
GTCCCATAGTCCCGGT-1,13040,64,758,4222
GTCCCATAGTGCGTCC-1,72,11548,810,3642
GTCCCATCATTGTAGC-1,72,16150,931,4204
GTCCCATGTACAGAGC-1,32,5503,213,2092
GTCCCATGTATGAGCG-1,26,4733,251,1901
GTCCCATGTCCTTTGC-1,21609,88,1424,5241
GTCCCATGTGGAACCA-1,11486,51,768,3466
GTCCCATTCTAAGAAG-1,73,12778,880,3565
GTCCCATTCTGCAGCG-1,41,7295,352,2723
GTCCCATTCTGCATAG-1,29165,154,2198,6193
GTCCTCAAGGATGGCT-1,20,5439,401,1786
GTCCTCAAGGTCGACA-1,26876,143,1183,5766
GTCCTCAAGGTGATAT-1,56,10063,662,2961
GTCCTCAAGTTGGGAC-1,48,9715,584,3139
GTCCTCACACTCGATA-1,22344,113,1384,5531
GTCCTCAGTAGGAGTC-1,51,12615,708,3478
GTCCTCAGTAGGGTAC-1,51,17651,1733,4102
GTCCTCAGTAGTCACT-1,53,12778,832,3596
GTCCTCAGTCGGCTAC-1,23,5530,373,2014
GTCCTCAGTTATTCCT-1,18,6378,429,2274
GTCCTCATCTCTCTAA-1,1385,23,2,880
GTCGAATAGAGTATAC-1,4725,23,319,2094
GTCGAATAGATCCTAC-1,540,8,78,300
GTCGAATAGCGAAACC-1,6266,42,504,2437
GTCGAATAGCGTCAAG-1,21443,95,1772,5069
GTCGAATAGTAACGTA-1,35,5255,395,2006
GTCGAATCATCCGGTG-1,20300,78,1306,5018
GTCGAATCATTGCCTC-1,21,7066,383,2421
GTCGAATGTAGCCCTG-1,40,10241,725,2830
GTCGAATGTGCAGTGA-1,76,13347,1278,3731
GTCGAATGTGTTCGAT-1,11,3053,199,1138
GTCGAATGTTGCATGT-1,56,10326,652,3108
GTCGAATTCGGCGATC-1,29912,153,3642,6196
GTCGCGAAGCCATTTG-1,9,3632,374,1290
GTCGCGAAGCCTAACT-1,12540,62,647,4205
GTCGCGAAGCTCCATA-1,8680,36,608,3074
GTCGCGAAGGTGCCAA-1,23,8596,568,2801
GTCGCGACACGACGCT-1,10214,42,662,3464
GTCGCGACAGCATTGT-1,24,4160,218,1494
GTCGCGAGTACGACTT-1,7204,22,419,2681
GTCGCGAGTACTCGCG-1,8645,38,479,3160
GTCGCGAGTCTGCATA-1,10407,43,832,3626
GTCGCGAGTTAAGACA-1,18718,62,1229,4584
GTCGCGATCAAACCCA-1,5977,24,291,2602
GTCGCGATCACTGATG-1,54,16193,886,3869
GTCGCGATCGGCCAAC-1,45,9234,571,2901
GTCGCGATCGTTCCTG-1,27,6167,318,2352
GTCGCGATCTAGTCAG-1,18,5268,266,2012
GTCGCGATCTTGAGCA-1,1622,14,1,793
GTCGCGATCTTTCGAT-1,50,11941,511,3518
GTCGTAAAGAAGCCTG-1,9440,54,957,3605
GTCGTAAAGAAGTCTA-1,7240,27,398,2553
GTCGTAAAGACATAGT-1,12707,56,926,4125
GTCGTAAAGCGTATGG-1,113,2423,144,1122
GTCGTAAAGGCCACCT-1,11,2861,153,1213
GTCGTAAAGGCCCAAA-1,57,10854,660,3198
GTCGTAAAGTATGACA-1,35,5868,502,2025
GTCGTAACAATTCTCT-1,4897,25,222,2074
GTCGTAACATGGCCAC-1,25587,93,1849,5767
GTCGTAACATGTGGCC-1,25330,115,1727,6234
GTCGTAAGTGAACCGA-1,12,4006,286,1574
GTCGTAATCACTAGCA-1,10645,70,927,3689
GTCGTAATCATCTGTT-1,5847,30,235,2541
GTCGTAATCTCCGAGG-1,1345,25,175,829
GTCGTAATCTCCTGTG-1,31,6910,326,2206
GTCGTAATCTCGGCTT-1,3314,16,1,1302
GTCGTTCAGAGCACTG-1,15,3038,283,1265
GTCGTTCAGGATGCGT-1,18,5669,485,1799
GTCGTTCAGTCCTGTA-1,28,5420,418,1902
GTCGTTCCAATTGCAC-1,13,3636,216,1362
GTCGTTCCATGAGGGT-1,3,1826,193,878
GTCGTTCGTCACAATC-1,14,5302,478,1943
GTCGTTCGTCGAATGG-1,19,6185,369,2290
GTCGTTCGTGTGTACT-1,2444,9,139,1301
GTCGTTCGTTGTGGAG-1,4422,18,277,1886
GTCGTTCTCCATAGAC-1,40,4742,489,1898
GTCGTTCTCTTGGGCG-1,45,9954,719,3212
GTCTACCAGACGACTG-1,66,11265,947,3342
GTCTACCAGGGAGGTG-1,17,5703,533,1831
GTCTACCAGGTACTGG-1,69,11069,421,3365
GTCTACCCAAATACAG-1,205,6582,455,2363
GTCTACCCAACCACAT-1,26,5391,242,2072
GTCTACCCAGTCTACA-1,12776,63,543,4271
GTCTACCCATGGGTCC-1,5994,34,250,2603
GTCTACCCATTCATCT-1,6973,38,570,3039
GTCTACCGTAAGATTG-1,17,3931,197,1566
GTCTACCGTTGTGCCG-1,15128,49,1177,4333
GTCTACCGTTTATGCG-1,13517,62,737,4149
GTCTACCTCCATGATG-1,11,4567,401,1705
GTCTACCTCTACTGCC-1,14,4210,299,1745
GTCTACCTCTTGATTC-1,38,6123,273,2220
GTCTAGAAGACTTCCA-1,8464,31,524,3134
GTCTAGAAGATCACTC-1,21,5160,280,1777
GTCTAGAAGTAGTCAA-1,10553,70,750,3616
GTCTAGACAATGCTCA-1,18,2187,283,563
GTCTAGACACAGTCGC-1,16,4878,273,2017
GTCTAGACATCGATCA-1,78,19406,1183,4445
GTCTAGATCGAACCAT-1,35,5951,501,2061
GTCTAGATCGATCCCT-1,44,9336,722,2929
GTCTCACAGGTAAGAG-1,23421,95,2204,5582
GTCTCACCACTAACGT-1,44,8112,332,2567
GTCTCACCATCTCAAG-1,36,9275,406,2916
GTCTCACCATTACGGT-1,19556,112,1459,5318
GTCTCACGTCCCGGTA-1,19,5889,402,2022
GTCTCACGTGCAACAG-1,9338,40,332,3624
GTCTCACGTTCTTGCC-1,2525,40,105,1709
GTCTCACTCCTAGCGG-1,64,16097,881,4278
GTCTGTCAGCGACTTT-1,21,6489,588,2097
GTCTGTCAGGAAGAAC-1,57,11794,616,3218
GTCTGTCAGGATATAC-1,15871,86,1032,4714
GTCTGTCCACGACAGA-1,6452,42,490,2777
GTCTGTCCATACAGCT-1,60,10668,622,3283
GTCTGTCCATTGAAAG-1,34,6011,269,2092
GTCTGTCGTACGTTCA-1,34,7605,643,2489
GTCTGTCGTCACGTGC-1,51,17389,1074,4277
GTCTGTCTCCATACAG-1,50,11309,743,3159
GTCTGTCTCGCTATTT-1,34,7528,506,2502
GTCTGTCTCGTGTTCC-1,9510,69,643,3473
GTCTGTCTCTAGACAC-1,19,4610,276,1744
GTCTTTAAGAATCCCT-1,22,4133,239,1466
GTCTTTAAGCTGAGTG-1,10495,61,748,3585
GTCTTTAAGTTACGTC-1,52,10048,593,3258
GTCTTTACACCTAAAC-1,31,8382,525,2903
GTCTTTACATATAGCC-1,40,9948,473,3178
GTCTTTAGTCTCAGGC-1,11125,7697,1465,6338
GTCTTTAGTGTCATCA-1,44,10175,637,2904
GTCTTTATCCTTCTTC-1,8946,60,501,3563
GTCTTTATCCTTGACC-1,40,9432,557,2955
GTGACGCAGAAATTGC-1,5753,26,180,2226
GTGACGCAGATTCGCT-1,9401,26,14,2552
GTGACGCCAAGACCTT-1,88,20309,1297,4257
GTGACGCCACGCTGAC-1,49,11493,735,3436
GTGACGCCACTAACGT-1,723,12238,546,3635
GTGACGCGTACTGTTG-1,49,15617,971,3908
GTGACGCGTCCAGGTC-1,13,6903,356,2008
GTGACGCGTGCCTTTC-1,12255,55,813,3935
GTGACGCTCACAACCA-1,5644,34,4,1860
GTGACGCTCCTGTAAG-1,17,2471,31,1074
GTGACGCTCTGGGTCG-1,24,7991,369,2710
GTGAGCCAGAGTGAAG-1,13595,64,695,4331
GTGAGCCAGATACAGT-1,52,7840,424,2483
GTGAGCCAGCTCCGAC-1,56,12340,841,3501
GTGAGCCAGTTGAAAC-1,29,7941,514,2438
GTGAGCCCAACGCATT-1,27,5416,288,2037
GTGAGCCCAATTGCGT-1,12688,58,1056,4134
GTGAGCCCAGCTGTGC-1,18930,98,1187,5388
GTGAGCCGTGGACCAA-1,34,6697,398,2153
GTGAGGAAGAAACTGT-1,41,7678,602,2471
GTGAGGAAGATGTTCC-1,43,7411,679,2356
GTGAGGACACACCTTC-1,34,8259,276,2377
GTGAGGACACCGAATT-1,78,16226,1053,4108
GTGAGGAGTGATCATC-1,80,14073,1117,3658
GTGAGGAGTTTCTATC-1,14367,105,1023,4993
GTGAGGATCAAGGAGC-1,19,5953,657,2069
GTGAGGATCTGGGCAC-1,46,11911,749,3310
GTGAGTTAGACACACG-1,43,7726,585,2436
GTGAGTTAGGACACTG-1,27,9018,655,2819
GTGAGTTCAAGCGAGT-1,32,5945,410,2134
GTGAGTTCACGTTGGC-1,19459,87,1202,5026
GTGAGTTTCCACAGCG-1,14,7974,819,2249
GTGAGTTTCCGTTTCG-1,7081,4002,893,4082
GTGAGTTTCTGGTCAA-1,13470,66,731,4151
GTGATGTAGATCACCT-1,25,7130,349,2219
GTGATGTAGGTGCCTC-1,4727,21,1,1948
GTGATGTCAAAGGAGA-1,17,6608,288,2388
GTGATGTCAGGTAGTG-1,29,5105,393,1822
GTGATGTGTAACAGGC-1,42,11120,574,3058
GTGATGTGTAGTCACT-1,11389,63,695,3733
GTGATGTGTCAACACT-1,35,9900,716,2992
GTGATGTGTCACCCTT-1,104,21178,1466,4813
GTGATGTGTGTTGCCG-1,14,3985,281,1657
GTGATGTTCACTCCGT-1,9422,47,659,3348
GTGATGTTCTCCTGAC-1,51,5577,484,2127
GTGATGTTCTGCGGCA-1,15,4986,248,1927
GTGCACGAGCGACTGA-1,77,19833,1300,4318
GTGCACGAGGGTGGGA-1,59,9314,689,2751
GTGCACGAGGTCACAG-1,63,15650,662,3804
GTGCACGAGGTCTACT-1,18,721,14,507
GTGCACGAGTCTTCCC-1,17890,117,1070,5370
GTGCACGCAAGGCCTC-1,49,10932,579,3200
GTGCACGCAGAGTTCT-1,33843,170,3145,6559
GTGCACGGTACCACGC-1,42976,195,3043,7711
GTGCACGGTACGTGTT-1,38,3040,5,1064
GTGCACGTCCATACTT-1,10103,51,644,3420
GTGCAGCAGCTCGAAG-1,12987,105,26,3253
GTGCAGCAGGCTCACC-1,16184,104,1828,5121
GTGCAGCCACGACGTC-1,20871,85,1269,5364
GTGCAGCTCAGAGTTC-1,19995,108,1406,5158
GTGCGTGAGAGGGTGG-1,42,8150,618,2633
GTGCGTGAGGTCGCCT-1,45,10359,791,3017
GTGCGTGAGTATTCCG-1,14912,68,665,4604
GTGCGTGAGTTAGTGA-1,19,3989,201,1572
GTGCGTGCATGCGGTC-1,41,9918,1043,2553
GTGCGTGGTCGAAGCA-1,9462,41,495,3446
GTGCGTGGTCGTTGCG-1,28,4961,310,1807
GTGCGTGGTGAGGAAA-1,62,18556,1034,4264
GTGCGTGGTGTGTACT-1,7896,42,553,2775
GTGCGTGTCGAACACT-1,1318,29,83,784
GTGCTGGAGAGCAAGA-1,23,8153,453,2739
GTGCTGGAGGTCCAGA-1,21,7517,374,2571
GTGCTGGCAAGTGCTT-1,6823,43,504,2855
GTGCTGGCAGTAACAA-1,61,16130,799,3975
GTGCTGGGTGCGTTTA-1,8484,41,290,3560
GTGCTGGGTGGCTGAA-1,22724,110,1325,5497
GTGCTGGTCTGTGCAA-1,28,5598,272,1777
GTGCTTCAGCGAGGAG-1,7544,27,237,2947
GTGCTTCAGCTCCCTT-1,9319,43,384,3378
GTGCTTCCAAATCGTC-1,28,6818,220,2365
GTGCTTCCAAGGCCTC-1,19918,124,1637,5275
GTGCTTCGTAAGTTGA-1,7915,39,370,2909
GTGCTTCGTCGTGGAA-1,38,10369,619,3121
GTGCTTCGTTCGGACC-1,30,5070,337,2158
GTGCTTCTCGAAGAAT-1,35,6067,574,2230
GTGCTTCTCGTTGTGA-1,59,13042,942,3780
GTGGAAGAGGACATCG-1,8495,44,579,2797
GTGGAAGAGTGATAGT-1,2590,21,2,1125
GTGGAAGCAGCTACTA-1,56,14969,635,3770
GTGGAAGTCACGGTCG-1,583,16,3,438
GTGGAAGTCGCCGTGA-1,56,12623,813,3741
GTGGAAGTCGCTACAA-1,95,16716,1258,3892
GTGGAAGTCTATCGCC-1,13651,62,952,4433
GTGGAGAAGACCTCCG-1,7785,50,1081,3202
GTGGAGAAGACGACTG-1,41,11934,987,2935
GTGGAGAAGGCACGAT-1,43,10743,587,2987
GTGGAGACAACCGATT-1,19307,80,1171,4595
GTGGAGACAAGTCATC-1,44,10921,860,3041
GTGGAGACAGCATCTA-1,11576,44,890,3825
GTGGAGAGTAATGCGG-1,6296,37,396,2845
GTGGAGATCTATACTC-1,16701,68,1283,4703
GTGGAGATCTTAGCTT-1,2353,24,576,1295
GTGGAGATCTTGCAAG-1,8611,39,532,3089
GTGGCGTAGCGTCTGC-1,37,10437,491,3240
GTGGCGTAGGCACGAT-1,32,6560,365,2099
GTGGCGTAGTTTCAGC-1,14924,79,794,4357
GTGGCGTCAAAGGATT-1,31352,160,2233,6654
GTGGCGTCAAGTACCT-1,6649,41,384,2516
GTGGCGTCAGAACATA-1,91,17629,893,4269
GTGGCGTGTTGCCGCA-1,1439,25,1,806
GTGGCGTTCAACTACG-1,9511,14022,1752,7256
GTGGCGTTCACACCCT-1,53,10992,849,3179
GTGGCGTTCGTTCAGA-1,72,18243,1132,4445
GTGGCGTTCTTCGATT-1,27,5371,337,1968
GTGGGAACACCTAAAC-1,9121,42,670,3315
GTGGGAACACTGTGAT-1,47,11855,1073,3351
GTGGGAACACTGTTCC-1,53,11662,563,3221
GTGGGAACAGCGCTTG-1,46,8105,466,2463
GTGGGAAGTACTTGTG-1,44,14488,1289,3285
GTGGGAAGTCATGGCC-1,25541,110,1808,5488
GTGGGAATCAGTCTTT-1,38,7170,468,2615
GTGGTTAAGCTCCACG-1,7212,64,1326,3139
GTGGTTAAGGCCGCTT-1,20155,101,1532,5380
GTGGTTAAGGGCGAAG-1,16199,62,752,4620
GTGGTTAAGTCCGTCG-1,8301,48,530,2978
GTGGTTAAGTGTGTTC-1,36,7878,538,2634
GTGGTTACAGAACTAA-1,21,4916,233,1891
GTGGTTACAGCTTTGA-1,10583,48,534,3645
GTGGTTACATAATGAG-1,40,4955,285,1827
GTGGTTAGTATACCCA-1,28,4573,283,1782
GTGGTTATCCGTGGTG-1,2147,8,175,1326
GTGGTTATCGGATTAC-1,11678,50,407,3925
GTGGTTATCTCCGAGG-1,13053,79,602,4365
GTGGTTATCTGCGGAC-1,26,8457,332,2716
GTGTAACCACTGGATT-1,34,9030,726,2562
GTGTAACCATGACAAA-1,7684,35,349,2631
GTGTAACGTACTTCCC-1,28,6936,284,2390
GTGTAACGTCGTTTCC-1,11,4139,232,1534
GTGTAACGTGCCTAAT-1,12,3934,211,1763
GTGTAACTCATCTCTA-1,17,4564,270,1818
GTGTAACTCCGACAGC-1,26,4752,321,1822
GTGTAACTCGAGCCAC-1,557,1,21,416
GTGTCCTAGTTCCGGC-1,26,2238,3,766
GTGTCCTCACCTAAAC-1,10797,8330,1158,6293
GTGTCCTCACGGCTAC-1,28937,128,2223,6014
GTGTCCTCACTGGATT-1,14866,73,789,4503
GTGTCCTGTCGTCATA-1,15,6718,346,2307
GTGTCCTGTGAGTAGC-1,57,15656,995,3989
GTGTCCTGTGCCTGAC-1,29,5642,400,2083
GTGTCCTGTGGTAATA-1,35,5775,384,2121
GTGTCCTTCCTACCGT-1,14514,86,977,4600
GTGTCCTTCTGCTTTA-1,12642,60,825,3997
GTGTCCTTCTGGGTCG-1,41,9543,598,2889
GTGTGATAGACTTGTC-1,5681,39,401,2214
GTGTGATAGAGCAAGA-1,1296,16,2,722
GTGTGATAGCGTATAA-1,68,10902,773,3181
GTGTGATCACAAGCCC-1,63,15381,992,4031
GTGTGATGTGCCTGAC-1,26,5285,341,1938
GTGTGATGTGGGTCAA-1,19,4779,301,1772
GTGTGATTCACTTATC-1,13,3078,0,1183
GTGTGATTCTGACCCT-1,16164,102,1185,5095
GTGTGATTCTTGCGCT-1,10408,44,665,3543
GTGTGGCAGAAGGTAG-1,4814,56,898,2223
GTGTGGCAGGCGTTAG-1,73,10953,1130,3205
GTGTGGCAGTGATAGT-1,58,10823,684,3110
GTGTGGCCAATGTGGG-1,36,5696,351,2078
GTGTGGCCAGCAGTTT-1,6503,25,401,2477
GTGTGGCCATTGTGCA-1,72,21290,1228,4523
GTGTTAGAGATGCTTC-1,22,4850,350,1829
GTGTTAGAGCGAATGC-1,10802,13532,1796,6987
GTGTTAGAGTGAGTGC-1,38,9538,639,2690
GTGTTAGAGTTAGTGA-1,12,3780,253,1522
GTGTTAGCAATTTCCT-1,24,4285,179,1766
GTGTTAGCACTACAGT-1,47,8148,740,2813
GTGTTAGCAGAGTGAC-1,14,4698,293,1792
GTGTTAGCAGTGGGTA-1,10763,61,639,3660
GTGTTAGCATCGCTAA-1,33,6890,434,2583
GTGTTAGGTAATGCTC-1,22,3253,231,1304
GTGTTAGGTACGCTTA-1,14190,79,1038,4490
GTGTTAGGTAGCGATG-1,45,9512,806,2893
GTGTTAGGTCGTGGAA-1,53,14479,961,3691
GTGTTAGTCTTCACGC-1,61,13380,949,3531
GTGTTCCAGGTGAGAA-1,7173,24,374,2697
GTGTTCCCACACACTA-1,11187,67,891,3736
GTGTTCCCATAACGGG-1,5821,48,596,2262
GTGTTCCCATTGTACG-1,16827,12834,1806,7924
GTGTTCCGTCAAAGTA-1,34,5702,428,2287
GTGTTCCGTCACGTGC-1,8482,6266,913,5488
GTGTTCCTCCTAAGTG-1,81,11917,817,3590
GTGTTCCTCGCCGAAC-1,18,3697,257,1501
GTTACAGAGCACCTGC-1,19523,73,1321,4960
GTTACAGAGGAACTCG-1,46,10210,698,2911
GTTACAGCAACAGCCC-1,13434,62,225,3256
GTTACAGCACCAAATC-1,11273,71,827,3801
GTTACAGCAGAAATCA-1,17,4034,233,1623
GTTACAGCAGCGTTGC-1,62,17877,1206,4159
GTTACAGCATGTTTGG-1,13616,82,992,4446
GTTACAGGTACGGATG-1,18,4085,285,1494
GTTACAGGTGCGTTTA-1,20545,100,1414,5343
GTTACAGGTTGCATGT-1,7684,29,473,2974
GTTACAGGTTGCCATA-1,24,4585,274,1687
GTTACAGTCAGCAGAG-1,15168,70,1333,4449
GTTACAGTCTATCGCC-1,53,12491,597,3687
GTTACAGTCTCCGAGG-1,13,7136,339,2461
GTTACAGTCTGTGTGA-1,107,20837,1819,4651
GTTACCCAGGGCGAAG-1,104,8886,675,2624
GTTACCCAGTAATTGG-1,2955,31,91,1565
GTTACCCAGTGAGTGC-1,12695,14558,1854,8194
GTTACCCCAGCATTGT-1,56,6317,335,2263
GTTACCCCATCGAGCC-1,2499,33,592,1315
GTTACCCCATTCATCT-1,30,7022,465,2526
GTTACCCGTAACATCC-1,11,628,5,501
GTTACCCGTGCTCCGA-1,39,10855,651,3154
GTTACCCGTGGCAGAT-1,8154,49,831,3126
GTTACCCTCCTGCCAT-1,6953,45,431,3149
GTTACGAAGACTACGG-1,8,4764,326,1743
GTTACGAAGCTTTCCC-1,18482,126,1201,5326
GTTACGACAAGACCTT-1,20,4910,342,1872
GTTACGAGTCATTGCA-1,18,4852,436,1783
GTTACGATCGACGATT-1,13004,56,708,4082
GTTACGATCGTGAGAG-1,28,7807,641,2297
GTTAGACAGCTCTTCC-1,64,13396,776,3737
GTTAGACCAAGCGAGT-1,42,7953,663,2539
GTTAGACCAATAACCC-1,26,5478,304,1959
GTTAGACCAGAGGACT-1,46,7779,435,2662
GTTAGACCAGGGACTA-1,12930,14392,2851,8046
GTTAGACCATGTTCAG-1,10369,39,684,3578
GTTAGACCATTCACCC-1,13931,71,888,4367
GTTAGACGTGGATTTC-1,13416,73,700,4154
GTTAGACTCATGCATG-1,52,10099,707,2973
GTTAGACTCGGTCATA-1,5024,23,278,2228
GTTAGACTCTCATTTG-1,15311,114,970,4847
GTTAGTGAGCAAGGAA-1,13897,49,822,3742
GTTAGTGAGGTCATCT-1,16,7796,321,2621
GTTAGTGCACCAGCGT-1,7656,27,628,2903
GTTAGTGGTGAAGCGT-1,8017,32,398,2904
GTTAGTGGTGACCTGC-1,7943,40,704,2881
GTTAGTGGTGATCGTT-1,639,9,9,486
GTTAGTGGTGCAATAA-1,39,9432,348,2849
GTTAGTGGTTTCCCAC-1,52,14286,1306,3447
GTTAGTGTCATCACAG-1,54,4797,318,1805
GTTAGTGTCGAGTGGA-1,35,6616,561,1978
GTTATGGAGCCTGCCA-1,25,6269,263,2370
GTTATGGAGCTGCCTG-1,31,7429,405,2541
GTTATGGCAGAGGAAA-1,12144,89,872,3768
GTTATGGCAGAGGACT-1,60,11685,477,3316
GTTATGGGTCGGTACC-1,10,2300,132,1125
GTTATGGGTGAGTCAG-1,27,6669,431,2199
GTTATGGGTTTCACTT-1,19,4175,341,1557
GTTATGGTCGTTCCTG-1,17,4805,238,1922
GTTATGGTCTCGTCGT-1,9402,48,696,3179
GTTATGGTCTTAGCTT-1,13054,81,829,4278
GTTCATTAGCTAATGA-1,598,11,1,435
GTTCATTAGCTCGGCT-1,19016,143,866,4941
GTTCATTAGGAACGAA-1,1894,7726,370,3491
GTTCATTAGGTCTTTG-1,19,5306,256,2111
GTTCATTAGTGGCGAT-1,74,18775,860,4453
GTTCATTGTTCAGTAC-1,85,16971,799,4480
GTTCATTTCATTCATC-1,24595,95,1090,5635
GTTCATTTCCAACACA-1,15628,86,896,4623
GTTCATTTCTCCGAGG-1,5536,30,298,2561
GTTCATTTCTCCTACG-1,21,4034,268,1674
GTTCCGTAGACATGCG-1,52,14871,927,3850
GTTCCGTAGGGCCCTT-1,39,10180,492,2909
GTTCCGTAGTCGTCTA-1,12183,74,1001,3873
GTTCCGTAGTGTAGAT-1,13,3510,247,1251
GTTCCGTCATTCCTAT-1,46,8395,498,2831
GTTCCGTGTCAGCTTA-1,8,3323,348,579
GTTCCGTGTGTACGCC-1,40,10448,614,2944
GTTCCGTTCATCTATC-1,1978,15,54,1224
GTTCCGTTCGTGGCTG-1,16494,126,1221,4845
GTTCGCTAGACTAGAT-1,27,6583,688,1865
GTTCGCTCAAGCGCAA-1,65,15426,1098,3838
GTTCGCTGTACTAACC-1,28,5666,473,2289
GTTCGCTGTGCAGTGA-1,774,18,2,531
GTTCGCTGTGTCCAAT-1,28,6365,652,2147
GTTCGCTGTTTGAACC-1,122,17987,1199,4302
GTTCGCTTCGAGCACC-1,15,4314,320,1598
GTTCGCTTCGCAATGT-1,12470,80,690,4168
GTTCGCTTCGTTCTGC-1,33,5910,490,2288
GTTCGCTTCTCGGTAA-1,61,14425,899,3770
GTTCTATCAACGAGGT-1,5065,31,270,2447
GTTCTATCACGAGGAT-1,49,7200,526,2393
GTTCTATCAGACCTAT-1,51,10802,912,3155
GTTCTATGTAATGATG-1,28,6868,484,2263
GTTCTATGTCTGCCTT-1,14,3360,169,1380
GTTCTATGTGACTAAA-1,40,7071,354,2515
GTTCTATGTGCGTTTA-1,12491,87,807,3986
GTTCTATGTGTACAGG-1,20,4643,288,1619
GTTCTATGTTAAACAG-1,9877,40,491,3193
GTTCTATGTTAAGGAT-1,77,14566,781,3813
GTTCTATTCACCTACC-1,109,18358,828,4527
GTTCTATTCGTTACCC-1,40,7205,453,2521
GTTCTATTCTGACCCT-1,5268,29,397,2619
GTTGAACAGCTGACAG-1,233,10794,702,3385
GTTGAACAGTCAGCGA-1,79,11779,859,3284
GTTGAACCACCCTATC-1,33,6669,533,2129
GTTGAACCACGTAGAG-1,40058,167,1131,6986
GTTGAACCAGCACAGA-1,32,7856,464,2629
GTTGAACCAGCTGTGC-1,9011,49,533,3623
GTTGAACCATAAGATG-1,47,8441,436,2804
GTTGAACGTGCGTGCT-1,49,11854,838,3293
GTTGCGGAGGCCCGTT-1,18,8853,425,2710
GTTGCGGAGGCTCACC-1,32,7822,735,2639
GTTGCGGCATGATGCT-1,41,7637,429,2548
GTTGCGGGTCGGTGTC-1,5597,37,438,2203
GTTGCGGGTCTCTCCA-1,73,19439,1226,4456
GTTGCGGTCACTAGCA-1,8268,43,414,3278
GTTGCTCAGATTGGGC-1,10,3780,280,1470
GTTGCTCCACAGTCGC-1,58,12799,725,3600
GTTGCTCGTCCACGCA-1,44,11671,624,3374
GTTGCTCGTCTGTAGT-1,59,13229,708,3922
GTTGCTCGTTCATCGA-1,51,10411,589,3140
GTTGCTCTCGCCGATG-1,67,17037,979,4282
GTTGTAGAGAAGAGCA-1,28,8320,459,2708
GTTGTAGAGATGATTG-1,12788,87,627,3992
GTTGTAGAGCCTTTCC-1,25,1215,38,703
GTTGTAGAGGTCATTC-1,13427,76,984,4327
GTTGTAGCACTAAACC-1,21591,6420,1714,7611
GTTGTAGTCATGCCAA-1,27,9454,464,2932
GTTGTAGTCCCTCATG-1,924,41,9,705
GTTGTAGTCTTCTCAA-1,34,7732,595,2612
GTTGTCCCATTGGCAT-1,51,9264,860,2826
GTTGTCCGTACCTAGT-1,11130,41,640,3630
GTTGTCCGTACCTTCC-1,92,16730,970,4386
GTTGTCCGTGACCGAA-1,6032,22,285,2298
GTTGTCCTCACGATAC-1,8989,32,306,3180
GTTGTCCTCCGTCCTA-1,1987,13,2,993
GTTGTGAAGAATTGCA-1,48,9340,808,3010
GTTGTGACAAAGGATT-1,10806,49,559,3501
GTTGTGACAAAGGCAC-1,68,17129,1223,4297
GTTGTGACACAGGATG-1,8038,34,511,2977
GTTGTGACAGGTGTTT-1,12138,55,661,3915
GTTGTGACAGTATGAA-1,60,11096,717,3371
GTTGTGACATGACGGA-1,42,11033,730,3085
GTTGTGAGTAGCTAAA-1,58,8896,565,2882
GTTGTGAGTCGCCTAG-1,27,9093,760,2758
GTTGTGATCACTGGGC-1,56,13541,720,3752
GTTGTGATCCCAGCGA-1,44,12898,691,3539
GTTTACTAGTAGCAAT-1,143,7680,471,2835
GTTTACTCAAGTCATC-1,43,11872,546,3528
GTTTACTCACGTCGTG-1,9373,54,632,3426
GTTTACTGTAGTCGGA-1,12394,105,816,4327
GTTTACTGTCCGAAGA-1,84,16725,1126,3964
GTTTACTGTCGAGATG-1,26,5942,380,2103
GTTTACTGTGGGTATG-1,19,3615,326,1502
GTTTACTTCCCTCTAG-1,14854,78,789,4525
GTTTACTTCTCTTCAA-1,13999,88,714,4506
GTTTACTTCTGCACCT-1,17260,57,553,5341
GTTTGGAAGACGTCCC-1,30,9889,630,2742
GTTTGGAAGAGTCACG-1,25,5196,410,1904
GTTTGGAAGATCGCTT-1,77,15146,921,3953
GTTTGGAAGTTACGAA-1,27,5310,585,2126
GTTTGGAAGTTGTAGA-1,6006,22,347,2448
GTTTGGACAACGCATT-1,7890,32,667,2931
GTTTGGACAATTTCCT-1,14339,67,943,4641
GTTTGGACACAAACGG-1,17913,125,823,4733
GTTTGGACACTCCGGA-1,21,4749,274,1743
GTTTGGACACTTCATT-1,29,5099,324,1920
GTTTGGAGTTCAGTAC-1,13,4216,239,1690
GTTTGGATCCACACCT-1,60,11273,812,3601
GTTTGGATCGGTGTAT-1,42,11985,817,3159
GTTTGGATCTCCTACG-1,69,10270,743,3358
GTTTGGATCTTCCTAA-1,48,9867,587,2999
TAACACGAGCACCGTC-1,8758,6733,983,5451
TAACACGAGGACCCAA-1,17,2313,218,540
TAACACGAGGGCTTCC-1,16703,83,1174,4798
TAACACGAGTCCTACA-1,17722,80,1260,5223
TAACACGAGTGGCGAT-1,70,19024,1401,4257
TAACACGCACATTCGA-1,36,8988,378,2773
TAACACGGTGTATTGC-1,6398,25,326,2705
TAACACGTCACCATAG-1,51,9796,606,3304
TAACACGTCAGGGTAG-1,39,10269,969,2957
TAACACGTCCAGTACA-1,11800,40,471,3463
TAACACGTCGCAACAT-1,17,6287,378,2289
TAACACGTCTATCGTT-1,79,13546,862,3977
TAACCAGCACAGCATT-1,12701,87,514,3858
TAACCAGCACGGTGTC-1,17254,95,788,4603
TAACCAGCATGTCGTA-1,47,11829,724,3098
TAACCAGGTACCTGTA-1,16,3680,212,1624
TAACCAGGTCCATCTC-1,6353,29,385,2754
TAACCAGGTTGTGGCC-1,67,18120,1639,4296
TAACCAGTCATCGCTC-1,39,8869,468,2974
TAACCAGTCGCCAACG-1,13704,57,669,4120
TAACCAGTCTAGGAAA-1,4459,27,1095,1925
TAACCAGTCTCTATGT-1,41,11054,570,3520
TAACGACAGGCATGCA-1,24583,148,1071,5965
TAACGACAGGTAAGTT-1,13385,69,1024,3902
TAACGACAGGTTACAA-1,24746,154,1748,6140
TAACGACCAAGAGGTC-1,9904,40,726,3592
TAACGACCACCTGCGA-1,9345,34,429,3188
TAACGACCACGTCGGT-1,7404,31,428,2759
TAACGACGTATTCTCT-1,39,5519,418,2101
TAACGACGTTCGTGCG-1,38,12156,703,3234
TAACTTCAGCTCCCTT-1,69,16444,1019,4351
TAACTTCCAGCGTACC-1,19551,80,1155,5170
TAACTTCGTCTTACAG-1,17,4583,231,1651
TAACTTCTCGAACACT-1,16222,9644,1783,7764
TAACTTCTCGCTTGCT-1,25,4638,372,1890
TAAGCACAGAGTGAAG-1,49,10934,554,3270
TAAGCACAGCTGAAAT-1,16895,79,851,4405
TAAGCACAGGAGTACC-1,60,11583,725,3217
TAAGCACCAACGGCCT-1,91,21149,1670,4700
TAAGCACCATGACCCG-1,18618,96,1154,5116
TAAGCACGTAGAGATT-1,12807,9615,1776,7187
TAAGCACGTGATACCT-1,12193,116,766,4246
TAAGCACGTGTCGCTG-1,2546,9,0,1038
TAAGCACGTTCGGTCG-1,25,7732,880,2513
TAAGCACTCAGACAAA-1,42,13110,546,3532
TAAGCACTCCTTACCG-1,18778,92,1040,5106
TAAGCACTCGCTTTAT-1,37,9711,719,2874
TAAGCCAAGAGGTTAT-1,2683,17,500,1514
TAAGCCAAGATACGAT-1,44,8552,445,2894
TAAGCCAAGCACGATG-1,9332,26852,2150,8543
TAAGCCAAGGTACATA-1,61,9990,909,2933
TAAGCCACAATCTGCA-1,20901,16919,2401,9780
TAAGCCACATTGTGCA-1,41,7051,397,2542
TAAGCCAGTGTAGTGG-1,80,13522,1148,3703
TAAGCCAGTGTTTCTT-1,16,4330,284,1718
TAAGCCATCAGCTGAT-1,23,5148,376,1915
TAAGCCATCCGCATAA-1,99,21130,970,4952
TAAGCCATCGAAGAAT-1,44,12429,666,3329
TAAGCCATCTCCACTG-1,31,10461,555,3224
TAAGCGTAGACCCGCT-1,53,19407,1364,4214
TAAGCGTAGGGTAATT-1,6614,38,675,2442
TAAGCGTCAAAGCAAT-1,50,10643,697,3136
TAAGCGTCAAATAGCA-1,448,4626,208,2119
TAAGCGTCACCAGCGT-1,20,6980,573,2133
TAAGCGTCATGACACT-1,5055,20,338,2071
TAAGCGTGTATGGGAC-1,7472,32,472,2609
TAAGTCGAGTTGGCTT-1,6608,9823,1303,5369
TAAGTCGCACACCAGC-1,10508,47,726,3563
TAAGTCGCATAGGCGA-1,8663,36,506,3174
TAAGTCGCATCGATGT-1,10871,63,707,3944
TAAGTCGGTCCAGCCA-1,28,8286,453,2647
TAAGTCGGTGCCTACG-1,34,10834,785,2923
TAAGTCGGTTTAGTCG-1,40,13781,973,3523
TAAGTCGTCATGACAC-1,69,14794,943,3761
TAAGTCGTCGGTAGGA-1,100,16194,993,4145
TAATCTCAGACTCAAA-1,13132,81,719,4408
TAATCTCAGATGCCGA-1,6062,21,290,2403
TAATCTCAGCGATGAC-1,51,7729,487,2456
TAATCTCGTCCAACGC-1,15124,69,893,4926
TAATCTCGTCGCCACA-1,12057,45,765,3825
TAATCTCGTGACAACG-1,39,9714,617,3032
TAATCTCGTTTCCATT-1,52,14965,642,4086
TAATCTCTCCAATCTT-1,25,5494,348,1998
TAATCTCTCTAGTGTG-1,717,8,0,515
TAATTCCAGCGCTTCG-1,25359,103,1210,5902
TAATTCCAGCTGACAG-1,17063,99,909,5107
TAATTCCAGTGATGGC-1,39,8331,621,2940
TAATTCCCAAATAAGC-1,1782,9,3,1017
TAATTCCCACCATAAC-1,8741,46,406,3517
TAATTCCCACCCTAAA-1,10479,39,602,3591
TAATTCCCAGCCGTCA-1,3218,33,29,1562
TAATTCCGTGCGGATA-1,13816,68,942,4309
TAATTCCGTTCAAACC-1,27,4115,342,1686
TAATTCCTCCGATAAC-1,20,4216,248,1704
TAATTCCTCGACGCGT-1,31,5077,408,1911
TACAACGCAGCGTGAA-1,113,23165,1696,5147
TACAACGGTGACATCT-1,64,15307,671,3750
TACAACGGTGATTCAC-1,43,10260,593,3185
TACAACGGTTAAGGAT-1,8982,31,425,3112
TACAACGTCACTACTT-1,1169,10,0,677
TACACCCAGCAACAGC-1,51,2406,5,623
TACACCCAGCCAAGTG-1,25684,118,1444,5807
TACACCCAGCGGACAT-1,19,5107,283,2086
TACACCCAGCGGCTCT-1,21,7149,412,2318
TACACCCAGCTCGAAG-1,14662,67,889,4551
TACACCCCAAGAGAGA-1,1373,10,0,787
TACACCCCACAGGATG-1,17,6302,543,2054
TACACCCCACCAGACC-1,1822,10,0,958
TACACCCCAGTGGGTA-1,17787,76,1126,5139
TACACCCGTACGCGTC-1,25713,91,1348,6044
TACACCCGTCACTCAA-1,55,14067,739,3688
TACACCCGTGTTGATC-1,85,12130,1097,3382
TACAGGTAGAAACTGT-1,53,7998,530,2454
TACAGGTAGAAATTCG-1,23,5815,507,1882
TACAGGTAGATGTTGA-1,16592,133,881,4832
TACAGGTCAAGCAGGT-1,59,12213,1034,3401
TACAGGTGTGCAGATG-1,23463,102,811,5845
TACAGGTGTGGTCTAT-1,69,11541,955,3242
TACAGGTTCAAACGTC-1,12,6586,804,1366
TACAGGTTCCACACCT-1,42,7806,404,2687
TACATTCAGATAACAC-1,35,4855,137,1778
TACATTCAGCAATTAG-1,22720,131,1276,5531
TACATTCCAATCGTCA-1,57,20043,1040,4282
TACATTCCATGGGTTT-1,55,18437,1284,4262
TACATTCGTCGTATGT-1,6043,30,365,2441
TACATTCGTTCTAAGC-1,15578,79,1093,4881
TACATTCTCCGCCTAT-1,16,3989,263,1730
TACCCACCAAGATCCT-1,19230,96,1234,4700
TACCCACCACAACCGC-1,10686,18301,1218,8133
TACCCACCAGAACTCT-1,17344,91,1095,5137
TACCCACCAGACGGAT-1,17613,87,896,4824
TACCCACCATCCAACA-1,40,8893,641,2882
TACCCACGTAGAATGT-1,73,9971,822,3046
TACCCACTCAAACTGC-1,10233,54,525,3687
TACCCACTCACCTGGG-1,43,7893,573,2793
TACCCACTCCCATTTA-1,43,10332,415,3156
TACCCGTAGACTGTTC-1,915,26,25,711
TACCCGTCAGATACTC-1,15421,71,930,4191
TACCCGTCATCCGGCA-1,9757,29,449,3475
TACCCGTGTACAGCGA-1,553,8598,343,3025
TACCCGTGTTCAACGT-1,17,4787,211,1741
TACCCGTTCACAATGC-1,91,23770,1298,4932
TACCCGTTCGGTAAGG-1,70,15198,1287,3448
TACCGAACATTGCTGA-1,15772,98,741,4786
TACCGAAGTGAGAACC-1,25,6596,253,2127
TACCGAATCCGGACGT-1,21,4906,203,1781
TACCGAATCTGAATCG-1,7686,30,416,2999
TACCGGGAGAATCGTA-1,121,9854,567,2920
TACCGGGAGCTGCGAA-1,12032,57,1064,3650
TACCGGGAGGACAAGA-1,27,6502,326,2332
TACCGGGAGGTAATCA-1,37,8198,580,2613
TACCGGGCAAGAGTAT-1,11,5087,360,1831
TACCGGGCACGCTGAC-1,16876,82,1224,4749
TACCGGGGTTGTTTGG-1,16462,89,1500,4767
TACCGGGTCACAATGC-1,23,7397,426,2495
TACCGGGTCATCTACT-1,56,13243,797,3796
TACCGGGTCCCGATCT-1,1465,11,7,914
TACCTCGAGCAGCCTC-1,54,17436,1065,4301
TACCTCGAGTAACAGT-1,32,8690,568,2970
TACCTCGCACAGTCGC-1,55,13429,634,3761
TACCTCGCAGCTAACT-1,20,6237,372,2355
TACCTCGCATGATCTG-1,41,7952,393,2687
TACCTCGCATTGAAGA-1,7096,36,409,2952
TACCTCGTCGAGCTGC-1,35,6653,517,2176
TACCTCGTCTAAGCCA-1,61,2353,124,1221
TACCTGCAGGACTAAT-1,40,11637,682,3238
TACCTGCCAGGTCCGT-1,8229,32,2,2383
TACCTGCTCTCGTCAC-1,9092,24,419,3352
TACCTGCTCTGACCCT-1,9005,36,493,3630
TACGCTCAGTCCGTCG-1,17,7596,363,2491
TACGCTCCAAACCGGA-1,65,11937,879,3547
TACGCTCCAAGCAGGT-1,12,3892,256,1401
TACGCTCCACGACGCT-1,8226,41,367,3148
TACGCTCCAGTTCTAG-1,19950,101,769,5464
TACGCTCGTAACACGG-1,11117,39,775,3716
TACGCTCGTGTGTGGA-1,45,10095,948,3080
TACGCTCTCGAGGCAA-1,13,3596,234,1383
TACGGGCAGGAGAGTA-1,28591,171,2056,6611
TACGGGCAGGCTGGAT-1,2109,30,0,1043
TACGGGCCATCCGATA-1,70,13163,1298,3734
TACGGGCGTAACCAGG-1,68,13746,943,3685
TACGGGCGTAAGCAAT-1,31176,232,2084,6677
TACGGGCGTAGGTAGC-1,7566,15,0,2324
TACGGGCGTCTACGTA-1,30,6739,506,2492
TACGGGCTCAACCGAT-1,1011,14,0,654
TACGGGCTCAGTCATG-1,7409,31,786,2794
TACGGTAAGAACGCGT-1,35,7203,867,2170
TACGGTAAGACTTCCA-1,15761,89,1025,4390
TACGGTAAGATACTGA-1,30501,176,2222,6441
TACGGTAAGTATGTAG-1,51,11590,1313,2868
TACGGTAAGTGTTCCA-1,13367,49,752,3851
TACGGTACACTCCTGT-1,11724,46,529,3957
TACGGTACAGCACAAG-1,140,29827,2642,5441
TACGGTACAGCACGAA-1,1162,16,24,771
TACGGTACAGGTCAGA-1,37,9420,407,2733
TACGGTACAGTATACC-1,26,6302,312,2162
TACGGTACAGTCTCTC-1,988,18,2,642
TACGGTACATCCGGTG-1,7236,20,10,2328
TACGGTACATGGAACG-1,25,7114,366,2402
TACGGTAGTGCATACT-1,70,14018,965,3641
TACGGTATCACCCTGT-1,12949,75,760,4076
TACGGTATCAGGAAAT-1,8461,13130,1699,6634
TACGGTATCTGTAACG-1,3758,35,297,1967
TACGTCCAGCTTACGT-1,13023,75,873,4309
TACGTCCCACAAGCAG-1,32,8227,713,2560
TACGTCCCATGACGGA-1,24,3814,183,1857
TACGTCCGTGGCCCAT-1,12,3287,195,1347
TACGTCCTCGACGTCG-1,24934,117,1505,5653
TACGTCCTCGCATTGA-1,22,7827,288,2548
TACGTCCTCGCGGACT-1,18540,118,1321,5494
TACGTCCTCTTCTGGC-1,37,6825,345,2553
TACTGCCAGCGATCGA-1,9201,41,340,3176
TACTGCCAGTGGATAT-1,1825,16,0,917
TACTGCCCAAATACGA-1,5978,48,365,2485
TACTGCCCAAGAGGTC-1,90,15895,942,4007
TACTGCCCACAGTGAG-1,6746,32,194,2709
TACTGCCCAGAGTTCT-1,13485,94,935,4126
TACTGCCGTGTATTGC-1,29,8964,450,2774
TACTGCCTCAACTACG-1,48,12292,746,3315
TACTTACAGAAGTGTT-1,14170,145,1348,4204
TACTTACAGCAGGGAG-1,17951,97,1028,4953
TACTTACAGCTAAGTA-1,3243,27,3,1202
TACTTACCATATCTCT-1,19,3534,170,1578
TACTTACGTACTAACC-1,16,4294,171,1516
TACTTACGTAGGCAAC-1,6494,34,272,2609
TACTTACTCCTACGAA-1,54,10239,664,3264
TACTTACTCGGACCAC-1,430,15493,1205,4136
TACTTACTCTTCTAAC-1,1754,20,5,971
TACTTCAAGCCTTTGA-1,29203,115,1202,6427
TACTTCACAATTTCTC-1,16,4181,264,1818
TACTTCACACGTCGTG-1,44,9098,290,2812
TACTTCACATGAAGGC-1,7914,44,351,3034
TACTTCATCCGTTGGG-1,12,3007,306,1259
TACTTGTAGGTGAGAA-1,5588,25,525,2390
TACTTGTCACGGCTAC-1,37,7853,826,2574
TACTTGTCACTCCCTA-1,98,14630,759,4015
TACTTGTCATGGTGGA-1,6522,32,483,2577
TACTTGTGTTCTCTCG-1,41,9919,442,3061
TACTTGTGTTGAGGAC-1,7231,3842,593,4120
TACTTGTTCACAAGAA-1,5658,24,407,2338
TACTTGTTCACCGGTG-1,15,3540,163,1424
TACTTGTTCCATACAG-1,66,15949,1108,4292
TACTTGTTCTTGTGCC-1,29,6384,407,2327
TAGACCAAGAACAGGA-1,34,7896,622,2441
TAGACCACAGGCTACC-1,10769,51,576,4049
TAGACCAGTAGTGGCA-1,26,7103,475,2387
TAGACCAGTCTGTAGT-1,6578,6789,790,4726
TAGACCATCATCAGTG-1,25,8856,407,2615
TAGACCATCATCGCAA-1,60,16003,884,4110
TAGACCATCATTATCC-1,19,4712,183,1774
TAGACCATCCCATGGG-1,87,17704,1267,4392
TAGACTGAGGAAAGAC-1,8146,36,655,3073
TAGACTGAGTAGTCTC-1,10615,64,920,3709
TAGACTGCAACTTGGT-1,3791,26,543,2073
TAGACTGCACCAGTTA-1,64,17019,1308,4361
TAGACTGCATCGTTCC-1,34,9495,720,2958
TAGACTGGTCACATTG-1,12658,5799,1418,6021
TAGACTGGTTTGGAAA-1,5402,18,327,2262
TAGACTGTCCGCATAA-1,9946,66,497,3873
TAGAGTCAGAATAGTC-1,40,6842,522,2233
TAGAGTCAGACTCCGC-1,10758,77,652,3975
TAGAGTCAGCTGAGTG-1,75,14981,884,4055
TAGAGTCAGTGGAAGA-1,12570,55,786,3741
TAGAGTCCAGATTTCG-1,136,9638,692,2987
TAGAGTCGTATGGAGC-1,23,6378,330,2001
TAGAGTCTCAAGCCCG-1,12740,63,971,3878
TAGAGTCTCCTACACC-1,12087,61,636,4202
TAGAGTCTCGAAGCAG-1,92,12315,861,3869
TAGAGTCTCTGGACCG-1,52,9749,518,2788
TAGATCGAGGAAGTCC-1,10154,44,602,3391
TAGATCGAGGTCATCT-1,57,9436,814,3276
TAGATCGCAAGCGAAC-1,78,16729,983,4306
TAGATCGGTATCTTCT-1,20,4574,224,1839
TAGATCGGTGAGATTA-1,5008,47,546,2153
TAGATCGGTGGTCTTA-1,56,12415,806,3302
TAGATCGGTGTTAACC-1,29,7134,405,2357
TAGATCGGTTGCTCCT-1,17,6170,365,2055
TAGATCGTCCTGGCTT-1,9217,35,557,3122
TAGCACAAGTACAGCG-1,7065,61,311,2655
TAGCACACAACGAGGT-1,17,5756,409,1926
TAGCACACAGGATGAC-1,24710,138,1627,6185
TAGCACACATAGTCAC-1,83,15459,1123,4198
TAGCACAGTGATGAAT-1,58,17948,961,4040
TAGCACAGTGTTCCTC-1,620,9,6,464
TAGCACAGTTGGGATG-1,16,4483,337,1745
TAGCACATCAGTCTTT-1,42,8291,604,2646
TAGCACATCCAATGCA-1,21616,86,1154,5696
TAGCACATCGTTCGCT-1,10985,78,599,3854
TAGCACATCTACCAGA-1,15260,90,1242,4371
TAGCACATCTTAGTTC-1,13,3755,196,1460
TAGGAGGAGCGTACAG-1,15,8044,369,2606
TAGGAGGCACATATGC-1,23,6055,408,2147
TAGGAGGGTGCATCTA-1,70,15522,1015,3976
TAGGAGGGTGCGGATA-1,33114,162,2858,6383
TAGGAGGTCTGCTGAA-1,17292,118,1181,4637
TAGGGTTAGGATGCGT-1,41,7737,623,2702
TAGGGTTAGGGATGTC-1,4925,31,208,1844
TAGGGTTAGGTTGAGC-1,12759,65,781,4047
TAGGGTTCACACACTA-1,26,6425,260,2227
TAGGGTTCAGTGGCTC-1,31,5728,246,2013
TAGGGTTCATCAGCAT-1,19,6639,418,2323
TAGGGTTCATGTGGCC-1,15298,107,782,4548
TAGGGTTGTACATTGC-1,46,17129,746,3909
TAGGGTTGTGGGCTCT-1,16947,183,1124,4916
TAGGGTTTCGTCCATC-1,10849,62,826,3910
TAGGTACAGACAACAT-1,8304,38,223,3281
TAGGTACCACTGGATT-1,51,9514,800,2865
TAGGTACCAGCCCACA-1,32,9375,446,3036
TAGGTACCATCATTTC-1,28,6016,322,2266
TAGGTACGTACGTACT-1,81,20931,1695,4820
TAGGTACGTATGTCCA-1,12513,46,625,3756
TAGGTACGTATTAAGG-1,118,16032,972,4247
TAGGTACGTCCCTGAG-1,4304,22,2,1633
TAGGTACGTCTCACAA-1,24,5641,389,2023
TAGGTACGTCTTACAG-1,1456,12,310,892
TAGGTACGTGGAACCA-1,15581,82,823,4593
TAGGTACGTTTGAACC-1,39,8788,518,2676
TAGGTACTCGAAGTGG-1,72,13654,842,3798
TAGGTTGAGCCACCGT-1,39,10181,483,2908
TAGGTTGAGGCTAACG-1,3995,23,441,1750
TAGGTTGAGGGTCAAC-1,7208,37,522,2857
TAGGTTGCACCTCTAC-1,18,7929,478,1843
TAGGTTGCACTCGATA-1,1355,7,61,880
TAGGTTGCATTGGGAG-1,515,44,31,400
TAGGTTGGTACGTGTT-1,132,20174,1309,4746
TAGGTTGGTCGAGCAA-1,15857,83,1035,4779
TAGGTTGTCAAACCCA-1,66,18109,899,4346
TAGGTTGTCGTCCTTG-1,29,7371,635,2441
TAGGTTGTCTTACTGT-1,38,4709,659,1728
TAGTGCAAGAGGTTAT-1,38,8492,518,2797
TAGTGCAAGCCGTAAG-1,11194,53,888,3501
TAGTGCAAGGGTCACA-1,61,13008,902,3810
TAGTGCACACCAGTTA-1,70,12106,724,3448
TAGTGCAGTTGTATGC-1,19,3632,239,1267
TAGTGCATCACCGGGT-1,38,9741,783,2703
TAGTGCATCAGGTAAA-1,20,4622,308,1912
TAGTGCATCTGGAAGG-1,935,6,0,614
TATACCTAGGGAGTTC-1,45,12407,553,3231
TATACCTAGGTTGAGC-1,45,10368,513,3084
TATACCTAGTAGGCCA-1,3877,24,0,1548
TATACCTCAAGAGGTC-1,77,17482,1127,4178
TATACCTCACTGCTTC-1,20,2225,91,813
TATACCTGTCACCCTT-1,22,7409,323,2635
TATACCTGTGCCTTCT-1,15,4939,261,1900
TATATCCAGAACAGGA-1,83,15498,950,4127
TATATCCAGGGAGAAT-1,48,9393,514,2960
TATATCCCAAAGGATT-1,9347,59,274,3582
TATATCCCAGCCTATA-1,60,19504,1130,4391
TATATCCCATCTGTTT-1,46,12241,677,3496
TATATCCGTAGGTGCA-1,15,4849,409,1710
TATATCCGTATGAGAT-1,12,5344,478,1971
TATATCCGTCCCAAAT-1,63,15379,907,3966
TATATCCGTTCGGCGT-1,5,2427,171,1148
TATATCCGTTGTCAGT-1,43,10255,544,3138
TATATCCTCACTAGCA-1,6570,34,434,2863
TATATCCTCTTAAGGC-1,49,8765,544,2845
TATCAGGAGAGATGCC-1,52,10420,662,2998
TATCAGGCAAGGTCGA-1,81,18018,1734,4035
TATCAGGCAATAACCC-1,32,9193,250,2988
TATCAGGCAATAGTAG-1,17,5084,340,1927
TATCAGGGTCTAGGCC-1,21,6172,433,2109
TATCAGGTCGCCAACG-1,12260,46,741,3876
TATCAGGTCTTCCCAG-1,38,5434,239,2142
TATCCTAAGCGATGCA-1,34,4224,408,1684
TATCCTAAGCGCGTTC-1,45,14593,1036,3715
TATCCTAAGGCAGTCA-1,33,4569,283,1807
TATCCTAAGGTCCAGA-1,37,9250,771,2861
TATCCTAAGTCACGAG-1,40,9031,709,2777
TATCCTAAGTTTGTCG-1,3538,18,267,1897
TATCCTACAAATGGAT-1,18,3241,217,1373
TATCCTACAATCAGCT-1,6039,35,86,2188
TATCCTACATCGCTGG-1,16,4369,132,1813
TATCCTAGTAGGTCAG-1,18,4195,257,1690
TATCCTAGTATTGAGA-1,23,7301,577,2434
TATCCTAGTGGTCTTA-1,25,4823,464,1967
TATCCTATCACCCATC-1,3596,17,0,1509
TATCCTATCACCGGGT-1,22,7910,616,2530
TATCCTATCCGAACGC-1,39,8654,568,2752
TATCCTATCCTGCCAT-1,12170,63,732,4278
TATCGCCAGAAGGCTC-1,12629,69,752,3889
TATCGCCAGAGAGTGA-1,15403,10511,2426,7458
TATCGCCAGGTTACAA-1,24,3949,313,1503
TATCGCCAGTTGTCAC-1,13778,479,929,4689
TATCGCCGTCGTCGGT-1,27,7774,582,2256
TATCGCCTCATTGCGA-1,17027,107,744,4939
TATCGCCTCCATTGGA-1,35,10703,434,3092
TATCGCCTCTCGAACA-1,38,7839,728,2495
TATCTGTAGATACATG-1,22,4155,274,1648
TATCTGTAGATCGCCC-1,25,5453,281,2053
TATCTGTAGCAAGTCG-1,21,4370,315,1945
TATCTGTAGCACCAGA-1,3212,36,126,1626
TATCTGTAGTCAGCCC-1,69,14917,943,4149
TATCTGTAGTGCGTCC-1,30,8265,514,2514
TATCTGTAGTTGCTCA-1,4436,22,185,2114
TATCTGTCAATTCTTC-1,23,6055,246,2321
TATCTGTCACAGGATG-1,23,5004,427,1975
TATCTGTCAGCAAGAC-1,59,9705,763,3064
TATCTGTCAGTGTACT-1,10303,54,604,3545
TATCTGTTCCGCACTT-1,15637,54,712,4496
TATCTGTTCGCTTACC-1,32,9786,586,3093
TATCTGTTCTTTCGAT-1,101,18796,922,4680
TATCTTGAGTGTACCT-1,13,3676,260,1488
TATCTTGAGTTCTACG-1,18,4646,274,1904
TATCTTGCAAATCGGG-1,45,8730,825,2737
TATCTTGCAAGAATAC-1,8456,33,553,3059
TATCTTGCACTTTAGG-1,54,13647,774,3810
TATCTTGCAGATCCTA-1,103,18870,1299,4709
TATCTTGTCAATCTTC-1,43,6825,511,2677
TATCTTGTCTAGTGTG-1,50,8394,438,2622
TATGTTCAGATGTTAG-1,18,5631,316,1870
TATGTTCCAATCTAGC-1,51,10554,640,3225
TATGTTCCACCAAAGG-1,37,10966,474,3264
TATGTTCCACGACGTC-1,29,5963,393,2179
TATGTTCCACGGAAGT-1,16072,95,1824,4800
TATGTTCCACGTAGAG-1,56,14963,1070,3934
TATGTTCCATAACCCA-1,54,12383,594,3477
TATGTTCCATCATCCC-1,101,4993,336,1992
TATGTTCGTCACAATC-1,47,8238,599,2648
TATGTTCGTCCTCATC-1,49,12829,672,3716
TATGTTCGTCGAGCAA-1,7365,26,308,2649
TATGTTCTCCAGCACG-1,41,8491,548,2794
TATGTTCTCTTTGGAG-1,527,11,10,430
TATTCCACACAACGAG-1,23963,111,1083,5647
TATTCCAGTACCGTGC-1,7852,29,426,2821
TATTCCAGTCACTTCC-1,93,21272,1097,4780
TATTCCAGTTCGGACC-1,6688,30,68,1632
TATTCCATCAGCTCTC-1,11703,36,593,3628
TATTCCATCGCGAAGA-1,31,6716,381,2547
TATTCCATCGCTTTAT-1,7038,52,360,2996
TATTCCATCGTCGATA-1,32,7310,600,2426
TATTCCATCTTGGAAC-1,2214,8,36,1134
TATTGCTAGTCTAGAA-1,7906,85,341,3054
TATTGCTAGTCTTGGT-1,11998,77,912,4024
TATTGCTAGTGCGCTC-1,8776,4019,634,4567
TATTGCTCAAGCTCTA-1,2763,15,55,1545
TATTGCTCACATTGTG-1,24455,133,1541,5872
TATTGCTCAGCTACTA-1,66,13388,882,3952
TATTGCTGTCCGGTCA-1,18,5206,442,1801
TATTGCTGTGTTCATG-1,85,17444,841,4094
TATTGCTTCAATCTCT-1,62,14808,669,4176
TATTGCTTCGTCACCT-1,13,4434,289,1980
TATTGGGAGAGTCTGG-1,12125,42,981,3860
TATTGGGAGTTGGAGC-1,9,2009,171,914
TATTGGGCAACGACTT-1,7132,26,348,2819
TATTGGGCAAGTGACG-1,13099,80,1162,3976
TATTGGGCAAGTTGGG-1,20,3972,286,1403
TATTGGGCATTGCTTT-1,29,5590,363,2108
TATTGGGGTGATAGTA-1,32,10015,652,3025
TATTGGGGTGGATCGA-1,14,4257,267,1394
TATTGGGTCACATTGG-1,22,6584,361,2478
TATTGGGTCGACCTAA-1,65,15428,976,4063
TATTGGGTCTAACGCA-1,14629,104,942,4377
TATTGGGTCTTAATCC-1,50,15826,790,4261
TATTTCGAGAGATCGC-1,31,9043,540,2623
TATTTCGAGGATTTAG-1,34,6555,534,2217
TATTTCGAGGCGATAC-1,16925,97,1194,5178
TATTTCGCACGCAGTC-1,15603,67,802,4580
TATTTCGGTATAATGG-1,23400,116,1072,5694
TATTTCGGTCCTCAGG-1,6442,32,598,2788
TATTTCGGTCGCTTAA-1,42,6520,495,2232
TATTTCGTCATCTATC-1,34,8649,351,2992
TATTTCGTCGCCCAGA-1,33,11155,703,2996
TCAAGACAGAAGTCCG-1,5265,24,364,2147
TCAAGACAGGTAAGAG-1,17,7533,383,2471
TCAAGACAGTGAATAC-1,57,10410,814,2981
TCAAGACCAAGGCAAC-1,11976,48,618,3785
TCAAGACCAGGTGTGA-1,10313,44,686,3529
TCAAGACCATGGACAG-1,24,5343,266,1949
TCAAGACGTGTAGTGG-1,23,4760,345,1623
TCAAGACTCACAACCA-1,43,9438,382,3056
TCAAGCAAGGAAAGAC-1,45,11445,1051,2727
TCAAGCAAGTAGTCCT-1,14069,98,1018,4229
TCAAGCAAGTTTAGGA-1,15,4787,396,1898
TCAAGCACACATCCCT-1,32,9221,461,2807
TCAAGCACATGTGCCG-1,44,11492,953,3421
TCAAGCAGTCGAGCAA-1,79,20229,1351,4511
TCAAGCAGTCGTTGGC-1,65,3408,250,1419
TCAAGTGAGGAAGTCC-1,60,18507,1450,4260
TCAAGTGCACCGAATT-1,14,3472,141,1482
TCAAGTGCATTCTTCA-1,36,10701,835,2910
TCAAGTGGTAGAAACT-1,4692,37,270,2208
TCAAGTGGTAGCGTCC-1,13597,1235,964,4453
TCAAGTGGTCCGACGT-1,130,13104,887,3680
TCAAGTGGTGTGTACT-1,12744,57,693,3960
TCAAGTGTCAATCTTC-1,35,6239,522,2253
TCAAGTGTCCGCAGTG-1,12869,67,976,4129
TCAAGTGTCGTCAGAT-1,21,6865,530,2203
TCAAGTGTCTATACTC-1,15024,68,1016,4261
TCAAGTGTCTGAATGC-1,13,1600,335,753
TCAAGTGTCTGAGAGG-1,29,7510,596,2514
TCAATCTAGACATACA-1,45,7367,316,2473
TCAATCTAGGTCGCCT-1,35,7891,530,2602
TCAATCTCAGTCACGC-1,12895,79,811,4753
TCAATCTGTGTTACAC-1,57,12064,834,3576
TCAATCTTCCATCGTC-1,14685,78,820,4695
TCAATTCAGCTATCCA-1,61,8965,492,3091
TCAATTCTCACCCATC-1,55,6832,396,2701
TCAATTCTCGGCGATC-1,19,5747,296,2164
TCAATTCTCTGTAACG-1,11862,49,651,3784
TCACAAGAGCCACCGT-1,9430,39,601,3077
TCACAAGAGTTGTAGA-1,10065,5522,820,5129
TCACAAGTCTAAGCGT-1,17,3138,92,1372
TCACACCAGAGAGGGC-1,10589,63,658,3506
TCACACCAGAGTCTGG-1,67,17181,841,4100
TCACACCAGATTTGCC-1,17786,95,1121,4925
TCACACCAGGGATCTG-1,38,10309,669,3176
TCACACCGTAGCTTTG-1,56,13722,892,3876
TCACACCGTCGAGTGA-1,45,10436,852,2879
TCACACCTCTTACCAT-1,11120,42,480,3723
TCACATTAGAAGCGAA-1,18,5695,398,1900
TCACATTAGACCTCCG-1,47,11187,654,3405
TCACATTAGCTAAACA-1,31,7155,376,2656
TCACATTAGGAGGTTC-1,4504,29,387,2068
TCACATTCAAATGCGG-1,24,5442,240,1960
TCACATTCAAGCCTGC-1,39,9066,817,2824
TCACATTCATCGTGGC-1,24,8935,309,2654
TCACATTGTTCGATTG-1,32,9317,605,2911
TCACATTTCACTGAAC-1,6777,46,591,2888
TCACATTTCCGCTAGG-1,17140,85,1059,4944
TCACATTTCTCCAAGA-1,45,10457,735,2946
TCACATTTCTTTCGAT-1,8095,29,345,2995
TCACGCTAGAGCTTTC-1,26451,113,2171,5857
TCACGCTAGGTTACCT-1,87,23901,968,4898
TCACGCTAGTAAACTG-1,52,10844,795,2990
TCACGCTAGTCATACC-1,5001,32,495,2193
TCACGCTCACACCAGC-1,26,5278,266,1924
TCACGCTCAGTCGCTG-1,14921,86,550,4487
TCACGCTGTGGCAACA-1,35,7125,468,2683
TCACGCTTCCCTCGTA-1,34,5372,292,2087
TCACGCTTCGGACAAG-1,37,12957,862,3649
TCACGGGAGATGCTTC-1,2423,40,109,1231
TCACGGGAGATTCGAA-1,41,8974,727,2418
TCACGGGAGCCAGTAG-1,17903,75,757,4932
TCACGGGAGTCATCCA-1,38,6501,552,2166
TCACGGGAGTTACGAA-1,96,21286,1824,4512
TCACGGGCAGGTGAGT-1,25,6010,400,2030
TCACGGGCATCTCCCA-1,20821,80,1250,5181
TCACGGGGTAGTGCGA-1,16470,85,1109,4743
TCACGGGTCCGTGACG-1,17812,98,1534,4963
TCACGGGTCGCAGATT-1,16200,65,1223,4391
TCACTATAGAGACAAG-1,66,6460,524,2216
TCACTATAGATGGTCG-1,8,3999,275,1518
TCACTATAGTGTTCAC-1,13634,64,812,4337
TCACTATCAAACCGGA-1,15,4345,229,1710
TCACTATCAGAGTAAT-1,22,4184,175,1437
TCACTATCAGATACCT-1,5947,54,278,2751
TCACTATCAGCTGTAT-1,13,7231,285,2381
TCACTATGTCATACCA-1,17,5472,334,2005
TCACTATGTCGCATTA-1,13098,95,718,4700
TCACTATGTGTTTACG-1,25,7035,147,2228
TCACTATTCCGTTGGG-1,11467,56,940,3903
TCACTATTCCTCCACA-1,39,8328,508,2880
TCACTATTCTTGCAGA-1,15,4211,186,1790
TCACTCGCAGCAGAAC-1,7180,36,456,2949
TCACTCGCATTGACTG-1,29,8341,363,2446
TCACTCGGTCGCGTTG-1,30,12529,1104,3270
TCACTCGGTGGACTAG-1,26,5894,332,2156
TCACTCGGTTCAATCG-1,63,16877,752,4239
TCAGCAAAGCAACCAG-1,71,16264,710,4517
TCAGCAAAGCCATTCA-1,23630,107,1700,5516
TCAGCAAAGGAACTCG-1,52,10450,727,2871
TCAGCAAAGTCTGCGC-1,41,10180,546,2907
TCAGCAACAAGAGTGC-1,16546,140,1156,4724
TCAGCAAGTAGAGGAA-1,23,4415,367,1661
TCAGCAAGTATGTCAC-1,14970,89,864,4389
TCAGCAAGTTGTCTAG-1,33,5847,327,2203
TCAGCAATCATTTGCT-1,17,4539,244,1707
TCAGCCTAGAGCCATG-1,16888,87,1016,4694
TCAGCCTAGGACTATA-1,11581,63,645,4420
TCAGCCTAGGATCATA-1,17344,117,1423,4877
TCAGCCTAGGTTCCGC-1,94,23887,1250,5003
TCAGCCTCAGTGTGGA-1,16,3954,387,1530
TCAGCCTCATATACCG-1,61,14051,698,3880
TCAGCCTGTCGGCCTA-1,47,14657,762,3883
TCAGCCTGTTTACCTT-1,25,6368,948,2372
TCAGCCTTCCATGAGT-1,27058,126,1220,6322
TCAGCCTTCTGTGCTC-1,19598,72,1274,5439
TCAGGGCAGAAGAACG-1,47,11377,929,3006
TCAGGGCAGGCCACCT-1,47,13247,975,3679
TCAGGGCCAACTGAAA-1,8077,30,341,3059
TCAGGGCCAAGCACCC-1,87,14936,845,3754
TCAGGGCCAAGGTCAG-1,15,4275,309,1639
TCAGGGCCACACCTTC-1,48,14380,508,3980
TCAGGGCCACAGAAGC-1,20616,88,1569,5289
TCAGGGCGTACGTGAG-1,20,6944,555,2165
TCAGGGCGTTAAGCAA-1,46,11380,883,3033
TCAGGGCTCCCAAGTA-1,20863,121,1320,5445
TCAGGTAAGAAGAGCA-1,9,4924,269,1866
TCAGGTAAGCCAGACA-1,43,12367,850,3575
TCAGGTAAGGGTACAC-1,21,7789,496,2332
TCAGGTAGTACTGCCG-1,4856,21,199,2154
TCAGGTAGTGCTCGTG-1,44,12884,1170,3595
TCAGGTATCGTAACTG-1,5132,39,2,1943
TCAGGTATCTACTGAG-1,100,14976,1015,4115
TCAGTCCAGCAAGTGC-1,94,18012,1130,4314
TCAGTCCAGCGTTCAT-1,10892,45,597,3659
TCAGTCCAGGATTTAG-1,29,8530,334,2897
TCAGTCCAGGGCGAGA-1,26,5746,400,1999
TCAGTCCGTACTTCCC-1,30,8348,549,2827
TCAGTCCGTAGGCAAC-1,7577,35,294,2965
TCAGTCCGTCTGCCTT-1,23,7541,331,2597
TCAGTCCTCCACAGCG-1,58,13570,1235,3549
TCAGTCCTCTCTTGCG-1,16,5158,345,1930
TCAGTGAAGTTACGGG-1,44,11474,563,3038
TCAGTGAAGTTAGTGA-1,32478,145,1927,6686
TCAGTGACACAATGCT-1,56,13410,605,3750
TCAGTGACATTGAAAG-1,97,17384,1295,4232
TCAGTGAGTAAGCGGT-1,27731,149,2462,6569
TCAGTGAGTAAGTTGA-1,10256,53,373,3635
TCAGTGAGTACGAAAT-1,94,9249,634,2775
TCAGTGAGTGTATACC-1,8943,51,575,3126
TCAGTGAGTGTATCCA-1,27,6237,343,1993
TCAGTGATCACTTCTA-1,27,4614,291,1757
TCAGTGATCTGGGTCG-1,14437,77,938,4296
TCAGTTTCAACCAACT-1,50,10522,694,2631
TCAGTTTCACAAGCTT-1,9609,39,485,3311
TCAGTTTCAGCCGGTT-1,15326,76,1010,4708
TCAGTTTCATTGAGCT-1,141,5362,307,2162
TCAGTTTGTAACCAGG-1,214,13444,621,3765
TCAGTTTGTACGTTCA-1,7408,40,520,2845
TCAGTTTTCAGTCATG-1,11715,74,610,3894
TCAGTTTTCCCGTTGT-1,48,9999,491,2938
TCAGTTTTCCGAGGCT-1,64,17002,886,4359
TCATACTAGCCAAGGT-1,5108,21083,1127,6841
TCATACTAGCGACAGT-1,13,4095,314,1484
TCATACTCAAGGGCAT-1,97,16310,1088,4414
TCATACTGTGTGTACT-1,29,4723,312,1746
TCATACTTCAACCCGG-1,54,14412,1161,3858
TCATACTTCAAGCCCG-1,57,13044,822,3778
TCATATCAGAATTTGG-1,103,19247,1487,4558
TCATATCAGACGACTG-1,53,11218,721,3065
TCATATCAGCACGATG-1,20,6494,412,2265
TCATATCCAAAGTGTA-1,19,4443,464,1594
TCATATCCATTCACAG-1,9,3565,165,1506
TCATATCGTAACGCGA-1,16383,86,1318,4662
TCATATCGTCTGCGCA-1,16797,51,1012,4829
TCATATCGTTCCGCAG-1,6726,26,450,2379
TCATCATAGCGTTAGG-1,47,9042,763,2667
TCATCATAGGTTAAAC-1,12006,57,764,3671
TCATCATCAAGCCCAC-1,75,13424,776,4010
TCATCATCATGTTCGA-1,20,5681,418,2342
TCATCATGTCACAGAG-1,44,10144,488,2942
TCATCATGTCACCGAC-1,20,5514,340,1895
TCATCATGTCAGTCGC-1,31,6999,512,2444
TCATCATTCCACTGGG-1,24,8676,556,2927
TCATCATTCTTGCGCT-1,61,18607,1290,4223
TCATCCGAGGGTAATT-1,25198,12262,3168,9970
TCATCCGCAGAGCCCT-1,9,996,636,316
TCATCCGCAGCAGTCC-1,8491,60,494,2681
TCATCCGCAGTCTACA-1,99,22456,1139,4949
TCATCCGCATAGATCC-1,165,21052,1175,4907
TCATCCGCATCAGCTA-1,13960,59,1008,4234
TCATCCGGTCAACACT-1,29,9000,455,3017
TCATCCGGTCCGGTCA-1,769,8996,571,3702
TCATCCGGTGCGTCGT-1,11,3390,335,1374
TCATCCGTCGTTCTCG-1,15266,61,747,4811
TCATCCGTCTACTGAG-1,73,17207,962,4417
TCATCCGTCTGGACCG-1,41,10092,982,3115
TCATGAGAGCAAATCA-1,10082,50,444,3360
TCATGAGCACGATAGG-1,29,10686,574,2955
TCATGAGCACGCGTGT-1,9777,54,630,3402
TCATGAGGTGGAAATT-1,14,4017,211,1458
TCATGAGGTTGCTAGT-1,71,10175,683,3243
TCATGAGTCAAGTCGT-1,52,11872,775,3358
TCATGCCAGGTAGATT-1,63,15040,1063,4177
TCATGCCAGTCATCGT-1,11,3552,0,1589
TCATGCCCACGACAAG-1,21,7409,365,2549
TCATGCCCAGTAGTGG-1,39,10951,465,3321
TCATGCCCATATTCGG-1,26727,141,1433,6586
TCATGCCGTAACCCTA-1,30,7765,290,2661
TCATGCCGTACACGTT-1,66,11970,577,3814
TCATGCCGTAGTGTGG-1,93,19176,1779,4618
TCATGCCGTGGGCTTC-1,24353,91,1489,5841
TCATGCCTCATCGCTC-1,19,6673,435,2294
TCATGCCTCATTTGTC-1,29,10377,551,3325
TCATGGAAGACTACGG-1,14,3900,306,1439
TCATGGAAGATCCTAC-1,17,4343,296,1621
TCATGGAAGTGCGACA-1,4105,23,174,1952
TCATGGACAAAGTATG-1,4441,17,2,1738
TCATGGACACCCAACG-1,1855,20,1,983
TCATGGACAGTTACCA-1,11828,58,908,3730
TCATGGATCTAGATCG-1,281,14607,721,3897
TCATGGATCTGCTCTG-1,8762,42,579,3265
TCATGTTAGCACGGAT-1,18,3967,250,1391
TCATGTTCAAGTGGTG-1,7351,2895,671,4196
TCATGTTCACAGTCAT-1,24,6336,443,2313
TCATGTTCACGACGCT-1,11168,57,796,3804
TCATGTTCATCATGAC-1,18732,116,1046,5450
TCATGTTGTCTCAGAT-1,8333,49,399,3048
TCATGTTGTCTTCATT-1,30,7734,346,2636
TCATGTTGTGTCTCCT-1,52,11535,649,3343
TCATTACAGGTAGTAT-1,10,2797,148,489
TCATTACAGTCGCCAC-1,29,6083,450,2390
TCATTACCATAGATGA-1,109,11481,875,3556
TCATTACCATCAGCAT-1,16267,104,933,4626
TCATTACCATTCTTCA-1,8323,45,408,3410
TCATTACGTAGCTTGT-1,24092,92,1274,5402
TCATTACTCAAACGAA-1,64,16671,905,4066
TCATTACTCAGGAAGC-1,1767,11,0,857
TCATTACTCCAACTAG-1,77,8889,508,2757
TCATTCAAGACTAAGT-1,29,10199,395,3158
TCATTCAAGATTCGAA-1,19,4178,373,1506
TCATTCAAGATTCGCT-1,5894,40,348,2547
TCATTCAAGCAAGTGC-1,13311,74,761,4474
TCATTCAAGGTCCTGC-1,21,6754,520,2348
TCATTCAAGTCTCTGA-1,930,13,51,651
TCATTCAAGTCTTCCC-1,21,5727,381,2024
TCATTCAGTGTAGGAC-1,11941,51,807,3590
TCATTCATCACCCTTG-1,48,10464,438,3416
TCATTGTAGCGCCGTT-1,15606,60,859,4245
TCATTGTAGGGTTGCA-1,24,5161,390,1950
TCATTGTCAACCTATG-1,6585,23,340,2662
TCATTGTTCCACAAGT-1,18,5329,323,1958
TCATTGTTCCCTCTCC-1,25,6571,352,2452
TCATTTGAGCTACAAA-1,13,4254,242,1631
TCATTTGAGGATACAT-1,5682,24,260,2596
TCATTTGAGTCAGCGA-1,6839,28,340,2744
TCATTTGCAAGGTCTT-1,1100,15,751,324
TCATTTGCATTGAAGA-1,36,6165,461,2335
TCATTTGGTCACCGAC-1,33,7900,585,2642
TCATTTGTCAACCTCC-1,30,7955,321,2805
TCATTTGTCGCCTTTG-1,21991,125,1038,5742
TCATTTGTCGTAATGC-1,4887,24,307,2215
TCATTTGTCTAGCCTC-1,48,7913,624,2571
TCCACCAAGGTCCAGA-1,57,13563,802,3686
TCCACCAGTACTTGTG-1,23045,62,847,5512
TCCACCAGTCTCAAGT-1,55,12269,930,3574
TCCACCAGTGAGTGAC-1,49,9740,760,2936
TCCACCATCGTCGACG-1,39,10943,516,3240
TCCACGTCAAAGGCTG-1,22505,114,1418,5729
TCCACGTCATATCTCT-1,2175,18,6,959
TCCACGTGTCTCACGG-1,22,6502,359,2220
TCCACGTGTTGACTGT-1,13,4719,339,1199
TCCACGTTCATGCTAG-1,13387,94,510,5240
TCCACGTTCCAGCTCT-1,14003,81,713,4298
TCCACGTTCCTAACAG-1,31,7148,440,2366
TCCAGAAAGAAACACT-1,13923,97,815,4435
TCCAGAAAGCGATTCT-1,37,6706,323,2037
TCCAGAACAACGATTC-1,16,3613,294,1586
TCCAGAAGTGATTCAC-1,12,3474,407,1516
TCCAGAAGTGGATTTC-1,58,12091,646,3268
TCCAGAAGTTGGGTTT-1,22,4784,480,1786
TCCAGAATCACTGATG-1,23,6437,221,2118
TCCAGAATCGACCATA-1,50,10396,413,3185
TCCATCGCAAGGCGTA-1,40,10035,569,3113
TCCATCGCACTATGTG-1,81,16516,1044,4314
TCCATCGGTAGCACAG-1,18,4834,301,1782
TCCATCGGTCGCAACC-1,40,11386,765,3376
TCCATCGTCATTCCTA-1,29,13366,660,3858
TCCATGCAGAGGCGGA-1,46,8337,618,2754
TCCATGCAGCTCGTGC-1,25,8182,417,2768
TCCATGCCACGGTGTC-1,35,10371,634,3044
TCCATGCGTACCGTGC-1,8541,55,621,3235
TCCATGCGTACTAGCT-1,22,5040,277,1678
TCCATGCGTAGCTAAA-1,17655,66,1447,4865
TCCATGCGTCACTGAT-1,13762,45,909,4018
TCCATGCGTCTCCTGT-1,49,9896,469,2851
TCCATGCGTGTTGCCG-1,29,5456,156,2060
TCCATGCTCCTTTGAT-1,26232,139,1292,5876
TCCATGCTCTTCGGTC-1,49,10554,917,3137
TCCATGCTCTTTCCAA-1,34,8413,303,3017
TCCCACAAGCATGGGT-1,27,7743,481,2727
TCCCACAAGGCGAAGG-1,21,5202,242,1736
TCCCACAAGTCGCGAA-1,52,9076,695,2728
TCCCACACAGTGTATC-1,14,5242,191,1967
TCCCACAGTGAGAGGG-1,50,11662,832,3168
TCCCACAGTGTACAGG-1,47,8321,626,2726
TCCCACAGTTGCCATA-1,65,12877,789,3570
TCCCACAGTTGCGGCT-1,32,10094,629,3002
TCCCACATCTACTGAG-1,21,6577,306,2285
TCCCAGTAGCACTCGC-1,51,11167,388,3606
TCCCAGTAGGTGGGTT-1,55,8882,681,2645
TCCCAGTCAACAGATA-1,19,4547,255,1873
TCCCAGTCAACTGGTT-1,17212,68,782,4693
TCCCAGTGTCGTGTTA-1,14896,65,1224,4293
TCCCAGTGTGAGTAAT-1,10000,67,510,3632
TCCCAGTGTGCAACGA-1,21,4852,275,1860
TCCCAGTTCCAGTTCC-1,25283,103,1444,5984
TCCCAGTTCTGCATGA-1,34,8792,430,2629
TCCCATGAGCTAATCC-1,13377,56,771,3903
TCCCATGAGCTGGAGT-1,30,6159,187,2205
TCCCATGAGGCCGCTT-1,20,6349,290,2146
TCCCATGAGTAGCCAG-1,6841,32,487,2976
TCCCATGAGTATTAGG-1,9452,39,734,3203
TCCCATGGTTGTAGCT-1,59,13727,793,3624
TCCCATGTCACAAGAA-1,19396,144,1213,4996
TCCCATGTCCACCTCA-1,31,4711,315,1715
TCCCATGTCCGATGTA-1,47,6254,280,2138
TCCCATGTCTACAGGT-1,29,7542,375,2532
TCCCATGTCTGTGCTC-1,52,11609,752,2919
TCCCATGTCTTTCCAA-1,8420,23,1,2622
TCCGAAAAGAATTGCA-1,8633,62,910,3257
TCCGAAAAGATGAACT-1,85,18040,1554,4244
TCCGAAAAGGCTCACC-1,48,9639,708,2955
TCCGAAACAAAGAACT-1,1836,11,655,936
TCCGAAACAGAACTTC-1,48,12311,748,3518
TCCGAAACAGGCTACC-1,27,7553,417,2535
TCCGAAATCATGGTAC-1,72,12459,920,3516
TCCGAAATCCTCATAT-1,17,3637,189,1482
TCCGAAATCGAATGCT-1,5975,49,1080,2562
TCCGATCCAATGACCT-1,9920,39,536,3379
TCCGATCCATACAGCT-1,28,7818,290,2404
TCCGATCCATCTGCGG-1,27,9247,464,2667
TCCGATCGTACCTGTA-1,20,3696,296,1489
TCCGATCGTATGATCC-1,86,5610,277,2006
TCCGATCGTCAACACT-1,14,5101,272,1931
TCCGATCTCAACGTGT-1,13100,70,951,4145
TCCGATCTCAGGTGTT-1,15,3100,133,1497
TCCGATCTCGCATGAT-1,21,8094,522,2625
TCCGGGAAGCTAAGTA-1,7877,32,395,2774
TCCGGGAGTACGAGTG-1,55,16437,1084,3868
TCCGGGAGTATGGTAA-1,56,12541,1090,3226
TCCGGGATCTTGAACG-1,22,5846,333,2055
TCCGTGTCATCCGTTC-1,7743,49,792,2994
TCCGTGTGTCAGTCGC-1,12427,54,1012,4051
TCCGTGTGTCGGTGAA-1,5723,17,380,2248
TCCGTGTGTGCAATAA-1,14547,59,831,4304
TCCGTGTTCATTCACT-1,18056,78,1013,4939
TCCGTGTTCGCGTGAC-1,47,8651,528,2783
TCCTAATAGATTCGCT-1,35,10763,681,3301
TCCTAATCAACCCTAA-1,25,8345,380,2688
TCCTAATCAGTAACAA-1,28,6136,162,2338
TCCTAATGTTGACTAC-1,67,15009,686,4238
TCCTAATTCATCCTGC-1,21,5421,240,1967
TCCTAATTCGCGTCGA-1,34,4538,333,1712
TCCTCCCAGAGGGTGG-1,21628,116,1521,5273
TCCTCCCAGCCTGGAA-1,8708,8836,801,6248
TCCTCCCAGCGTTGTT-1,34,9397,717,2628
TCCTCCCAGCTTGTGT-1,76,12207,1151,3616
TCCTCCCCAAGACCTT-1,61,5983,386,2247
TCCTCCCCACAAACGG-1,58,10469,446,3256
TCCTCCCCATAGACTC-1,7671,35,596,2777
TCCTCCCCATTCGATG-1,8474,53,605,3195
TCCTCCCGTCGCAACC-1,16,6514,343,2053
TCCTCCCGTTGCTAGT-1,14,4560,255,1792
TCCTCCCTCCACTTCG-1,21,3876,205,1851
TCCTCCCTCTCAACGA-1,25,5218,311,2080
TCCTCGAAGCTAGCCC-1,94,23445,1269,5208
TCCTCGACAACAAAGT-1,65,15661,1042,4121
TCCTCGACATAGGTAA-1,25,7802,399,2654
TCCTCGAGTAGGGTAC-1,14058,70,1196,4232
TCCTCGAGTGTCTTCC-1,23190,96,1268,5316
TCCTCGATCCAGCACG-1,26,7394,368,2684
TCCTCGATCCGGGACT-1,12980,69,791,4113
TCCTCGATCCTGTAGA-1,722,5,0,502
TCCTCTTCAAACTAAG-1,4624,4098,528,3970
TCCTCTTCAGGCCCTA-1,9011,61,372,3579
TCCTCTTGTAACTGCT-1,29,7033,215,2481
TCCTCTTTCCACTGAA-1,10998,64,616,3948
TCCTCTTTCGTTGTAG-1,8101,46,434,2983
TCCTGCAAGCAATAGT-1,26,5391,396,1976
TCCTGCACAAGTAGTA-1,48,12563,673,3393
TCCTGCACACACCTAA-1,87,16849,809,4615
TCCTGCACACTACCCT-1,39294,192,2610,7910
TCCTGCACAGAGTCAG-1,25,4855,304,1878
TCCTGCAGTACAAACA-1,27,7650,431,2621
TCCTGCATCAAAGAAC-1,58,8626,451,2789
TCCTGCATCCGTGGGT-1,4785,30,202,2181
TCCTGCATCTCGTCGT-1,5636,2744,539,3507
TCCTGCATCTTTGGAG-1,33,9769,456,3026
TCCTTCTAGATTGACA-1,6854,44,460,2853
TCCTTCTAGCACTCCG-1,11358,60,435,4035
TCCTTCTAGGTTCACT-1,19,6039,300,2136
TCCTTCTCAGGCTTGC-1,47,10747,814,2904
TCCTTCTCATTCACCC-1,19,5710,321,2399
TCCTTCTGTCAGACTT-1,18,3997,257,1718
TCCTTCTGTCCCGTGA-1,48,10294,595,3111
TCCTTCTGTCTGTGAT-1,55,10930,609,3217
TCCTTCTGTGCGGTAA-1,52,12660,903,3563
TCCTTCTGTTCTTCAT-1,8641,59,391,3786
TCCTTCTGTTGCAAGG-1,71,18249,906,4303
TCCTTCTGTTTGACAC-1,8018,22,404,2837
TCCTTCTTCAAGGACG-1,7117,21,448,2752
TCCTTCTTCTACGGGC-1,19,5720,279,2132
TCCTTTCCAACTGCTA-1,45,9479,673,2943
TCCTTTCCACAAGCTT-1,13928,17554,1336,8657
TCCTTTCCAGCTACCG-1,51,11471,697,3207
TCCTTTCGTCCATAGT-1,17,6499,419,2355
TCCTTTCGTGCCCTTT-1,40,9334,692,3106
TCCTTTCGTGTATTCG-1,36,8646,441,2910
TCCTTTCTCGGCTGGT-1,51,13704,1095,3829
TCCTTTCTCTCGTCAC-1,81,17315,725,4320
TCGAACAAGGCGATAC-1,18,2707,198,1237
TCGAACAGTAGATCCT-1,14,4858,333,1551
TCGAACAGTCACGCTG-1,15396,78,986,4516
TCGAACAGTTCGCGTG-1,31,4736,508,2028
TCGAACATCAATGCAC-1,15642,86,1082,4986
TCGAACATCATCACAG-1,13173,82,236,4058
TCGAAGTAGATCCCGC-1,45,10243,629,3011
TCGAAGTAGGATTCAA-1,12208,74,551,4130
TCGAAGTAGGGACAGG-1,5,3927,185,884
TCGAAGTCACACAGAG-1,57,12596,783,3472
TCGAAGTGTCTCAGGC-1,35,10984,814,3062
TCGAAGTGTTAGGCCC-1,12059,53,607,3740
TCGAAGTTCACCGGTG-1,6916,23,300,2942
TCGAAGTTCCATTTAC-1,98,21499,1077,4675
TCGACCTAGACGCCAA-1,9442,28,486,3247
TCGACCTAGCTCTTCC-1,8908,37,507,3480
TCGACCTAGGTATCTC-1,13,4236,198,1699
TCGACCTCAAGTAGTA-1,4977,21,6,1768
TCGACCTCACTCCTGT-1,24,9197,337,2948
TCGACCTCACTGTCGG-1,14573,74,1025,4435
TCGACCTCAGATCACT-1,20,4954,374,1940
TCGACCTCAGGCGATA-1,18,6584,348,2283
TCGACCTGTACGAGCA-1,18347,71,863,5035
TCGACCTGTACTAACC-1,57,14052,901,3768
TCGACCTGTATACAGA-1,7,4121,244,1178
TCGACCTGTGTTTACG-1,34,12315,532,3389
TCGACCTTCCGGCAAC-1,40,2493,161,799
TCGACGGAGCGCGTTC-1,4422,14,380,1958
TCGACGGAGGCAATGC-1,6351,51,352,2764
TCGACGGAGTCTAGCT-1,47,16046,857,3711
TCGACGGCAAATTGGA-1,34,4090,150,1746
TCGACGGGTCTAACGT-1,13223,44,940,3793
TCGACGGTCCGGTTCT-1,15,5857,260,2166
TCGATTTAGTCTAACC-1,17437,89,964,4994
TCGATTTAGTGAATAC-1,25,6278,483,2087
TCGATTTCAAGGAGTC-1,151,10757,746,3345
TCGATTTCAATTGCTG-1,31,8081,715,2649
TCGATTTCACGCTTAA-1,155,10133,663,2895
TCGATTTCAGGAGACT-1,5583,9,1,1648
TCGATTTGTAAGCTCT-1,39,8769,505,2800
TCGATTTGTCACTAGT-1,9743,15210,1580,7390
TCGATTTGTGACGTCC-1,29,8488,385,2857
TCGCACTAGGCTAAAT-1,29,3903,333,1688
TCGCACTAGTGTTGAA-1,46,14241,889,3759
TCGCACTCAAGGCGTA-1,6450,29,418,2625
TCGCACTCACCTGTCT-1,36,9236,855,2827
TCGCACTGTCCCTGAG-1,14039,45,789,4355
TCGCACTGTCTCCCTA-1,16197,54,905,4895
TCGCACTGTCTGATAC-1,44,12640,793,3635
TCGCACTGTTAGAGTA-1,34,7357,395,2235
TCGCACTTCCGGGACT-1,11,3346,238,1460
TCGCACTTCTGATGGT-1,12742,87,537,4261
TCGCAGGCAACCGCCA-1,17299,52,686,4644
TCGCAGGCAAGTGGAC-1,30,7830,362,2665
TCGCAGGCAGAGGGTT-1,8251,21,645,3038
TCGCAGGCAGCTGTGC-1,2441,12,0,1080
TCGCAGGCATCAGTGT-1,20,3938,358,1636
TCGCAGGCATTGTACG-1,36,7930,534,2427
TCGCAGGGTCAACGCC-1,37,5876,419,2176
TCGCAGGTCGGCTCTT-1,1053,5,51,734
TCGCAGGTCTCATTGT-1,19421,105,1289,5211
TCGCAGGTCTGAGTCA-1,3080,15,207,1358
TCGCTCAAGACGTCGA-1,33,6965,592,2199
TCGCTCAAGAGCTGAC-1,15501,76,988,4525
TCGCTCAAGCTGACTT-1,15231,99,1109,4625
TCGCTCAAGGTCGTAG-1,50,13535,845,3308
TCGCTCACAACCAGAG-1,66,13024,713,3636
TCGCTCACAACGTATC-1,6752,22,470,2671
TCGCTCACAAGCAGGT-1,42,11485,759,3510
TCGCTCAGTACGATGG-1,5240,32,170,2245
TCGCTCAGTAGTCGGA-1,16,6362,300,2161
TCGCTCAGTCTCACAA-1,14733,121,1118,4660
TCGCTCAGTGGATGAC-1,33,10757,688,2976
TCGCTCATCGAACGCC-1,13701,65,1087,4130
TCGCTTGAGATGGTCG-1,3993,16,318,1831
TCGCTTGAGCTCGACC-1,31,7346,365,2375
TCGCTTGAGTTTAGGA-1,4473,44,258,2001
TCGCTTGCACAAAGCG-1,14,5874,255,2220
TCGCTTGCACCTGAAT-1,17098,72,773,4716
TCGCTTGCACGACGTC-1,3446,16,1,1274
TCGCTTGCACTACAGT-1,16,4080,193,1699
TCGCTTGCATCCGGTG-1,3675,14,471,1670
TCGCTTGGTTTACGAC-1,52,11640,912,3540
TCGCTTGTCATCCCGT-1,18492,76,1202,4878
TCGCTTGTCGTTAGTG-1,1689,13,135,949
TCGGATAAGAAGAGCA-1,49,14493,1232,3745
TCGGATAAGCGGTAAC-1,1737,11,0,966
TCGGATAAGTTGGCGA-1,87,17225,1226,3944
TCGGATACAGCCCACA-1,18787,61,1341,4906
TCGGATACAGGTTACT-1,12242,46,864,3690
TCGGATACATAGAAAC-1,6458,28,325,2516
TCGGATACATATCTCT-1,33,9634,786,2809
TCGGATACATCTAACG-1,14129,81,925,4193
TCGGATAGTAACAGTA-1,9785,57,820,3362
TCGGATAGTCTGTGGC-1,7257,3658,984,4219
TCGGATATCCCTGGTT-1,26,5631,341,1851
TCGGATATCCTGTTAT-1,60,5374,588,2004
TCGGATATCTCTCTAA-1,17,4884,248,1947
TCGGGACAGTGCCTCG-1,44,8943,508,2973
TCGGGACCAAGGTCGA-1,64,14260,789,3687
TCGGGACCACTAGGCC-1,3230,64,752,1730
TCGGGACCATAGAGGC-1,13360,65,705,3784
TCGGGACGTACCTTCC-1,19,4821,274,1733
TCGGGACGTGGACAGT-1,9973,51,841,3611
TCGGGACGTTGGATCT-1,23,7181,493,2365
TCGGGACTCGAAGAAT-1,19,2823,185,1279
TCGGGACTCTAACGCA-1,31,10829,827,2954
TCGGGACTCTACGCAA-1,10349,31,615,3307
TCGGGCAAGCCTAGGA-1,39,11885,662,3297
TCGGGCAAGTGCTCGC-1,40,7526,525,2633
TCGGGCACACGGTAGA-1,8621,8129,842,5577
TCGGGCACAGCGTTTA-1,14178,9228,2021,6867
TCGGGCACATCATTTC-1,57,9891,642,3029
TCGGGCAGTATGACAA-1,15414,121,1358,4296
TCGGGCAGTCCACTTC-1,68,13127,801,3795
TCGGGCAGTGTTGACT-1,8499,35,760,2950
TCGGGCATCCATTCGC-1,38,10900,921,2968
TCGGGCATCCGTAGTA-1,149,10348,824,3200
TCGGGCATCGTCTCAC-1,24,7610,407,2646
TCGGGTGAGCACCAGA-1,11158,34,941,3524
TCGGGTGAGCATGAAT-1,10406,37,441,3450
TCGGGTGAGCGTCAGA-1,21,3023,264,1405
TCGGGTGCAAGTGATA-1,11,3609,418,1455
TCGGGTGCAATGGCCC-1,11250,325,693,3728
TCGGGTGCATCCAATG-1,2259,18,8,1093
TCGGGTGGTCCCGCAA-1,69,15432,1259,4105
TCGGGTGTCATTGCGA-1,10984,61,509,3681
TCGGTCTAGGCCTGCT-1,1485,100,1393,154
TCGGTCTCAACCGTGC-1,25,9009,921,2792
TCGGTCTCAACGATCT-1,40,11814,651,3470
TCGGTCTGTCAAAGCG-1,6031,21,413,2413
TCGGTCTGTCTAACTG-1,13749,49,554,4310
TCGGTCTGTGAATATG-1,14,3364,180,1183
TCGGTCTTCCTCTTTC-1,66,15117,1157,4136
TCGGTCTTCGGTGTAT-1,2865,29,679,1461
TCGGTCTTCTACGGGC-1,4544,21,0,1566
TCGGTCTTCTAGTACG-1,25,6338,343,2395
TCGTAGAGTCTGCGCA-1,58,6763,493,2268
TCGTAGATCCAAGCAT-1,29,5405,291,1946
TCGTAGATCCAGCACG-1,27,8691,423,2801
TCGTAGATCGGCCTTT-1,19,5544,298,2059
TCGTAGATCTGCTTTA-1,23,4891,341,1825
TCGTCCAAGGTCATCT-1,33,5348,385,2182
TCGTCCACAAGCTCTA-1,60,11646,807,3383
TCGTCCAGTGATATAG-1,31,8462,569,2468
TCGTCCATCGCCTTTG-1,1528,15,208,958
TCGTCCATCGTCTCAC-1,18540,66,1055,4785
TCGTGCTAGAGGTTTA-1,8,1951,161,937
TCGTGCTAGCCTGGAA-1,38,8330,421,2667
TCGTGCTAGCTCGTGC-1,16,4688,421,1935
TCGTGCTGTGGCAGAT-1,30,7143,482,2444
TCGTGCTGTGTACGCC-1,16625,85,1331,4703
TCGTGCTGTTACCGTA-1,3384,27,1,1426
TCGTGCTTCCAATCCC-1,12,6050,319,1897
TCGTGGGAGTGCTACT-1,14,1807,134,916
TCGTGGGCAAAGAACT-1,28,8746,342,2785
TCGTGGGCACAAAGCG-1,8,4423,2,1473
TCGTGGGCAGATACTC-1,38,10514,604,2967
TCGTGGGCAGGCATGA-1,17,4816,340,1803
TCGTGGGGTCTCGCGA-1,43,12575,673,3269
TCGTGGGGTTAAACCC-1,25,9000,466,2961
TCGTGGGTCCACGGAC-1,25,3287,218,1355
TCGTGGGTCCGTGGCA-1,8,574,178,358
TCTAACTCAATAGGGC-1,31,9609,381,2847
TCTAACTCACTCCGAG-1,77,17560,720,4122
TCTAACTCACTTGTCC-1,37,12394,521,3531
TCTAACTGTAAGAACT-1,15714,92,864,4994
TCTAACTGTATGCGGA-1,20094,150,1546,5349
TCTAACTGTCGCATGC-1,41,9712,496,3135
TCTAACTGTTAACCTG-1,33,7154,412,2606
TCTAACTTCTCATGGA-1,71,11349,833,3284
TCTAACTTCTGATTCT-1,5034,7527,424,4716
TCTACATAGCTTGTTG-1,21,6520,432,2274
TCTACATAGCTTTCCC-1,35,9023,338,3021
TCTACATCAATTCACG-1,9998,48,593,3554
TCTACATCACGACGAA-1,13020,68,469,3504
TCTACATGTCACCACG-1,11,5301,272,1997
TCTACATGTCAGCGTC-1,43,12939,1213,3384
TCTACATGTCCTGTCT-1,18,2856,145,1193
TCTACATGTTATGACC-1,51,12854,593,3671
TCTACATGTTGGGAAC-1,8010,48,588,3137
TCTACATTCAACTGGT-1,6204,23,335,2685
TCTACATTCACGAACT-1,25323,10389,2057,9012
TCTACATTCATGCCGG-1,6807,30,296,2667
TCTACATTCTGATTCT-1,26,8544,288,2812
TCTACCGAGCAAGTCG-1,13502,64,763,4382
TCTACCGAGGGAGATA-1,12024,9149,1396,7045
TCTACCGAGTTGGGAC-1,1474,156,105,915
TCTACCGCAACACGAG-1,1766,37,654,947
TCTACCGCAAGCGAAC-1,36,10902,615,3326
TCTACCGCAGCGCGTT-1,10259,39,873,3505
TCTACCGCAGCTTTCC-1,16371,87,1156,4918
TCTACCGCATGTGTCA-1,10905,5539,800,5705
TCTACCGGTAACATGA-1,23,6057,320,2081
TCTACCGGTACGATGG-1,41,9336,464,2888
TCTACCGTCGTGGCGT-1,8,2585,191,1088
TCTATACAGGACAACC-1,31,7023,333,2598
TCTATACCACAGTCAT-1,14103,99,924,4579
TCTATACCATCTATCT-1,31,3342,242,1640
TCTATACGTCGTTTCC-1,7723,35,495,2716
TCTATACTCAGAGTTC-1,66,12788,688,3697
TCTATACTCTTGTGCC-1,56,10497,818,2911
TCTATCAAGCCATTGT-1,16574,76,723,4464
TCTATCAAGCGCATCC-1,31,7621,349,2599
TCTATCAAGTGTACAA-1,31,7528,717,2398
TCTATCACATAAGATG-1,59,15316,804,3795
TCTATCACATCCAATG-1,16961,88,1361,4978
TCTATCAGTAACATAG-1,57,14125,938,3732
TCTATCAGTATGCAAA-1,17053,100,1130,5143
TCTATCAGTGATTCAC-1,48,9537,764,2919
TCTATCAGTTGTGCCG-1,49,8113,1132,2742
TCTATCATCACTGTCC-1,9692,67,877,3562
TCTATCATCCGAGATT-1,87,15743,1082,4112
TCTATCATCCGGACGT-1,6614,30,310,2629
TCTCACGAGTTCCATG-1,22854,125,1517,5885
TCTCACGCAATCTGCA-1,33,14853,599,3677
TCTCACGCACAATCTG-1,52,11407,701,3499
TCTCACGCACAGACGA-1,11249,93,499,3967
TCTCAGCAGACTCTAC-1,67,13168,848,4082
TCTCAGCAGATGAACT-1,41,10993,680,3314
TCTCAGCAGGCGTTGA-1,25005,124,1943,5936
TCTCAGCGTACAAGTA-1,17,4990,464,1917
TCTCAGCGTACTGCCG-1,22,4577,246,1699
TCTCAGCGTCAGGCAA-1,24,8976,874,2726
TCTCAGCGTCTGTGTA-1,17,6289,298,2154
TCTCAGCTCATAGCAC-1,74,17594,938,4545
TCTCAGCTCGACATTG-1,43,11320,704,3107
TCTCCGAAGAGTCAAT-1,45,8658,565,2809
TCTCCGACAGAGGCTA-1,16279,78,1140,4813
TCTCCGACAGTGAGCA-1,36,9151,782,2794
TCTCCGACATCTGGGC-1,51,13416,565,3856
TCTCCGAGTCCTCATC-1,31,8418,568,2856
TCTCCGAGTCGTACAT-1,11806,85,1113,3765
TCTCCGATCCGCATAA-1,6326,26,325,2484
TCTCCGATCTCCGTGT-1,14,3923,201,1553
TCTCTGGAGACATAGT-1,9403,63,650,3573
TCTCTGGAGGTTGTTC-1,8,2681,256,1217
TCTCTGGCAAGCCATT-1,37,6858,482,2337
TCTCTGGCAGTAGAGC-1,45,12390,820,3623
TCTCTGGGTCGCATCG-1,13806,54,659,4364
TCTCTGGGTGACCTGC-1,33,10438,745,2977
TCTCTGGTCAGCTTGA-1,16,2959,112,1262
TCTCTGGTCATAGAGA-1,24,7256,707,2380
TCTCTGGTCGCAACAT-1,24805,116,1228,6262
TCTGCCAAGCGATGGT-1,40,13688,549,3581
TCTGCCAAGCGCACAA-1,30,10245,639,2948
TCTGCCACACGTCGGT-1,31,6721,375,2301
TCTGCCACAGAGATGC-1,44,13897,790,3382
TCTGCCACAGCGATTT-1,40,9561,533,2914
TCTGCCAGTCATACCA-1,760,22,14,544
TCTGCCAGTCTCAAGT-1,27,5770,388,2099
TCTGCCATCCAACCAA-1,93,22696,1680,4773
TCTGGCTAGCGTTACT-1,38,9440,677,2901
TCTGGCTCAACTCGAT-1,12,5318,296,2010
TCTGGCTCACGACGTC-1,94,22023,1279,4924
TCTGGCTCATAAGATG-1,30,8964,428,2402
TCTGGCTGTAAGTAGT-1,2835,18,3,1343
TCTGGCTGTCCATAGT-1,29,5837,357,2169
TCTGGCTGTGTATACC-1,62,14222,907,3812
TCTGTCGAGATGCTAA-1,18976,101,1876,5330
TCTGTCGAGGCTGGAT-1,44,7985,390,2575
TCTGTCGAGTAGCTCT-1,6997,40,494,2788
TCTGTCGAGTAGTCAA-1,7224,19,445,2620
TCTGTCGAGTCTAGAA-1,11727,58,618,3902
TCTGTCGCACAACGTT-1,20,5706,233,2192
TCTGTCGCACGCTGAC-1,22089,81,750,5487
TCTGTCGCACTTGGCG-1,16,4566,260,1836
TCTGTCGCATCTTAGG-1,14,4646,340,1705
TCTGTCGGTCAAATCC-1,5114,24,369,2310
TCTGTCGGTCACTTCC-1,21267,88,1227,5136
TCTGTCGGTGGTACAG-1,751,18,745,36
TCTGTCGGTTGTGCAT-1,2176,12,827,1044
TCTGTCGTCACATACG-1,57,14560,980,3739
TCTGTCGTCACCATCC-1,52,10383,769,2862
TCTGTCGTCCGAAATC-1,15970,77,978,5050
TCTTAGTCACGTAGTT-1,59,10534,785,2913
TCTTAGTCATGCCGCA-1,8127,57,1054,3237
TCTTAGTCATTCAGGT-1,354,8670,693,3049
TCTTAGTGTACTGGGA-1,6849,43,359,2549
TCTTAGTGTGACTCTA-1,8633,33,523,3037
TCTTAGTGTTGGGTTT-1,21,5087,305,1956
TCTTAGTTCCGCACGA-1,69,19868,1248,4698
TCTTAGTTCTGTTCAT-1,986,9,0,714
TCTTAGTTCTTCACGC-1,8363,47,483,3196
TCTTAGTTCTTCCTAA-1,6798,53,414,3001
TCTTCCTAGATACAGT-1,519,17,13,443
TCTTCCTCAGTGCGCT-1,18813,87,1209,5049
TCTTCCTGTCCAGAAG-1,34,9731,373,3057
TCTTCCTTCAGCTTCC-1,5332,127,344,1928
TCTTGCGAGATGCTTC-1,8524,33,337,2966
TCTTGCGAGCGTGCCT-1,35,11146,573,3109
TCTTGCGAGGAAGTAG-1,79,19660,1450,4228
TCTTGCGAGTGGATAT-1,50,10123,665,2777
TCTTGCGCAACCCTAA-1,46,11990,720,3224
TCTTGCGCAAGCCATT-1,26,5017,256,1890
TCTTGCGCAATGGGTG-1,8379,47,445,3207
TCTTGCGCACGCAGTC-1,796,9262,758,3357
TCTTGCGTCAGACCCG-1,29,10588,639,2953
TCTTGCGTCTGTCAGA-1,15310,76,1215,4426
TCTTGCGTCTTCGACC-1,6451,32,417,2241
TCTTTGAAGGGACTGT-1,29,7967,383,2588
TCTTTGACAGATAAAC-1,24365,133,872,5993
TCTTTGACAGTTCTAG-1,26,5547,324,1927
TCTTTGAGTGTCTTCC-1,22,4029,354,1493
TCTTTGAGTTTCCCAC-1,19,4109,279,1741
TCTTTGATCACCCTGT-1,19,5702,215,2178
TCTTTGATCCATAAGC-1,57,14115,1034,3876
TGAACGTAGCGTATGG-1,43,9024,825,2945
TGAACGTAGGCAGCTA-1,99,22346,1030,4919
TGAACGTAGTCTTCGA-1,11884,51,486,3739
TGAACGTCAAGTTCGT-1,26,7096,454,2387
TGAACGTCACTGCGAC-1,199,16802,893,4287
TGAACGTCAGATCCTA-1,20107,92,1248,5056
TGAACGTGTACAGTCT-1,16,4711,285,1694
TGAACGTTCTTGTGCC-1,7800,22,433,2868
TGAATCGAGAGAGAAC-1,90,18647,1047,4442
TGAATCGAGCAACAGC-1,10793,35,628,3237
TGAATCGCATCGCCTT-1,15258,9967,1072,8043
TGAATCGGTAGGACCA-1,21,4431,377,1598
TGAATCGGTCGCATGC-1,14,7283,474,2332
TGAATCGTCAGCTGTA-1,20,5099,346,1728
TGAATCGTCATCCTAT-1,23,4666,276,1855
TGAATGCAGACCGTTT-1,68,10036,678,3159
TGAATGCAGGTCCAGA-1,11341,35,377,3599
TGAATGCCACATAGCT-1,28,481,14,392
TGAATGCCACGGTGAA-1,59,11586,875,3416
TGAATGCCAGTTACCA-1,27239,122,2064,5743
TGAATGCGTGATCGTT-1,18,6030,387,2083
TGAATGCGTGTCCTAA-1,14,505,479,51
TGACAGTAGATTACCC-1,86,12276,1062,3590
TGACAGTAGGACGGAG-1,44,8603,958,2710
TGACAGTGTATCAAGA-1,83,12524,665,3536
TGACAGTGTCAAAGTA-1,16262,61,1065,4405
TGACAGTGTCCTATAG-1,28,6773,405,2242
TGACAGTTCAGGAACG-1,33,9374,633,2524
TGACAGTTCTGACCCT-1,23,5694,276,1925
TGACAGTTCTTAGCCC-1,3476,23,230,1611
TGACCCTAGGCATCGA-1,19,6026,253,2097
TGACCCTAGTCAGAGC-1,59,15067,791,3683
TGACCCTCAAATCAAG-1,57,13454,789,3459
TGACCCTCACGAGAAC-1,14946,74,684,4535
TGACCCTCAGTAGTGG-1,20,7083,267,2229
TGACCCTGTCCGGCAT-1,47,12431,922,3141
TGACCCTGTGGGTATG-1,45,12055,1322,3334
TGACCCTGTGTTTGCA-1,63,8824,853,2440
TGACCCTGTTTCAGAC-1,69,17298,1059,4409
TGACCCTTCCTTATCA-1,56,9830,604,3049
TGACGCGAGAGTATAC-1,5319,29,458,2073
TGACGCGAGATCGGTG-1,37,7848,437,2587
TGACGCGAGCTTTCCC-1,9015,66,293,3098
TGACGCGAGTAAACTG-1,8620,44,833,3421
TGACGCGCACCGTGGT-1,31,10157,651,2757
TGACGCGCAGTAGTTC-1,35,7298,778,2605
TGACGCGGTCCAACGC-1,2361,19,2,1042
TGACGCGGTCCGCAGT-1,28062,119,1526,6003
TGACGCGGTCGAGTGA-1,19,4580,342,1684
TGACGCGGTGACACGA-1,17,4394,442,589
TGACGCGGTTCCTACC-1,47,14332,829,3746
TGACGCGTCGCAATGT-1,13,5242,133,1890
TGACGCGTCGCGAAGA-1,7,1430,136,752
TGACGCGTCTCTGACC-1,12,4483,177,1771
TGACTCCAGGCTCAAG-1,30428,124,2323,6375
TGACTCCGTGACATCT-1,45,8126,563,2499
TGACTCCGTTGAATCC-1,30,9173,401,2772
TGACTCCTCACTGTCC-1,46,14319,913,3775
TGACTCCTCCTCATAT-1,44,4474,293,1926
TGAGACTAGCTACTGT-1,3342,15,246,1844
TGAGACTAGGTGCCAA-1,11,3681,285,1574
TGAGACTCAAGAGGCT-1,11065,62,589,3937
TGAGACTCAATTCACG-1,32,9135,391,2794
TGAGACTCACCTGCAG-1,73,12252,604,3701
TGAGACTCAGAGTTGG-1,29,7145,504,2562
TGAGACTTCCTCTTTC-1,48,10995,652,3316
TGAGACTTCGGCATCG-1,52,13815,780,3653
TGAGACTTCTCGACGG-1,14017,11957,1812,8190
TGAGCATAGACGATAT-1,100,16332,1113,4362
TGAGCATAGGTTCTTG-1,16,4259,340,1563
TGAGCATCACTTTATC-1,12914,73,697,4062
TGAGCATGTCCTACAA-1,7,4604,379,1583
TGAGCATGTTACACTG-1,7871,28,254,2751
TGAGCATTCATTTACC-1,23744,129,1277,5663
TGAGCATTCCAAACCA-1,52,13671,665,3485
TGAGCATTCCCGTGTT-1,34494,174,3162,6582
TGAGCATTCGCAAGAG-1,37334,186,2226,7069
TGAGCGCAGTTCGGTT-1,52,12565,665,3248
TGAGCGCCAGGAGGAG-1,60,12670,907,3549
TGAGCGCCATCCAATG-1,27,5941,716,2024
TGAGCGCCATCCGTGG-1,16,4289,337,1834
TGAGCGCGTCCATACA-1,24,7251,372,2517
TGAGCGCGTGGCTGCT-1,41,7693,544,2514
TGAGCGCTCATATGGC-1,28036,119,1310,6201
TGAGCGCTCCTTACCG-1,272,12165,621,3555
TGAGGAGCACCCTTAC-1,19422,128,1195,5382
TGAGGAGCATTCCTAT-1,1862,23,3,945
TGAGGAGGTAACGCGA-1,32,7383,880,2910
TGAGGAGGTAGTGGCA-1,1349,9,2,807
TGAGGAGGTATTGCCA-1,32155,140,1350,6249
TGAGGAGGTTCTCGCT-1,9662,16,2,2547
TGAGGAGTCCACTTTA-1,25,5118,284,1875
TGAGGAGTCGACGTCG-1,19161,151,1485,5150
TGAGGGAAGTCAGAGC-1,50,13442,967,3314
TGAGGGACATAGGTTC-1,54,12239,623,3519
TGAGGGAGTGGTTTAC-1,46,11285,880,3147
TGAGGGAGTTCCTAGA-1,137,14734,1204,3853
TGAGGGATCAAGGAGC-1,16209,51,911,4212
TGAGGGATCAAGTAAG-1,5885,31,645,2380
TGAGGGATCATATGGC-1,28,7656,406,2444
TGAGGGATCGCCAATA-1,38,15378,690,3771
TGAGGTTAGTACCGGA-1,8589,48,599,3181
TGAGGTTAGTTGCCCG-1,32,12241,616,3099
TGAGGTTCACTCTGCT-1,16045,71,1289,4852
TGAGGTTCAGAGGCTA-1,5483,21,325,2213
TGAGGTTCATGGCCAC-1,56,13780,878,3857
TGAGGTTGTAATCAGA-1,29556,158,2726,6511
TGAGGTTGTCACCGAC-1,42,9139,841,2997
TGAGGTTGTCGTGATT-1,7041,25,585,2572
TGAGGTTTCATTTCCA-1,10286,57,578,3641
TGAGGTTTCCATCGTC-1,19,4773,264,1872
TGAGGTTTCGACGAGA-1,5953,20,473,2269
TGAGTCAAGATGCAGC-1,7933,37,13,2495
TGAGTCACAATGAAAC-1,19434,106,1150,5381
TGAGTCACATGATGCT-1,30,4603,261,1753
TGAGTCAGTAAGGAGA-1,43,6596,339,2344
TGAGTCAGTCACTCTC-1,15564,96,733,4785
TGAGTCAGTTGGACCC-1,47361,205,3641,7614
TGATCAGAGAGTTGTA-1,30,6895,349,2364
TGATCAGAGGGCCAAT-1,44,9327,620,2857
TGATCAGCACCAACAT-1,197,36043,1933,6224
TGATCAGCAGCTTCGG-1,16952,71,1130,4958
TGATCAGCATACTGTG-1,17,5179,290,1781
TGATCAGGTACCAGAG-1,29,6226,265,2268
TGATCAGGTCGACTTA-1,21,4954,299,2017
TGATCAGGTGTTCCTC-1,15491,72,784,4499
TGATCAGGTTTGGGTT-1,22,6796,305,2373
TGATCAGTCATTCACT-1,23121,100,1380,4869
TGATCAGTCCGCACGA-1,37,8572,623,2627
TGATCAGTCCGTGGGT-1,47,13022,872,3109
TGATCAGTCGTAGAGG-1,55,9415,1057,2710
TGATCTTAGCTCTGTA-1,90,12905,1659,3591
TGATCTTCAAACTAAG-1,14,3990,237,937
TGATCTTCAAGACCGA-1,19590,91,1612,5055
TGATCTTCACACGCCA-1,55,16392,901,3917
TGATCTTCAGAACTCT-1,22,6796,401,2575
TGATCTTGTCATACCA-1,14638,68,917,4545
TGATCTTGTTCAGCGC-1,15895,83,978,4769
TGATCTTTCAGGACGA-1,49,10057,438,3110
TGATCTTTCCTATTTG-1,2171,14,411,1195
TGATGCAAGAACCGCA-1,22959,87,1412,5287
TGATGCAAGCCTCCAG-1,34,9270,485,2986
TGATGCAAGTCGTCTA-1,10274,52,691,3596
TGATGCACAAGGTCTT-1,13696,67,749,3991
TGATGCAGTATCTTCT-1,12860,7686,1735,6616
TGATGCATCCCTCAAC-1,1149,6,1105,51
TGATGCATCCTATTTG-1,41,6201,618,2366
TGATGGTAGAGAGGGC-1,11462,48,676,3670
TGATGGTAGGAAAGGT-1,2909,17,712,1426
TGATGGTAGGATTTGA-1,548,6,0,433
TGATGGTAGGGAGGTG-1,16,3195,182,1300
TGATGGTCAGACCATT-1,130,20655,1159,5041
TGATGGTTCCAATCTT-1,26,6443,369,2270
TGATTCTAGACTTGTC-1,22620,129,1178,5722
TGATTCTAGAGCACTG-1,14010,63,868,4004
TGATTCTAGCTAGAGC-1,48,10374,519,2986
TGATTCTAGGACTGGT-1,8217,37,336,3002
TGATTCTAGTTTGCTG-1,2903,31,302,1718
TGATTCTCAACGGGTA-1,20,2533,148,996
TGATTCTCAATCACGT-1,34,6305,368,2297
TGATTCTCACCTCTAC-1,6693,37,236,2501
TGATTCTCATAGAGGC-1,14822,62,883,4287
TGATTCTTCCTTGAAG-1,39,3614,224,1408
TGATTCTTCTTAGCAG-1,39,10665,651,3194
TGATTTCAGCCTATCA-1,19,5188,235,2040
TGATTTCCAATAGTGA-1,28,2996,247,1378
TGATTTCCAATCTAGC-1,30,6876,371,2485
TGATTTCGTACTTGTG-1,27492,129,1471,6031
TGATTTCGTATGTCCA-1,8748,52,554,3467
TGATTTCTCGTCAACA-1,14240,60,723,4352
TGATTTCTCGTGGGAA-1,25,3656,239,1448
TGCACGGAGGCTCAAG-1,36,5464,362,1796
TGCACGGCACAAACGG-1,3057,14,399,735
TGCACGGCAGCAATTC-1,14,5139,363,1900
TGCACGGCAGCGTACC-1,29,11761,514,3337
TGCACGGGTACCGGCT-1,14867,69,731,4686
TGCACGGTCTCTCTAA-1,42,8712,645,2826
TGCACGGTCTGTCGCT-1,21,7113,259,2378
TGCAGATAGATCGCCC-1,15,6927,429,2308
TGCAGATCAAAGCAAT-1,36,8158,544,2720
TGCAGATCAAAGCTCT-1,35,10085,654,2833
TGCAGATCAATAGTCC-1,18885,125,1433,4968
TGCAGATCATATCTCT-1,13367,77,915,4422
TGCAGATGTAGCGAGT-1,11708,159,1381,3988
TGCAGATGTCATACCA-1,11,4395,319,1591
TGCAGATGTCCTGGGT-1,11,3140,151,828
TGCAGATGTGCGGATA-1,114,24490,2012,4732
TGCAGATTCATCTATC-1,34,7074,368,2511
TGCAGGCAGGACGCAT-1,38,6497,560,2108
TGCAGGCCAAGGACAC-1,18048,83,930,5041
TGCAGGCCATGCACTA-1,45,8553,452,2734
TGCAGGCTCTTTCCGG-1,39,11595,954,3323
TGCAGTAAGCACAAAT-1,7506,51,962,2893
TGCAGTAAGTGGACTG-1,43,7417,660,2355
TGCAGTACACCCTGTT-1,30,7222,408,2373
TGCAGTACACGTGAGA-1,29,13118,848,3307
TGCAGTACATGATGCT-1,25,6315,275,2086
TGCAGTATCATCGGGC-1,12,2648,1,707
TGCAGTATCGCAGTTA-1,10713,138,617,3560
TGCATCCAGACTAAGT-1,72,11977,828,2934
TGCATCCAGCAACCAG-1,9360,31,4,2604
TGCATCCAGCGTCGAA-1,44,8165,641,2609
TGCATCCAGGCATCGA-1,25,7277,455,2198
TGCATCCAGGTGGCTA-1,31226,143,2080,5201
TGCATCCGTAGATCGG-1,26,9002,809,2412
TGCATCCGTATGTCTG-1,23366,131,1257,5879
TGCATCCGTCGCATCG-1,64,22669,1251,4288
TGCATCCGTGTACGCC-1,54,13635,835,3833
TGCATCCGTTAGAGAT-1,14600,70,946,4197
TGCATCCGTTTCCCAC-1,8709,41,462,3231
TGCATCCTCGGAGATG-1,109,18211,1411,4505
TGCATCCTCTGCTTTA-1,38,8470,386,2939
TGCATCCTCTGTCCCA-1,190,2809,151,797
TGCATGAAGGTCACTT-1,15211,71,988,4277
TGCATGAAGTCGAAAT-1,46,5085,377,1927
TGCATGACACGTAGTT-1,26,5534,254,2154
TGCATGACAGTTTCAG-1,62,14208,865,3569
TGCATGAGTATATGGA-1,2070,15,3,1020
TGCATGAGTTACCTTT-1,26,9853,334,2901
TGCATGATCAATCCAG-1,93,18056,1216,4355
TGCATGATCACTACTT-1,64,9926,853,3061
TGCATGATCAGCGCAC-1,42,9320,580,2966
TGCATGATCGGAGATG-1,45,8860,615,2627
TGCATGATCGGCACTG-1,23,7615,427,2476
TGCCGAGAGAAGGCTC-1,13,4122,388,1559
TGCCGAGAGGAGACCT-1,88,16465,1072,4263
TGCCGAGAGGATCACG-1,34,8503,622,3013
TGCCGAGAGTATGAGT-1,24339,73,2034,5350
TGCCGAGCAACAACAA-1,44,12489,404,3520
TGCCGAGCAAGGCCTC-1,21057,104,1637,5486
TGCCGAGTCCCATTTA-1,9779,35,507,3380
TGCCGAGTCTGAGGCC-1,18245,97,1389,5493
TGCGACGAGGATCACG-1,34,9869,607,2713
TGCGACGCATCATGAC-1,10998,46,672,3689
TGCGACGCATCCTGTC-1,51,14146,596,3658
TGCGACGGTCACGTGC-1,8195,50,535,2769
TGCGACGGTCTAGGTT-1,34,6785,445,2198
TGCGACGTCAGTCACA-1,6077,30,1084,1241
TGCGACGTCCAGTACA-1,11035,58,631,3684
TGCGACGTCCTACGGG-1,73,17749,936,4288
TGCGACGTCTGAGGTT-1,44,8429,570,2928
TGCGATAAGCCACTCG-1,47,14395,1447,3559
TGCGATAAGCCGGAAT-1,71,5692,347,2076
TGCGATAAGTACCCTA-1,20,5223,347,1911
TGCGATAGTATAGGAT-1,45,7857,393,2744
TGCGATAGTCGTAATC-1,10312,67,625,3228
TGCGATAGTGAAGCTG-1,22,4144,403,1544
TGCGATAGTTTCTATC-1,17,4989,367,1886
TGCGATAGTTTGATCG-1,31,8496,574,2382
TGCGATATCACTCGAA-1,1277,15,0,763
TGCGATATCATCTCTA-1,27,8908,364,2727
TGCGATATCGCTAGCG-1,16,4662,224,1778
TGCGGCAAGGGACTGT-1,53,13244,666,3559
TGCGGCAGTTAGGACG-1,10,5511,721,1685
TGCGGCATCGTCAACA-1,57,10945,1058,3057
TGCGGGTAGAGAGAAC-1,15574,100,967,4685
TGCGGGTAGATTCGAA-1,81,11909,760,3483
TGCGGGTAGCCATTGT-1,17937,93,1369,4986
TGCGGGTCAGGGAGAG-1,91,3776,291,1582
TGCGGGTCAGTATACC-1,15225,83,1125,4665
TGCGGGTCATAAGCAA-1,86,24771,1171,4790
TGCGGGTCATGAAAGT-1,62,10173,861,2770
TGCGGGTGTACTCCCT-1,61,15431,873,3694
TGCGGGTGTCCACATA-1,33,7516,299,2747
TGCGGGTTCCCAGCGA-1,24,7980,385,2522
TGCGGGTTCGCTTGAA-1,23,6525,402,2335
TGCTCCAAGCTGTTCA-1,26084,130,1788,6313
TGCTCCAAGTAACCGG-1,7285,31,450,2771
TGCTCCAAGTGCCAGA-1,19,5640,499,1970
TGCTCCACACAAATGA-1,21,4903,327,1766
TGCTCCACAGGCACTC-1,44,12463,979,3296
TGCTCCAGTAGATTAG-1,12093,76,885,4133
TGCTCCATCAAAGCCT-1,35,9022,763,2701
TGCTCCATCACGACTA-1,14,2314,102,618
TGCTCCATCAGTCCGG-1,3840,29,879,2006
TGCTCCATCGACTCCT-1,17665,93,961,4803
TGCTCCATCGAGATAA-1,18,3618,342,1436
TGCTCCATCGCAGTGC-1,24042,85,1325,5706
TGCTCCATCTCGTCAC-1,37,11290,948,3028
TGCTCCATCTTACGTT-1,1625,13,4,890
TGCTCGTAGGACTGGT-1,8114,49,431,3016
TGCTCGTAGGGAGGGT-1,25,6974,460,2262
TGCTCGTAGTAAGGGA-1,1003,14,19,674
TGCTCGTAGTAATACG-1,68,12052,612,3364
TGCTCGTCAAAGCTCT-1,27,4972,225,1771
TGCTCGTCACTCCTGT-1,40,10085,499,2993
TGCTCGTCAGTTAGGG-1,38,12688,457,3419
TGCTCGTGTTACGTAC-1,35,8853,781,2841
TGCTGAAAGAGGCCAT-1,20,4643,227,1805
TGCTGAAAGGAGTCTG-1,13374,117,809,4245
TGCTGAAAGTCGGCCT-1,7709,27,598,2613
TGCTGAAAGTGCAGGT-1,35,8162,422,2800
TGCTGAAAGTGGACTG-1,12922,54,569,3851
TGCTGAACACAAATAG-1,49,13228,590,3690
TGCTGAACACACCGCA-1,61,17823,910,4338
TGCTGAAGTGGTCTGC-1,44,7334,609,2557
TGCTGAATCAACCGAT-1,10325,48,434,3517
TGCTGAATCGAGAACG-1,104,7689,444,2599
TGCTTCGAGCAGAAAG-1,18626,90,1361,4984
TGCTTCGAGCAGGGAG-1,14,5756,287,2138
TGCTTCGAGCATTGTC-1,20,4969,266,2027
TGCTTCGAGCTTTCCC-1,52,12087,630,3536
TGCTTCGCATCGTCCT-1,7572,27,462,2985
TGCTTCGGTACGCTAT-1,10019,35,564,3235
TGCTTCGGTACTGGGA-1,16239,88,1066,4376
TGCTTCGGTCCTGGGT-1,6821,14,1,2118
TGCTTCGGTCTTCGAA-1,40,11456,468,3341
TGCTTCGGTGATGTAA-1,22,3040,242,1260
TGCTTCGTCACATCAG-1,41,10602,322,3048
TGCTTCGTCCAGGACC-1,24,6671,350,2213
TGCTTCGTCGACCACG-1,3147,25,479,1755
TGCTTCGTCGGAGTAG-1,4082,16,1,1431
TGCTTCGTCGGTAACT-1,17,4082,384,1523
TGCTTCGTCTTCACAT-1,14895,71,1429,4219
TGCTTGCAGAAACTGT-1,9553,43,635,3585
TGCTTGCAGAGAGGGC-1,35,9060,478,2809
TGCTTGCAGTCTACCA-1,16,7621,413,2591
TGCTTGCAGTGGCAGT-1,22,7238,333,2519
TGCTTGCCAATCCTAG-1,16,5967,295,2022
TGCTTGCCACGGGTAA-1,19,5157,421,1925
TGGAACTAGCAACAAT-1,27,4599,219,2040
TGGAACTAGGATCACG-1,37,9092,556,2772
TGGAACTAGTGGATAT-1,21600,138,1509,5539
TGGAACTCACTCTAGA-1,46,8433,833,2688
TGGAACTCACTTTAGG-1,11,2185,112,632
TGGAACTCATTCAGCA-1,16,6940,320,2151
TGGAACTGTAATGCTC-1,72,12223,561,3810
TGGAACTGTCGAAGCA-1,43,10420,817,2894
TGGAACTGTCGACGCT-1,29,9790,481,2958
TGGAACTTCCCATGGG-1,14402,641,1233,4693
TGGAACTTCGAGCACC-1,68,13457,908,3628
TGGAACTTCGGATACT-1,32,6890,648,2407
TGGAACTTCTCGCGTT-1,53,11534,674,3486
TGGAGAGAGAATAGTC-1,18,5697,409,2031
TGGAGAGAGACGGTCA-1,48,12729,1354,2940
TGGAGAGAGGACCCAA-1,3605,32,386,1609
TGGAGAGCAGCATACT-1,47,10464,652,2931
TGGAGAGCATCGAACT-1,24,6600,795,2095
TGGAGAGCATCTCCCA-1,1989,20,160,1059
TGGAGAGGTAACAGGC-1,14158,88,1178,4364
TGGAGGAAGTAACGTA-1,60,10288,697,2893
TGGAGGACAACTCCAA-1,85,15273,803,3722
TGGAGGAGTCAGACGA-1,17192,86,1640,4875
TGGAGGAGTGCTGATT-1,13726,61,1164,4198
TGGAGGAGTTGCATTG-1,40,10512,519,3284
TGGAGGATCACAGTGT-1,19,4803,333,1541
TGGAGGATCATTGCTT-1,15993,70,763,4959
TGGATCAAGTGGTTAA-1,26,8439,479,2762
TGGATCACAACAGAGC-1,91,21035,1564,4716
TGGATCAGTAGCTGCC-1,37,7229,484,2528
TGGATCATCGAGGCAA-1,36,8625,538,2694
TGGATCATCTCTAAGG-1,46,6159,371,2170
TGGATGTAGGTATAGT-1,44,6303,214,1793
TGGATGTCACATAACC-1,46,7451,497,2682
TGGATGTCACTTGTGA-1,20880,95,1125,5030
TGGATGTGTAGGAGGG-1,60,10522,830,2792
TGGATGTGTTGCTCCT-1,28,5888,366,2004
TGGATGTTCTGAGCAT-1,6218,2080,414,2921
TGGCGTGAGTTCATCG-1,43,10132,742,2849
TGGCGTGCAAAGGCGT-1,14684,64,547,4315
TGGCGTGCACTGTCGG-1,76,15151,1119,3957
TGGCGTGTCACAATGC-1,10,3946,224,1437
TGGGAAGAGGTCCCTG-1,22650,115,1187,5336
TGGGAAGAGTCGCGAA-1,5076,30,339,2473
TGGGAAGCAATGCTCA-1,44,12715,516,3498
TGGGAAGCAGTTTCGA-1,31,6097,389,1997
TGGGAAGCATTCAGCA-1,35,9249,1077,2790
TGGGAAGGTTGTAGCT-1,58,10919,892,3161
TGGGAAGTCCAGGACC-1,64,17305,1029,4143
TGGGAGAAGGCTCACC-1,9,2775,3,879
TGGGAGACAAACTAGA-1,46,8555,384,2752
TGGGAGACAAAGAGTT-1,8492,48,597,3312
TGGGAGACACACCGCA-1,39,11283,536,3149
TGGGAGACAGAGCCCT-1,50,11700,909,3315
TGGGAGACAGCATACT-1,15195,82,1053,4329
TGGGAGACAGTAGATA-1,51,9423,628,2906
TGGGAGAGTATCTCTT-1,60,11503,682,3199
TGGGAGAGTGAACTAA-1,44,6792,354,2667
TGGGAGAGTGAGCTCC-1,146,12767,976,3696
TGGGAGATCATGCATG-1,22,3254,212,1235
TGGGAGATCCTGGGAC-1,32,7854,344,2556
TGGGAGATCGAAATCC-1,62,15234,1035,3781
TGGGAGATCGCTGATA-1,28,5130,287,1963
TGGGATTAGCAGTCTT-1,35,8841,847,2638
TGGGATTCAAGTCCAT-1,74,17103,1009,4309
TGGGATTCACAGTGTT-1,48,11263,725,3293
TGGGATTCACCTGCGA-1,57,12379,763,3477
TGGGATTCATACAGCT-1,105,17960,1044,4364
TGGGATTGTAACCCGC-1,97,15298,848,4035
TGGGATTGTAGAATGT-1,19872,124,1541,5092
TGGGATTTCCGTGGTG-1,27,6763,423,2438
TGGGATTTCCTCAGGG-1,1210,7,0,671
TGGGATTTCTAGATCG-1,7499,39,406,2880
TGGGCGTAGATGGTCG-1,13762,80,776,4032
TGGGCGTAGGACTTCT-1,2006,18,7,979
TGGGCGTCAATCCTTT-1,52,4840,229,1876
TGGGCGTCATCCGAAT-1,43,11133,842,3159
TGGGCGTGTGATACAA-1,10557,35,701,3379
TGGGCGTTCAAATGCC-1,46,7963,466,2478
TGGGCGTTCCCGATCT-1,83,14382,1069,3882
TGGGCGTTCTGACCCT-1,6879,41,554,2777
TGGGCTGAGCCTCAGC-1,27,7671,298,2933
TGGGCTGAGTATGACA-1,27,9367,392,2917
TGGGCTGAGTTGCGAG-1,27,9699,614,3035
TGGGCTGCACCAATTG-1,360,6673,385,2518
TGGGCTGCATTGGGAG-1,41,12833,544,3506
TGGGCTGGTGTCATTG-1,84,19918,1359,4663
TGGGCTGTCCAAGAGG-1,13229,95,1619,4348
TGGGCTGTCCATCGTC-1,22,6857,269,2284
TGGGCTGTCCTCTCTT-1,42,6795,508,2292
TGGGTTACAAATGGTA-1,54,13971,943,3858
TGGGTTACAAGGGTCA-1,11551,83,1327,3822
TGGGTTACAAGTCCAT-1,93,20301,723,4475
TGGGTTAGTCAACCTA-1,15213,95,1203,4407
TGGGTTAGTGGTCCCA-1,84,24064,1436,4808
TGGGTTAGTTCGATTG-1,19,4736,357,1623
TGGGTTATCGGCCTTT-1,520,12,0,412
TGGGTTATCTTGTTAC-1,26176,117,1176,5706
TGGTACAAGACGATAT-1,15580,76,1161,4491
TGGTACAAGCGAACTG-1,15604,94,1769,4627
TGGTACAAGCGTTACT-1,21,6983,288,2228
TGGTACACAAATACGA-1,34,7138,623,2367
TGGTACACAAGGTCAG-1,6502,26,34,2448
TGGTACACAGACTCTA-1,3481,9,0,1336
TGGTACAGTACTCCGG-1,22,8785,524,2946
TGGTACATCATGAGTC-1,6161,31,246,2837
TGGTAGTAGCAAGTGC-1,16684,83,1232,4761
TGGTAGTAGCACTCGC-1,8267,23,475,2945
TGGTAGTGTAGCGTAG-1,36,10445,701,3135
TGGTAGTGTCCTTGTC-1,2019,37,41,1203
TGGTAGTGTGACACAG-1,18266,86,1616,4782
TGGTAGTGTGCCTAAT-1,102,11928,959,3230
TGGTAGTTCCTTACCG-1,38,6457,568,2225
TGGTAGTTCGAGATGG-1,19,7553,390,2533
TGGTAGTTCGCCTATC-1,11627,62,765,4227
TGGTAGTTCTATACGG-1,38,9311,665,2893
TGGTGATAGAAGCGCT-1,22,3675,271,1347
TGGTGATAGCTTGTTG-1,16612,128,1076,4597
TGGTGATAGGTACAAT-1,53,10134,535,2966
TGGTGATGTGCCGAAA-1,23,6915,337,2358
TGGTGATTCACCATAG-1,112,22148,1382,4762
TGGTGATTCCGTGGTG-1,18,4705,327,1622
TGGTGATTCTAAGAAG-1,23,3204,335,1443
TGGTGATTCTACCCAC-1,10860,55,667,3694
TGGTTAGAGGCTATCT-1,25,7302,752,2354
TGGTTAGAGTAGCAAT-1,5756,27,364,2405
TGGTTAGAGTGGACGT-1,721,8,1,497
TGGTTAGCAGAGGCAT-1,9948,63,686,3485
TGGTTAGCAGCCGTCA-1,11164,44,816,3547
TGGTTAGTCATGTCAG-1,11253,54,1007,3794
TGTAACGAGGCGTTAG-1,16937,75,980,4574
TGTAACGAGGTCACAG-1,16246,90,1413,4546
TGTAACGAGTAAACGT-1,43,11365,688,3344
TGTAACGCAGTCCCGA-1,14,3613,115,1012
TGTAACGGTAGTATAG-1,32,2977,269,1261
TGTAACGGTCATAAAG-1,76,5243,603,1906
TGTAACGGTGTTCCAA-1,44,10898,699,2930
TGTAACGTCCAATGCA-1,23,10304,316,2897
TGTAACGTCCGCACGA-1,2243,19,6,1085
TGTAAGCAGAGCCTGA-1,24,6897,396,2437
TGTAAGCAGCGACATG-1,21,7901,371,2443
TGTAAGCAGCGGACAT-1,123,29673,1710,5439
TGTAAGCAGGAGGTTC-1,2241,28,1,1012
TGTAAGCCAGAAGTTA-1,92,12508,720,3521
TGTAAGCCAGCTCGGT-1,15207,58,1280,4425
TGTAAGCCATCTCATT-1,30,5933,462,2063
TGTAAGCGTACTAACC-1,29,9601,409,2900
TGTAAGCGTCAAAGCG-1,20,5174,355,1749
TGTAAGCGTCACTTAG-1,22235,123,1314,5417
TGTAAGCGTTCGGTCG-1,16317,73,1201,4610
TGTAAGCTCATTCACT-1,14,5918,369,2144
TGTAAGCTCATTTGCT-1,10300,841,849,3523
TGTAAGCTCGGTCGAC-1,14317,66,1225,4236
TGTAAGCTCGTAGCCG-1,36,10111,1208,2774
TGTACAGAGCTCAGAG-1,41,10523,764,2985
TGTACAGAGGATACAT-1,86,16068,1184,3903
TGTACAGCAAATCAAG-1,13,4763,282,1900
TGTACAGCAACTTGCA-1,32,8629,533,2818
TGTACAGCAAGACAAT-1,17,8619,221,2701
TGTACAGGTGTGTGTT-1,8943,52,507,3162
TGTACAGGTTAAACCC-1,74,11740,968,3324
TGTACAGGTTCAGCTA-1,10495,41,732,3388
TGTACAGTCATTCTTG-1,6272,30,430,2504
TGTACAGTCTAAGCGT-1,21,6489,372,2269
TGTAGACAGAGCAGTC-1,81,12954,829,3720
TGTAGACAGGAAAGAC-1,18363,104,1583,4870
TGTAGACCAATACCCA-1,18083,109,1210,4868
TGTAGACCACTACTTT-1,20068,103,1174,5064
TGTAGACCACTCGATA-1,96,14199,1016,3992
TGTAGACGTACTGAGG-1,3287,18,552,1653
TGTAGACGTCCAAATC-1,23580,95,1374,5604
TGTAGACGTCCTGTTC-1,17,4106,146,1558
TGTAGACGTTGCGAAG-1,21,6561,514,2249
TGTAGACTCGAAGCCC-1,65,9394,973,2856
TGTCAGACAGGAACCA-1,75,15474,915,4072
TGTCAGAGTGTGACCC-1,20,4302,206,1688
TGTCAGATCGGCTTGG-1,11,3688,411,1520
TGTCCACAGATTTGCC-1,16257,72,1041,4523
TGTCCACAGGTGCCTC-1,41,9426,690,2992
TGTCCACAGTGTTGAA-1,34,6956,498,2384
TGTCCACCACCCTGAG-1,72,19230,1078,4532
TGTCCACCAGTCAACT-1,24040,124,1555,5271
TGTCCACCATGGCTGC-1,40,9777,464,3172
TGTCCACGTAGCGTTT-1,6506,28,343,2665
TGTCCACGTATGATCC-1,32,8656,516,2644
TGTCCACGTCACGCTG-1,18,4395,190,1795
TGTCCACGTCATCAGT-1,39,10524,885,3065
TGTCCACGTGCGTTTA-1,33,8361,529,2653
TGTCCACTCTCAACCC-1,157,9403,568,3105
TGTCCACTCTGTCGTC-1,21,5526,338,1739
TGTCCCAAGCCATATC-1,57,16420,558,4100
TGTCCCACAGAATTCC-1,22,3656,323,1388
TGTCCCACAGCTGTGC-1,28882,118,1234,6036
TGTCCCACATAGGCGA-1,47,10525,757,3083
TGTCCCAGTACCGCGT-1,90,31682,1749,5471
TGTCCCAGTCTTTCTA-1,48,8446,684,2625
TGTCCCATCCTGCCAT-1,2373,27,217,1171
TGTCCCATCGCAATGT-1,70,16846,1117,4094
TGTCCCATCGTCGATA-1,18321,66,775,4761
TGTCCTGAGATGCTAA-1,9206,56,621,3367
TGTCCTGAGGGTGAGG-1,26706,93,1644,5466
TGTCCTGCACTAGGTT-1,9846,42,594,3462
TGTCCTGGTGGCTAGA-1,44,8058,663,2363
TGTCCTGGTTACCTTT-1,23287,86,1086,5412
TGTCCTGTCACGGTCG-1,18002,120,1454,5198
TGTCCTGTCAGTCATG-1,28,6636,362,2394
TGTGAGTAGGCATTTC-1,1421,12,460,747
TGTGAGTAGTCAATCC-1,7744,30,422,2798
TGTGAGTAGTCCTGCG-1,43,6147,531,2287
TGTGAGTCACCGCTAG-1,24,7963,571,2603
TGTGAGTCAGTCCGTG-1,57,13635,796,3291
TGTGAGTGTCATACCA-1,19,6545,265,2251
TGTGAGTGTGGCTTAT-1,49,8558,658,2810
TGTGATGAGGTAAAGG-1,15547,111,1222,4555
TGTGATGAGTCACGCC-1,1496,16,2,809
TGTGATGCAAGACCGA-1,59,9819,827,3103
TGTGATGCAATGAACA-1,11895,34,713,3409
TGTGATGCACCGTCTT-1,47,6134,326,2132
TGTGATGCACCTCAGG-1,22,5380,424,1908
TGTGATGCACGACGCT-1,150,30754,2273,5958
TGTGATGCACTCGATA-1,42,4347,196,1751
TGTGATGCAGTCGCTG-1,14685,32,988,3950
TGTGATGGTCTAGTGT-1,5777,26,374,2446
TGTGCGGAGAAGGTAG-1,41,7532,398,2390
TGTGCGGAGCTACTAC-1,90,20005,1467,4484
TGTGCGGAGCTTACGT-1,8242,51,611,2952
TGTGCGGAGGCATCTT-1,77,17115,688,4190
TGTGCGGAGTTCTACG-1,50,6738,468,2788
TGTGCGGCACAACGAG-1,3568,24,287,1535
TGTGCGGCACAGAGCA-1,18,6036,291,2165
TGTGCGGGTAAGGTCG-1,24,7415,304,2377
TGTGCGGGTCATAGTC-1,28,6106,327,2059
TGTGCGGGTCGTATTG-1,10080,100,1845,3694
TGTGCGGGTTCACGAT-1,62,11286,977,3633
TGTGCGGGTTCCTAGA-1,33,7274,556,2213
TGTGCGGGTTGGGTAG-1,10265,46,534,3598
TGTGGCGAGATGTTGA-1,45,13295,1005,3371
TGTGGCGAGTAGACCG-1,35,4596,539,1707
TGTGGCGAGTGCAAAT-1,23,7442,493,2423
TGTGGCGCAAATCGGG-1,30,11487,841,3061
TGTGGCGCACGATTCA-1,7278,32,475,2919
TGTGGCGCATGGCCCA-1,11537,44,501,3983
TGTGGCGGTACAGCGA-1,53,13543,1252,3027
TGTGGCGGTCACGTGC-1,5034,22,411,1952
TGTGGCGGTCGGCTAC-1,37,9929,475,2896
TGTGGCGGTGGCGCTT-1,18473,86,1296,4656
TGTGGCGGTTTCTATC-1,47,9893,652,3201
TGTGGCGTCACCGGGT-1,25168,103,1819,6095
TGTGGCGTCAGACAAA-1,17163,91,1417,4854
TGTGGCGTCGTACACA-1,9098,24,635,3287
TGTGTGAAGTGGGAAA-1,57,14679,705,3722
TGTGTGACACTACGGC-1,58,12494,719,3433
TGTGTGATCAATGTCG-1,14369,146,1235,4473
TGTGTGATCCATTCAT-1,12660,116,1067,4057
TGTGTGATCCTGATAG-1,38,7274,501,2381
TGTGTGATCTGCCTGT-1,33,7450,533,2406
TGTTACTAGGATAATC-1,51,7907,663,2315
TGTTACTCAGCGTACC-1,72,11279,783,3484
TGTTACTGTACTTCCC-1,27,6903,414,2464
TGTTACTGTCTACAGT-1,7652,45,469,2825
TGTTACTGTGTTGAGG-1,14706,53,671,4210
TGTTACTGTTAAAGTG-1,12605,7869,1542,6243
TGTTCATAGGCATGGT-1,11119,55,761,3745
TGTTCATCAACTCGAT-1,6871,43,481,2636
TGTTCATGTATAATGG-1,9176,47,734,3084
TGTTCATGTCCGTACG-1,43,7893,668,2546
TGTTCATGTCTTCGAA-1,19,3492,208,1456
TGTTCATTCCCTGGTT-1,17,4789,247,1895
TGTTCATTCTGGCCAG-1,73,13256,765,3955
TGTTCCGAGAATCGTA-1,20703,82,1003,4722
TGTTCCGAGGTTAGTA-1,31166,170,2562,6517
TGTTCCGCAACCGTAT-1,15,5694,334,1805
TGTTCCGCACCAGACC-1,60,9395,688,2739
TGTTCCGGTTCCGGTG-1,41,6382,592,2285
TGTTCCGTCCACGTCT-1,13175,57,506,4051
TGTTCCGTCGTGACTA-1,16,3750,204,1440
TGTTCCGTCTCATTAC-1,17,3486,208,1429
TGTTCTAAGCTGAAGC-1,34,4747,421,1747
TGTTCTAAGTCCCAGC-1,60,13026,452,3218
TGTTCTACAAAGAACT-1,20876,119,1660,5243
TGTTCTACAACTCGTA-1,28,6691,349,2454
TGTTCTAGTCCTGTTC-1,666,13,1,475
TGTTCTATCCGCGAGT-1,49,9465,1117,2514
TGTTGAGAGCTCATAC-1,11117,54,915,3730
TGTTGAGAGGGTGAGG-1,45,10993,623,3270
TGTTGAGCAGACATCT-1,12,5069,293,1681
TGTTGAGCAGGCGAAT-1,52,8605,473,2873
TGTTGAGCAGTATACC-1,12428,79,482,3671
TGTTGAGGTGAGTGAC-1,22,6658,235,2181
TGTTGAGGTTCAGCGC-1,7774,25,302,2950
TGTTGAGTCAGCGGAA-1,37,6536,634,2107
TGTTGAGTCAGTCATG-1,10461,51,481,3321
TGTTGAGTCATTTCCA-1,35,7192,683,2318
TGTTGGAAGACTGGGT-1,38,10164,648,2892
TGTTGGAAGAGAGCCT-1,43,17493,1431,3716
TGTTGGAAGCCGGAAT-1,11124,80,1034,3464
TGTTGGACATCACGGC-1,16540,57,1071,4261
TGTTGGAGTCACTTAG-1,47,12710,948,3395
TGTTGGATCGGACGTC-1,28,8182,611,2660
TGTTTGTAGTGGCGAT-1,19,3271,234,1303
TGTTTGTCACAGTCAT-1,4774,53,328,2078
TGTTTGTCAGCGTGAA-1,17,3101,224,1396
TGTTTGTTCCTGTTAT-1,13645,54,875,3865
TGTTTGTTCGAATGCT-1,26,5434,599,1902
TTAATCCCAAGGCCTC-1,37,10073,501,3151
TTAATCCCAGAACTCT-1,5613,46,320,2430
TTAATCCCAGCGTTGC-1,33544,148,1892,6880
TTAATCCGTCACCACG-1,76,18766,1233,4963
TTAATCCGTGTGTCGC-1,49,12996,622,3422
TTAATCCTCACTAGCA-1,72,13857,654,3573
TTAATCCTCAGAGCAG-1,65,7413,732,2496
TTAATCCTCCTAGCCT-1,12,5368,373,1938
TTAATCCTCGATTCCC-1,29,7893,372,2413
TTAATCCTCGTTGCCT-1,38,6795,489,2460
TTACAGGAGGTCTTTG-1,65,11980,1247,3333
TTACAGGAGTCGAATA-1,893,38,10,702
TTACAGGGTGGTCTCG-1,19,6650,348,2326
TTACAGGTCCTTGGAA-1,27,7919,367,2563
TTACAGGTCGCCAACG-1,8394,38,543,2996
TTACCATAGAGTCACG-1,10527,65,418,3893
TTACCATAGTTTCGAC-1,42,5388,328,1998
TTACCATCACCGTGCA-1,29,8110,353,2763
TTACCATGTCAGTTTG-1,16,3804,259,1546
TTACCATTCAACTGAC-1,7240,41,246,2952
TTACCATTCAGTAGGG-1,17,4740,336,1807
TTACCGCAGTAATCCC-1,96,19608,886,4491
TTACCGCCAAGGCAAC-1,11699,46,623,3878
TTACCGCCAAGGGCAT-1,71,13505,1057,3515
TTACCGCCACCTTCGT-1,11,5587,236,2164
TTACCGCCAGAATTCC-1,25,3878,420,504
TTACCGCCATCCTTCG-1,20,7626,390,2663
TTACCGCGTGTTGACT-1,23407,124,1753,6682
TTACGCCAGATACCAA-1,127,26500,1849,5254
TTACGCCAGCCTCCAG-1,9051,24,334,3133
TTACGCCAGCGAACTG-1,11844,44,582,3995
TTACGCCAGGATTTGA-1,13508,95,795,4145
TTACGCCCAACCAATC-1,61,11412,735,3233
TTACGCCCAACTGGTT-1,37,7876,516,2632
TTACGCCCACACGGTC-1,12,3667,96,532
TTACGCCCACCAGCTG-1,53,12909,892,3506
TTACGCCCACGGCGTT-1,21,8625,435,2627
TTACGCCCATTGTGCA-1,19572,117,1307,5156
TTACGCCGTCAAAGAT-1,16519,95,985,4688
TTACGCCGTCAAGTTC-1,25,9039,673,2695
TTACGCCTCACAATGC-1,63,11285,797,3383
TTACGCCTCAGCGTCG-1,5128,12,27,1916
TTACGCCTCATTGCGA-1,27316,6023,1503,7792
TTACGCCTCTATACGG-1,57,15417,740,4033
TTACGTTAGAGCAGCT-1,57,11488,490,3531
TTACGTTAGATGGCGT-1,9129,320,845,3409
TTACGTTAGGTGATCG-1,52,10149,578,2969
TTACGTTCACGTAGTT-1,26,5778,330,2179
TTACGTTCACGTCATA-1,18269,54,781,4761
TTACGTTCACTGTGTA-1,18,5520,301,2159
TTACGTTCAGAGTTCT-1,62,16609,912,4094
TTACGTTCATCACAGT-1,10531,44,673,3397
TTACGTTCATTCCTCG-1,74,11739,910,3636
TTACGTTGTCACATTG-1,29,5600,303,2134
TTACGTTGTCTTAGTG-1,10412,58,537,3897
TTACGTTGTTAAGCAA-1,64,11744,1018,3152
TTACGTTGTTTCGGCG-1,9552,36,496,3199
TTACGTTTCCTTCTGG-1,14,3027,203,1229
TTACGTTTCGCTCTCA-1,107,24059,1200,5071
TTACTGTAGAAGCTCG-1,7,3923,343,1330
TTACTGTAGTAAATGC-1,7383,27,393,2763
TTACTGTTCAATGTCG-1,15520,101,1149,4997
TTACTGTTCACCGGGT-1,8432,40,462,3171
TTAGGCAAGTACGAGC-1,50,13311,987,3381
TTAGGCACAAGAAATC-1,29,10960,507,3050
TTAGGCACACACTGGC-1,14,3117,169,1436
TTAGGCACACGTTCGG-1,13742,70,1075,4585
TTAGGCACAGCCCACA-1,100,13254,797,3473
TTAGGCACATCATCTT-1,24,6520,264,2262
TTAGGCAGTACAAGTA-1,12766,79,880,4085
TTAGGCAGTCGAGCTC-1,16808,75,1014,4888
TTAGGCAGTGTCCGGT-1,5228,32,468,2052
TTAGGCAGTTTAGACC-1,26,6704,219,2319
TTAGGCATCTTTGATC-1,19,4237,258,1556
TTAGGGTCAACTCCAA-1,15,3066,354,674
TTAGGGTCATATGCGT-1,66,9334,594,2799
TTAGGGTGTATTGAGA-1,10265,45,763,3493
TTAGGGTGTGGTACAG-1,63,9500,569,2890
TTAGGGTGTTAGGGAC-1,65,12332,974,3702
TTAGGGTGTTCCACAA-1,58,16910,799,4055
TTAGGGTGTTGAGGAC-1,5866,43,432,2641
TTAGGGTTCTAAGCGT-1,30,7081,435,2430
TTAGTCTCAACAGTGG-1,15060,95,1220,4608
TTAGTCTCACTGCTTC-1,77,10081,633,3227
TTAGTCTGTCTACACA-1,22,2966,146,1372
TTAGTCTTCGGTCACG-1,54,13595,778,3478
TTATTGCAGCTTCATG-1,24,3759,209,1511
TTATTGCAGGGTGAAA-1,14468,63,858,4202
TTATTGCCAAAGCTCT-1,8719,51,540,3310
TTATTGCCAATGTTGC-1,9239,36,676,3468
TTATTGCCACAACGTT-1,41,7718,377,2832
TTATTGCCAGCTCGGT-1,17,3192,197,1491
TTATTGCCAGGACATG-1,9,3849,169,1571
TTATTGCCATTACGGT-1,20,5228,327,1993
TTATTGCGTAACGCGA-1,37,7896,527,2721
TTATTGCTCCGGCTTT-1,1074,12,0,713
TTATTGCTCTCCAATT-1,12982,42,906,4065
TTATTGCTCTGTGCTC-1,30,7429,399,2668
TTCAATCAGAACTGAT-1,36,7190,347,2263
TTCAATCAGACGGTTG-1,88,17926,1323,4004
TTCAATCAGAGTGTGC-1,16,4261,318,1688
TTCAATCAGCTTTCTT-1,11532,69,835,3943
TTCAATCAGTTGAAAC-1,6408,27,379,2571
TTCAATCCAAAGAACT-1,42,12859,579,3287
TTCAATCCAGAATGTA-1,7981,51,488,3090
TTCAATCCAGCATACT-1,11,4507,274,1965
TTCAATCGTAGCGTCC-1,6178,23,355,2560
TTCAATCGTAGGAAAG-1,8023,27,2,2218
TTCAATCGTGCACGCT-1,50,17675,765,4470
TTCAATCGTGCATTTG-1,44,12885,851,3457
TTCAATCGTGTAGGAC-1,1346,11,77,811
TTCAATCTCCATTGGA-1,11773,75,635,3719
TTCACCGAGTGGACGT-1,22,4907,295,1787
TTCACCGCACTATCCC-1,23,5374,282,1860
TTCACCGGTACGGTTT-1,6546,33,378,2526
TTCACCGGTAGAGATT-1,17,6964,418,2355
TTCACCGGTAGGAGTC-1,9775,40,721,3249
TTCACCGGTCGGAAAC-1,12249,60,1379,3941
TTCACCGGTTGCATAC-1,45,13148,902,3513
TTCACCGTCACAACCA-1,9997,51,798,3633
TTCACCGTCCTACGAA-1,1727,20,790,797
TTCACCGTCTAGACAC-1,31,7829,595,2395
TTCACCGTCTGTCAGA-1,8400,50,444,3058
TTCACGCAGCTGTACT-1,14,3987,237,1766
TTCACGCAGTAGTCCT-1,10621,50,622,3488
TTCACGCCACTGTCGG-1,25,4492,301,1841
TTCACGCCATATGCGT-1,50,10491,880,3002
TTCACGCGTATGGGAC-1,1109,10,41,735
TTCACGCGTGGTCCGT-1,12550,48,536,3968
TTCACGCTCGCTGTTC-1,11,3886,260,1714
TTCACGCTCGGCTGTG-1,38,9744,709,2837
TTCACGCTCTCCCTAG-1,41,11442,530,3208
TTCAGGAAGGCAGTCA-1,12757,371,1007,4287
TTCAGGAAGGCCACCT-1,35,7216,328,2528
TTCAGGAGTTACGGAG-1,11887,84,1108,3820
TTCAGGAGTTGGGAAC-1,54,14704,831,3977
TTCAGGATCGTTGCCT-1,22,7899,450,2706
TTCAGGATCTAAACGC-1,22365,92,1814,5231
TTCAGGATCTCCCAAC-1,40,7308,583,2645
TTCATGTAGACATAGT-1,31,6413,419,2386
TTCATGTAGAGCATAT-1,7,2194,146,934
TTCATGTAGAGTAACT-1,14,2781,130,1276
TTCATGTAGTACCATC-1,47,2863,259,1403
TTCATGTGTCGTGATT-1,4072,22,224,1869
TTCATGTGTCGTGCCA-1,41,8764,643,2771
TTCATGTGTGCCCGTA-1,17,4250,149,1763
TTCATGTTCGAACGCC-1,5672,21,185,2516
TTCATTGAGTATGAGT-1,50,9592,690,2761
TTCATTGCACATTCTT-1,78,14688,761,4230
TTCATTGCAGGCGTTC-1,13856,55,928,4220
TTCATTGGTCAAGCCC-1,22,5970,460,1757
TTCATTGGTTAGTTCG-1,15839,65,1324,4666
TTCATTGTCAAGGTGG-1,27,5973,478,2011
TTCATTGTCATGAGTC-1,67,10339,714,3162
TTCCAATAGGTTATAG-1,40,9721,676,2987
TTCCAATAGTCAGCCC-1,12595,54,484,4207
TTCCAATAGTGTTGAA-1,8,4022,192,1621
TTCCAATCAAGGTTGG-1,36,5759,297,2104
TTCCAATGTCACTGAT-1,18882,91,1353,5248
TTCCAATGTCGTACAT-1,52,11691,830,3403
TTCCAATGTTCTTGCC-1,3068,35,354,1669
TTCCAATTCAAGCTTG-1,17257,66,907,4832
TTCCAATTCACATTGG-1,25,4726,263,1768
TTCCAATTCCATCACC-1,11347,49,418,3950
TTCCAATTCCTGGGTG-1,10,4969,272,1907
TTCCACGAGAACAAGG-1,25,6636,326,2330
TTCCACGAGGATACCG-1,15,3484,291,1552
TTCCACGAGTCTGGAG-1,62,13269,878,3355
TTCCACGCACAAGCTT-1,30,9977,500,3229
TTCCACGGTCTTGAAC-1,21,6536,379,2335
TTCCACGGTTCGGCCA-1,51,8582,458,2819
TTCCACGTCCGTTTCG-1,10,4228,333,1681
TTCCGGTAGACATCAA-1,46,11530,746,3351
TTCCGGTAGACATGCG-1,4226,66,469,1877
TTCCGGTCAATAGTCC-1,36,10907,899,3018
TTCCGGTCAGCGTTTA-1,37,6226,411,2176
TTCCGGTCATTCATCT-1,59,12247,636,3603
TTCCGGTGTCAACGCC-1,13,838,11,601
TTCCGGTGTCAGATTC-1,693,4,0,489
TTCCGGTGTGCGAACA-1,39,8094,596,2668
TTCCGGTGTGTATTGC-1,23,7547,457,2377
TTCCGGTTCCCTCTAG-1,21,6552,426,2165
TTCCGGTTCGAGAACG-1,17,4802,403,1709
TTCCGTGAGATCACTC-1,2738,32,46,1610
TTCCGTGCATTCTCCG-1,6378,31,233,2793
TTCCGTGGTACATTGC-1,2389,27,57,1220
TTCCGTGGTGCAAGAC-1,23,6144,310,2180
TTCCGTGGTGGTCCCA-1,14019,42,978,4113
TTCCGTGTCAGTGCGC-1,1007,16,3,627
TTCCGTGTCCTTGAAG-1,5109,28,353,2077
TTCCGTGTCTCCGATC-1,52,16738,1464,3914
TTCCGTGTCTGTGCAA-1,15119,72,1084,4556
TTCCTAAAGAAGCTCG-1,15,5154,328,1887
TTCCTAAAGCACGTCC-1,26,9340,580,2621
TTCCTAAAGGAAGAAC-1,33,7614,490,2310
TTCCTAACACTCTCGT-1,61,9998,602,3022
TTCCTAACAGTTGCGC-1,12824,95,1104,4057
TTCCTAACATAGGTTC-1,9685,59,675,3249
TTCCTAAGTAAGGCTG-1,7419,36,816,2489
TTCCTAAGTACCGGCT-1,14314,69,1151,4319
TTCCTAAGTGTCCAAT-1,37,9973,889,2588
TTCCTAATCAGTCTTT-1,11759,72,679,4031
TTCCTAATCGAGTGGA-1,14,2947,141,1382
TTCCTAATCGTTTACT-1,71,18667,1058,4440
TTCCTCTAGATGGTAT-1,9770,71,512,3472
TTCCTCTCAGGTCTCG-1,30,8626,445,2891
TTCCTCTCATCCTTCG-1,31,7374,398,2807
TTCCTCTTCGTAGGAG-1,629,31,17,536
TTCCTTCAGACTCCGC-1,46,5878,266,2487
TTCCTTCAGCACCGTC-1,362,15214,782,4262
TTCCTTCCAACTAGAA-1,50,8545,378,2909
TTCCTTCCACGCAGTC-1,46,13500,826,3775
TTCCTTCCACGCCACA-1,20,5276,251,2055
TTCCTTCCAGCGGATA-1,14554,75,1018,4575
TTCCTTCTCAAGAGGC-1,6956,31,305,2805
TTCCTTCTCCTTGGAA-1,67,12569,700,3816
TTCCTTCTCGCATGAT-1,8278,53,324,3254
TTCGATTAGAGGACTC-1,55,10564,630,3336
TTCGATTAGTCTCCTC-1,13938,65,767,4599
TTCGATTAGTCTTCCC-1,16793,16753,2119,9484
TTCGATTCAAGTAGTA-1,27,8667,515,2580
TTCGATTTCTCCTGTG-1,61,13035,883,3876
TTCGCTGAGGGAGGAC-1,14111,64,1115,4148
TTCGCTGAGGGATCTG-1,42,7677,440,2678
TTCGCTGCACTCCTTG-1,83,17730,929,4531
TTCGCTGCATGATGCT-1,24,6411,309,2189
TTCGCTGTCACTAGCA-1,295,9860,906,2992
TTCGCTGTCAGCCTCT-1,8816,34,472,3334
TTCGCTGTCCGCTGTT-1,71,17059,754,4419
TTCGCTGTCTGGTGCG-1,67,13534,801,3869
TTCGGTCCACGTATAC-1,4640,35,202,1948
TTCGGTCGTTCTCGCT-1,23,6161,351,2161
TTCGGTCTCTCGACCT-1,41,10431,466,3159
TTCGGTCTCTCTGCTG-1,30,7106,438,2596
TTCGGTCTCTTCTCAA-1,32,7817,407,2614
TTCTAACAGAAGTCTA-1,49,10351,804,2991
TTCTAACAGCATTGTC-1,6460,40,241,2938
TTCTAACAGCCTGAGA-1,40,6346,434,2098
TTCTAACAGTTTCGGT-1,55,8532,729,2770
TTCTAACCACGGTAGA-1,109,16153,1283,4043
TTCTAACCATGAAAGT-1,10498,41,993,3446
TTCTAACGTAAGTAGT-1,2236,29,619,1233
TTCTAACGTAGCTGAG-1,31,7285,523,2316
TTCTAACTCCAGGACC-1,44,11573,743,3352
TTCTAACTCGTGGGAA-1,54,11219,543,3414
TTCTAACTCTCAGTCC-1,22,5178,348,1721
TTCTAACTCTGGCCTT-1,18603,116,1078,5517
TTCTAGTAGACCAGCA-1,12977,453,958,4588
TTCTAGTCATAGAATG-1,10025,262,550,3549
TTCTAGTCATCGATGT-1,11860,66,821,4388
TTCTAGTGTAACTGCT-1,67,11805,918,3164
TTCTAGTTCGCACGAC-1,36,8675,467,2927
TTCTAGTTCGGAACTT-1,9728,52,630,3442
TTCTCTCAGAATTGCA-1,14,3933,244,1519
TTCTCTCAGATGTTGA-1,22,4942,228,1918
TTCTCTCAGCAAATCA-1,92,17625,973,4401
TTCTCTCAGCCAGAGT-1,9,3406,284,1276
TTCTCTCAGGTGATCG-1,9455,79,846,3688
TTCTCTCAGTAGGTTA-1,10238,62,499,3878
TTCTCTCCAATGGGTG-1,39,6986,686,2469
TTCTCTCCACGCAGTC-1,18,4798,259,1636
TTCTCTCGTAGAGATT-1,13049,148,570,3927
TTCTCTCGTCACTGAT-1,44,7711,500,2578
TTCTCTCGTTAAGCAA-1,82,20542,1231,4804
TTCTCTCTCGTACCTC-1,29,6386,262,2426
TTCTGTAAGACTACGG-1,15,4375,244,1692
TTCTGTAAGAGGATCC-1,187,13282,580,3353
TTCTGTAAGGATATGT-1,36,6305,693,2116
TTCTGTAAGTAAAGCT-1,40,11149,757,3348
TTCTGTAAGTGTCATC-1,79,19094,1744,4524
TTCTGTACAAATGGCG-1,41,9489,604,2914
TTCTGTAGTTTGGAAA-1,11038,47,630,3273
TTCTGTATCGGACTGC-1,47,13872,1161,3488
TTCTTCCAGAGTATAC-1,151,24864,1473,5650
TTCTTCCAGTCTGCGC-1,16129,76,1222,4768
TTCTTCCCACACGCCA-1,64,14228,667,4084
TTCTTCCGTCCGATCG-1,20735,91,976,5066
TTCTTCCTCATGGATC-1,8540,34,414,3058
TTCTTCCTCCACAGCG-1,19,5643,318,2005
TTCTTCCTCCTAGCGG-1,8688,48,416,3305
TTCTTGAAGAGCCGAT-1,13,4249,375,1589
TTCTTGAAGTGAATAC-1,38,6147,724,2150
TTCTTGACACGCAAAG-1,33,10890,630,2974
TTCTTGACAGTTAGGG-1,30,6756,359,2107
TTCTTGACAGTTCTAG-1,7834,48,378,3018
TTCTTGACATCCGATA-1,26,5518,352,2018
TTCTTGAGTAGCACGA-1,22,6155,316,2281
TTCTTGAGTTGGTAGG-1,14865,104,882,4430
TTCTTGATCCATGAGT-1,9570,6723,768,5453
TTCTTGATCCCAATAG-1,40,9487,507,2884
TTCTTGATCGGCCTTT-1,12637,59,735,4260
TTCTTGATCTGCAGCG-1,6724,34,504,2519
TTGAACGAGCAAATGT-1,33,11005,712,3257
TTGAACGCAGATCCTA-1,90,14826,979,3996
TTGAACGGTAGCGCCT-1,23,7102,569,2405
TTGAACGGTGTATTGC-1,48,11621,674,3414
TTGAACGGTTTCGTAG-1,14,4902,370,1778
TTGAACGTCCTTATGT-1,15,2762,155,1174
TTGAACGTCGAGCCTG-1,17,6759,364,2299
TTGAACGTCGCAACAT-1,8414,37,345,3039
TTGAACGTCTACGCGG-1,38,13513,848,3688
TTGACCCAGCGCCTCA-1,21,7453,258,2557
TTGACCCAGGGCAAGG-1,19222,89,948,4939
TTGACCCAGTACGAGC-1,35105,67,1702,6108
TTGACCCAGTCTGCAT-1,61,16067,726,4130
TTGACCCCAGCTGGTC-1,16211,72,1164,4466
TTGACCCGTCATGACT-1,48,11962,687,3277
TTGACCCGTCGTGCCA-1,12441,30,504,3836
TTGACCCTCCACGGGT-1,28,7926,765,2538
TTGACCCTCCGTCAAA-1,27,7525,333,2505
TTGACCCTCGGCCCAA-1,45,10926,559,3133
TTGAGTGAGGTGCGAT-1,39,6605,511,2334
TTGAGTGAGTCTTGGT-1,9043,56,567,3478
TTGAGTGCAAAGTGTA-1,74,17178,1557,4441
TTGAGTGCAGGACGAT-1,15609,78,993,4417
TTGAGTGCATCATCCC-1,51,12955,682,3582
TTGAGTGGTATGAGCG-1,6728,22,419,2267
TTGATGGAGTCCCAGC-1,19,6783,339,2500
TTGATGGCATCGGAAG-1,47,8253,499,2671
TTGATGGCATCTGCGG-1,12824,63,977,3774
TTGATGGGTCTCACGG-1,10405,49,960,3490
TTGATGGGTGAATTAG-1,43,9723,636,2945
TTGATGGTCCACATAG-1,62,11028,932,3399
TTGCATTAGACCTTTG-1,18679,67,1097,5061
TTGCATTAGACTTCCA-1,8,3536,197,1405
TTGCATTAGGCTCCCA-1,11429,4546,847,5362
TTGCATTAGGTTATAG-1,25,3440,187,1360
TTGCATTCACGTGAGA-1,33,8422,542,2648
TTGCATTGTCACTTAG-1,46,6459,354,2523
TTGCATTGTGGTACAG-1,7420,11096,1091,6090
TTGCATTGTTGGGATG-1,36,6676,643,2072
TTGCATTTCGCTGATA-1,20239,138,1033,5323
TTGCCTGAGCCAGAGT-1,8,4338,380,1344
TTGCCTGCACTCAGAT-1,12450,72,549,4104
TTGCCTGCATGTGACT-1,1323,18,1,774
TTGCCTGGTAACGTTC-1,38,7699,467,2538
TTGCCTGGTCAAGCCC-1,19,1228,39,833
TTGCCTGGTCGAAGCA-1,2607,13,1,1188
TTGCCTGGTCTAGATC-1,43,7727,541,2566
TTGCCTGGTGTACATC-1,35,5470,265,2152
TTGCCTGGTTCTCACC-1,9670,55,410,3402
TTGCCTGTCACTAGCA-1,28581,180,2204,6723
TTGCCTGTCGAACTCA-1,53,14804,718,3699
TTGCGTCAGGCCTAAG-1,10,3533,8,750
TTGCGTCAGGGTAATT-1,44,4995,260,1791
TTGCGTCCATGACTTG-1,28926,111,1619,5964
TTGCGTCGTCAAAGCG-1,10,3354,212,1456
TTGCGTCGTCGTATGT-1,8715,147,623,3238
TTGCGTCTCCAATCTT-1,4295,32,293,2030
TTGCGTCTCGGTCTGG-1,12926,56,863,4004
TTGCTGCAGTTTGTCG-1,14800,81,769,4386
TTGCTGCCACAGACGA-1,27421,119,2241,6303
TTGCTGCCACGCGTGT-1,9142,62,660,3471
TTGCTGCCACGGCTAC-1,36,8779,699,2790
TTGCTGCCACTAACCA-1,45,10422,1285,3615
TTGCTGCGTAATTGGA-1,58,17545,1224,4040
TTGCTGCGTACTTGTG-1,19203,111,1501,5058
TTGCTGCGTAGGCTCC-1,10258,40,676,3363
TTGCTGCGTGACAGCA-1,13608,48,834,4111
TTGCTGCGTGACTAAA-1,12247,76,1219,3882
TTGCTGCTCACTACTT-1,5970,53,351,2661
TTGCTGCTCTACTGAG-1,11,3219,242,1303
TTGCTGCTCTTGCGCT-1,17485,82,767,4530
TTGGATGAGATGGCAC-1,49,10210,899,2781
TTGGATGAGCGTGCTC-1,43,11764,715,3290
TTGGATGAGTTGCGCC-1,20903,101,1324,5261
TTGGATGCAACCCTAA-1,33,6920,404,2271
TTGGATGCAGCAATTC-1,56,19098,1281,4287
TTGGATGCAGCATACT-1,30,8412,501,2750
TTGGATGCAGTCGTTA-1,12445,74,1082,4194
TTGGATGCAGTGTATC-1,7990,254,541,3505
TTGGATGGTGATTGGG-1,18891,118,1612,4975
TTGGATGGTTTACCAG-1,14285,78,848,4673
TTGGATGTCCTCACTG-1,6109,22,264,2399
TTGGATGTCGCGGTAC-1,8206,35,692,2558
TTGGATGTCGGATACT-1,13,3932,304,1594
TTGGATGTCGTCGCTT-1,37,11127,1059,3191
TTGGATGTCTCATTGT-1,100,17032,1130,4236
TTGGGATAGAGAGAAC-1,31,6452,347,2172
TTGGGATAGCAACTCT-1,33,7130,444,2228
TTGGGATCAATCCTAG-1,39,9100,604,2841
TTGGGATCAGGTGAGT-1,46,9286,822,2623
TTGGGATCAGTGTACT-1,11,3441,421,1369
TTGGGATCATAGAAAC-1,3372,37,743,1795
TTGGGATGTAATGATG-1,10352,49,629,3678
TTGGGATGTACGGTTT-1,13812,97,998,4349
TTGGGATGTCCCACGA-1,50,12818,942,3475
TTGGGATGTCGGAACA-1,8815,47,564,3223
TTGGGATGTGCATACT-1,24,7284,380,2440
TTGGGATGTGCATCTA-1,12844,64,748,4138
TTGGGATGTTTGGCTA-1,12052,13963,1591,8078
TTGGGATTCCATAGGT-1,23563,142,1368,5717
TTGGGATTCGGAGCAA-1,24689,108,1861,5936
TTGGGCGAGACCGTTT-1,94,11749,712,3941
TTGGGCGAGCAACTTC-1,65,12789,764,3428
TTGGGCGAGCCGGAAT-1,4852,16,332,1955
TTGGGCGAGCGGATCA-1,10128,50,597,3397
TTGGGCGAGGTGATAT-1,100,20256,1203,4458
TTGGGCGGTAATCAAG-1,21661,104,1383,5576
TTGGGCGGTAGACGGT-1,35,8622,507,2808
TTGGGCGTCAGTCATG-1,9409,40,695,3428
TTGGGCGTCCGTATGA-1,15,4973,257,1779
TTGGGCGTCTAGGCCG-1,6204,24,518,2400
TTGGGCGTCTCTGCCA-1,23,7863,312,2503
TTGGGTAAGAAGTCAT-1,13645,65,905,3871
TTGGGTAAGAATCGTA-1,7266,34,372,2641
TTGGGTAAGCACTCAT-1,18,5133,346,1840
TTGGGTAAGTTAACGA-1,27,6210,333,2252
TTGGGTACAAGAGCTG-1,15,5664,266,2121
TTGGGTACAAGTTCCA-1,16175,95,809,4903
TTGGGTACACAACATC-1,15,6097,304,2016
TTGGGTACAGTAGTGG-1,26,6720,672,1953
TTGGGTACATCGAACT-1,32139,142,1611,6393
TTGGGTAGTAACAGGC-1,56,13864,949,3562
TTGGGTAGTGTATACC-1,29,6266,497,2146
TTGGGTATCCACAAGT-1,35,10949,468,3226
TTGGGTATCCTGTAAG-1,62,11490,779,3398
TTGGTTTAGTCTAGCT-1,20,4828,233,2051
TTGGTTTAGTGTTCCA-1,71,10964,599,3015
TTGGTTTCAAAGGCAC-1,9916,27,441,3328
TTGGTTTCACTTCATT-1,64,14397,785,3620
TTGGTTTCATCGTCCT-1,56,11152,625,3445
TTGGTTTTCAGAGTGG-1,28,6928,408,2303
TTGGTTTTCCTGTAGA-1,45,7185,502,2463
TTGGTTTTCGTAACAC-1,24906,13702,3502,10107
TTGGTTTTCGTAGAGG-1,7050,142,504,3128
TTGGTTTTCTCAACGA-1,7792,43,536,3083
TTGTGGACAAGAGAGA-1,4555,35,266,2080
TTGTGGAGTAACGCGA-1,15401,69,954,4338
TTGTGGAGTATGAAGT-1,6831,29,342,2670
TTGTGGAGTTTGGAAA-1,9081,46,630,3156
TTGTGGATCCATCTAT-1,40,7261,371,2262
TTGTGGATCCTCTAGC-1,25,6754,446,2010
TTGTGGATCGATCCAA-1,57,9701,482,2982
TTGTGGATCGCTCATC-1,63,8728,749,2529
TTGTGGATCGGTCGGT-1,44,12960,701,3409
TTGTGGATCTGACCCT-1,5998,36,355,2341
TTGTGTTAGAGGGTGG-1,48,4761,283,1892
TTGTGTTAGTAAACTG-1,13784,79,911,4292
TTGTGTTCACTTCCTG-1,11656,67,764,3565
TTGTGTTTCAACCCGG-1,4651,12,299,1911
TTGTGTTTCAGGGTAG-1,66,16540,1310,4068
TTGTGTTTCATCGCAA-1,901,13,139,639
TTGTGTTTCATTGTTC-1,38,6156,418,2124
TTGTGTTTCCAGTTCC-1,20,6780,338,2347
TTGTGTTTCGAAGAAT-1,10749,74,925,3516
TTGTTCAAGACGCCAA-1,18490,86,1017,5255
TTGTTCAAGCCTGCCA-1,20363,82,1192,5299
TTGTTCAAGTAAGGGA-1,9661,68,610,3811
TTGTTCAAGTTCATCG-1,7992,70,401,3001
TTGTTCACAGAACCGA-1,25,7068,339,2484
TTGTTCACATGGAAGC-1,40,7156,569,2714
TTGTTCAGTCACGCTG-1,42,9104,883,2652
TTGTTCAGTCGCAACC-1,89,22629,1428,4915
TTGTTCATCTAGTGAC-1,67,11798,722,3716
TTGTTGTAGCCAACCC-1,18,5205,290,1908
TTGTTGTCAAGCTCTA-1,9679,34,370,3210
TTGTTGTCAAGGGTCA-1,23,5306,262,2054
TTGTTGTCAAGTCCCG-1,48,12991,597,3574
TTGTTGTCACGGCTAC-1,22,5444,216,2085
TTGTTGTCAGCTCGGT-1,53,11233,720,3402
TTGTTGTGTACTGGGA-1,10915,91,589,3665
TTGTTGTTCATTTACC-1,27,10857,530,3099
TTGTTGTTCCTGCCAT-1,27,4593,332,1765
TTGTTGTTCGTAGTCA-1,16,4956,234,1812
TTGTTGTTCGTCAACA-1,46,13796,541,3805
TTGTTGTTCTTGGGCG-1,32551,155,2077,6280
TTGTTTGAGCAAGCCA-1,9911,40,373,3545
TTGTTTGAGGATCATA-1,42,9005,640,2566
TTGTTTGCACCATATG-1,57,12085,399,3609
TTGTTTGCACTGCTTC-1,116,34500,2646,5721
TTGTTTGGTTGCCGAC-1,15,4395,559,1733
TTGTTTGTCCGATTAG-1,25,3836,233,1580
TTGTTTGTCCGGTAAT-1,13095,60,1034,4265
TTTACCAAGCTCGAAG-1,11200,47,619,3803
TTTACCACAATGCTCA-1,47,9168,632,2848
TTTACCACACGCGTCA-1,12038,57,874,3897
TTTACCACACTGTGTA-1,1345,20,32,942
TTTACCACAGGAGACT-1,20724,96,1010,5229
TTTACCAGTCCACGCA-1,34,10591,470,3111
TTTACCAGTTCGTACA-1,40,7598,697,2460
TTTACCATCCACCTGT-1,61,12094,679,3408
TTTACCATCCCTTGTG-1,1524,12,1,833
TTTACCATCGAAGTGG-1,11849,58,812,3833
TTTACCATCGGCATTA-1,32,6392,237,2395
TTTACGTAGTGACCTT-1,19,5470,295,1689
TTTACGTCACTGCTTC-1,69,15804,799,4098
TTTACGTCATCTAGAC-1,20,6607,577,2467
TTTACGTGTGGAGAAA-1,9860,65,646,3231
TTTACTGAGATAGTCA-1,3887,21,330,1739
TTTACTGAGCTAAATG-1,81,12157,610,3480
TTTACTGAGTGCGCTC-1,64,13286,723,3729
TTTACTGAGTTTCGGT-1,8058,38,402,2744
TTTACTGCAAGTATCC-1,15,5670,240,1891
TTTACTGCAGGACGAT-1,14335,74,840,4612
TTTACTGGTACGGATG-1,7,3911,306,1435
TTTACTGGTCAGCTTA-1,7051,34,270,2899
TTTACTGGTCCCGTGA-1,18,4982,305,1991
TTTACTGGTCCTATAG-1,6130,21,350,2315
TTTACTGTCACCTTGC-1,17731,94,878,5096
TTTACTGTCCACCCTA-1,5050,8346,632,5431
TTTAGTCAGGAACGAA-1,895,14,26,657
TTTAGTCAGTATAGGT-1,32,9294,606,2749
TTTAGTCCACCCATAA-1,10946,87,489,3860
TTTAGTCCACTTGAGT-1,34,9416,490,2966
TTTAGTCCAGGGCTTC-1,9,3633,227,1493
TTTAGTCCATGACCCG-1,1671,18,583,881
TTTAGTCGTCATGGCC-1,11,4632,329,1636
TTTAGTCGTCGAAACG-1,6508,19,401,2499
TTTAGTCGTCTAGATC-1,71,11214,771,3433
TTTAGTCGTGCTATTG-1,10929,80,683,3580
TTTATGCAGCAGCCCT-1,15,5820,228,2166
TTTATGCAGCGACAGT-1,73,15010,878,3779
TTTATGCAGGTAAAGG-1,6707,33,332,2892
TTTATGCCAAGGTCGA-1,74,15465,858,3842
TTTATGCCAATTTCGG-1,23048,111,978,5733
TTTATGCCACACCTTC-1,6713,28,315,2780
TTTATGCGTTTATGCG-1,11,6489,314,2352
TTTATGCTCGATTTCT-1,19765,9834,1331,8063
TTTCACAAGGTAGACC-1,19265,115,1570,5053
TTTCACAAGTATGTAG-1,9573,43,434,3643
TTTCACAAGTGGATAT-1,57,9796,558,3074
TTTCACACAAACTCTG-1,97,6603,528,2358
TTTCACACAGAGTTCT-1,44,7257,424,2476
TTTCACAGTATCGCAT-1,25,6713,436,2470
TTTCACAGTCTTGCTC-1,11231,51,918,3863
TTTCACATCATTGCCC-1,23,5141,306,2048
TTTCACATCCCTCAAC-1,20,5210,357,1949
TTTCACATCCTCTCTT-1,6519,28,236,2587
TTTCACATCCTTATCA-1,12869,66,724,4221
TTTCACATCTGGTGGC-1,7361,46,452,2598
TTTCACATCTTACGGA-1,22,3871,297,1590
TTTCAGTAGAGTAACT-1,16,3766,132,1436
TTTCAGTAGAGTATAC-1,53,15751,1114,4130
TTTCAGTAGCCTGTGC-1,20,8745,465,2613
TTTCAGTAGGGCAACT-1,18,4540,304,1962
TTTCAGTAGGGTTTCT-1,1404,3,0,779
TTTCAGTAGTATTAGG-1,32,6835,425,2539
TTTCAGTCAAATCCCA-1,8443,32,491,3021
TTTCAGTCACGATTCA-1,9095,39,481,3319
TTTCAGTCACTCGATA-1,46,9692,600,2983
TTTCAGTCATCGAAGG-1,40,11535,683,3406
TTTCAGTTCAACGAGG-1,13003,40,793,4183
TTTCAGTTCAGTCCGG-1,27,7623,301,2765
TTTCAGTTCTGATTCT-1,39,7356,396,2428
TTTCATGAGTTAGTGA-1,64,12154,934,3335
TTTCATGCAAGAGCTG-1,10587,54,704,3749
TTTCATGCACCCTTGT-1,11853,5700,1177,6316
TTTCATGCAGCATGCC-1,77,18018,769,4744
TTTCATGCAGCGTGCT-1,39,11172,688,3164
TTTCATGGTCAAGGCA-1,155,7047,442,2528
TTTCATGGTCCAAATC-1,16,6069,280,2214
TTTCATGTCTATCGCC-1,7364,42,389,2988
TTTCATGTCTTACTGT-1,52,10271,567,3527
TTTCATGTCTTTGCAT-1,12349,73,883,4093
TTTCCTCAGAAGGATG-1,23,5913,278,2239
TTTCCTCAGGACGCTA-1,42,7738,480,2537
TTTCCTCCACCCTTGT-1,18817,114,1158,5273
TTTCCTCCACTAAACC-1,5627,17,297,2362
TTTCCTCTCAACTGAC-1,16904,115,1032,5082
TTTCCTCTCCGCACTT-1,16837,77,882,5274
TTTCGATAGCTTTGTG-1,62,7363,847,2514
TTTCGATCACAGTCGC-1,21,3102,106,1399
TTTCGATCACGAAAGC-1,5927,53,372,2388
TTTCGATCACGCTATA-1,113,15715,809,4242
TTTCGATCAGAGTGAC-1,5338,26,427,2223
TTTCGATCATCCGATA-1,51,9348,727,2815
TTTCGATGTAATGTGA-1,18324,89,1242,4670
TTTCGATGTACTCAAC-1,14034,80,702,4360
TTTCGATTCCCGTGTT-1,85,9262,726,2739
TTTCGATTCCGTGGCA-1,50,8826,731,2788
TTTCGATTCTGGTTGA-1,5468,37,363,2404
TTTGACTAGAGGTCAC-1,56,11080,560,3090
TTTGACTAGTGGAAGA-1,25,5585,405,1727
TTTGACTCAGAGAATT-1,10769,48,904,3255
TTTGACTCATACTGTG-1,28190,131,1672,6479
TTTGACTCATTGACAC-1,43,8463,581,2803
TTTGACTGTAGCTAAA-1,28,5076,259,1840
TTTGACTTCAGAGCGA-1,20,6515,295,2274
TTTGACTTCCCGATCT-1,31,9288,335,3104
TTTGACTTCGTACACA-1,72,12006,711,3202
TTTGACTTCTGGCTGG-1,11651,77,599,4111
TTTGATCGTAACCAGG-1,18026,84,1336,4977
TTTGATCGTACAGTAA-1,11880,67,625,4085
TTTGATCGTGGGCTCT-1,13829,59,1138,4173
TTTGATCGTTTATGCG-1,50,14812,1019,3716
TTTGATCTCCTACGAA-1,19167,124,1329,5234
TTTGGAGAGCATTGAA-1,33798,247,2667,6635
TTTGGAGAGCGAATGC-1,63,17927,1146,4070
TTTGGAGCACGCGGTT-1,10,4224,255,1623
TTTGGAGCACTACACA-1,53,10501,637,3385
TTTGGAGGTATTCCGA-1,5081,24,46,2030
TTTGGAGTCACACGAT-1,53,11786,779,3368
TTTGGTTAGGTCACCC-1,18614,94,1308,5256
TTTGGTTGTGGCCTCA-1,5648,27,270,2373
TTTGGTTGTGGTCTCG-1,21,8792,607,2935
TTTGGTTGTTCTATCT-1,28,6660,307,2499
TTTGTTGAGCCTCAAT-1,64,13340,875,3561
TTTGTTGAGCCTCTTC-1,51,10523,655,3179
TTTGTTGAGGCTAGCA-1,13,5307,417,2010
TTTGTTGGTACCCACG-1,42,7866,751,2356
TTTGTTGTCCGCAAAT-1,42,11615,908,3045
TTTGTTGTCGGCGATC-1,15,3476,236,1410
