"method","sim_label","subset","TN","FN","FP","TP","Precision","Recall","secs"
"fishash_refit0","moi_0.100000_iter_1","full",3978629,809,2420,18142,0.882307168563369,0.957310959843808,0.64800214767456
"fishash_refit0","moi_0.100000_iter_1","nonzero",450120,614,2420,18142,0.882307168563369,0.967263808914481,0.64800214767456
"fishash_refit10","moi_0.100000_iter_1","full",3979975,773,1074,18178,0.944213588198629,0.959210595746926,2.16592621803284
"fishash_refit10","moi_0.100000_iter_1","nonzero",451466,578,1074,18178,0.944213588198629,0.969183194711026,2.16592621803284
"fishash+_poisson","moi_0.100000_iter_1","full",3975126,723,5923,18228,0.754751356051509,0.961848978945702,0.406177043914795
"fishash+_poisson","moi_0.100000_iter_1","nonzero",446617,528,5923,18228,0.754751356051509,0.971849008317338,0.406177043914795
"fishash_poisson_rawd","moi_0.100000_iter_1","full",3980072,784,977,18167,0.948965733389051,0.958630151443196,0.288508892059326
"fishash_poisson_rawd","moi_0.100000_iter_1","nonzero",451563,589,977,18167,0.948965733389051,0.968596715717637,0.288508892059326
"fishash+_contingency","moi_0.100000_iter_1","full",3974921,728,6128,18223,0.748347090468564,0.961585140625824,1.20461106300354
"fishash+_contingency","moi_0.100000_iter_1","nonzero",446412,533,6128,18223,0.748347090468564,0.971582426956707,1.20461106300354
"fishash_refit0","moi_0.100000_iter_2","full",3978911,785,2135,18169,0.894848305752561,0.958583940065422,0.648157835006714
"fishash_refit0","moi_0.100000_iter_2","nonzero",436038,625,2135,18169,0.894848305752561,0.966744705757157,0.648157835006714
"fishash_refit10","moi_0.100000_iter_2","full",3979989,763,1057,18191,0.945085203657523,0.95974464492983,1.97923994064331
"fishash_refit10","moi_0.100000_iter_2","nonzero",437116,603,1057,18191,0.945085203657523,0.967915292114505,1.97923994064331
"fishash+_poisson","moi_0.100000_iter_2","full",3975297,709,5749,18245,0.760398432941569,0.962593647778833,0.508949041366577
"fishash+_poisson","moi_0.100000_iter_2","nonzero",432424,549,5749,18245,0.760398432941569,0.970788549537086,0.508949041366577
"fishash_poisson_rawd","moi_0.100000_iter_2","full",3980085,773,961,18181,0.949796259534009,0.959217051809644,0.459725141525269
"fishash_poisson_rawd","moi_0.100000_iter_2","nonzero",437212,613,961,18181,0.949796259534009,0.967383207406619,0.459725141525269
"fishash+_contingency","moi_0.100000_iter_2","full",3975027,712,6019,18242,0.751906351757965,0.962435369842777,1.48837304115295
"fishash+_contingency","moi_0.100000_iter_2","nonzero",432154,552,6019,18242,0.751906351757965,0.970628924124721,1.48837304115295
"fishash_refit0","moi_0.100000_iter_3","full",3979195,788,1790,18227,0.910576010391168,0.958559032342887,0.653649091720581
"fishash_refit0","moi_0.100000_iter_3","nonzero",453494,631,1790,18227,0.910576010391168,0.966539399724255,0.653649091720581
"fishash_refit10","moi_0.100000_iter_3","full",3979973,761,1012,18254,0.94747223087304,0.959978963975809,1.81035208702087
"fishash_refit10","moi_0.100000_iter_3","nonzero",454272,604,1012,18254,0.94747223087304,0.967971152826387,1.81035208702087
"fishash+_poisson","moi_0.100000_iter_3","full",3975604,714,5381,18301,0.772781015116967,0.962450696818301,0.348719120025635
"fishash+_poisson","moi_0.100000_iter_3","nonzero",449903,557,5381,18301,0.772781015116967,0.970463463781949,0.348719120025635
"fishash_poisson_rawd","moi_0.100000_iter_3","full",3980060,767,925,18248,0.951755072237,0.959663423612937,0.402241945266724
"fishash_poisson_rawd","moi_0.100000_iter_3","nonzero",454359,610,925,18248,0.951755072237,0.967652985470357,0.402241945266724
"fishash+_contingency","moi_0.100000_iter_3","full",3975343,711,5642,18304,0.764386536373507,0.962608466999737,1.48899507522583
"fishash+_contingency","moi_0.100000_iter_3","nonzero",449642,554,5642,18304,0.764386536373507,0.970622547459964,1.48899507522583
"fishash_refit0","moi_0.100000_iter_4","full",3978876,809,2285,18030,0.887521535810977,0.957057168639524,0.662823915481567
"fishash_refit0","moi_0.100000_iter_4","nonzero",454030,602,2285,18030,0.887521535810977,0.967689995706312,0.662823915481567
"fishash_refit10","moi_0.100000_iter_4","full",3979943,774,1218,18065,0.936835554633615,0.958915016720633,2.20794296264648
"fishash_refit10","moi_0.100000_iter_4","nonzero",455097,567,1218,18065,0.936835554633615,0.969568484328038,2.20794296264648
"fishash+_poisson","moi_0.100000_iter_4","full",3975090,737,6071,18102,0.748852024986555,0.960879027549233,0.351672887802124
"fishash+_poisson","moi_0.100000_iter_4","nonzero",450244,530,6071,18102,0.748852024986555,0.97155431515672,0.351672887802124
"fishash_poisson_rawd","moi_0.100000_iter_4","full",3980051,791,1110,18048,0.942060757907924,0.958012633366952,0.29382586479187
"fishash_poisson_rawd","moi_0.100000_iter_4","nonzero",455205,584,1110,18048,0.942060757907924,0.968656075568914,0.29382586479187
"fishash+_contingency","moi_0.100000_iter_4","full",3974812,734,6349,18105,0.740369673673019,0.961038271670471,1.09253096580505
"fishash+_contingency","moi_0.100000_iter_4","nonzero",449966,527,6349,18105,0.740369673673019,0.971715328467153,1.09253096580505
"fishash_refit0","moi_0.100000_iter_5","full",3978934,788,2234,18044,0.889831344314035,0.958156329651657,0.582517147064209
"fishash_refit0","moi_0.100000_iter_5","nonzero",462629,611,2234,18044,0.889831344314035,0.967247386759582,0.582517147064209
"fishash_refit10","moi_0.100000_iter_5","full",3979933,761,1235,18071,0.936030249663317,0.959590059473237,2.21716785430908
"fishash_refit10","moi_0.100000_iter_5","nonzero",463628,584,1235,18071,0.936030249663317,0.968694719914232,2.21716785430908
"fishash+_poisson","moi_0.100000_iter_5","full",3975047,711,6121,18121,0.747504331325798,0.962245114698386,0.406660795211792
"fishash+_poisson","moi_0.100000_iter_5","nonzero",458742,534,6121,18121,0.747504331325798,0.971374966496918,0.406660795211792
"fishash_poisson_rawd","moi_0.100000_iter_5","full",3980014,774,1154,18058,0.939933374973975,0.958899745114698,0.46645188331604
"fishash_poisson_rawd","moi_0.100000_iter_5","nonzero",463709,597,1154,18058,0.939933374973975,0.967997855802734,0.46645188331604
"fishash+_contingency","moi_0.100000_iter_5","full",3974773,714,6395,18118,0.739118019010321,0.962085811384877,1.01629304885864
"fishash+_contingency","moi_0.100000_iter_5","nonzero",458468,537,6395,18118,0.739118019010321,0.971214151701957,1.01629304885864
"fishash_refit0","moi_0.100000_iter_6","full",3979113,807,1936,18144,0.903585657370518,0.957416495171759,0.585560083389282
"fishash_refit0","moi_0.100000_iter_6","nonzero",426735,613,1936,18144,0.903585657370518,0.967318867622754,0.585560083389282
"fishash_refit10","moi_0.100000_iter_6","full",3979910,774,1139,18177,0.941033340236074,0.959157828082951,1.98824310302734
"fishash_refit10","moi_0.100000_iter_6","nonzero",427532,580,1139,18177,0.941033340236074,0.969078210801301,1.98824310302734
"fishash+_poisson","moi_0.100000_iter_6","full",3975021,718,6028,18233,0.751535386010469,0.96211281726558,0.555550098419189
"fishash+_poisson","moi_0.100000_iter_6","nonzero",422643,524,6028,18233,0.751535386010469,0.972063762861865,0.555550098419189
"fishash_poisson_rawd","moi_0.100000_iter_6","full",3980025,784,1024,18167,0.946641654942421,0.958630151443196,0.223189830780029
"fishash_poisson_rawd","moi_0.100000_iter_6","nonzero",427647,590,1024,18167,0.946641654942421,0.968545076504772,0.223189830780029
"fishash+_contingency","moi_0.100000_iter_6","full",3974611,723,6438,18228,0.738992945755291,0.961848978945702,0.963994979858398
"fishash+_contingency","moi_0.100000_iter_6","nonzero",422233,529,6438,18228,0.738992945755291,0.9717971957136,0.963994979858398
"fishash_refit0","moi_0.100000_iter_7","full",3979265,774,1837,18124,0.907970542557988,0.959043285003704,0.585129022598267
"fishash_refit0","moi_0.100000_iter_7","nonzero",441048,604,1837,18124,0.907970542557988,0.967748825288338,0.585129022598267
"fishash_refit10","moi_0.100000_iter_7","full",3980065,773,1037,18125,0.945882475733222,0.959096200656154,2.18575596809387
"fishash_refit10","moi_0.100000_iter_7","nonzero",441848,603,1037,18125,0.945882475733222,0.96780222127296,2.18575596809387
"fishash+_poisson","moi_0.100000_iter_7","full",3975387,719,5715,18179,0.760818615552021,0.961953645888454,0.685601949691772
"fishash+_poisson","moi_0.100000_iter_7","nonzero",437170,549,5715,18179,0.760818615552021,0.970685604442546,0.685601949691772
"fishash_poisson_rawd","moi_0.100000_iter_7","full",3980164,783,938,18115,0.950768907783551,0.958567044131654,0.221545934677124
"fishash_poisson_rawd","moi_0.100000_iter_7","nonzero",441947,613,938,18115,0.950768907783551,0.967268261426741,0.221545934677124
"fishash+_contingency","moi_0.100000_iter_7","full",3975086,723,6016,18175,0.75131247158034,0.961741983278654,1.16549015045166
"fishash+_contingency","moi_0.100000_iter_7","nonzero",436869,553,6016,18175,0.75131247158034,0.970472020504058,1.16549015045166
"fishash_refit0","moi_0.100000_iter_8","full",3978966,826,2120,18088,0.895091053048298,0.956328645447816,0.563256978988647
"fishash_refit0","moi_0.100000_iter_8","nonzero",473828,622,2120,18088,0.895091053048298,0.966755745590593,0.563256978988647
"fishash_refit10","moi_0.100000_iter_8","full",3979952,800,1134,18114,0.941084788029925,0.957703288569314,1.85633397102356
"fishash_refit10","moi_0.100000_iter_8","nonzero",474814,596,1134,18114,0.941084788029925,0.968145376803848,1.85633397102356
"fishash+_poisson","moi_0.100000_iter_8","full",3975399,743,5687,18171,0.761631318635259,0.96071692925875,0.590143918991089
"fishash+_poisson","moi_0.100000_iter_8","nonzero",470261,539,5687,18171,0.761631318635259,0.971191876002138,0.590143918991089
"fishash_poisson_rawd","moi_0.100000_iter_8","full",3980027,811,1059,18103,0.944734370107504,0.957121708787142,0.290529012680054
"fishash_poisson_rawd","moi_0.100000_iter_8","nonzero",474889,607,1059,18103,0.944734370107504,0.967557455905933,0.290529012680054
"fishash+_contingency","moi_0.100000_iter_8","full",3975105,747,5981,18167,0.752319032632102,0.960505445701597,1.08546996116638
"fishash+_contingency","moi_0.100000_iter_8","nonzero",469967,543,5981,18167,0.752319032632102,0.970978086584714,1.08546996116638
"fishash_refit0","moi_0.100000_iter_9","full",3978761,820,2225,18194,0.891032861550517,0.95687388240244,0.547667980194092
"fishash_refit0","moi_0.100000_iter_9","nonzero",458538,634,2225,18194,0.891032861550517,0.966326747397493,0.547667980194092
"fishash_refit10","moi_0.100000_iter_9","full",3979844,801,1142,18213,0.940997158357014,0.957873146102872,2.2754819393158
"fishash_refit10","moi_0.100000_iter_9","nonzero",459621,615,1142,18213,0.940997158357014,0.967335882727852,2.2754819393158
"fishash+_poisson","moi_0.100000_iter_9","full",3975247,747,5739,18267,0.760934766308423,0.96071315872515,0.410543918609619
"fishash+_poisson","moi_0.100000_iter_9","nonzero",455024,561,5739,18267,0.760934766308423,0.970203951561504,0.410543918609619
"fishash_poisson_rawd","moi_0.100000_iter_9","full",3979940,821,1046,18193,0.945631269816519,0.956821289576102,0.302305936813354
"fishash_poisson_rawd","moi_0.100000_iter_9","nonzero",459717,635,1046,18193,0.945631269816519,0.966273635011685,0.302305936813354
"fishash+_contingency","moi_0.100000_iter_9","full",3974983,746,6003,18268,0.752667792839191,0.960765751551488,1.21368908882141
"fishash+_contingency","moi_0.100000_iter_9","nonzero",454760,560,6003,18268,0.752667792839191,0.970257063947312,1.21368908882141
"fishash_refit0","moi_0.100000_iter_10","full",3979212,751,1885,18152,0.905924040525029,0.960270856477808,0.559493064880371
"fishash_refit0","moi_0.100000_iter_10","nonzero",437485,579,1885,18152,0.905924040525029,0.969088676525546,0.559493064880371
"fishash_refit10","moi_0.100000_iter_10","full",3979934,734,1163,18169,0.939840678667494,0.961170184626779,2.01898407936096
"fishash_refit10","moi_0.100000_iter_10","nonzero",438207,562,1163,18169,0.939840678667494,0.969996262879718,2.01898407936096
"fishash+_poisson","moi_0.100000_iter_10","full",3975243,678,5854,18225,0.756883591511275,0.964132677352801,0.457179069519043
"fishash+_poisson","moi_0.100000_iter_10","nonzero",433516,506,5854,18225,0.756883591511275,0.972985959105227,0.457179069519043
"fishash_poisson_rawd","moi_0.100000_iter_10","full",3980020,741,1077,18162,0.944019959457352,0.960799873036026,0.478102922439575
"fishash_poisson_rawd","moi_0.100000_iter_10","nonzero",438293,569,1077,18162,0.944019959457352,0.96962255085153,0.478102922439575
"fishash+_contingency","moi_0.100000_iter_10","full",3974920,675,6177,18228,0.746896127842655,0.964291382320267,1.46904492378235
"fishash+_contingency","moi_0.100000_iter_10","nonzero",433193,503,6177,18228,0.746896127842655,0.973146121403022,1.46904492378235
"fishash_refit0","moi_0.300000_iter_1","full",3976777,1111,2287,19825,0.896571997105644,0.946933511654566,0.623664140701294
"fishash_refit0","moi_0.300000_iter_1","nonzero",458556,886,2287,19825,0.896571997105644,0.957220800540775,0.623664140701294
"fishash_refit10","moi_0.300000_iter_1","full",3977996,1086,1068,19850,0.94894349364184,0.948127627053879,2.18906116485596
"fishash_refit10","moi_0.300000_iter_1","nonzero",459775,861,1068,19850,0.94894349364184,0.958427888561634,2.18906116485596
"fishash+_poisson","moi_0.300000_iter_1","full",3973604,922,5460,20014,0.785663814084949,0.955961024073366,0.433837175369263
"fishash+_poisson","moi_0.300000_iter_1","nonzero",455383,697,5460,20014,0.785663814084949,0.966346385978466,0.433837175369263
"fishash_poisson_rawd","moi_0.300000_iter_1","full",3978079,1106,985,19830,0.95267835695412,0.947172334734429,0.242209196090698
"fishash_poisson_rawd","moi_0.300000_iter_1","nonzero",459858,881,985,19830,0.95267835695412,0.957462218144947,0.242209196090698
"fishash+_contingency","moi_0.300000_iter_1","full",3973356,919,5708,20017,0.778114674441205,0.956104317921284,1.30189180374146
"fishash+_contingency","moi_0.300000_iter_1","nonzero",455135,694,5708,20017,0.778114674441205,0.966491236540969,1.30189180374146
"fishash_refit0","moi_0.300000_iter_2","full",3976642,1100,2471,19787,0.888983736184743,0.947335663331259,0.618628025054932
"fishash_refit0","moi_0.300000_iter_2","nonzero",454770,873,2471,19787,0.888983736184743,0.957744433688287,0.618628025054932
"fishash_refit10","moi_0.300000_iter_2","full",3977889,1052,1224,19835,0.941877582031435,0.949633743476804,2.61174392700195
"fishash_refit10","moi_0.300000_iter_2","nonzero",456017,825,1224,19835,0.941877582031435,0.960067763794773,2.61174392700195
"fishash+_poisson","moi_0.300000_iter_2","full",3972970,888,6143,19999,0.765014153469513,0.957485517307416,0.547552108764648
"fishash+_poisson","moi_0.300000_iter_2","nonzero",451098,661,6143,19999,0.765014153469513,0.968005808325266,0.547552108764648
"fishash_poisson_rawd","moi_0.300000_iter_2","full",3977997,1066,1116,19821,0.946697234560825,0.94896347010102,0.290704965591431
"fishash_poisson_rawd","moi_0.300000_iter_2","nonzero",456125,839,1116,19821,0.946697234560825,0.959390125847047,0.290704965591431
"fishash+_contingency","moi_0.300000_iter_2","full",3972714,893,6399,19994,0.757549350206494,0.957246133958922,1.15181803703308
"fishash+_contingency","moi_0.300000_iter_2","nonzero",450842,666,6399,19994,0.757549350206494,0.967763794772507,1.15181803703308
"fishash_refit0","moi_0.300000_iter_3","full",3976776,1141,2425,19658,0.890187021690893,0.945141593345834,0.573081970214844
"fishash_refit0","moi_0.300000_iter_3","nonzero",456772,912,2425,19658,0.890187021690893,0.955663587749149,0.573081970214844
"fishash_refit10","moi_0.300000_iter_3","full",3978005,1115,1196,19684,0.94272030651341,0.946391653444877,2.21769595146179
"fishash_refit10","moi_0.300000_iter_3","nonzero",458001,886,1196,19684,0.94272030651341,0.956927564414195,2.21769595146179
"fishash+_poisson","moi_0.300000_iter_3","full",3973056,952,6145,19847,0.763581101877501,0.954228568681187,0.471802949905396
"fishash+_poisson","moi_0.300000_iter_3","nonzero",453052,723,6145,19847,0.763581101877501,0.964851725814293,0.471802949905396
"fishash_poisson_rawd","moi_0.300000_iter_3","full",3978107,1129,1094,19670,0.947312656520902,0.945718544160777,0.236547946929932
"fishash_poisson_rawd","moi_0.300000_iter_3","nonzero",458103,900,1094,19670,0.947312656520902,0.956246961594555,0.236547946929932
"fishash+_contingency","moi_0.300000_iter_3","full",3972758,961,6443,19838,0.754841900993113,0.953795855569979,1.40246415138245
"fishash+_contingency","moi_0.300000_iter_3","nonzero",452754,732,6443,19838,0.754841900993113,0.964414195430238,1.40246415138245
"fishash_refit0","moi_0.300000_iter_4","full",3977087,1106,1913,19894,0.912275874719127,0.947333333333333,0.56271481513977
"fishash_refit0","moi_0.300000_iter_4","nonzero",459396,882,1913,19894,0.912275874719127,0.957547169811321,0.56271481513977
"fishash_refit10","moi_0.300000_iter_4","full",3977960,1058,1040,19942,0.950433705080545,0.949619047619048,2.19019412994385
"fishash_refit10","moi_0.300000_iter_4","nonzero",460269,834,1040,19942,0.950433705080545,0.959857527916827,2.19019412994385
"fishash+_poisson","moi_0.300000_iter_4","full",3973436,886,5564,20114,0.783316457668043,0.957809523809524,0.363384962081909
"fishash+_poisson","moi_0.300000_iter_4","nonzero",455745,662,5564,20114,0.783316457668043,0.968136311128225,0.363384962081909
"fishash_poisson_rawd","moi_0.300000_iter_4","full",3978035,1071,965,19929,0.953814492198717,0.949,0.303578853607178
"fishash_poisson_rawd","moi_0.300000_iter_4","nonzero",460344,847,965,19929,0.953814492198717,0.959231805929919,0.303578853607178
"fishash+_contingency","moi_0.300000_iter_4","full",3973171,891,5829,20109,0.775271801989359,0.957571428571429,1.28524684906006
"fishash+_contingency","moi_0.300000_iter_4","nonzero",455480,667,5829,20109,0.775271801989359,0.967895648825568,1.28524684906006
"fishash_refit0","moi_0.300000_iter_5","full",3976974,1056,2170,19800,0.901228948566227,0.949367088607595,0.558356046676636
"fishash_refit0","moi_0.300000_iter_5","nonzero",445405,853,2170,19800,0.901228948566227,0.958698494165497,0.558356046676636
"fishash_refit10","moi_0.300000_iter_5","full",3977994,1030,1150,19826,0.945175438596491,0.950613732259302,2.59053206443787
"fishash_refit10","moi_0.300000_iter_5","nonzero",446425,827,1150,19826,0.945175438596491,0.959957391178037,2.59053206443787
"fishash+_poisson","moi_0.300000_iter_5","full",3972795,858,6349,19998,0.759023797775838,0.958860759493671,0.554965019226074
"fishash+_poisson","moi_0.300000_iter_5","nonzero",441226,655,6349,19998,0.759023797775838,0.968285479107151,0.554965019226074
"fishash_poisson_rawd","moi_0.300000_iter_5","full",3978115,1041,1029,19815,0.950633275762809,0.950086306098964,0.294990062713623
"fishash_poisson_rawd","moi_0.300000_iter_5","nonzero",446546,838,1029,19815,0.950633275762809,0.959424780903501,0.294990062713623
"fishash+_contingency","moi_0.300000_iter_5","full",3972427,858,6717,19998,0.748568220101067,0.958860759493671,1.97209095954895
"fishash+_contingency","moi_0.300000_iter_5","nonzero",440858,655,6717,19998,0.748568220101067,0.968285479107151,1.97209095954895
"fishash_refit0","moi_0.300000_iter_6","full",3977309,1031,1864,19796,0.913942751615882,0.950496951073126,0.515804052352905
"fishash_refit0","moi_0.300000_iter_6","nonzero",432053,845,1864,19796,0.913942751615882,0.95906206094666,0.515804052352905
"fishash_refit10","moi_0.300000_iter_6","full",3978175,1000,998,19827,0.952076830732293,0.951985403562683,2.73894000053406
"fishash_refit10","moi_0.300000_iter_6","nonzero",432919,814,998,19827,0.952076830732293,0.960563926166368,2.73894000053406
"fishash+_poisson","moi_0.300000_iter_6","full",3973590,845,5583,19982,0.781615489927635,0.959427666010467,0.573736190795898
"fishash+_poisson","moi_0.300000_iter_6","nonzero",428334,659,5583,19982,0.781615489927635,0.96807325226491,0.573736190795898
"fishash_poisson_rawd","moi_0.300000_iter_6","full",3978260,1013,913,19814,0.95595117479616,0.951361213808998,0.235674142837524
"fishash_poisson_rawd","moi_0.300000_iter_6","nonzero",433004,827,913,19814,0.95595117479616,0.959934111719393,0.235674142837524
"fishash+_contingency","moi_0.300000_iter_6","full",3973301,851,5872,19976,0.772825750541628,0.959139578431843,0.799299955368042
"fishash+_contingency","moi_0.300000_iter_6","nonzero",428045,665,5872,19976,0.772825750541628,0.967782568673998,0.799299955368042
"fishash_refit0","moi_0.300000_iter_7","full",3977105,1107,2284,19504,0.895171654121535,0.946290815583911,0.541663885116577
"fishash_refit0","moi_0.300000_iter_7","nonzero",471910,882,2284,19504,0.895171654121535,0.956735014225449,0.541663885116577
"fishash_refit10","moi_0.300000_iter_7","full",3978253,1075,1136,19536,0.945046439628483,0.947843384600456,2.35497903823853
"fishash_refit10","moi_0.300000_iter_7","nonzero",473058,850,1136,19536,0.945046439628483,0.958304718924752,2.35497903823853
"fishash+_poisson","moi_0.300000_iter_7","full",3973671,927,5718,19684,0.774899614203606,0.955024016301975,0.494139909744263
"fishash+_poisson","moi_0.300000_iter_7","nonzero",468476,702,5718,19684,0.774899614203606,0.965564603159031,0.494139909744263
"fishash_poisson_rawd","moi_0.300000_iter_7","full",3978350,1081,1039,19530,0.949487092226166,0.947552277909854,0.318279027938843
"fishash_poisson_rawd","moi_0.300000_iter_7","nonzero",473155,856,1039,19530,0.949487092226166,0.958010399293633,0.318279027938843
"fishash+_contingency","moi_0.300000_iter_7","full",3973435,933,5954,19678,0.767712234706617,0.954732909611373,0.99794602394104
"fishash+_contingency","moi_0.300000_iter_7","nonzero",468240,708,5954,19678,0.767712234706617,0.965270283527911,0.99794602394104
"fishash_refit0","moi_0.300000_iter_8","full",3977163,1138,1940,19759,0.910594958293009,0.945542422357276,0.578466176986694
"fishash_refit0","moi_0.300000_iter_8","nonzero",446104,910,1940,19759,0.910594958293009,0.955972712758237,0.578466176986694
"fishash_refit10","moi_0.300000_iter_8","full",3977995,1121,1108,19776,0.946945029687799,0.946355936258793,2.30296492576599
"fishash_refit10","moi_0.300000_iter_8","nonzero",446936,893,1108,19776,0.946945029687799,0.956795200541874,2.30296492576599
"fishash+_poisson","moi_0.300000_iter_8","full",3973467,920,5636,19977,0.779955491352048,0.955974541800258,0.663666009902954
"fishash+_poisson","moi_0.300000_iter_8","nonzero",442408,692,5636,19977,0.779955491352048,0.966519909042527,0.663666009902954
"fishash_poisson_rawd","moi_0.300000_iter_8","full",3978082,1140,1021,19757,0.950861488112427,0.945446714839451,0.230484008789062
"fishash_poisson_rawd","moi_0.300000_iter_8","nonzero",447023,912,1021,19757,0.950861488112427,0.955875949489574,0.230484008789062
"fishash+_contingency","moi_0.300000_iter_8","full",3973234,922,5869,19975,0.772906670793995,0.955878834282433,1.2195451259613
"fishash+_contingency","moi_0.300000_iter_8","nonzero",442175,694,5869,19975,0.772906670793995,0.966423145773864,1.2195451259613
"fishash_refit0","moi_0.300000_iter_9","full",3976966,1109,2113,19812,0.903625997719498,0.946991061612734,0.544362783432007
"fishash_refit0","moi_0.300000_iter_9","nonzero",445505,886,2113,19812,0.903625997719498,0.957193931780848,0.544362783432007
"fishash_refit10","moi_0.300000_iter_9","full",3977906,1065,1173,19856,0.944219886822959,0.949094211557765,1.88067007064819
"fishash_refit10","moi_0.300000_iter_9","nonzero",446445,842,1173,19856,0.944219886822959,0.959319741037781,1.88067007064819
"fishash+_poisson","moi_0.300000_iter_9","full",3973105,899,5974,20022,0.770195414679181,0.95702882271402,0.42902684211731
"fishash+_poisson","moi_0.300000_iter_9","nonzero",441644,676,5974,20022,0.770195414679181,0.967339839598029,0.42902684211731
"fishash_poisson_rawd","moi_0.300000_iter_9","full",3978021,1078,1058,19843,0.949380412420458,0.948472826346733,0.482308864593506
"fishash_poisson_rawd","moi_0.300000_iter_9","nonzero",446560,855,1058,19843,0.949380412420458,0.958691661030051,0.482308864593506
"fishash+_contingency","moi_0.300000_iter_9","full",3972769,893,6310,20028,0.760422203660111,0.957315615888342,1.10791397094727
"fishash+_contingency","moi_0.300000_iter_9","nonzero",441308,670,6310,20028,0.760422203660111,0.96762972267852,1.10791397094727
"fishash_refit0","moi_0.300000_iter_10","full",3976730,1090,2385,19795,0.892470694319206,0.947809432607134,0.572638034820557
"fishash_refit0","moi_0.300000_iter_10","nonzero",459784,874,2385,19795,0.892470694319206,0.957714451594175,0.572638034820557
"fishash_refit10","moi_0.300000_iter_10","full",3977902,1068,1213,19817,0.942320494531621,0.948862820205889,2.27704191207886
"fishash_refit10","moi_0.300000_iter_10","nonzero",460956,852,1213,19817,0.942320494531621,0.95877884754947,2.27704191207886
"fishash+_poisson","moi_0.300000_iter_10","full",3972948,903,6167,19982,0.764159241271177,0.956763227196553,0.508844137191772
"fishash+_poisson","moi_0.300000_iter_10","nonzero",456002,687,6167,19982,0.764159241271177,0.966761817214186,0.508844137191772
"fishash_poisson_rawd","moi_0.300000_iter_10","full",3977993,1083,1122,19802,0.946377365704454,0.948144601388556,0.491268157958984
"fishash_poisson_rawd","moi_0.300000_iter_10","nonzero",461047,867,1122,19802,0.946377365704454,0.958053123034496,0.491268157958984
"fishash+_contingency","moi_0.300000_iter_10","full",3972765,910,6350,19975,0.758784425451092,0.95642805841513,1.11419081687927
"fishash+_contingency","moi_0.300000_iter_10","nonzero",455819,694,6350,19975,0.758784425451092,0.966423145773864,1.11419081687927
"fishash_refit0","moi_0.500000_iter_1","full",3975116,1405,2166,21313,0.907747348694578,0.938154767144995,0.546327114105225
"fishash_refit0","moi_0.500000_iter_1","nonzero",465782,1154,2166,21313,0.907747348694578,0.948635776917256,0.546327114105225
"fishash_refit10","moi_0.500000_iter_1","full",3976158,1343,1124,21375,0.950042224098849,0.940883880623294,2.23523187637329
"fishash_refit10","moi_0.500000_iter_1","nonzero",466824,1092,1124,21375,0.950042224098849,0.951395379890506,2.23523187637329
"fishash+_poisson","moi_0.500000_iter_1","full",3971626,1077,5656,21641,0.792797743341759,0.952592657804384,0.433095932006836
"fishash+_poisson","moi_0.500000_iter_1","nonzero",462292,826,5656,21641,0.792797743341759,0.963234966840255,0.433095932006836
"fishash_poisson_rawd","moi_0.500000_iter_1","full",3976254,1358,1028,21360,0.954082544220118,0.940223611233383,0.304311037063599
"fishash_poisson_rawd","moi_0.500000_iter_1","nonzero",466920,1107,1028,21360,0.954082544220118,0.950727734009881,0.304311037063599
"fishash+_contingency","moi_0.500000_iter_1","full",3971383,1074,5899,21644,0.785825799658715,0.952724711682366,1.35101890563965
"fishash+_contingency","moi_0.500000_iter_1","nonzero",462049,823,5899,21644,0.785825799658715,0.96336849601638,1.35101890563965
"fishash_refit0","moi_0.500000_iter_2","full",3975137,1348,2111,21404,0.910227514352541,0.940752461322082,0.517947912216187
"fishash_refit0","moi_0.500000_iter_2","nonzero",457063,1119,2111,21404,0.910227514352541,0.950317453269991,0.517947912216187
"fishash_refit10","moi_0.500000_iter_2","full",3976173,1287,1075,21465,0.952307009760426,0.943433544303797,2.21891283988953
"fishash_refit10","moi_0.500000_iter_2","nonzero",458099,1058,1075,21465,0.952307009760426,0.953025795853128,2.21891283988953
"fishash+_poisson","moi_0.500000_iter_2","full",3971838,990,5410,21762,0.800897983218019,0.956487341772152,0.443759918212891
"fishash+_poisson","moi_0.500000_iter_2","nonzero",453764,761,5410,21762,0.800897983218019,0.966212316298894,0.443759918212891
"fishash_poisson_rawd","moi_0.500000_iter_2","full",3976263,1308,985,21444,0.956083641713853,0.942510548523207,0.555941820144653
"fishash_poisson_rawd","moi_0.500000_iter_2","nonzero",458189,1079,985,21444,0.956083641713853,0.952093415619589,0.555941820144653
"fishash+_contingency","moi_0.500000_iter_2","full",3971620,990,5628,21762,0.794523548740416,0.956487341772152,0.854369163513184
"fishash+_contingency","moi_0.500000_iter_2","nonzero",453546,761,5628,21762,0.794523548740416,0.966212316298894,0.854369163513184
"fishash_refit0","moi_0.500000_iter_3","full",3975046,1440,2090,21424,0.911116781491877,0.9370188943317,0.511697053909302
"fishash_refit0","moi_0.500000_iter_3","nonzero",438756,1178,2090,21424,0.911116781491877,0.947880718520485,0.511697053909302
"fishash_refit10","moi_0.500000_iter_3","full",3976152,1441,984,21423,0.956085151961441,0.936975157452764,2.20296001434326
"fishash_refit10","moi_0.500000_iter_3","nonzero",439862,1179,984,21423,0.956085151961441,0.947836474648261,2.20296001434326
"fishash+_poisson","moi_0.500000_iter_3","full",3971929,1138,5207,21726,0.806668399361378,0.950227431770469,0.609999895095825
"fishash+_poisson","moi_0.500000_iter_3","nonzero",435639,876,5207,21726,0.806668399361378,0.961242367932041,0.609999895095825
"fishash_poisson_rawd","moi_0.500000_iter_3","full",3976229,1461,907,21403,0.959345584939489,0.936100419874038,0.240044832229614
"fishash_poisson_rawd","moi_0.500000_iter_3","nonzero",439939,1199,907,21403,0.959345584939489,0.946951597203787,0.240044832229614
"fishash+_contingency","moi_0.500000_iter_3","full",3971665,1133,5471,21731,0.798875082714506,0.95044611616515,0.95019006729126
"fishash+_contingency","moi_0.500000_iter_3","nonzero",435375,871,5471,21731,0.798875082714506,0.96146358729316,0.95019006729126
"fishash_refit0","moi_0.500000_iter_4","full",3975247,1394,1964,21395,0.91592105826448,0.938830137346966,0.566274881362915
"fishash_refit0","moi_0.500000_iter_4","nonzero",450312,1154,1964,21395,0.91592105826448,0.948822564193534,0.566274881362915
"fishash_refit10","moi_0.500000_iter_4","full",3976162,1373,1049,21416,0.953305141330959,0.939751634560534,1.6139030456543
"fishash_refit10","moi_0.500000_iter_4","nonzero",451227,1133,1049,21416,0.953305141330959,0.949753869351191,1.6139030456543
"fishash+_poisson","moi_0.500000_iter_4","full",3971594,1089,5617,21700,0.794377127795878,0.952213787353548,0.75491213798523
"fishash+_poisson","moi_0.500000_iter_4","nonzero",446659,849,5617,21700,0.794377127795878,0.962348662911881,0.75491213798523
"fishash_poisson_rawd","moi_0.500000_iter_4","full",3976244,1392,967,21397,0.956760865676981,0.938917898986353,0.312818050384521
"fishash_poisson_rawd","moi_0.500000_iter_4","nonzero",451309,1152,967,21397,0.956760865676981,0.948911259922835,0.312818050384521
"fishash+_contingency","moi_0.500000_iter_4","full",3971306,1086,5905,21703,0.786112720950449,0.952345429812629,1.14058589935303
"fishash+_contingency","moi_0.500000_iter_4","nonzero",446371,846,5905,21703,0.786112720950449,0.962481706505832,1.14058589935303
"fishash_refit0","moi_0.500000_iter_5","full",3975121,1443,1931,21505,0.917605393411845,0.937118703154959,0.523003101348877
"fishash_refit0","moi_0.500000_iter_5","nonzero",444933,1193,1931,21505,0.917605393411845,0.947440303110406,0.523003101348877
"fishash_refit10","moi_0.500000_iter_5","full",3975972,1407,1080,21541,0.952256752575041,0.938687467317413,2.2696430683136
"fishash_refit10","moi_0.500000_iter_5","nonzero",445784,1157,1080,21541,0.952256752575041,0.949026345933562,2.2696430683136
"fishash+_poisson","moi_0.500000_iter_5","full",3971399,1125,5653,21823,0.794256805939729,0.950976119923305,0.480121850967407
"fishash+_poisson","moi_0.500000_iter_5","nonzero",441211,875,5653,21823,0.794256805939729,0.961450348048286,0.480121850967407
"fishash_poisson_rawd","moi_0.500000_iter_5","full",3976067,1423,985,21525,0.956241670368725,0.937990238800767,0.298877000808716
"fishash_poisson_rawd","moi_0.500000_iter_5","nonzero",445879,1173,985,21525,0.956241670368725,0.94832143801216,0.298877000808716
"fishash+_contingency","moi_0.500000_iter_5","full",3971109,1118,5943,21830,0.786015194613473,0.951281157399338,1.43539595603943
"fishash+_contingency","moi_0.500000_iter_5","nonzero",440921,868,5943,21830,0.786015194613473,0.9617587452639,1.43539595603943
"fishash_refit0","moi_0.500000_iter_6","full",3975191,1420,1945,21444,0.916841250160332,0.937893631910427,0.539662837982178
"fishash_refit0","moi_0.500000_iter_6","nonzero",414666,1161,1945,21444,0.916841250160332,0.948639681486397,0.539662837982178
"fishash_refit10","moi_0.500000_iter_6","full",3976023,1385,1113,21479,0.950734773371105,0.939424422673198,2.20773887634277
"fishash_refit10","moi_0.500000_iter_6","nonzero",415498,1126,1113,21479,0.950734773371105,0.95018801150188,2.20773887634277
"fishash+_poisson","moi_0.500000_iter_6","full",3971268,1056,5868,21808,0.787975140916317,0.953813855843247,0.401439905166626
"fishash+_poisson","moi_0.500000_iter_6","nonzero",410743,797,5868,21808,0.787975140916317,0.964742313647423,0.401439905166626
"fishash_poisson_rawd","moi_0.500000_iter_6","full",3976143,1401,993,21463,0.955780192376202,0.938724632610217,0.528658866882324
"fishash_poisson_rawd","moi_0.500000_iter_6","nonzero",415618,1142,993,21463,0.955780192376202,0.949480203494802,0.528658866882324
"fishash+_contingency","moi_0.500000_iter_6","full",3970816,1067,6320,21797,0.775224952875485,0.953332750174948,1.55593109130859
"fishash+_contingency","moi_0.500000_iter_6","nonzero",410291,808,6320,21797,0.775224952875485,0.964255695642557,1.55593109130859
"fishash_refit0","moi_0.500000_iter_7","full",3974878,1421,2121,21580,0.910510105058858,0.93822007738794,0.543275833129883
"fishash_refit0","moi_0.500000_iter_7","nonzero",428664,1154,2121,21580,0.910510105058858,0.949239025248526,0.543275833129883
"fishash_refit10","moi_0.500000_iter_7","full",3975966,1369,1033,21632,0.954423119347011,0.940480848658754,2.04464483261108
"fishash_refit10","moi_0.500000_iter_7","nonzero",429752,1102,1033,21632,0.954423119347011,0.951526348200933,2.04464483261108
"fishash+_poisson","moi_0.500000_iter_7","full",3971535,1060,5464,21941,0.800620324758256,0.953915047171862,0.414090871810913
"fishash+_poisson","moi_0.500000_iter_7","nonzero",425321,793,5464,21941,0.800620324758256,0.965118324975807,0.414090871810913
"fishash_poisson_rawd","moi_0.500000_iter_7","full",3976055,1390,944,21611,0.958146752383064,0.93956784487631,0.47371506690979
"fishash_poisson_rawd","moi_0.500000_iter_7","nonzero",429841,1123,944,21611,0.958146752383064,0.950602621623999,0.47371506690979
"fishash+_contingency","moi_0.500000_iter_7","full",3971298,1061,5701,21940,0.793748417206324,0.95387157080127,1.61562490463257
"fishash+_contingency","moi_0.500000_iter_7","nonzero",425084,794,5701,21940,0.793748417206324,0.965074337995953,1.61562490463257
"fishash_refit0","moi_0.500000_iter_8","full",3975015,1458,2071,21456,0.911973477281421,0.936370777690495,0.558974981307983
"fishash_refit0","moi_0.500000_iter_8","nonzero",443819,1221,2071,21456,0.911973477281421,0.946156899060722,0.558974981307983
"fishash_refit10","moi_0.500000_iter_8","full",3975984,1414,1102,21500,0.951243252809486,0.938291001134677,2.22118401527405
"fishash_refit10","moi_0.500000_iter_8","nonzero",444788,1177,1102,21500,0.951243252809486,0.948097190986462,2.22118401527405
"fishash+_poisson","moi_0.500000_iter_8","full",3971508,1093,5578,21821,0.796415927588598,0.952299903988828,0.559921026229858
"fishash+_poisson","moi_0.500000_iter_8","nonzero",440312,856,5578,21821,0.796415927588598,0.962252502535609,0.559921026229858
"fishash_poisson_rawd","moi_0.500000_iter_8","full",3976075,1426,1011,21488,0.955064669540868,0.937767303831719,0.298953056335449
"fishash_poisson_rawd","moi_0.500000_iter_8","nonzero",444879,1189,1011,21488,0.955064669540868,0.94756802046126,0.298953056335449
"fishash+_contingency","moi_0.500000_iter_8","full",3971270,1090,5816,21824,0.789580318379161,0.952430828314567,1.28292012214661
"fishash+_contingency","moi_0.500000_iter_8","nonzero",440074,853,5816,21824,0.789580318379161,0.962384795166909,1.28292012214661
"fishash_refit0","moi_0.500000_iter_9","full",3974895,1349,2343,21413,0.901372284896447,0.940734557595993,0.583451986312866
"fishash_refit0","moi_0.500000_iter_9","nonzero",473763,1112,2343,21413,0.901372284896447,0.950632630410655,0.583451986312866
"fishash_refit10","moi_0.500000_iter_9","full",3976068,1361,1170,21401,0.948163572726064,0.940207363149108,2.75948309898376
"fishash_refit10","moi_0.500000_iter_9","nonzero",474936,1124,1170,21401,0.948163572726064,0.950099889012209,2.75948309898376
"fishash+_poisson","moi_0.500000_iter_9","full",3971477,1064,5761,21698,0.790196292654503,0.953255425709516,0.810020923614502
"fishash+_poisson","moi_0.500000_iter_9","nonzero",470345,827,5761,21698,0.790196292654503,0.963285238623751,0.810020923614502
"fishash_poisson_rawd","moi_0.500000_iter_9","full",3976172,1382,1066,21380,0.95250824200303,0.939284772867059,0.627026796340942
"fishash_poisson_rawd","moi_0.500000_iter_9","nonzero",475040,1145,1066,21380,0.95250824200303,0.949167591564928,0.627026796340942
"fishash+_contingency","moi_0.500000_iter_9","full",3971217,1074,6021,21688,0.782705980006496,0.952816097003778,1.35579490661621
"fishash+_contingency","moi_0.500000_iter_9","nonzero",470085,837,6021,21688,0.782705980006496,0.96284128745838,1.35579490661621
"fishash_refit0","moi_0.500000_iter_10","full",3975043,1407,2130,21420,0.909554140127389,0.93836246550138,0.559144973754883
"fishash_refit0","moi_0.500000_iter_10","nonzero",456998,1169,2130,21420,0.909554140127389,0.948249147815308,0.559144973754883
"fishash_refit10","moi_0.500000_iter_10","full",3976094,1366,1079,21461,0.952129547471162,0.940158584132825,3.01301097869873
"fishash_refit10","moi_0.500000_iter_10","nonzero",458049,1128,1079,21461,0.952129547471162,0.950064190535216,3.01301097869873
"fishash+_poisson","moi_0.500000_iter_10","full",3971698,1085,5475,21742,0.798838960943528,0.95246856792395,0.522693157196045
"fishash+_poisson","moi_0.500000_iter_10","nonzero",453653,847,5475,21742,0.798838960943528,0.96250387356678,0.522693157196045
"fishash_poisson_rawd","moi_0.500000_iter_10","full",3976199,1382,974,21445,0.956554708060128,0.939457659788847,0.358883142471313
"fishash_poisson_rawd","moi_0.500000_iter_10","nonzero",458154,1144,974,21445,0.956554708060128,0.949355881181106,0.358883142471313
"fishash+_contingency","moi_0.500000_iter_10","full",3971472,1083,5701,21744,0.792275460010931,0.952556183466947,1.10085916519165
"fishash+_contingency","moi_0.500000_iter_10","nonzero",453427,845,5701,21744,0.792275460010931,0.962592412236044,1.10085916519165
"fishash_refit0","moi_1.000000_iter_1","full",3969527,2439,2115,25919,0.9245558964115,0.913992524155441,0.584074020385742
"fishash_refit0","moi_1.000000_iter_1","nonzero",427965,2057,2115,25919,0.9245558964115,0.926472690877895,0.584074020385742
"fishash_refit10","moi_1.000000_iter_1","full",3970716,2376,926,25982,0.965586442693623,0.916214119472459,2.43661904335022
"fishash_refit10","moi_1.000000_iter_1","nonzero",429154,1994,926,25982,0.965586442693623,0.928724621103803,2.43661904335022
"fishash+_poisson","moi_1.000000_iter_1","full",3966558,1676,5084,26682,0.839954668513505,0.940898511883772,0.468039989471436
"fishash+_poisson","moi_1.000000_iter_1","nonzero",424996,1294,5084,26682,0.839954668513505,0.953746068058336,0.468039989471436
"fishash_poisson_rawd","moi_1.000000_iter_1","full",3970784,2407,858,25951,0.967995822298482,0.915120953522815,0.6234450340271
"fishash_poisson_rawd","moi_1.000000_iter_1","nonzero",429222,2025,858,25951,0.967995822298482,0.92761652845296,0.6234450340271
"fishash+_contingency","moi_1.000000_iter_1","full",3966343,1672,5299,26686,0.834328591527278,0.941039565554694,1.3337070941925
"fishash+_contingency","moi_1.000000_iter_1","nonzero",424781,1290,5299,26686,0.834328591527278,0.953889047755219,1.3337070941925
"fishash_refit0","moi_1.000000_iter_2","full",3970096,2527,1616,25761,0.940972349052124,0.910668834841629,0.602011919021606
"fishash_refit0","moi_1.000000_iter_2","nonzero",437685,2106,1616,25761,0.940972349052124,0.924426741306922,0.602011919021606
"fishash_refit10","moi_1.000000_iter_2","full",3970739,2464,973,25824,0.963689965294623,0.91289592760181,3.27256894111633
"fishash_refit10","moi_1.000000_iter_2","nonzero",438328,2043,973,25824,0.963689965294623,0.926687479814835,3.27256894111633
"fishash+_poisson","moi_1.000000_iter_2","full",3966672,1717,5040,26571,0.840561829742811,0.939302884615385,0.823178052902222
"fishash+_poisson","moi_1.000000_iter_2","nonzero",434261,1296,5040,26571,0.840561829742811,0.953493379265798,0.823178052902222
"fishash_poisson_rawd","moi_1.000000_iter_2","full",3970831,2494,881,25794,0.96697282099344,0.911835407239819,0.273223876953125
"fishash_poisson_rawd","moi_1.000000_iter_2","nonzero",438420,2073,881,25794,0.96697282099344,0.92561093766821,0.273223876953125
"fishash+_contingency","moi_1.000000_iter_2","full",3966402,1707,5310,26581,0.833495343513844,0.939656391402715,1.29804110527039
"fishash+_contingency","moi_1.000000_iter_2","nonzero",433991,1286,5310,26581,0.833495343513844,0.953852226648007,1.29804110527039
"fishash_refit0","moi_1.000000_iter_3","full",3969828,2496,1813,25863,0.934491978609626,0.9119856130329,0.623363018035889
"fishash_refit0","moi_1.000000_iter_3","nonzero",456506,2065,1813,25863,0.934491978609626,0.926059868232598,0.623363018035889
"fishash_refit10","moi_1.000000_iter_3","full",3970652,2407,989,25952,0.963290152555584,0.915123946542544,2.52130913734436
"fishash_refit10","moi_1.000000_iter_3","nonzero",457330,1976,989,25952,0.963290152555584,0.929246634202234,2.52130913734436
"fishash+_poisson","moi_1.000000_iter_3","full",3966503,1763,5138,26596,0.838091636730321,0.937832786769632,0.772572040557861
"fishash+_poisson","moi_1.000000_iter_3","nonzero",453181,1332,5138,26596,0.838091636730321,0.952305929533085,0.772572040557861
"fishash_poisson_rawd","moi_1.000000_iter_3","full",3970737,2428,904,25931,0.966312651388113,0.914383440882965,0.352588891983032
"fishash_poisson_rawd","moi_1.000000_iter_3","nonzero",457415,1997,904,25931,0.966312651388113,0.928494700658837,0.352588891983032
"fishash+_contingency","moi_1.000000_iter_3","full",3966232,1753,5409,26606,0.831047946275184,0.938185408512289,1.34753918647766
"fishash+_contingency","moi_1.000000_iter_3","nonzero",452910,1322,5409,26606,0.831047946275184,0.952663993125179,1.34753918647766
"fishash_refit0","moi_1.000000_iter_4","full",3969795,2531,1934,25740,0.930114909301149,0.910473630221782,0.61745285987854
"fishash_refit0","moi_1.000000_iter_4","nonzero",455918,2085,1934,25740,0.930114909301149,0.925067385444744,0.61745285987854
"fishash_refit10","moi_1.000000_iter_4","full",3970726,2407,1003,25864,0.962667956973239,0.914859750274132,2.81366896629333
"fishash_refit10","moi_1.000000_iter_4","nonzero",456849,1961,1003,25864,0.962667956973239,0.92952380952381,2.81366896629333
"fishash+_poisson","moi_1.000000_iter_4","full",3966540,1720,5189,26551,0.836515437933207,0.93916027024159,0.729550838470459
"fishash+_poisson","moi_1.000000_iter_4","nonzero",452663,1274,5189,26551,0.836515437933207,0.954213836477987,0.729550838470459
"fishash_poisson_rawd","moi_1.000000_iter_4","full",3970791,2426,938,25845,0.964977784415487,0.914187683491917,0.362774133682251
"fishash_poisson_rawd","moi_1.000000_iter_4","nonzero",456914,1980,938,25845,0.964977784415487,0.928840970350404,0.362774133682251
"fishash+_contingency","moi_1.000000_iter_4","full",3966329,1715,5400,26556,0.831017649267743,0.939337129921121,0.98251485824585
"fishash+_contingency","moi_1.000000_iter_4","nonzero",452452,1269,5400,26556,0.831017649267743,0.954393530997305,0.98251485824585
"fishash_refit0","moi_1.000000_iter_5","full",3969391,2386,2370,25853,0.916025936293094,0.915506923049683,0.624070882797241
"fishash_refit0","moi_1.000000_iter_5","nonzero",421092,1971,2370,25853,0.916025936293094,0.929161874640598,0.624070882797241
"fishash_refit10","moi_1.000000_iter_5","full",3970795,2275,966,25964,0.964129223913851,0.919437657140834,2.49678182601929
"fishash_refit10","moi_1.000000_iter_5","nonzero",422496,1860,966,25964,0.964129223913851,0.933151236342726,2.49678182601929
"fishash+_poisson","moi_1.000000_iter_5","full",3966364,1614,5397,26625,0.831459621510212,0.942845001593541,0.724729061126709
"fishash+_poisson","moi_1.000000_iter_5","nonzero",418065,1199,5397,26625,0.831459621510212,0.956907705577918,0.724729061126709
"fishash_poisson_rawd","moi_1.000000_iter_5","full",3970900,2301,861,25938,0.967871935519982,0.918516944651015,0.338146209716797
"fishash_poisson_rawd","moi_1.000000_iter_5","nonzero",422601,1886,861,25938,0.967871935519982,0.932216791259344,0.338146209716797
"fishash+_contingency","moi_1.000000_iter_5","full",3966141,1605,5620,26634,0.825758045513735,0.943163709763094,1.51503491401672
"fishash+_contingency","moi_1.000000_iter_5","nonzero",417842,1190,5620,26634,0.825758045513735,0.95723116733755,1.51503491401672
"fishash_refit0","moi_1.000000_iter_6","full",3969885,2442,1948,25725,0.929606475626061,0.913302801150282,0.647567987442017
"fishash_refit0","moi_1.000000_iter_6","nonzero",431063,2029,1948,25725,0.929606475626061,0.926893420768178,0.647567987442017
"fishash_refit10","moi_1.000000_iter_6","full",3970802,2413,1031,25754,0.961508306888184,0.914332374764796,3.3058660030365
"fishash_refit10","moi_1.000000_iter_6","nonzero",431980,2000,1031,25754,0.961508306888184,0.927938315197809,3.3058660030365
"fishash+_poisson","moi_1.000000_iter_6","full",3966660,1676,5173,26491,0.836628347650328,0.94049774558881,0.720882892608643
"fishash+_poisson","moi_1.000000_iter_6","nonzero",427838,1263,5173,26491,0.836628347650328,0.954493046047417,0.720882892608643
"fishash_poisson_rawd","moi_1.000000_iter_6","full",3970880,2439,953,25728,0.96428169858701,0.913409308765577,0.274921894073486
"fishash_poisson_rawd","moi_1.000000_iter_6","nonzero",432058,2026,953,25728,0.96428169858701,0.927001513295381,0.274921894073486
"fishash+_contingency","moi_1.000000_iter_6","full",3966444,1674,5389,26493,0.830970453547456,0.940568750665673,0.754763126373291
"fishash+_contingency","moi_1.000000_iter_6","nonzero",427622,1261,5389,26493,0.830970453547456,0.954565107732219,0.754763126373291
"fishash_refit0","moi_1.000000_iter_7","full",3969871,2486,1873,25770,0.93224324422096,0.912018686296716,0.62517786026001
"fishash_refit0","moi_1.000000_iter_7","nonzero",408265,2087,1873,25770,0.93224324422096,0.925081667085472,0.62517786026001
"fishash_refit10","moi_1.000000_iter_7","full",3970768,2382,976,25874,0.96364990689013,0.915699320498301,2.69329905509949
"fishash_refit10","moi_1.000000_iter_7","nonzero",409162,1983,976,25874,0.96364990689013,0.928815019564203,2.69329905509949
"fishash+_poisson","moi_1.000000_iter_7","full",3966584,1726,5160,26530,0.837172609656043,0.938915628539071,0.574962139129639
"fishash+_poisson","moi_1.000000_iter_7","nonzero",404978,1327,5160,26530,0.837172609656043,0.952363858276196,0.574962139129639
"fishash_poisson_rawd","moi_1.000000_iter_7","full",3970878,2408,866,25848,0.967582540989743,0.914779161947905,0.531100988388062
"fishash_poisson_rawd","moi_1.000000_iter_7","nonzero",409272,2009,866,25848,0.967582540989743,0.92788168144452,0.531100988388062
"fishash+_contingency","moi_1.000000_iter_7","full",3966279,1723,5465,26533,0.829208075504719,0.939021800679502,1.30130004882812
"fishash+_contingency","moi_1.000000_iter_7","nonzero",404673,1324,5465,26533,0.829208075504719,0.95247155113616,1.30130004882812
"fishash_refit0","moi_1.000000_iter_8","full",3969557,2524,2029,25890,0.927325477273541,0.911170549729007,0.662340879440308
"fishash_refit0","moi_1.000000_iter_8","nonzero",437488,2104,2029,25890,0.927325477273541,0.92484103736515,0.662340879440308
"fishash_refit10","moi_1.000000_iter_8","full",3970592,2454,994,25960,0.963122356607554,0.913634124023369,2.70823502540588
"fishash_refit10","moi_1.000000_iter_8","nonzero",438523,2034,994,25960,0.963122356607554,0.927341573194256,2.70823502540588
"fishash+_poisson","moi_1.000000_iter_8","full",3966281,1772,5305,26642,0.833943719285066,0.937636376434152,0.94201397895813
"fishash+_poisson","moi_1.000000_iter_8","nonzero",434212,1352,5305,26642,0.833943719285066,0.951703936557834,0.94201397895813
"fishash_poisson_rawd","moi_1.000000_iter_8","full",3970681,2477,905,25937,0.966284181506594,0.912824663898078,0.278242111206055
"fishash_poisson_rawd","moi_1.000000_iter_8","nonzero",438612,2057,905,25937,0.966284181506594,0.926519968564692,0.278242111206055
"fishash+_contingency","moi_1.000000_iter_8","full",3965994,1762,5592,26652,0.826572385560104,0.937988315619061,1.12123012542725
"fishash+_contingency","moi_1.000000_iter_8","nonzero",433925,1342,5592,26652,0.826572385560104,0.952061155961992,1.12123012542725
"fishash_refit0","moi_1.000000_iter_9","full",3969744,2580,1795,25881,0.93514236161295,0.909349636344471,0.660535097122192
"fishash_refit0","moi_1.000000_iter_9","nonzero",414797,2178,1795,25881,0.93514236161295,0.92237784668021,0.660535097122192
"fishash_refit10","moi_1.000000_iter_9","full",3970506,2616,1033,25845,0.961567080883994,0.908084747549278,2.54072499275208
"fishash_refit10","moi_1.000000_iter_9","nonzero",415559,2214,1033,25845,0.961567080883994,0.921094835881535,2.54072499275208
"fishash+_poisson","moi_1.000000_iter_9","full",3966085,1806,5454,26655,0.830141081939643,0.93654474544113,0.82335090637207
"fishash+_poisson","moi_1.000000_iter_9","nonzero",411138,1404,5454,26655,0.830141081939643,0.949962578851705,0.82335090637207
"fishash_poisson_rawd","moi_1.000000_iter_9","full",3970604,2649,935,25812,0.965042808539275,0.906925266153684,0.270264148712158
"fishash_poisson_rawd","moi_1.000000_iter_9","nonzero",415657,2247,935,25812,0.965042808539275,0.919918742649417,0.270264148712158
"fishash+_contingency","moi_1.000000_iter_9","full",3965757,1793,5782,26668,0.821818181818182,0.937001510839394,1.41458702087402
"fishash+_contingency","moi_1.000000_iter_9","nonzero",410810,1391,5782,26668,0.821818181818182,0.950425888306782,1.41458702087402
"fishash_refit0","moi_1.000000_iter_10","full",3969959,2466,2016,25559,0.926890299184044,0.912007136485281,0.709166049957275
"fishash_refit0","moi_1.000000_iter_10","nonzero",425836,2064,2016,25559,0.926890299184044,0.925279658255801,0.709166049957275
"fishash_refit10","moi_1.000000_iter_10","full",3970974,2397,1001,25628,0.962409403282136,0.914469223907226,1.96362900733948
"fishash_refit10","moi_1.000000_iter_10","nonzero",426851,1995,1001,25628,0.962409403282136,0.927777576657134,1.96362900733948
"fishash+_poisson","moi_1.000000_iter_10","full",3966729,1715,5246,26310,0.833755862593485,0.938804638715433,0.500436067581177
"fishash+_poisson","moi_1.000000_iter_10","nonzero",422606,1313,5246,26310,0.833755862593485,0.952467146942765,0.500436067581177
"fishash_poisson_rawd","moi_1.000000_iter_10","full",3971071,2414,904,25611,0.965906090891948,0.913862622658341,0.351209878921509
"fishash_poisson_rawd","moi_1.000000_iter_10","nonzero",426948,2012,904,25611,0.965906090891948,0.927162147485791,0.351209878921509
"fishash+_contingency","moi_1.000000_iter_10","full",3966456,1705,5519,26320,0.826659128741481,0.939161462979483,1.79668307304382
"fishash+_contingency","moi_1.000000_iter_10","nonzero",422333,1303,5519,26320,0.826659128741481,0.952829164102379,1.79668307304382
"fishash_refit0","moi_2.000000_iter_1","full",3957281,5739,1624,35356,0.956084369929692,0.860347974206108,0.716785907745361
"fishash_refit0","moi_2.000000_iter_1","nonzero",414132,4874,1624,35356,0.956084369929692,0.878846631866766,0.716785907745361
"fishash_refit10","moi_2.000000_iter_1","full",3958118,5602,787,35493,0.978307607497244,0.863681713103784,2.98700594902039
"fishash_refit10","moi_2.000000_iter_1","nonzero",414969,4737,787,35493,0.978307607497244,0.882252050708426,2.98700594902039
"fishash+_poisson","moi_2.000000_iter_1","full",3954581,3671,4324,37424,0.896426176104244,0.91067039785862,0.733963966369629
"fishash+_poisson","moi_2.000000_iter_1","nonzero",411432,2806,4324,37424,0.896426176104244,0.930251056425553,0.733963966369629
"fishash_poisson_rawd","moi_2.000000_iter_1","full",3958176,5651,729,35444,0.9798468470959,0.862489353936002,0.356910943984985
"fishash_poisson_rawd","moi_2.000000_iter_1","nonzero",415027,4786,729,35444,0.9798468470959,0.881034054188417,0.356910943984985
"fishash+_contingency","moi_2.000000_iter_1","full",3954398,3629,4507,37466,0.892621447120768,0.911692420002433,1.37088799476624
"fishash+_contingency","moi_2.000000_iter_1","nonzero",411249,2764,4507,37466,0.892621447120768,0.931295053442704,1.37088799476624
"fishash_refit0","moi_2.000000_iter_2","full",3957100,6182,1755,34963,0.9522032790457,0.849750881030502,0.700119018554688
"fishash_refit0","moi_2.000000_iter_2","nonzero",399196,5251,1755,34963,0.9522032790457,0.869423583826528,0.700119018554688
"fishash_refit10","moi_2.000000_iter_2","full",3958043,6125,812,35020,0.977338691672248,0.851136225543809,3.26947593688965
"fishash_refit10","moi_2.000000_iter_2","nonzero",400139,5194,812,35020,0.977338691672248,0.870841000646541,3.26947593688965
"fishash+_poisson","moi_2.000000_iter_2","full",3954418,3901,4437,37244,0.893548619274969,0.905188965852473,0.563356161117554
"fishash+_poisson","moi_2.000000_iter_2","nonzero",396514,2970,4437,37244,0.893548619274969,0.9261451235888,0.563356161117554
"fishash_poisson_rawd","moi_2.000000_iter_2","full",3958132,6166,723,34979,0.979749033667582,0.850139749665816,0.554173946380615
"fishash_poisson_rawd","moi_2.000000_iter_2","nonzero",400228,5235,723,34979,0.979749033667582,0.869821455214602,0.554173946380615
"fishash+_contingency","moi_2.000000_iter_2","full",3954159,3850,4696,37295,0.888166511871592,0.906428484627537,1.33829617500305
"fishash+_contingency","moi_2.000000_iter_2","nonzero",396255,2919,4696,37295,0.888166511871592,0.927413338638285,1.33829617500305
"fishash_refit0","moi_2.000000_iter_3","full",3957093,5945,1591,35371,0.956955792435474,0.856109013457256,0.688119888305664
"fishash_refit0","moi_2.000000_iter_3","nonzero",429683,5032,1591,35371,0.956955792435474,0.875454792960919,0.688119888305664
"fishash_refit10","moi_2.000000_iter_3","full",3957913,5793,771,35523,0.978756819308977,0.859787975602672,3.66565108299255
"fishash_refit10","moi_2.000000_iter_3","nonzero",430503,4880,771,35523,0.978756819308977,0.879216889834913,3.66565108299255
"fishash+_poisson","moi_2.000000_iter_3","full",3954649,3884,4035,37432,0.902693708249934,0.905992835705296,0.449375152587891
"fishash+_poisson","moi_2.000000_iter_3","nonzero",427239,2971,4035,37432,0.902693708249934,0.926465856495805,0.449375152587891
"fishash_poisson_rawd","moi_2.000000_iter_3","full",3957980,5851,704,35465,0.980535817965661,0.858384161099816,0.640081882476807
"fishash_poisson_rawd","moi_2.000000_iter_3","nonzero",430570,4938,704,35465,0.980535817965661,0.877781352869836,0.640081882476807
"fishash+_contingency","moi_2.000000_iter_3","full",3954417,3855,4267,37461,0.897742523006135,0.906694742956724,0.898895025253296
"fishash+_contingency","moi_2.000000_iter_3","nonzero",427007,2942,4267,37461,0.897742523006135,0.927183624978343,0.898895025253296
"fishash_refit0","moi_2.000000_iter_4","full",3957357,5859,1694,35090,0.953947368421053,0.856919582895797,0.730041027069092
"fishash_refit0","moi_2.000000_iter_4","nonzero",437922,4971,1694,35090,0.953947368421053,0.875914230798033,0.730041027069092
"fishash_refit10","moi_2.000000_iter_4","full",3958173,5771,878,35178,0.975648990459286,0.859068597523749,3.59450197219849
"fishash_refit10","moi_2.000000_iter_4","nonzero",438738,4883,878,35178,0.975648990459286,0.878110880906617,3.59450197219849
"fishash+_poisson","moi_2.000000_iter_4","full",3954586,3858,4465,37091,0.892554625084224,0.90578524506093,0.678439855575562
"fishash+_poisson","moi_2.000000_iter_4","nonzero",435151,2970,4465,37091,0.892554625084224,0.925863058835276,0.678439855575562
"fishash_poisson_rawd","moi_2.000000_iter_4","full",3958247,5827,804,35122,0.97762066469966,0.857701042760507,0.360363960266113
"fishash_poisson_rawd","moi_2.000000_iter_4","nonzero",438812,4939,804,35122,0.97762066469966,0.8767130126557,0.360363960266113
"fishash+_contingency","moi_2.000000_iter_4","full",3954379,3825,4672,37124,0.888218968322327,0.906591125546411,1.49334287643433
"fishash+_contingency","moi_2.000000_iter_4","nonzero",434944,2937,4672,37124,0.888218968322327,0.926686802625995,1.49334287643433
"fishash_refit0","moi_2.000000_iter_5","full",3957097,5882,1543,35478,0.958320952972637,0.857785299806576,0.71643590927124
"fishash_refit0","moi_2.000000_iter_5","nonzero",401307,4896,1543,35478,0.958320952972637,0.878733838609006,0.71643590927124
"fishash_refit10","moi_2.000000_iter_5","full",3957876,5940,764,35420,0.978885695334955,0.856382978723404,3.05261206626892
"fishash_refit10","moi_2.000000_iter_5","nonzero",402086,4954,764,35420,0.978885695334955,0.877297270520632,3.05261206626892
"fishash+_poisson","moi_2.000000_iter_5","full",3954373,3905,4267,37455,0.897727817458415,0.905585106382979,0.678440093994141
"fishash+_poisson","moi_2.000000_iter_5","nonzero",398583,2919,4267,37455,0.897727817458415,0.927700995690296,0.678440093994141
"fishash_poisson_rawd","moi_2.000000_iter_5","full",3957943,6006,697,35354,0.980666278327924,0.854787234042553,0.340663909912109
"fishash_poisson_rawd","moi_2.000000_iter_5","nonzero",402153,5020,697,35354,0.980666278327924,0.875662555109724,0.340663909912109
"fishash+_contingency","moi_2.000000_iter_5","full",3954142,3862,4498,37498,0.892894561386799,0.906624758220503,1.67040681838989
"fishash+_contingency","moi_2.000000_iter_5","nonzero",398352,2876,4498,37498,0.892894561386799,0.928766037548918,1.67040681838989
"fishash_refit0","moi_2.000000_iter_6","full",3957310,5765,1350,35575,0.963439404197698,0.860546686018384,0.63122296333313
"fishash_refit0","moi_2.000000_iter_6","nonzero",419966,4826,1350,35575,0.963439404197698,0.880547511200218,0.63122296333313
"fishash_refit10","moi_2.000000_iter_6","full",3957888,5596,772,35744,0.978858582539161,0.86463473633285,2.79353404045105
"fishash_refit10","moi_2.000000_iter_6","nonzero",420544,4657,772,35744,0.978858582539161,0.884730575975842,2.79353404045105
"fishash+_poisson","moi_2.000000_iter_6","full",3954570,3762,4090,37578,0.901843141019487,0.90899854862119,0.699156999588013
"fishash+_poisson","moi_2.000000_iter_6","nonzero",417226,2823,4090,37578,0.901843141019487,0.930125491943269,0.699156999588013
"fishash_poisson_rawd","moi_2.000000_iter_6","full",3957950,5632,710,35708,0.98050414630128,0.863763909046928,0.357038021087646
"fishash_poisson_rawd","moi_2.000000_iter_6","nonzero",420606,4693,710,35708,0.98050414630128,0.883839508923046,0.357038021087646
"fishash+_contingency","moi_2.000000_iter_6","full",3954358,3738,4302,37602,0.89733676975945,0.909579100145138,1.20893788337708
"fishash+_contingency","moi_2.000000_iter_6","nonzero",417014,2799,4302,37602,0.89733676975945,0.930719536645133,1.20893788337708
"fishash_refit0","moi_2.000000_iter_7","full",3957656,5801,1509,35034,0.958706181758476,0.857940492224807,0.65208888053894
"fishash_refit0","moi_2.000000_iter_7","nonzero",383867,4910,1509,35034,0.958706181758476,0.877077909072702,0.65208888053894
"fishash_refit10","moi_2.000000_iter_7","full",3958347,5684,818,35151,0.977258194556424,0.860805681400759,2.48504590988159
"fishash_refit10","moi_2.000000_iter_7","nonzero",384558,4793,818,35151,0.977258194556424,0.880007009813739,2.48504590988159
"fishash+_poisson","moi_2.000000_iter_7","full",3954528,3708,4637,37127,0.888971362896274,0.90919554303906,0.575469017028809
"fishash+_poisson","moi_2.000000_iter_7","nonzero",380739,2817,4637,37127,0.888971362896274,0.929476266773483,0.575469017028809
"fishash_poisson_rawd","moi_2.000000_iter_7","full",3958431,5740,734,35095,0.979513801669039,0.859434308803722,0.624323129653931
"fishash_poisson_rawd","moi_2.000000_iter_7","nonzero",384642,4849,734,35095,0.979513801669039,0.878605047065892,0.624323129653931
"fishash+_contingency","moi_2.000000_iter_7","full",3954242,3673,4923,37162,0.883022454556255,0.910052650912208,1.40935707092285
"fishash+_contingency","moi_2.000000_iter_7","nonzero",380453,2782,4923,37162,0.883022454556255,0.930352493490887,1.40935707092285
"fishash_refit0","moi_2.000000_iter_8","full",3957139,5740,1736,35385,0.953234018480106,0.860425531914894,0.65713095664978
"fishash_refit0","moi_2.000000_iter_8","nonzero",412588,4876,1736,35385,0.953234018480106,0.878890241176325,0.65713095664978
"fishash_refit10","moi_2.000000_iter_8","full",3958034,5539,841,35586,0.976912729568727,0.865313069908815,3.39780187606812
"fishash_refit10","moi_2.000000_iter_8","nonzero",413483,4675,841,35586,0.976912729568727,0.883882665606915,3.39780187606812
"fishash+_poisson","moi_2.000000_iter_8","full",3954611,3646,4264,37479,0.897851136717533,0.911343465045593,0.500853061676025
"fishash+_poisson","moi_2.000000_iter_8","nonzero",410060,2782,4264,37479,0.897851136717533,0.93090087181143,0.500853061676025
"fishash_poisson_rawd","moi_2.000000_iter_8","full",3958121,5604,754,35521,0.97921433494142,0.863732522796353,0.417265176773071
"fishash_poisson_rawd","moi_2.000000_iter_8","nonzero",413570,4740,754,35521,0.97921433494142,0.882268199995032,0.417265176773071
"fishash+_contingency","moi_2.000000_iter_8","full",3954402,3610,4473,37515,0.893469562732209,0.912218844984802,1.55435705184937
"fishash+_contingency","moi_2.000000_iter_8","nonzero",409851,2746,4473,37515,0.893469562732209,0.931795037381088,1.55435705184937
"fishash_refit0","moi_2.000000_iter_9","full",3957156,5955,1394,35495,0.962210957195912,0.856332931242461,0.707012891769409
"fishash_refit0","moi_2.000000_iter_9","nonzero",425422,5030,1394,35495,0.962210957195912,0.875879086983344,0.707012891769409
"fishash_refit10","moi_2.000000_iter_9","full",3957796,5870,754,35580,0.979248087191061,0.8583835946924,2.78092098236084
"fishash_refit10","moi_2.000000_iter_9","nonzero",426062,4945,754,35580,0.979248087191061,0.877976557680444,2.78092098236084
"fishash+_poisson","moi_2.000000_iter_9","full",3954458,3918,4092,37532,0.90169133192389,0.905476477683957,0.968238115310669
"fishash+_poisson","moi_2.000000_iter_9","nonzero",422724,2993,4092,37532,0.90169133192389,0.926144355336212,0.968238115310669
"fishash_poisson_rawd","moi_2.000000_iter_9","full",3957859,5926,691,35524,0.980919508490957,0.857032569360676,0.377536058425903
"fishash_poisson_rawd","moi_2.000000_iter_9","nonzero",426125,5001,691,35524,0.980919508490957,0.876594694632943,0.377536058425903
"fishash+_contingency","moi_2.000000_iter_9","full",3954253,3888,4297,37562,0.897345851549249,0.906200241254523,1.52988791465759
"fishash+_contingency","moi_2.000000_iter_9","nonzero",422519,2963,4297,37562,0.897345851549249,0.926884639111659,1.52988791465759
"fishash_refit0","moi_2.000000_iter_10","full",3957351,6132,1651,34866,0.954788180847277,0.850431728376994,0.673173904418945
"fishash_refit0","moi_2.000000_iter_10","nonzero",422584,5192,1651,34866,0.954788180847277,0.870387937490639,0.673173904418945
"fishash_refit10","moi_2.000000_iter_10","full",3958179,6070,823,34928,0.976979664904478,0.851943997268159,2.74717092514038
"fishash_refit10","moi_2.000000_iter_10","nonzero",423412,5130,823,34928,0.976979664904478,0.871935693244795,2.74717092514038
"fishash+_poisson","moi_2.000000_iter_10","full",3954366,4043,4636,36955,0.888533576975788,0.901385433435777,0.778704166412354
"fishash+_poisson","moi_2.000000_iter_10","nonzero",419599,3103,4636,36955,0.888533576975788,0.922537320884717,0.778704166412354
"fishash_poisson_rawd","moi_2.000000_iter_10","full",3958234,6131,768,34867,0.978448154903887,0.850456119810722,0.37645411491394
"fishash_poisson_rawd","moi_2.000000_iter_10","nonzero",423467,5191,768,34867,0.978448154903887,0.870412901293125,0.37645411491394
"fishash+_contingency","moi_2.000000_iter_10","full",3954182,4007,4820,36991,0.884719332233144,0.902263525050002,1.00789904594421
"fishash+_contingency","moi_2.000000_iter_10","nonzero",419415,3067,4820,36991,0.884719332233144,0.923436017774227,1.00789904594421
"fishash_refit0","moi_3.000000_iter_1","full",3942361,11284,1567,44788,0.966195663898177,0.798758738764446,0.703266859054565
"fishash_refit0","moi_3.000000_iter_1","nonzero",397882,9541,1567,44788,0.966195663898177,0.824384766883248,0.703266859054565
"fishash_refit10","moi_3.000000_iter_1","full",3943207,10988,721,45084,0.984259360331841,0.804037665858182,2.81721687316895
"fishash_refit10","moi_3.000000_iter_1","nonzero",398728,9245,721,45084,0.984259360331841,0.829833054169964,2.81721687316895
"fishash+_poisson","moi_3.000000_iter_1","full",3939827,7145,4101,48927,0.922663498529079,0.872574547010986,0.791654109954834
"fishash+_poisson","moi_3.000000_iter_1","nonzero",395348,5402,4101,48927,0.922663498529079,0.900568757017431,0.791654109954834
"fishash_poisson_rawd","moi_3.000000_iter_1","full",3943271,11066,657,45006,0.985611983443926,0.80264659723213,0.46316409111023
"fishash_poisson_rawd","moi_3.000000_iter_1","nonzero",398792,9323,657,45006,0.985611983443926,0.828397356844411,0.46316409111023
"fishash+_contingency","moi_3.000000_iter_1","full",3939596,7069,4332,49003,0.918777538201931,0.873929947210729,1.42678689956665
"fishash+_contingency","moi_3.000000_iter_1","nonzero",395117,5326,4332,49003,0.918777538201931,0.901967641591047,1.42678689956665
"fishash_refit0","moi_3.000000_iter_2","full",3942478,11128,1500,44894,0.967668232961159,0.801363749955375,0.731224060058594
"fishash_refit0","moi_3.000000_iter_2","nonzero",368828,9291,1500,44894,0.967668232961159,0.828531881517025,0.731224060058594
"fishash_refit10","moi_3.000000_iter_2","full",3943281,11202,697,44820,0.98468704000703,0.800042840312734,3.60041093826294
"fishash_refit10","moi_3.000000_iter_2","nonzero",369631,9365,697,44820,0.98468704000703,0.827166189904955,3.60041093826294
"fishash+_poisson","moi_3.000000_iter_2","full",3940075,7130,3903,48892,0.926072544748556,0.872728570918568,0.759859085083008
"fishash+_poisson","moi_3.000000_iter_2","nonzero",366425,5293,3903,48892,0.926072544748556,0.902316139152902,0.759859085083008
"fishash_poisson_rawd","moi_3.000000_iter_2","full",3943376,11303,602,44719,0.986716974470996,0.798239977151833,0.429043054580688
"fishash_poisson_rawd","moi_3.000000_iter_2","nonzero",369726,9466,602,44719,0.986716974470996,0.825302205407401,0.429043054580688
"fishash+_contingency","moi_3.000000_iter_2","full",3939794,7056,4184,48966,0.921279397930386,0.874049480561208,2.05221486091614
"fishash+_contingency","moi_3.000000_iter_2","nonzero",366144,5219,4184,48966,0.921279397930386,0.903681830764972,2.05221486091614
"fishash_refit0","moi_3.000000_iter_3","full",3942671,11012,1169,45148,0.974760886931364,0.803917378917379,0.78826093673706
"fishash_refit0","moi_3.000000_iter_3","nonzero",372139,9196,1169,45148,0.974760886931364,0.830781687030767,0.78826093673706
"fishash_refit10","moi_3.000000_iter_3","full",3943249,10827,591,45333,0.987130911941469,0.807211538461538,2.55315113067627
"fishash_refit10","moi_3.000000_iter_3","nonzero",372717,9011,591,45333,0.987130911941469,0.834185926689239,2.55315113067627
"fishash+_poisson","moi_3.000000_iter_3","full",3940319,6904,3521,49256,0.933285332625954,0.877065527065527,0.728928804397583
"fishash+_poisson","moi_3.000000_iter_3","nonzero",369787,5088,3521,49256,0.933285332625954,0.906374208744296,0.728928804397583
"fishash_poisson_rawd","moi_3.000000_iter_3","full",3943310,10914,530,45246,0.988421880461377,0.805662393162393,0.432729005813599
"fishash_poisson_rawd","moi_3.000000_iter_3","nonzero",372778,9098,530,45246,0.988421880461377,0.832585013984985,0.432729005813599
"fishash+_contingency","moi_3.000000_iter_3","full",3940094,6837,3746,49323,0.929412651453768,0.878258547008547,2.13085103034973
"fishash+_contingency","moi_3.000000_iter_3","nonzero",369562,5021,3746,49323,0.929412651453768,0.907607095539526,2.13085103034973
"fishash_refit0","moi_3.000000_iter_4","full",3943019,11254,1222,44505,0.973276182561725,0.798167112035725,0.722522974014282
"fishash_refit0","moi_3.000000_iter_4","nonzero",390626,9465,1222,44505,0.973276182561725,0.824624791550862,0.722522974014282
"fishash_refit10","moi_3.000000_iter_4","full",3943587,11437,654,44322,0.985458911419424,0.794885130651554,2.5753481388092
"fishash_refit10","moi_3.000000_iter_4","nonzero",391194,9648,654,44322,0.985458911419424,0.821234018899389,2.5753481388092
"fishash+_poisson","moi_3.000000_iter_4","full",3940635,7483,3606,48276,0.930496125823985,0.865797449739056,0.752564907073975
"fishash+_poisson","moi_3.000000_iter_4","nonzero",388242,5694,3606,48276,0.930496125823985,0.89449694274597,0.752564907073975
"fishash_poisson_rawd","moi_3.000000_iter_4","full",3943645,11541,596,44218,0.986700584638729,0.793019960903173,0.355101823806763
"fishash_poisson_rawd","moi_3.000000_iter_4","nonzero",391252,9752,596,44218,0.986700584638729,0.819307022419863,0.355101823806763
"fishash+_contingency","moi_3.000000_iter_4","full",3940395,7407,3846,48352,0.926319016054255,0.867160458401334,1.53541898727417
"fishash+_contingency","moi_3.000000_iter_4","nonzero",388002,5618,3846,48352,0.926319016054255,0.895905132481008,1.53541898727417
"fishash_refit0","moi_3.000000_iter_5","full",3942515,11764,1424,44297,0.968854574484373,0.790157150247052,0.741575002670288
"fishash_refit0","moi_3.000000_iter_5","nonzero",404917,9955,1424,44297,0.968854574484373,0.816504460665045,0.741575002670288
"fishash_refit10","moi_3.000000_iter_5","full",3943205,11603,734,44458,0.983758187289786,0.793029021958224,3.3478889465332
"fishash_refit10","moi_3.000000_iter_5","nonzero",405607,9794,734,44458,0.983758187289786,0.819472093194721,3.3478889465332
"fishash+_poisson","moi_3.000000_iter_5","full",3940069,7619,3870,48442,0.9260207982872,0.864094468525356,0.693523168563843
"fishash+_poisson","moi_3.000000_iter_5","nonzero",402471,5810,3870,48442,0.9260207982872,0.892907173929072,0.693523168563843
"fishash_poisson_rawd","moi_3.000000_iter_5","full",3943287,11697,652,44364,0.985516260885019,0.791352276984,0.538607120513916
"fishash_poisson_rawd","moi_3.000000_iter_5","nonzero",405689,9888,652,44364,0.985516260885019,0.817739438177394,0.538607120513916
"fishash+_contingency","moi_3.000000_iter_5","full",3939874,7534,4065,48527,0.922706875570429,0.865610674087155,1.66174006462097
"fishash+_contingency","moi_3.000000_iter_5","nonzero",402276,5725,4065,48527,0.922706875570429,0.894473936444739,1.66174006462097
"fishash_refit0","moi_3.000000_iter_6","full",3943019,11377,1345,44259,0.970506973072538,0.795510101373212,0.717941045761108
"fishash_refit0","moi_3.000000_iter_6","nonzero",380120,9632,1345,44259,0.970506973072538,0.821268857508675,0.717941045761108
"fishash_refit10","moi_3.000000_iter_6","full",3943680,11280,684,44356,0.9848134991119,0.797253576820764,2.59615707397461
"fishash_refit10","moi_3.000000_iter_6","nonzero",380781,9535,684,44356,0.9848134991119,0.823068786995973,2.59615707397461
"fishash+_poisson","moi_3.000000_iter_6","full",3940652,7312,3712,48324,0.92866477054347,0.868574304407218,0.507192134857178
"fishash+_poisson","moi_3.000000_iter_6","nonzero",377753,5567,3712,48324,0.92866477054347,0.896698892208347,0.507192134857178
"fishash_poisson_rawd","moi_3.000000_iter_6","full",3943738,11391,626,44245,0.986048895723296,0.795258465741606,0.356216907501221
"fishash_poisson_rawd","moi_3.000000_iter_6","nonzero",380839,9646,626,44245,0.986048895723296,0.821009073871333,0.356216907501221
"fishash+_contingency","moi_3.000000_iter_6","full",3940405,7221,3959,48415,0.924409057929507,0.870209936012654,1.33394503593445
"fishash+_contingency","moi_3.000000_iter_6","nonzero",377506,5476,3959,48415,0.924409057929507,0.89838748585107,1.33394503593445
"fishash_refit0","moi_3.000000_iter_7","full",3942607,10948,1425,45020,0.969318548821186,0.804388221841052,0.737696886062622
"fishash_refit0","moi_3.000000_iter_7","nonzero",390718,9153,1425,45020,0.969318548821186,0.83104129363336,0.737696886062622
"fishash_refit10","moi_3.000000_iter_7","full",3943274,10655,758,45313,0.983547133771787,0.809623356203545,2.75723385810852
"fishash_refit10","moi_3.000000_iter_7","nonzero",391385,8860,758,45313,0.983547133771787,0.836449892012626,2.75723385810852
"fishash+_poisson","moi_3.000000_iter_7","full",3940140,7131,3892,48837,0.926188624855393,0.872587907375643,0.682857036590576
"fishash+_poisson","moi_3.000000_iter_7","nonzero",388251,5336,3892,48837,0.926188624855393,0.901500747604895,0.682857036590576
"fishash_poisson_rawd","moi_3.000000_iter_7","full",3943329,10738,703,45230,0.984695099383885,0.808140365923385,0.364842176437378
"fishash_poisson_rawd","moi_3.000000_iter_7","nonzero",391440,8943,703,45230,0.984695099383885,0.834917763461503,0.364842176437378
"fishash+_contingency","moi_3.000000_iter_7","full",3939964,7070,4068,48898,0.923196012536344,0.873677815894797,1.01520800590515
"fishash+_contingency","moi_3.000000_iter_7","nonzero",388075,5275,4068,48898,0.923196012536344,0.90262676979307,1.01520800590515
"fishash_refit0","moi_3.000000_iter_8","full",3942520,11420,1307,44753,0.971623968736431,0.796699481957524,0.760951042175293
"fishash_refit0","moi_3.000000_iter_8","nonzero",407458,9533,1307,44753,0.971623968736431,0.824393029510371,0.760951042175293
"fishash_refit10","moi_3.000000_iter_8","full",3943085,11305,742,44868,0.983731637798728,0.7987467288555,3.86121010780334
"fishash_refit10","moi_3.000000_iter_8","nonzero",408023,9418,742,44868,0.983731637798728,0.826511439413477,3.86121010780334
"fishash+_poisson","moi_3.000000_iter_8","full",3939922,7499,3905,48674,0.925730805074269,0.866501700105033,0.534916877746582
"fishash+_poisson","moi_3.000000_iter_8","nonzero",404860,5612,3905,48674,0.925730805074269,0.896621596728438,0.534916877746582
"fishash_poisson_rawd","moi_3.000000_iter_8","full",3943156,11408,671,44765,0.985231974645655,0.796913107720791,0.682594060897827
"fishash_poisson_rawd","moi_3.000000_iter_8","nonzero",408094,9521,671,44765,0.985231974645655,0.824614080978521,0.682594060897827
"fishash+_contingency","moi_3.000000_iter_8","full",3939700,7430,4127,48743,0.921940609041044,0.867730048243818,1.15533995628357
"fishash+_contingency","moi_3.000000_iter_8","nonzero",404638,5543,4127,48743,0.921940609041044,0.897892642670302,1.15533995628357
"fishash_refit0","moi_3.000000_iter_9","full",3942147,11400,1921,44532,0.958646373754117,0.796181077022098,0.696347951889038
"fishash_refit0","moi_3.000000_iter_9","nonzero",411122,9501,1921,44532,0.958646373754117,0.824163011492977,0.696347951889038
"fishash_refit10","moi_3.000000_iter_9","full",3943261,11249,807,44683,0.982259837326885,0.798880783808911,3.16728711128235
"fishash_refit10","moi_3.000000_iter_9","nonzero",412236,9350,807,44683,0.982259837326885,0.826957599985194,3.16728711128235
"fishash+_poisson","moi_3.000000_iter_9","full",3939939,7480,4129,48452,0.921473536068162,0.866266180361868,0.554539918899536
"fishash+_poisson","moi_3.000000_iter_9","nonzero",408914,5581,4129,48452,0.921473536068162,0.896711269039291,0.554539918899536
"fishash_poisson_rawd","moi_3.000000_iter_9","full",3943337,11350,731,44582,0.983867764217774,0.797075019666738,0.697972059249878
"fishash_poisson_rawd","moi_3.000000_iter_9","nonzero",412312,9451,731,44582,0.983867764217774,0.825088371920863,0.697972059249878
"fishash+_contingency","moi_3.000000_iter_9","full",3939739,7404,4329,48528,0.91809977864805,0.867624973181721,1.5553469657898
"fishash+_contingency","moi_3.000000_iter_9","nonzero",408714,5505,4329,48528,0.91809977864805,0.898117816889679,1.5553469657898
"fishash_refit0","moi_3.000000_iter_10","full",3942949,11067,1212,44772,0.973643006263048,0.801805189921023,0.757670879364014
"fishash_refit0","moi_3.000000_iter_10","nonzero",373699,9381,1212,44772,0.973643006263048,0.826768600077558,0.757670879364014
"fishash_refit10","moi_3.000000_iter_10","full",3943553,10993,608,44846,0.986623839486074,0.80313042855352,3.27495217323303
"fishash_refit10","moi_3.000000_iter_10","nonzero",374303,9307,608,44846,0.986623839486074,0.828135098701826,3.27495217323303
"fishash+_poisson","moi_3.000000_iter_10","full",3940659,7015,3502,48824,0.933073424301494,0.874370959365318,0.801775932312012
"fishash+_poisson","moi_3.000000_iter_10","nonzero",371409,5329,3502,48824,0.933073424301494,0.901593632855059,0.801775932312012
"fishash_poisson_rawd","moi_3.000000_iter_10","full",3943609,11092,552,44747,0.987814300536436,0.801357474166801,0.409559965133667
"fishash_poisson_rawd","moi_3.000000_iter_10","nonzero",374359,9406,552,44747,0.987814300536436,0.826306945136927,0.409559965133667
"fishash+_contingency","moi_3.000000_iter_10","full",3940454,6932,3707,48907,0.929543467518151,0.875857375669335,1.51259589195251
"fishash+_contingency","moi_3.000000_iter_10","nonzero",371204,5246,3707,48907,0.929543467518151,0.903126327257954,1.51259589195251
"fishash_refit0","moi_5.000000_iter_1","full",3910681,28236,1088,59995,0.982188170194653,0.679976425519375,0.721927881240845
"fishash_refit0","moi_5.000000_iter_1","nonzero",368609,23375,1088,59995,0.982188170194653,0.719623365719084,0.721927881240845
"fishash_refit10","moi_5.000000_iter_1","full",3911192,28285,577,59946,0.990466434248137,0.679421065158504,3.83447003364563
"fishash_refit10","moi_5.000000_iter_1","nonzero",369120,23424,577,59946,0.990466434248137,0.719035624325297,3.83447003364563
"fishash+_poisson","moi_5.000000_iter_1","full",3908671,18966,3098,69265,0.957188065724196,0.785041538688216,0.746922016143799
"fishash+_poisson","moi_5.000000_iter_1","nonzero",366599,14105,3098,69265,0.957188065724196,0.830814441645676,0.746922016143799
"fishash_poisson_rawd","moi_5.000000_iter_1","full",3911245,28535,524,59696,0.991298571903022,0.676587593929571,0.752590179443359
"fishash_poisson_rawd","moi_5.000000_iter_1","nonzero",369173,23674,524,59696,0.991298571903022,0.716036943744752,0.752590179443359
"fishash+_contingency","moi_5.000000_iter_1","full",3908542,18745,3227,69486,0.955620040432935,0.787546327254593,1.27177500724792
"fishash+_contingency","moi_5.000000_iter_1","nonzero",366470,13884,3227,69486,0.955620040432935,0.833465275278877,1.27177500724792
"fishash_refit0","moi_5.000000_iter_2","full",3910583,28325,1140,59952,0.981339618935376,0.679134995525448,0.68507719039917
"fishash_refit0","moi_5.000000_iter_2","nonzero",349218,23444,1140,59952,0.981339618935376,0.718883399683438,0.68507719039917
"fishash_refit10","moi_5.000000_iter_2","full",3911176,28525,547,59752,0.990928539445099,0.676869399730394,4.35574316978455
"fishash_refit10","moi_5.000000_iter_2","nonzero",349811,23644,547,59752,0.990928539445099,0.716485203127248,4.35574316978455
"fishash+_poisson","moi_5.000000_iter_2","full",3908735,19029,2988,69248,0.958635583365635,0.784439888079568,0.69204306602478
"fishash+_poisson","moi_5.000000_iter_2","nonzero",347370,14148,2988,69248,0.958635583365635,0.830351575615137,0.69204306602478
"fishash_poisson_rawd","moi_5.000000_iter_2","full",3911235,28778,488,59499,0.991864904062547,0.67400342104965,0.500016927719116
"fishash_poisson_rawd","moi_5.000000_iter_2","nonzero",349870,23897,488,59499,0.991864904062547,0.713451484483668,0.500016927719116
"fishash+_contingency","moi_5.000000_iter_2","full",3908592,18778,3131,69499,0.95689109183533,0.787283210802361,1.19071912765503
"fishash+_contingency","moi_5.000000_iter_2","nonzero",347227,13897,3131,69499,0.95689109183533,0.833361312293156,1.19071912765503
"fishash_refit0","moi_5.000000_iter_3","full",3910295,27504,1192,61009,0.98083632095947,0.689265983527843,0.714332103729248
"fishash_refit0","moi_5.000000_iter_3","nonzero",363922,22627,1192,61009,0.98083632095947,0.729458606341767,0.714332103729248
"fishash_refit10","moi_5.000000_iter_3","full",3910988,27131,499,61382,0.991936135485852,0.693480053777411,3.62879180908203
"fishash_refit10","moi_5.000000_iter_3","nonzero",364615,22254,499,61382,0.991936135485852,0.733918408340906,3.62879180908203
"fishash+_poisson","moi_5.000000_iter_3","full",3908691,18290,2796,70223,0.96170859639272,0.793363686690091,0.848239183425903
"fishash+_poisson","moi_5.000000_iter_3","nonzero",362318,13413,2796,70223,0.96170859639272,0.839626476636855,0.848239183425903
"fishash_poisson_rawd","moi_5.000000_iter_3","full",3911031,27324,456,61189,0.992602806391435,0.691299583112085,0.502732038497925
"fishash_poisson_rawd","moi_5.000000_iter_3","nonzero",364658,22447,456,61189,0.992602806391435,0.731610789612129,0.502732038497925
"fishash+_contingency","moi_5.000000_iter_3","full",3908557,18068,2930,70445,0.960068143100511,0.795871792843989,1.2047860622406
"fishash+_contingency","moi_5.000000_iter_3","nonzero",362184,13191,2930,70445,0.960068143100511,0.842280836003635,1.2047860622406
"fishash_refit0","moi_5.000000_iter_4","full",3910889,27244,1065,60802,0.982785653094541,0.69057083797106,0.630511045455933
"fishash_refit0","moi_5.000000_iter_4","nonzero",346963,22185,1065,60802,0.982785653094541,0.732668972248665,0.630511045455933
"fishash_refit10","moi_5.000000_iter_4","full",3911463,26973,491,61073,0.99202455980768,0.693648774504236,3.00387597084045
"fishash_refit10","moi_5.000000_iter_4","nonzero",347537,21914,491,61073,0.99202455980768,0.735934543964717,3.00387597084045
"fishash+_poisson","moi_5.000000_iter_4","full",3908967,18144,2987,69902,0.959019879542867,0.793925902369216,0.684421062469482
"fishash+_poisson","moi_5.000000_iter_4","nonzero",345041,13085,2987,69902,0.959019879542867,0.842324701459265,0.684421062469482
"fishash_poisson_rawd","moi_5.000000_iter_4","full",3911506,27186,448,60860,0.992692633914008,0.691229584535357,0.465199947357178
"fishash_poisson_rawd","moi_5.000000_iter_4","nonzero",347580,22127,448,60860,0.992692633914008,0.733367876896381,0.465199947357178
"fishash+_contingency","moi_5.000000_iter_4","full",3908854,17949,3100,70097,0.957648537508368,0.796140653749177,1.20831990242004
"fishash+_contingency","moi_5.000000_iter_4","nonzero",344928,12890,3100,70097,0.957648537508368,0.844674467085206,1.20831990242004
"fishash_refit0","moi_5.000000_iter_5","full",3910710,27192,986,61112,0.984121871879932,0.69206377967023,0.553916931152344
"fishash_refit0","moi_5.000000_iter_5","nonzero",367863,22287,986,61112,0.984121871879932,0.732766579935011,0.553916931152344
"fishash_refit10","moi_5.000000_iter_5","full",3911230,26833,466,61471,0.992476225842388,0.696129280666787,5.00789499282837
"fishash_refit10","moi_5.000000_iter_5","nonzero",368383,21928,466,61471,0.992476225842388,0.737071187903932,5.00789499282837
"fishash+_poisson","moi_5.000000_iter_5","full",3908787,17978,2909,70326,0.960278555335564,0.796407863743432,0.767798900604248
"fishash+_poisson","moi_5.000000_iter_5","nonzero",365940,13073,2909,70326,0.960278555335564,0.843247520953489,0.767798900604248
"fishash_poisson_rawd","moi_5.000000_iter_5","full",3911276,27032,420,61272,0.993191985994943,0.693875702119949,0.767280101776123
"fishash_poisson_rawd","moi_5.000000_iter_5","nonzero",368429,22127,420,61272,0.993191985994943,0.734685068166285,0.767280101776123
"fishash+_contingency","moi_5.000000_iter_5","full",3908664,17812,3032,70492,0.958761764865894,0.798287733285015,1.2166018486023
"fishash+_contingency","moi_5.000000_iter_5","nonzero",365817,12907,3032,70492,0.958761764865894,0.845237952493435,1.2166018486023
"fishash_refit0","moi_5.000000_iter_6","full",3910602,27838,929,60631,0.984909031838856,0.685336106432762,0.531272172927856
"fishash_refit0","moi_5.000000_iter_6","nonzero",379772,23188,929,60631,0.984909031838856,0.723356279602477,0.531272172927856
"fishash_refit10","moi_5.000000_iter_6","full",3911038,28006,493,60463,0.991912198963187,0.683437136171992,4.22287702560425
"fishash_refit10","moi_5.000000_iter_6","nonzero",380208,23356,493,60463,0.991912198963187,0.721351960772617,4.22287702560425
"fishash+_poisson","moi_5.000000_iter_6","full",3908553,18987,2978,69482,0.95890146287607,0.78538245034984,0.678920030593872
"fishash+_poisson","moi_5.000000_iter_6","nonzero",377723,14337,2978,69482,0.95890146287607,0.828952862716091,0.678920030593872
"fishash_poisson_rawd","moi_5.000000_iter_6","full",3911089,28228,442,60241,0.992716246724783,0.680927782613119,0.516340017318726
"fishash_poisson_rawd","moi_5.000000_iter_6","nonzero",380259,23578,442,60241,0.992716246724783,0.718703396604588,0.516340017318726
"fishash+_contingency","moi_5.000000_iter_6","full",3908437,18787,3094,69682,0.957485984390458,0.787643129231708,1.19838190078735
"fishash+_contingency","moi_5.000000_iter_6","nonzero",377607,14137,3094,69682,0.957485984390458,0.831338956561162,1.19838190078735
"fishash_refit0","moi_5.000000_iter_7","full",3910548,27814,1177,60461,0.980904636750057,0.684916454262249,0.550258874893188
"fishash_refit0","moi_5.000000_iter_7","nonzero",351142,23199,1177,60461,0.980904636750057,0.722699019842219,0.550258874893188
"fishash_refit10","moi_5.000000_iter_7","full",3911148,27079,577,61196,0.990659349554012,0.693242707448315,3.51203799247742
"fishash_refit10","moi_5.000000_iter_7","nonzero",351742,22464,577,61196,0.990659349554012,0.731484580444657,3.51203799247742
"fishash+_poisson","moi_5.000000_iter_7","full",3908635,18140,3090,70135,0.957801297371116,0.794505805720759,0.552486896514893
"fishash+_poisson","moi_5.000000_iter_7","nonzero",349229,13525,3090,70135,0.957801297371116,0.838333731771456,0.552486896514893
"fishash_poisson_rawd","moi_5.000000_iter_7","full",3911199,27296,526,60979,0.991447849768312,0.690784480317191,0.773191928863525
"fishash_poisson_rawd","moi_5.000000_iter_7","nonzero",351793,22681,526,60979,0.991447849768312,0.728890748266794,0.773191928863525
"fishash+_contingency","moi_5.000000_iter_7","full",3908480,17958,3245,70317,0.955887550637557,0.796567544604928,1.28450417518616
"fishash+_contingency","moi_5.000000_iter_7","nonzero",349074,13343,3245,70317,0.955887550637557,0.840509203920631,1.28450417518616
"fishash_refit0","moi_5.000000_iter_8","full",3910859,26760,1108,61273,0.982238181497571,0.696023082253246,0.631270885467529
"fishash_refit0","moi_5.000000_iter_8","nonzero",355882,22103,1108,61273,0.982238181497571,0.734899731337555,0.631270885467529
"fishash_refit10","moi_5.000000_iter_8","full",3911493,26381,474,61652,0.99237034413933,0.700328285983665,3.40733194351196
"fishash_refit10","moi_5.000000_iter_8","nonzero",356516,21724,474,61652,0.99237034413933,0.739445403953176,3.40733194351196
"fishash+_poisson","moi_5.000000_iter_8","full",3909007,17735,2960,70298,0.95959485653444,0.798541456044892,0.672093152999878
"fishash+_poisson","moi_5.000000_iter_8","nonzero",354030,13078,2960,70298,0.95959485653444,0.843144310113222,0.672093152999878
"fishash_poisson_rawd","moi_5.000000_iter_8","full",3911527,26593,440,61440,0.992889463477699,0.697920098145014,0.650264024734497
"fishash_poisson_rawd","moi_5.000000_iter_8","nonzero",356550,21936,440,61440,0.992889463477699,0.736902705814623,0.650264024734497
"fishash+_contingency","moi_5.000000_iter_8","full",3908855,17527,3112,70506,0.95772772963134,0.800904206377154,1.14045214653015
"fishash+_contingency","moi_5.000000_iter_8","nonzero",353878,12870,3112,70506,0.95772772963134,0.845639032815199,1.14045214653015
"fishash_refit0","moi_5.000000_iter_9","full",3909483,27407,994,62116,0.984249722706386,0.69385521039286,0.522315979003906
"fishash_refit0","moi_5.000000_iter_9","nonzero",358059,22348,994,62116,0.984249722706386,0.735413904148513,0.522315979003906
"fishash_refit10","moi_5.000000_iter_9","full",3910038,26970,439,62553,0.993030861061722,0.698736637512148,3.57600808143616
"fishash_refit10","moi_5.000000_iter_9","nonzero",358614,21911,439,62553,0.993030861061722,0.740587706004925,3.57600808143616
"fishash+_poisson","moi_5.000000_iter_9","full",3907688,18242,2789,71281,0.962346429053598,0.796231136132614,0.650080919265747
"fishash+_poisson","moi_5.000000_iter_9","nonzero",356264,13183,2789,71281,0.962346429053598,0.843921670770979,0.650080919265747
"fishash_poisson_rawd","moi_5.000000_iter_9","full",3910083,27182,394,62341,0.993719614250418,0.696368530992036,0.733850002288818
"fishash_poisson_rawd","moi_5.000000_iter_9","nonzero",358659,22123,394,62341,0.993719614250418,0.738077760939572,0.733850002288818
"fishash+_contingency","moi_5.000000_iter_9","full",3907588,18061,2889,71462,0.961143764038143,0.798252962925729,0.968584060668945
"fishash+_contingency","moi_5.000000_iter_9","nonzero",356164,13002,2889,71462,0.961143764038143,0.846064595567342,0.968584060668945
"fishash_refit0","moi_5.000000_iter_10","full",3910347,27970,982,60701,0.984079892352836,0.684564288211478,0.513304948806763
"fishash_refit0","moi_5.000000_iter_10","nonzero",343360,23098,982,60701,0.984079892352836,0.724364252556713,0.513304948806763
"fishash_refit10","moi_5.000000_iter_10","full",3910811,27708,518,60963,0.99157463281339,0.6875190310248,3.34506106376648
"fishash_refit10","moi_5.000000_iter_10","nonzero",343824,22836,518,60963,0.99157463281339,0.727490781512906,3.34506106376648
"fishash+_poisson","moi_5.000000_iter_10","full",3908266,18595,3063,70076,0.958120838403588,0.790292203764478,0.638614892959595
"fishash+_poisson","moi_5.000000_iter_10","nonzero",341279,13723,3063,70076,0.958120838403588,0.836239095931932,0.638614892959595
"fishash_poisson_rawd","moi_5.000000_iter_10","full",3910870,27958,459,60713,0.992496567056823,0.684699619943386,0.524800062179565
"fishash_poisson_rawd","moi_5.000000_iter_10","nonzero",343883,23086,459,60713,0.992496567056823,0.724507452356233,0.524800062179565
"fishash+_contingency","moi_5.000000_iter_10","full",3908109,18389,3220,70282,0.956191668253925,0.792615398495562,1.25644516944885
"fishash+_contingency","moi_5.000000_iter_10","nonzero",341122,13517,3220,70282,0.956191668253925,0.83869735915703,1.25644516944885
"fishash_refit0","moi_10.000000_iter_1","full",3828047,86016,812,85125,0.99055121775254,0.497396883271688,0.560449123382568
"fishash_refit0","moi_10.000000_iter_1","nonzero",316598,66916,812,85125,0.99055121775254,0.559881873968206,0.560449123382568
"fishash_refit10","moi_10.000000_iter_1","full",3828397,85398,462,85743,0.994640682095006,0.501007940820727,4.52544808387756
"fishash_refit10","moi_10.000000_iter_1","nonzero",316948,66298,462,85743,0.994640682095006,0.563946567044416,4.52544808387756
"fishash+_poisson","moi_10.000000_iter_1","full",3826655,62796,2204,108345,0.980063139422338,0.6330744824443,0.947649002075195
"fishash+_poisson","moi_10.000000_iter_1","nonzero",315206,43696,2204,108345,0.980063139422338,0.712603837122881,0.947649002075195
"fishash_poisson_rawd","moi_10.000000_iter_1","full",3828436,85880,423,85261,0.995063255683675,0.498191549657884,0.637355089187622
"fishash_poisson_rawd","moi_10.000000_iter_1","nonzero",316987,66780,423,85261,0.995063255683675,0.560776369531903,0.637355089187622
"fishash+_contingency","moi_10.000000_iter_1","full",3826533,62258,2326,108883,0.979084426620148,0.636218089177929,1.45085597038269
"fishash+_contingency","moi_10.000000_iter_1","nonzero",315084,43158,2326,108883,0.979084426620148,0.716142356338093,1.45085597038269
"fishash_refit0","moi_10.000000_iter_2","full",3826920,86822,596,85662,0.993090495953998,0.496637369263236,0.563046932220459
"fishash_refit0","moi_10.000000_iter_2","nonzero",320057,68718,596,85662,0.993090495953998,0.554877574815391,0.563046932220459
"fishash_refit10","moi_10.000000_iter_2","full",3827158,86703,358,85781,0.99584392667665,0.497327288328193,3.99528503417969
"fishash_refit10","moi_10.000000_iter_2","nonzero",320295,68599,358,85781,0.99584392667665,0.55564840005182,3.99528503417969
"fishash+_poisson","moi_10.000000_iter_2","full",3825636,63703,1880,108781,0.983011178283225,0.630672989958489,0.96583104133606
"fishash+_poisson","moi_10.000000_iter_2","nonzero",318773,45599,1880,108781,0.983011178283225,0.704631428941573,0.96583104133606
"fishash_poisson_rawd","moi_10.000000_iter_2","full",3827188,87153,328,85331,0.996170863540317,0.4947183506876,0.576689958572388
"fishash_poisson_rawd","moi_10.000000_iter_2","nonzero",320325,69049,328,85331,0.996170863540317,0.552733514703977,0.576689958572388
"fishash+_contingency","moi_10.000000_iter_2","full",3825510,63110,2006,109374,0.981989585203807,0.63411099000487,1.91019296646118
"fishash+_contingency","moi_10.000000_iter_2","nonzero",318647,45006,2006,109374,0.981989585203807,0.70847260007773,1.91019296646118
"fishash_refit0","moi_10.000000_iter_3","full",3828175,87493,543,83789,0.99356116302234,0.489187421912402,0.538070917129517
"fishash_refit0","moi_10.000000_iter_3","nonzero",300016,68465,543,83789,0.99356116302234,0.550323801016722,0.538070917129517
"fishash_refit10","moi_10.000000_iter_3","full",3828291,87478,427,83804,0.994930607496053,0.489274996788921,3.49941205978394
"fishash_refit10","moi_10.000000_iter_3","nonzero",300132,68450,427,83804,0.994930607496053,0.550422320595846,3.49941205978394
"fishash+_poisson","moi_10.000000_iter_3","full",3826818,63894,1900,107388,0.982614742698192,0.626966055977861,0.914539098739624
"fishash+_poisson","moi_10.000000_iter_3","nonzero",298659,44866,1900,107388,0.982614742698192,0.705321370867104,0.914539098739624
"fishash_poisson_rawd","moi_10.000000_iter_3","full",3828325,88006,393,83276,0.995302919838889,0.486192361135437,0.636204957962036
"fishash_poisson_rawd","moi_10.000000_iter_3","nonzero",300166,68978,393,83276,0.995302919838889,0.546954431410669,0.636204957962036
"fishash+_contingency","moi_10.000000_iter_3","full",3826669,63100,2049,108182,0.981411762571327,0.631601686108289,2.1892409324646
"fishash+_contingency","moi_10.000000_iter_3","nonzero",298510,44072,2049,108182,0.981411762571327,0.710536340588753,2.1892409324646
"fishash_refit0","moi_10.000000_iter_4","full",3828682,87845,702,82771,0.991590095000779,0.485130351198012,0.53854489326477
"fishash_refit0","moi_10.000000_iter_4","nonzero",340358,70065,702,82771,0.991590095000779,0.541567431756916,0.53854489326477
"fishash_refit10","moi_10.000000_iter_4","full",3828911,88342,473,82274,0.994283780680871,0.482217377033807,4.2198851108551
"fishash_refit10","moi_10.000000_iter_4","nonzero",340587,70562,473,82274,0.994283780680871,0.53831558009893,4.2198851108551
"fishash+_poisson","moi_10.000000_iter_4","full",3827264,65065,2120,105551,0.980310389984304,0.618646551319923,1.01314091682434
"fishash+_poisson","moi_10.000000_iter_4","nonzero",338940,47285,2120,105551,0.980310389984304,0.690616085215525,1.01314091682434
"fishash_poisson_rawd","moi_10.000000_iter_4","full",3828940,88843,444,81773,0.994599657005242,0.479280958409528,0.764618873596191
"fishash_poisson_rawd","moi_10.000000_iter_4","nonzero",340616,71063,444,81773,0.994599657005242,0.535037556596613,0.764618873596191
"fishash+_contingency","moi_10.000000_iter_4","full",3827165,64448,2219,106168,0.979527065053927,0.622262859286351,1.40700507164001
"fishash+_contingency","moi_10.000000_iter_4","nonzero",338841,46668,2219,106168,0.979527065053927,0.694653092203408,1.40700507164001
"fishash_refit0","moi_10.000000_iter_5","full",3828022,86764,690,84524,0.991902738986551,0.493461304936715,0.566825151443481
"fishash_refit0","moi_10.000000_iter_5","nonzero",329514,68337,690,84524,0.991902738986551,0.552946794800505,0.566825151443481
"fishash_refit10","moi_10.000000_iter_5","full",3828290,87069,422,84219,0.995014236599284,0.491680678156088,5.12531685829163
"fishash_refit10","moi_10.000000_iter_5","nonzero",329782,68642,422,84219,0.995014236599284,0.550951518045806,5.12531685829163
"fishash+_poisson","moi_10.000000_iter_5","full",3826752,64159,1960,107129,0.982033018911164,0.625432020923824,0.876965999603271
"fishash+_poisson","moi_10.000000_iter_5","nonzero",328244,45732,1960,107129,0.982033018911164,0.700826240833175,0.876965999603271
"fishash_poisson_rawd","moi_10.000000_iter_5","full",3828329,87545,383,83743,0.995447305232627,0.488901732754192,0.721097946166992
"fishash_poisson_rawd","moi_10.000000_iter_5","nonzero",329821,69118,383,83743,0.995447305232627,0.547837577930277,0.721097946166992
"fishash+_contingency","moi_10.000000_iter_5","full",3826676,63549,2036,107739,0.981452971988158,0.628993274485078,2.15474486351013
"fishash+_contingency","moi_10.000000_iter_5","nonzero",328168,45122,2036,107739,0.981452971988158,0.704816794342573,2.15474486351013
"fishash_refit0","moi_10.000000_iter_6","full",3826940,88694,650,83716,0.992295474480241,0.485563482396613,0.572940826416016
"fishash_refit0","moi_10.000000_iter_6","nonzero",338202,70184,650,83716,0.992295474480241,0.543963612735543,0.572940826416016
"fishash_refit10","moi_10.000000_iter_6","full",3827178,89074,412,83336,0.99508047953384,0.483359433907546,3.83745312690735
"fishash_refit10","moi_10.000000_iter_6","nonzero",338440,70564,412,83336,0.99508047953384,0.541494476933073,3.83745312690735
"fishash+_poisson","moi_10.000000_iter_6","full",3825540,66172,2050,106238,0.981069001182033,0.616193956267038,0.912936925888062
"fishash+_poisson","moi_10.000000_iter_6","nonzero",336802,47662,2050,106238,0.981069001182033,0.690305393112411,0.912936925888062
"fishash_poisson_rawd","moi_10.000000_iter_6","full",3827212,89549,378,82861,0.995458859428873,0.480604373296213,0.843990087509155
"fishash_poisson_rawd","moi_10.000000_iter_6","nonzero",338474,71039,378,82861,0.995458859428873,0.538408057179987,0.843990087509155
"fishash+_contingency","moi_10.000000_iter_6","full",3825470,65605,2120,106805,0.980537066789075,0.61948262861783,1.71287894248962
"fishash+_contingency","moi_10.000000_iter_6","nonzero",336732,47095,2120,106805,0.980537066789075,0.693989603638726,1.71287894248962
"fishash_refit0","moi_10.000000_iter_7","full",3828040,88274,676,83010,0.991922185311761,0.484633707760211,0.576514005661011
"fishash_refit0","moi_10.000000_iter_7","nonzero",329311,69898,676,83010,0.991922185311761,0.542875454521673,0.576514005661011
"fishash_refit10","moi_10.000000_iter_7","full",3828268,88667,448,82617,0.994606633359417,0.482339272786717,4.16038584709167
"fishash_refit10","moi_10.000000_iter_7","nonzero",329539,70291,448,82617,0.994606633359417,0.540305281607241,4.16038584709167
"fishash+_poisson","moi_10.000000_iter_7","full",3826720,65126,1996,106158,0.981544834217875,0.619777679176105,0.936686992645264
"fishash+_poisson","moi_10.000000_iter_7","nonzero",327991,46750,1996,106158,0.981544834217875,0.694260601145787,0.936686992645264
"fishash_poisson_rawd","moi_10.000000_iter_7","full",3828297,89197,419,82087,0.994921581460742,0.479244996613811,0.810244083404541
"fishash_poisson_rawd","moi_10.000000_iter_7","nonzero",329568,70821,419,82087,0.994921581460742,0.536839145106862,0.810244083404541
"fishash+_contingency","moi_10.000000_iter_7","full",3826649,64556,2067,106728,0.981000965117882,0.623105485626211,1.69961500167847
"fishash+_contingency","moi_10.000000_iter_7","nonzero",327920,46180,2067,106728,0.981000965117882,0.697988332853742,1.69961500167847
"fishash_refit0","moi_10.000000_iter_8","full",3826670,87698,678,84954,0.992082399103139,0.492053379051502,0.541148900985718
"fishash_refit0","moi_10.000000_iter_8","nonzero",305022,69122,678,84954,0.992082399103139,0.551377242399855,0.541148900985718
"fishash_refit10","moi_10.000000_iter_8","full",3826966,87370,382,85282,0.99554071722077,0.493953154321989,3.50075006484985
"fishash_refit10","moi_10.000000_iter_8","nonzero",305318,68794,382,85282,0.99554071722077,0.553506061943457,3.50075006484985
"fishash+_poisson","moi_10.000000_iter_8","full",3825449,63327,1899,109325,0.982926346831619,0.6332101568473,0.913190126419067
"fishash+_poisson","moi_10.000000_iter_8","nonzero",303801,44751,1899,109325,0.982926346831619,0.709552428671565,0.913190126419067
"fishash_poisson_rawd","moi_10.000000_iter_8","full",3827000,87858,348,84794,0.995912710530643,0.491126659407363,0.707290172576904
"fishash_poisson_rawd","moi_10.000000_iter_8","nonzero",305352,69282,348,84794,0.995912710530643,0.550338793842,0.707290172576904
"fishash+_contingency","moi_10.000000_iter_8","full",3825369,62642,1979,110010,0.982328621561046,0.637177675323773,1.67190599441528
"fishash+_contingency","moi_10.000000_iter_8","nonzero",303721,44066,1979,110010,0.982328621561046,0.71399828655988,1.67190599441528
"fishash_refit0","moi_10.000000_iter_9","full",3827557,88368,642,83433,0.992363960749331,0.485637452634152,0.550518035888672
"fishash_refit0","moi_10.000000_iter_9","nonzero",319261,69633,642,83433,0.992363960749331,0.545078593547881,0.550518035888672
"fishash_refit10","moi_10.000000_iter_9","full",3827760,88451,439,83350,0.994760648772512,0.485154335539374,3.49236011505127
"fishash_refit10","moi_10.000000_iter_9","nonzero",319464,69716,439,83350,0.994760648772512,0.544536343799407,3.49236011505127
"fishash+_poisson","moi_10.000000_iter_9","full",3826233,65028,1966,106773,0.981920010299892,0.621492307960955,0.820945978164673
"fishash+_poisson","moi_10.000000_iter_9","nonzero",317937,46293,1966,106773,0.981920010299892,0.697561836070715,0.820945978164673
"fishash_poisson_rawd","moi_10.000000_iter_9","full",3827800,88956,399,82845,0.995206861755802,0.482214888155482,0.679968118667603
"fishash_poisson_rawd","moi_10.000000_iter_9","nonzero",319504,70221,399,82845,0.995206861755802,0.541237113402062,0.679968118667603
"fishash+_contingency","moi_10.000000_iter_9","full",3826124,64326,2075,107475,0.981058877225011,0.625578430858959,1.4958610534668
"fishash+_contingency","moi_10.000000_iter_9","nonzero",317828,45591,2075,107475,0.981058877225011,0.702148092979499,1.4958610534668
"fishash_refit0","moi_10.000000_iter_10","full",3826995,87259,781,84965,0.990891703403074,0.493340068747677,0.576333999633789
"fishash_refit0","moi_10.000000_iter_10","nonzero",311950,68985,781,84965,0.990891703403074,0.551899967521923,0.576333999633789
"fishash_refit10","moi_10.000000_iter_10","full",3827321,87104,455,85120,0.994683026584867,0.494240059457451,3.91431403160095
"fishash_refit10","moi_10.000000_iter_10","nonzero",312276,68830,455,85120,0.994683026584867,0.552906787918155,3.91431403160095
"fishash+_poisson","moi_10.000000_iter_10","full",3825679,63810,2097,108414,0.981024513396856,0.629494147157191,0.831101179122925
"fishash+_poisson","moi_10.000000_iter_10","nonzero",310634,45536,2097,108414,0.981024513396856,0.704215654433258,0.831101179122925
"fishash_poisson_rawd","moi_10.000000_iter_10","full",3827361,87660,415,84564,0.995116440532367,0.491011705685619,0.799480199813843
"fishash_poisson_rawd","moi_10.000000_iter_10","nonzero",312316,69386,415,84564,0.995116440532367,0.549295225722637,0.799480199813843
"fishash+_contingency","moi_10.000000_iter_10","full",3825601,63132,2175,109092,0.980452425247378,0.633430880713489,1.19850087165833
"fishash+_contingency","moi_10.000000_iter_10","nonzero",310556,44858,2175,109092,0.980452425247378,0.708619681714842,1.19850087165833
