gene_total,gene_n_nonzero,gene
4062,3970,ENSG00000238009
13643,12625,ENSG00000237683
135915,90115,ENSG00000228463
4796,4706,ENSG00000237094
10491,10072,ENSG00000235373
2483,2461,ENSG00000228327
4322,4155,ENSG00000237491
14242,13138,ENSG00000225880
9626,9120,ENSG00000230368
419233,150987,ENSG00000188976
11832,11214,ENSG00000187961
3072,2951,ENSG00000187583
237514,109817,ENSG00000188290
238931,122718,ENSG00000187608
48542,39798,ENSG00000188157
35603,30818,ENSG00000131591
196537,110508,ENSG00000078808
40136,31815,ENSG00000176022
3952,3680,ENSG00000184163
319630,137998,ENSG00000160087
1271,1259,ENSG00000162572
52269,43614,ENSG00000131584
172850,100214,ENSG00000169972
136589,90337,ENSG00000127054
57012,46058,ENSG00000224051
40474,33914,ENSG00000107404
56715,45317,ENSG00000162576
3129413,203159,ENSG00000175756
116799,81478,ENSG00000221978
191394,108899,ENSG00000224870
1331402,192081,ENSG00000242485
5103,4951,ENSG00000272455
11266,10446,ENSG00000179403
1219,1179,ENSG00000215915
190267,93244,ENSG00000160072
229167,105730,ENSG00000197785
1109411,194162,ENSG00000160075
13082,12313,ENSG00000215014
15338,13914,ENSG00000228594
17741,16470,ENSG00000272106
57392,47637,ENSG00000197530
76095,50905,ENSG00000189409
55765,46143,ENSG00000248333
1956,1910,ENSG00000272004
53310,44397,ENSG00000189339
81166,63231,ENSG00000008128
7459,7124,ENSG00000215790
168853,100900,ENSG00000008130
164195,96703,ENSG00000078369
2170,2139,ENSG00000231050
123466,76521,ENSG00000178821
17654,16153,ENSG00000067606
2000,1973,ENSG00000182873
658416,177274,ENSG00000162585
17996,16684,ENSG00000157933
13944,13140,ENSG00000116151
591382,162887,ENSG00000157916
84910,64366,ENSG00000157911
9412,9073,ENSG00000157881
12602,11401,ENSG00000272449
7390,7096,ENSG00000157873
63059,49135,ENSG00000157870
1551,1535,ENSG00000215912
20750,18913,ENSG00000158109
64734,52656,ENSG00000116213
4213,4092,ENSG00000078900
33782,29978,ENSG00000227372
472276,155776,ENSG00000235169
109010,77200,ENSG00000130764
2491,2441,ENSG00000272153
82075,60801,ENSG00000116198
20412,18962,ENSG00000169598
157214,97684,ENSG00000198912
2185,2111,ENSG00000236423
7301,6988,ENSG00000131697
9084,8649,ENSG00000069424
5821911,207242,ENSG00000116251
2919,2848,ENSG00000226944
21382,19518,ENSG00000158286
130875,86091,ENSG00000116237
2051,1849,ENSG00000225077
107796,73673,ENSG00000097021
6556,6355,ENSG00000271746
1451,1356,ENSG00000069812
52003,34034,ENSG00000187017
93042,67679,ENSG00000162408
26764,24298,ENSG00000204859
27929,24664,ENSG00000162413
27124,24364,ENSG00000116273
63855,51584,ENSG00000041988
45408,37960,ENSG00000007923
1204,1198,ENSG00000237436
290894,133845,ENSG00000171735
95488,70916,ENSG00000049245
58628,47799,ENSG00000049246
3223,3152,ENSG00000236266
10466,7779,ENSG00000049249
1750972,198907,ENSG00000116288
13444,10842,ENSG00000116285
61991,50751,ENSG00000142599
2964610,200879,ENSG00000074800
6201,6002,ENSG00000230679
4141,3941,ENSG00000180758
4806,4657,ENSG00000049239
264763,118012,ENSG00000171612
21477,19720,ENSG00000188807
11966,11379,ENSG00000171608
100268,73314,ENSG00000231789
19415,17923,ENSG00000171603
144302,89825,ENSG00000178585
201482,113346,ENSG00000162441
21653,19800,ENSG00000173614
72996,57783,ENSG00000130939
39787,34585,ENSG00000054523
284408,138408,ENSG00000142657
1249,1234,ENSG00000271989
71590,54043,ENSG00000175279
1708,1689,ENSG00000251503
266465,126029,ENSG00000160049
43316,37096,ENSG00000142655
227725,121097,ENSG00000120948
9044,8529,ENSG00000271895
2065975,184682,ENSG00000116649
91564,68436,ENSG00000171824
8031,7644,ENSG00000230337
59712,48338,ENSG00000198793
67913,54421,ENSG00000120942
3904,3656,ENSG00000116661
19320,17645,ENSG00000132879
45043,38235,ENSG00000116663
466858,160773,ENSG00000116670
241592,118857,ENSG00000177674
1114,1104,ENSG00000215910
62948,49870,ENSG00000177000
18729,17312,ENSG00000011021
3279,3202,ENSG00000242349
82615,61637,ENSG00000116685
69876,53685,ENSG00000083444
64456,50829,ENSG00000116688
218336,115382,ENSG00000116691
11446,10631,ENSG00000120949
32713,28231,ENSG00000028137
44633,38143,ENSG00000048707
43063,35361,ENSG00000162496
47542,40630,ENSG00000116731
3070,2931,ENSG00000234593
42627,34291,ENSG00000189337
3478,3127,ENSG00000171729
125250,80381,ENSG00000142634
35783,31228,ENSG00000132906
33377,29708,ENSG00000116138
2721,2687,ENSG00000116771
70668,55284,ENSG00000197312
34643,30584,ENSG00000116786
1337,1273,ENSG00000162458
47502,39875,ENSG00000179743
135917,89040,ENSG00000065526
34180,30072,ENSG00000116809
1729,1669,ENSG00000185519
27046,23701,ENSG00000142632
3362,3310,ENSG00000204377
26861,23749,ENSG00000132881
29997,27031,ENSG00000037637
202161,106387,ENSG00000055070
176351,106683,ENSG00000157191
1736,1716,ENSG00000226029
11960,10931,ENSG00000261135
76447,56760,ENSG00000219481
80016,61776,ENSG00000215908
3428,3378,ENSG00000058453
2909,2835,ENSG00000272426
38514,33632,ENSG00000159363
617754,165336,ENSG00000117118
122418,81332,ENSG00000179051
11797,11171,ENSG00000159423
2997,2917,ENSG00000169991
113067,77446,ENSG00000127481
3741,3550,ENSG00000230424
40020,34595,ENSG00000127463
380474,140317,ENSG00000053372
205229,116785,ENSG00000053371
43310,36715,ENSG00000040487
508857,172766,ENSG00000077549
1683,1650,ENSG00000270136
406897,142377,ENSG00000173436
11682,10869,ENSG00000158747
9134,8744,ENSG00000162542
17467,16293,ENSG00000169914
8478,7926,ENSG00000225986
28318,24571,ENSG00000162543
1411,1357,ENSG00000162545
43590,36899,ENSG00000090432
37123,30856,ENSG00000158828
268546,133819,ENSG00000244038
1959,1931,ENSG00000117245
331300,141512,ENSG00000127483
40537,34729,ENSG00000075151
13680,12314,ENSG00000117298
1797,1779,ENSG00000142794
45690,38495,ENSG00000076864
181294,107417,ENSG00000090686
11244,10564,ENSG00000142798
1464,1438,ENSG00000228397
23155,21242,ENSG00000218510
778635,185207,ENSG00000070831
18070,16814,ENSG00000184677
173066,103871,ENSG00000004487
59721,47657,ENSG00000169641
13402,12632,ENSG00000261326
637189,172310,ENSG00000125944
3267,3225,ENSG00000125945
53751,41909,ENSG00000249087
4585,4477,ENSG00000088280
19662,17500,ENSG00000007968
65927,31817,ENSG00000117318
22525667,207319,ENSG00000142676
179072,97377,ENSG00000011007
94869,68423,ENSG00000236810
276441,125075,ENSG00000057757
164171,98034,ENSG00000011009
247521,110926,ENSG00000117308
62110,47973,ENSG00000117305
46630,39913,ENSG00000179163
10012,9623,ENSG00000189266
110323,78704,ENSG00000188529
24076,21990,ENSG00000001460
38643,33798,ENSG00000001461
1965,1868,ENSG00000117602
517720,164516,ENSG00000133226
58036,46733,ENSG00000169504
3220,3121,ENSG00000020633
241967,125808,ENSG00000117614
278126,136780,ENSG00000117616
2814,2753,ENSG00000272432
25704,22211,ENSG00000187010
454490,166482,ENSG00000183726
50823,41115,ENSG00000188672
89988,66426,ENSG00000204178
45390,38651,ENSG00000157978
1751,1724,ENSG00000225643
22218,20168,ENSG00000162430
130073,89465,ENSG00000117640
1433,1423,ENSG00000223474
59458,47968,ENSG00000127423
6055,5718,ENSG00000182749
1994233,194895,ENSG00000117632
20077,18437,ENSG00000158006
37416,32697,ENSG00000175087
7689,7386,ENSG00000197245
918062,178081,ENSG00000142684
2626,2558,ENSG00000142675
55574,44519,ENSG00000130695
1412400,185566,ENSG00000142669
47159,38937,ENSG00000158062
47796,34067,ENSG00000169442
25133,22187,ENSG00000176092
85656,51256,ENSG00000131914
54901,45832,ENSG00000117682
3370225,202984,ENSG00000198830
16637,15524,ENSG00000117676
128214,85893,ENSG00000117713
24465,22388,ENSG00000060642
15668,14688,ENSG00000204160
2937,2804,ENSG00000175793
60720,49461,ENSG00000142751
28539,25532,ENSG00000198746
992182,182159,ENSG00000090273
18934,17631,ENSG00000175707
1767,1712,ENSG00000253368
7424,7137,ENSG00000090020
29019,26349,ENSG00000142784
78244,60414,ENSG00000186501
2817,2636,ENSG00000142765
3268,3211,ENSG00000142733
2548,2478,ENSG00000174950
13055,12024,ENSG00000181773
503246,165411,ENSG00000158195
2322,2281,ENSG00000237429
19195,17505,ENSG00000126705
13912,12551,ENSG00000126709
34170,29840,ENSG00000009780
56402,46610,ENSG00000117758
130617,89794,ENSG00000117751
10111,9576,ENSG00000130775
242622,125226,ENSG00000117748
5546,5377,ENSG00000130768
41389,34748,ENSG00000158161
1411,1296,ENSG00000169403
483405,169894,ENSG00000126698
1306281,195511,ENSG00000130770
6440,6236,ENSG00000270605
58329,40653,ENSG00000130766
23765,21960,ENSG00000130772
55875,45636,ENSG00000204138
206944,113007,ENSG00000180198
84536,65341,ENSG00000180098
58430,43396,ENSG00000197989
267221,133441,ENSG00000120656
26808,24188,ENSG00000162419
241042,125605,ENSG00000198492
370801,152157,ENSG00000159023
285522,131171,ENSG00000116350
100783,72559,ENSG00000116353
1269,1253,ENSG00000162510
9210,8778,ENSG00000186056
2292,1995,ENSG00000162511
17134,15859,ENSG00000162512
98145,73577,ENSG00000134644
330539,143981,ENSG00000060688
253101,125433,ENSG00000121766
17500,15307,ENSG00000168528
6192,5540,ENSG00000142910
146698,93937,ENSG00000162517
2497,2232,ENSG00000134668
1484331,194888,ENSG00000184007
523538,175136,ENSG00000121774
1918,1900,ENSG00000203325
42444,36930,ENSG00000121775
103219,75069,ENSG00000025800
66906,53313,ENSG00000084652
202932,111608,ENSG00000160050
15691,14842,ENSG00000160051
39807,34172,ENSG00000160055
1215356,196748,ENSG00000084623
200362,113251,ENSG00000116478
1036735,181231,ENSG00000175130
4289,4202,ENSG00000162526
9057,8698,ENSG00000225828
126369,87431,ENSG00000160058
2804,2689,ENSG00000160062
172445,104989,ENSG00000176261
282735,140143,ENSG00000162521
33728,30158,ENSG00000162520
49309,40319,ENSG00000162522
296012,135175,ENSG00000134684
56591,47041,ENSG00000116497
1140,1120,ENSG00000160097
162216,94117,ENSG00000121900
7595,7359,ENSG00000116514
696491,164826,ENSG00000004455
2420,2357,ENSG00000142920
1885,1864,ENSG00000116525
1591,1564,ENSG00000160094
32466,28476,ENSG00000134686
2370,2340,ENSG00000233246
4543,4457,ENSG00000121903
383982,142656,ENSG00000163866
19942,18617,ENSG00000163867
29551,25431,ENSG00000197056
984333,192657,ENSG00000116560
142018,90362,ENSG00000146463
44404,38256,ENSG00000142687
21124,19488,ENSG00000020129
800918,185076,ENSG00000126067
37294,32815,ENSG00000142686
194568,102401,ENSG00000092853
9422,8998,ENSG00000134698
69110,53600,ENSG00000092847
79960,62155,ENSG00000126070
85382,63541,ENSG00000116863
470262,165232,ENSG00000054116
58834,47352,ENSG00000116871
422278,158730,ENSG00000054118
22008,18813,ENSG00000142694
1318,1303,ENSG00000116883
110099,76559,ENSG00000196182
496857,157961,ENSG00000181817
1002327,188502,ENSG00000116898
1839,1755,ENSG00000119535
3760,3683,ENSG00000233621
17691,16350,ENSG00000163874
364117,156588,ENSG00000163875
17410,16179,ENSG00000163877
297707,133573,ENSG00000134697
85711,63082,ENSG00000116922
132226,72527,ENSG00000134690
22999,20546,ENSG00000185090
287940,117571,ENSG00000196449
529258,162729,ENSG00000197982
32014,28418,ENSG00000188786
18539,17421,ENSG00000204084
198759,109806,ENSG00000183431
215282,116153,ENSG00000183386
249070,121516,ENSG00000183520
1567,1500,ENSG00000185668
95373,62893,ENSG00000116954
8764,8039,ENSG00000228436
173196,102794,ENSG00000214114
347893,147077,ENSG00000174574
1671493,200647,ENSG00000168653
120032,80237,ENSG00000127603
4615,4521,ENSG00000255103
1877,1858,ENSG00000182109
404671,155949,ENSG00000090621
270953,134728,ENSG00000084072
2090,2059,ENSG00000116985
2143,2112,ENSG00000198754
12664,12034,ENSG00000261798
95282,70810,ENSG00000043514
11914,11088,ENSG00000116990
359098,148576,ENSG00000131236
188089,113631,ENSG00000131238
71740,55688,ENSG00000117000
47838,40383,ENSG00000259943
72805,55431,ENSG00000084073
303887,129455,ENSG00000084070
14259,13335,ENSG00000187801
8456,8208,ENSG00000187815
8264,7933,ENSG00000117010
3619,3539,ENSG00000117016
9439,9019,ENSG00000272145
102774,75419,ENSG00000066136
4087,3990,ENSG00000117013
10308,9146,ENSG00000179862
101773,71616,ENSG00000171793
40370,35118,ENSG00000010803
1965,1942,ENSG00000235358
1726,1686,ENSG00000127124
31284,27934,ENSG00000198815
44814,38430,ENSG00000127125
2608,2040,ENSG00000186409
377912,148416,ENSG00000171960
9633551,206917,ENSG00000065978
31103,28071,ENSG00000117385
128401,86669,ENSG00000164008
432573,163646,ENSG00000177868
130252,86803,ENSG00000164010
3846,3739,ENSG00000228192
24733,22752,ENSG00000164011
201722,108632,ENSG00000117394
67859,48310,ENSG00000227533
1046237,173756,ENSG00000117395
1278,1231,ENSG00000066056
5464,5208,ENSG00000234694
365429,104852,ENSG00000117399
137973,91254,ENSG00000066322
218630,118215,ENSG00000159479
21661,20041,ENSG00000198198
15787,14618,ENSG00000178922
36242,31420,ENSG00000142949
13085,12376,ENSG00000066135
22855,20924,ENSG00000236200
17585,16372,ENSG00000126091
15130,14141,ENSG00000237950
21287,19717,ENSG00000117408
140955,85082,ENSG00000132768
1226380,188911,ENSG00000117410
58849,46684,ENSG00000117411
13818,12976,ENSG00000159214
20063,17757,ENSG00000196517
3980,3827,ENSG00000230615
81270,62536,ENSG00000178028
223657,117546,ENSG00000117419
71355,56055,ENSG00000187147
16978,15751,ENSG00000126106
144002,79544,ENSG00000142945
21486980,207320,ENSG00000142937
13349,12167,ENSG00000173846
3771,3534,ENSG00000117425
160306,93970,ENSG00000070785
27826,25110,ENSG00000126107
1243778,195841,ENSG00000126088
2123,2022,ENSG00000162415
44860,38474,ENSG00000132781
50221,41131,ENSG00000132773
3090,3009,ENSG00000070759
8917,8275,ENSG00000236624
11433,10912,ENSG00000132763
2245736,204333,ENSG00000117450
226004,124750,ENSG00000117448
415254,153581,ENSG00000132780
1131,1114,ENSG00000159588
125612,87282,ENSG00000159592
179179,110677,ENSG00000159596
19984,18537,ENSG00000197429
24459,22355,ENSG00000086015
14637,13461,ENSG00000117461
49688,42003,ENSG00000085998
1173,1155,ENSG00000171357
40732,34557,ENSG00000085999
73042,58504,ENSG00000132128
7707878,207245,ENSG00000173660
45274,39268,ENSG00000117481
1164,1152,ENSG00000117480
2320,2231,ENSG00000225667
13498,12425,ENSG00000197587
73604,58015,ENSG00000079277
6916,6733,ENSG00000142961
102151,74909,ENSG00000123472
112678,80479,ENSG00000159658
12903,11901,ENSG00000224805
2189,2003,ENSG00000162366
82969,63217,ENSG00000162367
1347,1305,ENSG00000226252
41974,34932,ENSG00000123473
256003,134375,ENSG00000162368
17967,16585,ENSG00000237424
1394,1382,ENSG00000186564
121780,81139,ENSG00000185104
156591,99267,ENSG00000123080
69389,55458,ENSG00000123091
101063,73513,ENSG00000085832
9354,8570,ENSG00000227070
293726,141081,ENSG00000117859
404066,154859,ENSG00000078618
169740,102445,ENSG00000117862
61171,49783,ENSG00000198841
390369,161433,ENSG00000134717
16599,15564,ENSG00000157077
13844,13130,ENSG00000154222
53946,44867,ENSG00000085840
281255,137601,ENSG00000134748
113308,80693,ENSG00000134744
139856,89885,ENSG00000162377
33715,30068,ENSG00000162378
11071,10605,ENSG00000203995
287139,144071,ENSG00000116171
26457,24050,ENSG00000157184
122284,85961,ENSG00000162384
1211,1192,ENSG00000259818
444922,163681,ENSG00000162385
2054,2024,ENSG00000226754
2608,2551,ENSG00000270172
18048,16428,ENSG00000157193
63874,50899,ENSG00000058804
45790,39534,ENSG00000058799
480191,159718,ENSG00000081870
75829,59883,ENSG00000116212
381792,158986,ENSG00000116209
14629,13781,ENSG00000116205
8333,8049,ENSG00000248835
39953,34365,ENSG00000215883
596445,173278,ENSG00000116221
91290,67434,ENSG00000157216
14394,13576,ENSG00000243725
23379,21586,ENSG00000162396
103810,66754,ENSG00000116133
2471,2435,ENSG00000233203
4555,4290,ENSG00000169174
46502,39084,ENSG00000162402
37820,33459,ENSG00000162600
30949,27739,ENSG00000162601
72462,37348,ENSG00000177606
8307,7834,ENSG00000172456
3867,3799,ENSG00000226476
60268,48159,ENSG00000162599
95703,71848,ENSG00000162604
225205,118847,ENSG00000162607
12017,11420,ENSG00000116641
23980,22108,ENSG00000125703
8619,7996,ENSG00000230798
20564,19116,ENSG00000088035
165230,104580,ENSG00000142856
7028,6835,ENSG00000203965
4294,4180,ENSG00000116652
3389,3254,ENSG00000162437
121014,82530,ENSG00000162434
123283,84535,ENSG00000162433
32015,28116,ENSG00000116675
94607,68941,ENSG00000116678
288133,139819,ENSG00000213625
3382,3279,ENSG00000152763
77855,61072,ENSG00000198160
9480,9148,ENSG00000116704
1631731,198678,ENSG00000142864
290564,128424,ENSG00000116717
3507,3185,ENSG00000172380
2873,2658,ENSG00000162595
63503,42891,ENSG00000024526
23974,21971,ENSG00000066557
476030,165833,ENSG00000116754
23613,21623,ENSG00000118454
47221,39639,ENSG00000197568
23019,18498,ENSG00000116761
73249,55396,ENSG00000050628
233063,124742,ENSG00000132485
3940,3833,ENSG00000162620
17803,16699,ENSG00000254685
84899,62367,ENSG00000116791
286786,137344,ENSG00000162623
5710,5544,ENSG00000137968
157844,101505,ENSG00000117054
193313,107587,ENSG00000137955
34700,30708,ENSG00000142892
46574,39818,ENSG00000036549
48869,41829,ENSG00000077254
9592,9199,ENSG00000180488
192515,112364,ENSG00000162613
28152,24790,ENSG00000162616
8840,7468,ENSG00000273338
6166,5803,ENSG00000137941
46630,38802,ENSG00000271576
6332,6073,ENSG00000142875
2457,2347,ENSG00000203943
110715,77660,ENSG00000117133
1368272,199574,ENSG00000174021
46512,39083,ENSG00000117151
202917,114889,ENSG00000117155
25992,23459,ENSG00000097096
135534,89703,ENSG00000162642
34419,30337,ENSG00000142867
2884,2754,ENSG00000142871
34265,30134,ENSG00000117174
20022,18531,ENSG00000122417
3143,3091,ENSG00000261737
172237,104738,ENSG00000097033
289487,138675,ENSG00000183291
59800,49410,ENSG00000153936
117099,81149,ENSG00000143013
50635,42847,ENSG00000065243
61021,48699,ENSG00000137947
26773,24447,ENSG00000137944
31373,28168,ENSG00000213516
2371,1914,ENSG00000162645
2063,2004,ENSG00000162654
22230,20404,ENSG00000197147
2063,2038,ENSG00000231999
8543,8225,ENSG00000171488
23005,19804,ENSG00000272931
29666,26609,ENSG00000171492
131780,84310,ENSG00000162664
90567,67220,ENSG00000233593
76202,60311,ENSG00000122482
2012,1988,ENSG00000162669
34230,30403,ENSG00000097046
32016,27787,ENSG00000069702
3136,3077,ENSG00000189195
2648,2580,ENSG00000069712
45108,38695,ENSG00000174842
55528,45679,ENSG00000122484
45600,38825,ENSG00000067208
9405510,207254,ENSG00000122406
6487,6244,ENSG00000154511
133010,89599,ENSG00000143033
98711,72116,ENSG00000117500
37027,31875,ENSG00000122483
159806,100697,ENSG00000117505
33530,29518,ENSG00000137942
31579,27306,ENSG00000137936
117150,79674,ENSG00000067334
226463,119095,ENSG00000023909
19253,18017,ENSG00000117528
34981,29956,ENSG00000172339
146518,91393,ENSG00000152078
5554,5416,ENSG00000122481
9154,8733,ENSG00000117569
32289,27559,ENSG00000099260
13428,12823,ENSG00000156869
61424,50653,ENSG00000162688
2005,1981,ENSG00000228084
41576,36316,ENSG00000117620
37159,32858,ENSG00000156875
58200,47217,ENSG00000156876
67734,55151,ENSG00000122435
24760,22762,ENSG00000137992
119094,83234,ENSG00000137996
21640,19932,ENSG00000079335
31628,28343,ENSG00000162694
2826,2768,ENSG00000273204
21129,19589,ENSG00000162695
121300,84127,ENSG00000117543
1712,1705,ENSG00000269175
16861,15371,ENSG00000233184
25307,23181,ENSG00000185946
74084,57579,ENSG00000198890
81859,62683,ENSG00000085491
3600,3514,ENSG00000260879
32193,28259,ENSG00000162636
271272,133374,ENSG00000134186
72276,57256,ENSG00000116266
81943,55518,ENSG00000121957
80095,62406,ENSG00000121940
6576,6317,ENSG00000085433
54907,43809,ENSG00000197780
14474,13028,ENSG00000273382
138360,90198,ENSG00000215717
5254,4963,ENSG00000116299
476180,168646,ENSG00000031698
21862,20035,ENSG00000143126
123139,64144,ENSG00000134222
16203,13847,ENSG00000221986
133700,87586,ENSG00000134243
936128,194965,ENSG00000143106
7251,7030,ENSG00000162650
10419,10025,ENSG00000174151
1098,1091,ENSG00000181754
240451,127139,ENSG00000065135
25059,22744,ENSG00000116337
64311,52048,ENSG00000168765
1546,1527,ENSG00000213366
50276,40714,ENSG00000134202
8346,7051,ENSG00000184371
144036,94954,ENSG00000168710
32404,29292,ENSG00000143093
5739,5619,ENSG00000258634
5151,4996,ENSG00000116396
5571,5388,ENSG00000227963
42537,36591,ENSG00000162775
19581,18265,ENSG00000168679
19844,18184,ENSG00000273373
27867,24516,ENSG00000224699
1531766,202697,ENSG00000134248
89993,58950,ENSG00000143119
266199,129911,ENSG00000121931
7160,6883,ENSG00000273010
262031,130995,ENSG00000156171
57211,48335,ENSG00000134255
1308,1274,ENSG00000085465
375414,135234,ENSG00000116455
1145339,197410,ENSG00000116459
3751,3278,ENSG00000143110
278371,137416,ENSG00000116473
3269,3170,ENSG00000197852
46878,39941,ENSG00000064703
11302,10686,ENSG00000143079
3095,3038,ENSG00000134245
98973,72839,ENSG00000007341
742913,187174,ENSG00000116489
62771,51635,ENSG00000155363
1597,1527,ENSG00000225075
1010717,193256,ENSG00000155366
12169,11515,ENSG00000155367
160283,101182,ENSG00000155380
38591,33475,ENSG00000226419
1814,1782,ENSG00000238198
34088,30392,ENSG00000198799
49198,40282,ENSG00000081026
62945,50832,ENSG00000116793
112095,79761,ENSG00000081019
1921,1779,ENSG00000188761
15639,14691,ENSG00000134262
58379,48549,ENSG00000118655
13637,12609,ENSG00000235527
61288,50391,ENSG00000163349
159648,101696,ENSG00000197323
225687,122955,ENSG00000116752
1437,1384,ENSG00000175984
263827,135819,ENSG00000213281
767551,188983,ENSG00000009307
364398,152956,ENSG00000052723
29011,26136,ENSG00000173218
1249,1232,ENSG00000163393
378457,151993,ENSG00000163399
62731,50203,ENSG00000116815
8634,8292,ENSG00000143061
1459,1438,ENSG00000272715
17937,16638,ENSG00000134247
1866,1838,ENSG00000236137
153308,96998,ENSG00000116830
3435,3380,ENSG00000134253
2880,2835,ENSG00000271427
149512,98928,ENSG00000198162
50995,42116,ENSG00000183508
35615,31741,ENSG00000196505
118122,77004,ENSG00000065183
47329,40593,ENSG00000116874
8349,8075,ENSG00000231365
3014,2918,ENSG00000143067
226528,99840,ENSG00000092621
2325,2264,ENSG00000134250
5143,5035,ENSG00000236933
50166,39593,ENSG00000188610
37153,32042,ENSG00000269996
48169,41191,ENSG00000230880
6531,6258,ENSG00000203849
112916,81214,ENSG00000234978
2027,1979,ENSG00000232274
64505,52509,ENSG00000230850
23387,21362,ENSG00000232336
6607,6414,ENSG00000225278
4074,4013,ENSG00000242569
34447,30851,ENSG00000185044
3265,3183,ENSG00000238261
1924,1912,ENSG00000236334
42483,34115,ENSG00000215784
22691,20005,ENSG00000231360
15755,14788,ENSG00000236943
2546,2511,ENSG00000168614
1634,1622,ENSG00000254539
1160402,187224,ENSG00000178104
5051,4928,ENSG00000268172
12045,11413,ENSG00000213240
27290,22688,ENSG00000163386
2055,2030,ENSG00000233396
17392,14717,ENSG00000168509
1091240,191762,ENSG00000117289
403931,161613,ENSG00000121851
2535,2499,ENSG00000181039
1817,1792,ENSG00000234222
77486,59925,ENSG00000152022
1271909,192383,ENSG00000131795
54375,45424,ENSG00000131779
20009,18526,ENSG00000131788
22106,20304,ENSG00000186364
45425,38187,ENSG00000186141
134551,91131,ENSG00000121848
36283,31887,ENSG00000117262
3461,3391,ENSG00000152042
4541,4455,ENSG00000186275
24221,21855,ENSG00000131791
2078,2049,ENSG00000237188
105941,76051,ENSG00000131778
8356,8098,ENSG00000116128
3011,2856,ENSG00000232265
2956,2173,ENSG00000231196
4959,4767,ENSG00000203832
1549,1539,ENSG00000243452
87242,65412,ENSG00000232527
2021,1981,ENSG00000235999
41224,33391,ENSG00000203817
15241,14099,ENSG00000269614
91226,66243,ENSG00000229801
1228,1167,ENSG00000203814
14402,13151,ENSG00000264207
26865,18042,ENSG00000183558
10267,9594,ENSG00000272993
56367,36967,ENSG00000184678
212226,74283,ENSG00000184260
1255,1216,ENSG00000178096
1649,1588,ENSG00000159164
174149,103958,ENSG00000143368
35232,31145,ENSG00000163113
34371,30403,ENSG00000136631
8098,6998,ENSG00000023902
205002,107950,ENSG00000143401
270824,134736,ENSG00000117362
5249,4928,ENSG00000118292
823327,188425,ENSG00000187145
49194,40748,ENSG00000117360
36865,32660,ENSG00000163125
41909,36695,ENSG00000143374
10959,9497,ENSG00000143369
3403,3314,ENSG00000228126
46588,38970,ENSG00000143382
111164,74406,ENSG00000143384
806394,185759,ENSG00000143420
30838,27515,ENSG00000143457
2219,1997,ENSG00000163131
39731,35101,ENSG00000143437
35342,31509,ENSG00000143379
167799,104510,ENSG00000143418
3920,3826,ENSG00000143412
5544,5404,ENSG00000143409
23710,21748,ENSG00000143363
34118,28375,ENSG00000143443
121754,78201,ENSG00000197622
63429,44027,ENSG00000213190
34385,29833,ENSG00000143458
2786,2746,ENSG00000143434
157769,101173,ENSG00000163156
4786,4600,ENSG00000163155
129287,89246,ENSG00000163159
15923,14899,ENSG00000143398
607401,181825,ENSG00000159352
15985,14915,ENSG00000232671
14921,14226,ENSG00000143373
53326,44867,ENSG00000143393
24872,22692,ENSG00000143390
4636,4507,ENSG00000237976
77876,56735,ENSG00000143416
340346,153077,ENSG00000159377
55332,46343,ENSG00000143442
6148,5650,ENSG00000143367
40202,35163,ENSG00000143376
422034,159146,ENSG00000143436
4326,4217,ENSG00000143450
12070,11553,ENSG00000182134
4126,3980,ENSG00000203288
163458,100065,ENSG00000159445
40822,21810,ENSG00000197747
929390,157798,ENSG00000163191
21904,6361,ENSG00000163216
22227,17487,ENSG00000244094
9311,2002,ENSG00000203783
11628,9102,ENSG00000163218
188342,99256,ENSG00000197956
43763,32578,ENSG00000196154
1364,1301,ENSG00000188015
31058,20506,ENSG00000188643
8335,7093,ENSG00000189334
251241,125420,ENSG00000189171
56340,39827,ENSG00000160678
4076,3998,ENSG00000272030
293040,140769,ENSG00000160679
166949,103346,ENSG00000143553
629449,172849,ENSG00000143621
34291,30533,ENSG00000143624
2688,2632,ENSG00000143554
35938,31709,ENSG00000143614
32760,29170,ENSG00000198837
15153,14187,ENSG00000160741
143144,91339,ENSG00000143570
14672,13756,ENSG00000143578
1730623,199954,ENSG00000143543
7303,7117,ENSG00000272654
581952,176622,ENSG00000143545
14413938,207319,ENSG00000177954
790137,188023,ENSG00000143549
801377,189027,ENSG00000143612
162421,102507,ENSG00000143569
821541,188923,ENSG00000143575
35118,26330,ENSG00000143595
14925,14008,ENSG00000143515
3363,2554,ENSG00000160712
131855,84437,ENSG00000160714
148651,98263,ENSG00000160710
285773,134200,ENSG00000163344
7752,7430,ENSG00000163346
33637,30149,ENSG00000163348
11414,10848,ENSG00000271380
52274,43753,ENSG00000160691
1814619,183320,ENSG00000173207
146247,93730,ENSG00000160688
39030,34030,ENSG00000160685
7044,6822,ENSG00000232093
40822,35023,ENSG00000143537
23799,21526,ENSG00000243364
32374,27656,ENSG00000143590
4862,4294,ENSG00000169242
162058,100754,ENSG00000169241
88237,64822,ENSG00000179085
377337,148277,ENSG00000163463
45593,36559,ENSG00000185499
2225,2192,ENSG00000169231
1561,1536,ENSG00000231064
287633,134831,ENSG00000173171
15944,14868,ENSG00000177628
53661,44625,ENSG00000160767
124069,82752,ENSG00000116521
27372,24940,ENSG00000176444
6724,6516,ENSG00000143630
84735,61404,ENSG00000143627
451298,159387,ENSG00000160752
2098,2078,ENSG00000225855
86941,65727,ENSG00000160753
130786,88251,ENSG00000116539
54099,43660,ENSG00000125459
74323,58861,ENSG00000163374
546297,176414,ENSG00000132676
80332,62675,ENSG00000116580
54563,43920,ENSG00000143622
160520,101929,ENSG00000132680
65238,51623,ENSG00000116584
8716,8140,ENSG00000273002
800077,190641,ENSG00000163479
65610,52407,ENSG00000160803
423707,161460,ENSG00000116586
10182,9523,ENSG00000254726
449038,154448,ENSG00000160789
2394,2374,ENSG00000196189
19317,17958,ENSG00000160785
191204,108818,ENSG00000160783
1403,1394,ENSG00000242252
1790,1764,ENSG00000160781
38192,33053,ENSG00000198952
22536,20447,ENSG00000163472
71507,56371,ENSG00000198715
1171260,196511,ENSG00000163468
10270,9741,ENSG00000163467
60200,44192,ENSG00000125462
7962,7685,ENSG00000116604
6893,6592,ENSG00000183856
509639,165544,ENSG00000163382
479350,145637,ENSG00000160818
7778,7240,ENSG00000272971
10875,10123,ENSG00000132702
7458,7079,ENSG00000272068
21444,18960,ENSG00000272405
11433,10150,ENSG00000132688
2658,2504,ENSG00000143320
142990,91985,ENSG00000143319
60085,49828,ENSG00000143303
217608,118384,ENSG00000143314
512792,160545,ENSG00000143321
180523,106576,ENSG00000143294
54691,44567,ENSG00000027869
36231,29324,ENSG00000198400
32067,27390,ENSG00000187800
5138,5038,ENSG00000132694
13341,12618,ENSG00000117036
17656,15985,ENSG00000271736
52990,42478,ENSG00000163554
9480,6401,ENSG00000163565
7950,7496,ENSG00000213088
421706,154404,ENSG00000158716
2259,2163,ENSG00000213085
1490946,199179,ENSG00000158710
29488,26569,ENSG00000143315
12867,12159,ENSG00000162729
78760,57630,ENSG00000162734
35420,31353,ENSG00000132716
1219,1209,ENSG00000228606
63731,51631,ENSG00000162735
102403,74671,ENSG00000122218
44131,38460,ENSG00000162736
2528,2477,ENSG00000162738
3064,2836,ENSG00000066294
73360,58467,ENSG00000158769
5453,5336,ENSG00000158773
1159955,192034,ENSG00000143256
50527,42949,ENSG00000158793
35492,31525,ENSG00000158796
605492,184183,ENSG00000143222
12877,12338,ENSG00000143258
138333,91355,ENSG00000143224
184412,106667,ENSG00000158850
257246,129461,ENSG00000158864
20624,18937,ENSG00000158882
10995,10099,ENSG00000158887
540798,174202,ENSG00000143252
4600,4505,ENSG00000235477
28853,22817,ENSG00000143226
15314,14115,ENSG00000162746
148451,95573,ENSG00000081721
110984,78912,ENSG00000118217
120628,83896,ENSG00000152332
231044,123658,ENSG00000117143
4024,3814,ENSG00000162733
31513,27513,ENSG00000132196
1598,1548,ENSG00000143248
10204,9527,ENSG00000232995
134789,75566,ENSG00000143228
5357,4447,ENSG00000185630
548301,175404,ENSG00000143198
63167,51932,ENSG00000143149
523034,172252,ENSG00000143183
1966,1947,ENSG00000224358
199020,110002,ENSG00000143179
4763,4594,ENSG00000188859
8701,7990,ENSG00000234142
67503,53081,ENSG00000143157
19365,18146,ENSG00000152382
13087,12195,ENSG00000272205
47566,39215,ENSG00000143190
799769,188074,ENSG00000143162
7168,6711,ENSG00000241666
192974,100700,ENSG00000198771
225528,117764,ENSG00000197965
1599,1565,ENSG00000143199
1148,1131,ENSG00000232194
1330513,191524,ENSG00000143158
116833,83062,ENSG00000143164
1242,1213,ENSG00000143147
275774,133775,ENSG00000143155
57937,47754,ENSG00000213064
8596,8162,ENSG00000143178
4492,4233,ENSG00000143153
44240,37529,ENSG00000143156
44704,38116,ENSG00000117475
15522,14546,ENSG00000117479
55455,45789,ENSG00000000460
40319,35562,ENSG00000171806
11688,11177,ENSG00000000457
27735,24925,ENSG00000075945
11253,10488,ENSG00000120370
770430,184014,ENSG00000117523
111178,78940,ENSG00000117533
89892,66192,ENSG00000010165
125553,86632,ENSG00000135845
37534,32221,ENSG00000094975
8101,7816,ENSG00000203739
1755725,205144,ENSG00000117592
2677,2339,ENSG00000183831
41171,36194,ENSG00000076321
92785,66858,ENSG00000120334
49051,41795,ENSG00000117593
36494,32005,ENSG00000185278
1275,1158,ENSG00000117601
37318,33071,ENSG00000135870
1768,1742,ENSG00000227373
30839,27473,ENSG00000152061
1435287,193175,ENSG00000116161
477913,164792,ENSG00000120333
1841,1627,ENSG00000235750
99893,74267,ENSG00000143207
6684,6340,ENSG00000116191
105457,76590,ENSG00000116199
161214,95298,ENSG00000186283
68396,54059,ENSG00000143322
34157,30062,ENSG00000057252
233860,118672,ENSG00000169905
11665,10829,ENSG00000272906
52574,44143,ENSG00000143337
2502,2432,ENSG00000260360
222287,120111,ENSG00000135837
19968,18390,ENSG00000116260
10224,9779,ENSG00000230124
360960,150488,ENSG00000135847
70844,56690,ENSG00000143324
1318,1295,ENSG00000135835
1600,1589,ENSG00000243155
4091,3996,ENSG00000232586
46829,40071,ENSG00000135823
28016,25085,ENSG00000153029
61527,46853,ENSG00000162783
639494,176768,ENSG00000135821
8763,8348,ENSG00000135828
17697,14984,ENSG00000143333
69360,54206,ENSG00000135838
313471,136247,ENSG00000135829
91216,68417,ENSG00000116698
534165,173888,ENSG00000162704
29075,24174,ENSG00000198756
270338,133949,ENSG00000198860
49906,42207,ENSG00000116406
21079,16721,ENSG00000135842
94739,71778,ENSG00000121481
65317,52995,ENSG00000121486
12857,12013,ENSG00000116668
108381,76137,ENSG00000116679
1629,1601,ENSG00000273004
1371,1278,ENSG00000143341
540986,170879,ENSG00000047410
100595,73125,ENSG00000157181
4869,4689,ENSG00000116711
1285,1277,ENSG00000236030
12223,11618,ENSG00000231599
5072,4954,ENSG00000272827
3404,2822,ENSG00000116741
302696,131310,ENSG00000116750
275106,136038,ENSG00000116747
3247,3129,ENSG00000272579
327841,131104,ENSG00000023572
155002,97737,ENSG00000134371
2559,2501,ENSG00000162687
41620,31008,ENSG00000000971
2845,2764,ENSG00000116785
299336,109138,ENSG00000066279
20140,18385,ENSG00000177888
1355,1324,ENSG00000134376
29910,26819,ENSG00000213047
17245,15844,ENSG00000203724
25391,22786,ENSG00000151414
42949,32497,ENSG00000081237
106609,77363,ENSG00000162702
104134,62523,ENSG00000118193
26253,23896,ENSG00000118197
8917,7968,ENSG00000260088
4806,4347,ENSG00000118200
8509,7930,ENSG00000116852
191094,114575,ENSG00000116857
1726,1621,ENSG00000159176
5785,5322,ENSG00000134369
8035,7728,ENSG00000231871
80630,62588,ENSG00000198700
4431,4143,ENSG00000198892
1410,1371,ENSG00000163431
833034,178537,ENSG00000134375
76286,58725,ENSG00000176393
7691,5206,ENSG00000163435
21212,18819,ENSG00000143862
1609,1277,ENSG00000143851
374441,142361,ENSG00000077152
27469,24927,ENSG00000077157
163457,99061,ENSG00000117139
19996,17909,ENSG00000228288
129688,85670,ENSG00000183155
82234,64072,ENSG00000117153
562872,177803,ENSG00000159346
96707,70850,ENSG00000159348
525838,166483,ENSG00000163444
4166,3988,ENSG00000143847
1740,1659,ENSG00000233791
157310,83029,ENSG00000159388
12142,11339,ENSG00000058668
148297,96743,ENSG00000058673
26750,24292,ENSG00000257315
1847898,202896,ENSG00000182004
4671,4454,ENSG00000143845
60752,49579,ENSG00000158615
2259,2202,ENSG00000133056
126899,87416,ENSG00000198625
5234,5076,ENSG00000174529
75157,59288,ENSG00000117222
32974,29180,ENSG00000133059
1977,1914,ENSG00000133069
1829,1696,ENSG00000162873
1220,1145,ENSG00000117266
42333,36612,ENSG00000158711
10717,10097,ENSG00000158715
1134717,190388,ENSG00000069275
97615,69436,ENSG00000117280
38311,32805,ENSG00000133065
2802,2770,ENSG00000229874
60301,45175,ENSG00000196550
1351,1116,ENSG00000196188
41085,35288,ENSG00000163486
7288,6562,ENSG00000143466
23338,20579,ENSG00000136653
206491,119204,ENSG00000143486
1169,1112,ENSG00000237605
35024,30935,ENSG00000143479
101222,71487,ENSG00000162889
7231,6771,ENSG00000182795
109575,77107,ENSG00000180667
25649,23029,ENSG00000123836
165886,101014,ENSG00000196352
2912,2821,ENSG00000117322
2115,2039,ENSG00000203710
85945,62708,ENSG00000197721
151026,98750,ENSG00000117335
1318,1242,ENSG00000076356
61467,20374,ENSG00000123689
9224,8916,ENSG00000162757
41912,36337,ENSG00000117597
81917,63229,ENSG00000117625
11832,10863,ENSG00000082512
1351,1347,ENSG00000261252
40771,34438,ENSG00000170385
130377,71180,ENSG00000117650
85609,64602,ENSG00000123684
42384,36709,ENSG00000143493
71799,54641,ENSG00000143476
113245,79437,ENSG00000066027
18581,17185,ENSG00000065600
1054129,195316,ENSG00000117691
44285,24389,ENSG00000162772
15627,12783,ENSG00000123685
199576,117488,ENSG00000117697
106957,77584,ENSG00000203705
50232,41448,ENSG00000198468
52733,44117,ENSG00000162769
37210,33071,ENSG00000174606
40336,35260,ENSG00000136643
21217,18629,ENSG00000117707
107168,76287,ENSG00000143499
566767,141442,ENSG00000117724
79269,60903,ENSG00000136636
42112,36296,ENSG00000092978
193480,106716,ENSG00000067533
212332,120053,ENSG00000143353
25080,22008,ENSG00000196660
473845,165279,ENSG00000136628
27103,24238,ENSG00000162813
204920,115131,ENSG00000067704
68636,55686,ENSG00000118873
5660,5251,ENSG00000143507
20004,18216,ENSG00000143498
14596,13691,ENSG00000225265
104602,76420,ENSG00000154305
1688,1672,ENSG00000272750
243543,131259,ENSG00000186063
179138,107550,ENSG00000162819
1196,1171,ENSG00000228106
3874,3778,ENSG00000187554
141890,84416,ENSG00000162909
119709,82612,ENSG00000143514
22671,20681,ENSG00000272645
59768,49557,ENSG00000143756
82674,62438,ENSG00000143753
60767,49779,ENSG00000143748
324589,139983,ENSG00000143771
79767,61398,ENSG00000162923
4266,4105,ENSG00000143786
178719,108533,ENSG00000185842
542424,159673,ENSG00000143815
5923,4803,ENSG00000154380
1527235,202296,ENSG00000143742
21634,19652,ENSG00000143819
4175,4082,ENSG00000242861
66913,53539,ENSG00000196187
280572,138167,ENSG00000143811
64447,50773,ENSG00000143751
4798703,206700,ENSG00000163041
2339,2304,ENSG00000225518
113125,78085,ENSG00000182827
50523,42414,ENSG00000183814
901397,179664,ENSG00000143799
30043,26726,ENSG00000143801
61599,48922,ENSG00000163050
128762,84929,ENSG00000143776
1286,1276,ENSG00000234277
15026,14059,ENSG00000181450
91521,69621,ENSG00000143740
73206,55112,ENSG00000081692
9830,9224,ENSG00000154342
1386914,201129,ENSG00000143761
376911,148934,ENSG00000143793
1182939,190820,ENSG00000162910
5105824,206716,ENSG00000143774
1810,1775,ENSG00000203684
44871,38366,ENSG00000181873
91100,62884,ENSG00000154358
1506,1497,ENSG00000269890
83422,64290,ENSG00000154370
10763,9570,ENSG00000181218
206988,112619,ENSG00000168159
6261,6091,ENSG00000177788
524524,163596,ENSG00000168118
1745,1729,ENSG00000237481
102387,68318,ENSG00000154429
2068,2047,ENSG00000226920
86352,66799,ENSG00000069248
2742,2475,ENSG00000223635
199235,110100,ENSG00000135776
49524,41628,ENSG00000135801
52384,43169,ENSG00000135763
181908,107127,ENSG00000143641
38507,33937,ENSG00000135775
31606,28186,ENSG00000119280
12479,11852,ENSG00000143643
225813,121899,ENSG00000173409
411447,141977,ENSG00000182118
212397,119792,ENSG00000143633
143719,95915,ENSG00000116906
16282,15239,ENSG00000116903
68138,55345,ENSG00000010072
130518,87709,ENSG00000135766
53677,42218,ENSG00000233461
135069,90859,ENSG00000116918
272347,133419,ENSG00000135778
1312,1283,ENSG00000135749
15644,14530,ENSG00000143674
149651,92318,ENSG00000135750
2161,1858,ENSG00000183780
18876,17278,ENSG00000231663
708106,181199,ENSG00000168275
67933,53878,ENSG00000059588
176915,100055,ENSG00000168264
2096,2054,ENSG00000227630
1828,1777,ENSG00000273416
2256847,205541,ENSG00000173726
16815,15846,ENSG00000188739
119725,82944,ENSG00000054267
163758,104717,ENSG00000152904
60442,48798,ENSG00000116957
57052,47384,ENSG00000162885
1678,1598,ENSG00000168243
19389,17874,ENSG00000143669
3302,3195,ENSG00000077585
9943,8712,ENSG00000086619
5732,5571,ENSG00000186197
58221,47199,ENSG00000116977
1293,1275,ENSG00000223776
1400,1383,ENSG00000273058
2004,1981,ENSG00000230325
166979,99057,ENSG00000119285
2873,2565,ENSG00000077522
81813,62520,ENSG00000116984
5606,5241,ENSG00000198626
276210,131427,ENSG00000091483
214446,116269,ENSG00000054277
346059,141493,ENSG00000203668
102545,69369,ENSG00000174371
1634,1627,ENSG00000214837
77504,59840,ENSG00000143702
4540,4227,ENSG00000227230
81928,63096,ENSG00000054282
1953,1924,ENSG00000179456
128177,85421,ENSG00000035687
252224,121755,ENSG00000121644
1247295,189764,ENSG00000203667
257511,125567,ENSG00000188206
1210423,191873,ENSG00000153187
1750,1650,ENSG00000273175
2574,2423,ENSG00000272195
160513,96736,ENSG00000203666
371955,137913,ENSG00000185420
76653,57314,ENSG00000162851
61503,49427,ENSG00000162852
214982,118780,ENSG00000143653
124866,82975,ENSG00000153207
34918,30555,ENSG00000135747
32278,28567,ENSG00000197472
25776,23513,ENSG00000188295
2907,2860,ENSG00000221953
26484,23634,ENSG00000196418
10066,9595,ENSG00000259865
34747,30493,ENSG00000162714
70780,55797,ENSG00000162722
5122,4984,ENSG00000238243
30367,27157,ENSG00000175137
160992,97603,ENSG00000171161
102650,74549,ENSG00000171163
24833,22490,ENSG00000185220
9434,9048,ENSG00000035115
738031,185056,ENSG00000143727
173861,108242,ENSG00000151353
119353,82248,ENSG00000032389
47560,40892,ENSG00000171853
3463,3410,ENSG00000225234
240538,122413,ENSG00000182551
11254,10577,ENSG00000235078
10554,9874,ENSG00000242282
417755,145083,ENSG00000171865
100709,70283,ENSG00000234171
16294340,207286,ENSG00000171863
13123,11495,ENSG00000118004
45244,37301,ENSG00000134326
15511,12824,ENSG00000134321
30020,26544,ENSG00000151692
2274,2209,ENSG00000236008
238063,92500,ENSG00000115738
119277,83262,ENSG00000134313
206432,113472,ENSG00000143797
1988,1760,ENSG00000244310
10905,10249,ENSG00000151693
530943,162568,ENSG00000119185
93217,70240,ENSG00000119203
23365,20358,ENSG00000134330
66331,53070,ENSG00000151694
10545,9822,ENSG00000271855
812350,190436,ENSG00000134308
47196,40486,ENSG00000115750
7081,6886,ENSG00000269973
6414,6110,ENSG00000134317
13131,12439,ENSG00000260077
34525,30074,ENSG00000172059
5511,5256,ENSG00000272524
130517,76438,ENSG00000171848
8712,8133,ENSG00000163009
107353,75652,ENSG00000115756
1131523,163024,ENSG00000115758
5825,5659,ENSG00000257135
205599,110550,ENSG00000115761
11221,10520,ENSG00000243819
1873,1833,ENSG00000143882
916389,188464,ENSG00000143870
60454,49669,ENSG00000162976
87914,64857,ENSG00000134318
119601,83973,ENSG00000169016
2770,2680,ENSG00000196208
52043,43095,ENSG00000134324
13267,11883,ENSG00000224184
96208,67652,ENSG00000071575
118579,82452,ENSG00000151779
358953,145833,ENSG00000079785
3238,2823,ENSG00000197872
263496,131172,ENSG00000163029
30713,27172,ENSG00000178295
119766,84347,ENSG00000240857
1255,1243,ENSG00000236204
1280,1264,ENSG00000228784
73575,57051,ENSG00000183891
2768,2699,ENSG00000271991
8747,8405,ENSG00000118965
87071,64329,ENSG00000068697
92960,70109,ENSG00000055917
14774,11792,ENSG00000143878
32519,28490,ENSG00000118960
40436,35295,ENSG00000118961
47966,40794,ENSG00000119778
147864,97429,ENSG00000173960
112256,77818,ENSG00000205639
23656,21367,ENSG00000163026
28888,25034,ENSG00000119782
1729582,203163,ENSG00000115128
30411,25795,ENSG00000219626
48301,40363,ENSG00000115129
2999,2931,ENSG00000176732
112585,80369,ENSG00000198399
69889,55454,ENSG00000084676
397369,161441,ENSG00000184924
48015,39778,ENSG00000138092
15434,14349,ENSG00000138031
2625,2594,ENSG00000271936
7127,6872,ENSG00000115137
1695,1667,ENSG00000224165
28664,25823,ENSG00000119772
1218,1203,ENSG00000138101
72332,57125,ENSG00000143970
3911,3826,ENSG00000084731
2826,2796,ENSG00000268412
425640,158338,ENSG00000084733
20794,19218,ENSG00000157833
543968,180116,ENSG00000084754
141395,94162,ENSG00000138029
36989,31897,ENSG00000138018
54210,42355,ENSG00000213699
262788,98007,ENSG00000115163
54118,44156,ENSG00000084764
60866,49706,ENSG00000119777
111667,79978,ENSG00000084693
1223198,196744,ENSG00000228474
1307,1300,ENSG00000138080
18092,16381,ENSG00000138030
101757,70890,ENSG00000138073
74100,55051,ENSG00000138074
451261,167519,ENSG00000138085
58936,47766,ENSG00000084774
3515,3317,ENSG00000115194
11974,11232,ENSG00000163794
368167,146242,ENSG00000115204
96292,70873,ENSG00000115207
11501,11019,ENSG00000234072
79755,60406,ENSG00000115211
164812,100558,ENSG00000115234
3183,3134,ENSG00000163795
688806,176450,ENSG00000115241
86814,64704,ENSG00000115216
8030,7816,ENSG00000138002
31470,25649,ENSG00000115226
51981,43935,ENSG00000243943
6922,6709,ENSG00000176714
95478,70462,ENSG00000198522
66502,54066,ENSG00000119760
73123,57300,ENSG00000163798
357371,150490,ENSG00000243147
2331,2266,ENSG00000171174
59759,49398,ENSG00000158019
6227,5174,ENSG00000075426
2896,2827,ENSG00000226833
219653,117858,ENSG00000213639
51281,43676,ENSG00000171103
233841,116708,ENSG00000163811
114123,70008,ENSG00000119801
176853,93204,ENSG00000213626
45530,38801,ENSG00000172954
28514,26001,ENSG00000162959
490761,170488,ENSG00000162961
69628,55585,ENSG00000021574
33503,28310,ENSG00000272716
33091,29598,ENSG00000152683
106076,77560,ENSG00000119820
1726,1709,ENSG00000272754
108855,77818,ENSG00000115760
88763,67199,ENSG00000018699
64469,50220,ENSG00000049323
13142,10909,ENSG00000152689
85041,62577,ENSG00000119812
4128,4044,ENSG00000150938
138787,93353,ENSG00000171055
53672,45138,ENSG00000115808
11039,10576,ENSG00000008869
49998,42282,ENSG00000152133
133807,89276,ENSG00000055332
185365,113527,ENSG00000218739
217228,119281,ENSG00000115816
36663,32420,ENSG00000003509
57066,47253,ENSG00000115825
6763,6161,ENSG00000163171
6142,5951,ENSG00000115841
54569,45063,ENSG00000119787
4061,3923,ENSG00000231367
79478,61690,ENSG00000143889
29893,25049,ENSG00000143891
1095536,174771,ENSG00000115875
189870,105607,ENSG00000152147
34571,30764,ENSG00000163214
125529,85249,ENSG00000188010
48502,40201,ENSG00000115904
31827,28271,ENSG00000011566
51054,40997,ENSG00000231312
105133,73600,ENSG00000138050
1644,1573,ENSG00000234362
1874,1813,ENSG00000162878
104330,74128,ENSG00000143924
1458620,202962,ENSG00000115944
61715,50472,ENSG00000057935
38911,33928,ENSG00000115970
245057,125416,ENSG00000152518
3693,3542,ENSG00000234936
72044,54044,ENSG00000152527
63484,51798,ENSG00000138036
226891,124084,ENSG00000138095
49011,42090,ENSG00000138032
80830,62809,ENSG00000138078
30905,27589,ENSG00000143919
21485,19834,ENSG00000068784
28047,22723,ENSG00000116016
29848,26653,ENSG00000250565
28458,25183,ENSG00000119729
158687,96771,ENSG00000151665
178233,109740,ENSG00000119878
12890,12288,ENSG00000171150
288115,138210,ENSG00000180398
14663,13837,ENSG00000068724
1970899,202124,ENSG00000143933
55294,38283,ENSG00000236824
258449,128481,ENSG00000119888
113408,78768,ENSG00000095002
153585,92853,ENSG00000116062
53234,44948,ENSG00000138081
62659,50947,ENSG00000170802
2399,2348,ENSG00000272663
28865,26096,ENSG00000162869
1800,1760,ENSG00000243244
2658,2605,ENSG00000228033
7307,7112,ENSG00000115239
88005,66277,ENSG00000143942
146285,96719,ENSG00000068912
94861,70660,ENSG00000068878
43411,37299,ENSG00000170634
1206,1195,ENSG00000272156
110151,71128,ENSG00000115306
1110298,196519,ENSG00000115310
8906,8598,ENSG00000162994
20848042,207300,ENSG00000143947
399402,155974,ENSG00000085760
113732,80034,ENSG00000115355
1700,1629,ENSG00000240401
135900,90603,ENSG00000163001
155108,99102,ENSG00000138041
12034,11385,ENSG00000272606
174868,104054,ENSG00000138035
79349,61512,ENSG00000028116
42533,37120,ENSG00000115392
1692,1667,ENSG00000273063
1291,1274,ENSG00000222030
20761,19328,ENSG00000115421
67220,53626,ENSG00000162924
15401,14519,ENSG00000162927
67641,54823,ENSG00000162928
16082,15054,ENSG00000162929
48660,41182,ENSG00000173209
143746,95036,ENSG00000115464
5290,5153,ENSG00000270820
337590,141217,ENSG00000082898
9604,9004,ENSG00000170264
1021806,198147,ENSG00000115484
143527,91316,ENSG00000173163
54219,44729,ENSG00000170340
5678,5537,ENSG00000186889
38413,33812,ENSG00000115504
1202,1197,ENSG00000231609
5646,5521,ENSG00000115507
6390,6226,ENSG00000143951
319657,147486,ENSG00000014641
162277,103258,ENSG00000169764
28675,25979,ENSG00000143952
14565,13672,ENSG00000197329
4620,4322,ENSG00000225889
1216,1166,ENSG00000119862
47686,40516,ENSG00000119844
35793,31126,ENSG00000179833
1402,1374,ENSG00000226756
29162,25318,ENSG00000115902
49197,42070,ENSG00000011523
329552,150865,ENSG00000138069
248688,128818,ENSG00000138071
36635,31995,ENSG00000198369
1511,1491,ENSG00000204929
26501,24160,ENSG00000143971
293884,143839,ENSG00000197223
18208,16960,ENSG00000243667
325222,132365,ENSG00000115946
46625,39967,ENSG00000221823
17540,15956,ENSG00000273064
8592,7651,ENSG00000119865
11756,11025,ENSG00000204923
3599,3516,ENSG00000169621
3443,3205,ENSG00000163219
61707,47103,ENSG00000198380
225041,124412,ENSG00000169599
23287,19770,ENSG00000188971
29896,24958,ENSG00000115977
41809,33653,ENSG00000196975
100822,73549,ENSG00000087338
254306,134168,ENSG00000124380
24259,21238,ENSG00000059728
19865,18242,ENSG00000179818
920585,194708,ENSG00000169564
11382,10667,ENSG00000231327
8057,7833,ENSG00000115998
80556,61414,ENSG00000116001
54957,46016,ENSG00000116005
1505164,197251,ENSG00000143977
713325,176514,ENSG00000035141
124544,81281,ENSG00000075340
104448,74727,ENSG00000144043
26458,23749,ENSG00000124357
3103,3007,ENSG00000272735
43728,37800,ENSG00000124370
172774,103390,ENSG00000124383
129305,89965,ENSG00000075292
5522,5247,ENSG00000135636
4032,3943,ENSG00000144036
128583,87711,ENSG00000116096
13042,11363,ENSG00000135638
61881,50440,ENSG00000144040
13152,12442,ENSG00000135631
35699,31528,ENSG00000135632
279484,121971,ENSG00000135617
606987,174298,ENSG00000135624
6558,6278,ENSG00000163013
25595,23133,ENSG00000116127
436184,159273,ENSG00000144034
67384,54682,ENSG00000144048
135650,92471,ENSG00000124356
810289,189734,ENSG00000114956
52702,41307,ENSG00000237883
24510,22380,ENSG00000187605
942365,180742,ENSG00000163170
25860,23305,ENSG00000225439
168784,105787,ENSG00000114978
490519,158609,ENSG00000065911
42341,36741,ENSG00000204843
43522,36523,ENSG00000005448
7897,7649,ENSG00000114993
52335,43150,ENSG00000115274
61381,49756,ENSG00000115275
20325,18853,ENSG00000204822
12512,12023,ENSG00000135637
28596,26006,ENSG00000115282
9557,9074,ENSG00000179528
11321,10585,ENSG00000257702
40811,35562,ENSG00000115289
715073,178869,ENSG00000115307
372236,154174,ENSG00000115317
1895,1884,ENSG00000115318
58795,48215,ENSG00000115325
1178,1171,ENSG00000135622
17987,16262,ENSG00000272711
52604,40532,ENSG00000159399
724157,177773,ENSG00000115350
194818,111573,ENSG00000115364
121098,84081,ENSG00000005436
4791,4691,ENSG00000270696
1562,1411,ENSG00000066032
3983,3170,ENSG00000162951
457672,169737,ENSG00000163541
1808704,187775,ENSG00000034510
195459,106183,ENSG00000176407
99250,73731,ENSG00000152291
8363,7988,ENSG00000042445
43810,38386,ENSG00000115459
124143,72256,ENSG00000042493
391620,149114,ENSG00000168906
72448,56215,ENSG00000115486
710220,179820,ENSG00000118640
3604,3321,ENSG00000168899
413339,160385,ENSG00000168894
147825,93078,ENSG00000168890
117846,82708,ENSG00000168883
72660,58544,ENSG00000168887
21109,19049,ENSG00000115525
48399,39983,ENSG00000068654
132700,89404,ENSG00000132300
329096,150771,ENSG00000132305
15234,14302,ENSG00000273080
359801,154010,ENSG00000132313
4266,4025,ENSG00000068615
40202,34220,ENSG00000115548
100037,72516,ENSG00000115561
8442,8072,ENSG00000239305
70569,57328,ENSG00000153561
537193,173075,ENSG00000222041
56685,41385,ENSG00000172086
4833,4719,ENSG00000172071
3263,3174,ENSG00000234028
258141,127462,ENSG00000153574
5574,5423,ENSG00000163060
383189,156232,ENSG00000144029
32159,28819,ENSG00000144026
5383,5279,ENSG00000163067
50511,43475,ENSG00000115042
8365,8046,ENSG00000232931
26679,24160,ENSG00000174501
350168,149069,ENSG00000084090
28536,25795,ENSG00000135956
246169,126236,ENSG00000144021
211170,119704,ENSG00000144028
97163,66934,ENSG00000121152
42587,36193,ENSG00000196843
43774,37776,ENSG00000114982
25532,23041,ENSG00000114988
5039,4927,ENSG00000158158
10328,9963,ENSG00000168763
1776,1757,ENSG00000163126
355709,135226,ENSG00000213337
48699,38578,ENSG00000168758
688458,155332,ENSG00000168754
51750,44273,ENSG00000144199
45224,38873,ENSG00000135976
6049,5843,ENSG00000230606
2551555,205313,ENSG00000135940
77427,60096,ENSG00000115073
2305,2279,ENSG00000228486
55748,46196,ENSG00000075568
25985,23787,ENSG00000040933
245957,128724,ENSG00000183513
118793,80160,ENSG00000115446
14427,12627,ENSG00000071073
19042,17592,ENSG00000135951
8598,8292,ENSG00000273045
34428,30308,ENSG00000144182
116336,82393,ENSG00000158411
2651,2537,ENSG00000185674
1685,1627,ENSG00000144214
137908,92087,ENSG00000115514
642900,177376,ENSG00000158417
91302,68726,ENSG00000135945
14343,13294,ENSG00000170500
26029,23888,ENSG00000115526
111361,77110,ENSG00000115539
7895093,207226,ENSG00000071082
2249,2217,ENSG00000204634
1631,1604,ENSG00000272902
115485,81634,ENSG00000158435
53929,45310,ENSG00000163162
80954,60982,ENSG00000071054
15234,13855,ENSG00000115594
10203,9581,ENSG00000115604
6181,5759,ENSG00000115607
6551,6297,ENSG00000115616
20555,19065,ENSG00000135953
13672,12975,ENSG00000170417
146320,96220,ENSG00000135972
29993,26667,ENSG00000135966
3286,3222,ENSG00000235319
83238,63408,ENSG00000272994
101477,74411,ENSG00000135974
22132,18682,ENSG00000115641
8906,8617,ENSG00000071051
48324,41467,ENSG00000115652
1612,1263,ENSG00000198203
124787,86501,ENSG00000135968
344681,148772,ENSG00000169756
136549,90758,ENSG00000153201
50770,42521,ENSG00000163006
2251,2221,ENSG00000015568
1538,1242,ENSG00000144061
132094,87804,ENSG00000175701
1459,1445,ENSG00000257207
146826,78484,ENSG00000169679
1301,1280,ENSG00000153093
78175,58993,ENSG00000153094
316511,142656,ENSG00000172965
5997,5790,ENSG00000271590
29896,26244,ENSG00000270190
104122,75425,ENSG00000153107
1434,1405,ENSG00000153208
26520,24096,ENSG00000153214
170654,105769,ENSG00000144161
44574,35726,ENSG00000188177
35353,30852,ENSG00000114999
41831,35778,ENSG00000125630
344643,137980,ENSG00000125611
10406,9857,ENSG00000237753
96688,68201,ENSG00000144136
3226,3111,ENSG00000144130
61531,44074,ENSG00000169607
22080,20025,ENSG00000125637
8581,8213,ENSG00000125618
48391,40490,ENSG00000136682
16234,15365,ENSG00000144134
39149,34092,ENSG00000115084
6988,6739,ENSG00000270019
372020,158591,ENSG00000115091
452608,154797,ENSG00000088205
8637,8265,ENSG00000236255
21729,19800,ENSG00000125633
42507,36225,ENSG00000125629
1373,1347,ENSG00000163064
43006,36634,ENSG00000115107
32902,29138,ENSG00000186132
439068,147518,ENSG00000155368
2912,2734,ENSG00000171227
91608,66313,ENSG00000144120
51028,43403,ENSG00000088179
27349,24885,ENSG00000115109
35776,31539,ENSG00000226479
110624,75389,ENSG00000144118
31491,28248,ENSG00000074054
82832,64242,ENSG00000236859
509528,167410,ENSG00000155438
228064,123400,ENSG00000211460
2624,2572,ENSG00000235774
4096309,204885,ENSG00000136732
19192,17216,ENSG00000136717
44296,38275,ENSG00000163161
48113,40325,ENSG00000169967
121770,84564,ENSG00000163166
152470,98593,ENSG00000136709
29639,26642,ENSG00000173349
15561,14608,ENSG00000270081
287122,130075,ENSG00000144231
14349,13508,ENSG00000144233
29453,26045,ENSG00000272667
34691,30798,ENSG00000136715
68914,54592,ENSG00000136731
7672,7418,ENSG00000136720
78822,59477,ENSG00000136699
1968349,203728,ENSG00000152082
158884,97656,ENSG00000136710
465670,153012,ENSG00000136718
147614,96584,ENSG00000072135
81694,61012,ENSG00000152102
162272,97702,ENSG00000115762
1320353,199958,ENSG00000173272
95385,58892,ENSG00000163040
14230,13076,ENSG00000197927
15647,14470,ENSG00000272769
14350,13380,ENSG00000152127
4778,4661,ENSG00000224043
48727,41390,ENSG00000082258
60782,50453,ENSG00000115839
38854,34188,ENSG00000121988
163787,97101,ENSG00000048991
281176,137880,ENSG00000144224
120505,80965,ENSG00000076003
363805,155947,ENSG00000115866
2572,2504,ENSG00000231890
4752,3995,ENSG00000150540
2225,2211,ENSG00000228043
14209,13312,ENSG00000144228
3100,2837,ENSG00000115919
21776,19844,ENSG00000121964
94007,68733,ENSG00000169554
3032,2952,ENSG00000121989
74841,59144,ENSG00000115947
11171,10699,ENSG00000204406
79514,61786,ENSG00000135999
707474,186835,ENSG00000168288
23540,21129,ENSG00000184898
195257,112788,ENSG00000123609
225749,121289,ENSG00000080345
14880,13591,ENSG00000183091
711392,182874,ENSG00000162980
37582,32768,ENSG00000115145
36207,29067,ENSG00000157827
761260,184900,ENSG00000196504
173707,107255,ENSG00000177917
1940,1903,ENSG00000226383
4575,3904,ENSG00000153234
12794,12095,ENSG00000115159
139003,87547,ENSG00000136542
2445,2335,ENSG00000123612
11804,11051,ENSG00000115170
3004,2842,ENSG00000270557
1226,1154,ENSG00000271320
1480,1389,ENSG00000153237
119810,80314,ENSG00000144283
22134,20092,ENSG00000163331
4995,4511,ENSG00000115183
46517,39836,ENSG00000196151
73626,56385,ENSG00000123636
17918,16368,ENSG00000224152
15554,14580,ENSG00000226266
184657,108566,ENSG00000136536
130196,90392,ENSG00000136560
359039,147343,ENSG00000115233
1316,1276,ENSG00000115267
78749,59737,ENSG00000082438
1236,1221,ENSG00000233255
20467,19031,ENSG00000123607
20915,16601,ENSG00000169432
295133,133608,ENSG00000235335
61121,48882,ENSG00000172292
80319,53657,ENSG00000163072
171948,90889,ENSG00000152253
5923,5525,ENSG00000081479
6178,5955,ENSG00000163093
63138,51740,ENSG00000138399
692235,183680,ENSG00000138398
10726,9607,ENSG00000154479
79288,61354,ENSG00000144362
135082,85675,ENSG00000213160
1294019,198421,ENSG00000138385
1136037,192844,ENSG00000138382
62753,50954,ENSG00000144357
8760,8336,ENSG00000234350
92033,66927,ENSG00000239467
9970,9008,ENSG00000204334
14750,13446,ENSG00000128683
230437,122044,ENSG00000115806
346108,145272,ENSG00000198586
115162,79766,ENSG00000123600
56841,46365,ENSG00000115827
82573,62063,ENSG00000071967
216429,122853,ENSG00000077380
2107,2054,ENSG00000228389
29747,26907,ENSG00000115840
227388,121881,ENSG00000128708
61941,50207,ENSG00000172878
5378,5122,ENSG00000144355
4524,3944,ENSG00000115844
1329,1312,ENSG00000236651
9327,8752,ENSG00000225205
72299,54243,ENSG00000152256
78087,60495,ENSG00000091436
375107,144195,ENSG00000144354
69083,55723,ENSG00000172845
736388,185490,ENSG00000138430
1591,1556,ENSG00000217236
151111,95894,ENSG00000138433
29608,26682,ENSG00000144306
25855,22887,ENSG00000163328
5956,5737,ENSG00000226853
42914,37038,ENSG00000236449
13430,12476,ENSG00000115935
2231,2177,ENSG00000128656
98031,71151,ENSG00000115966
5855845,206479,ENSG00000154518
112037,80353,ENSG00000144320
431272,161578,ENSG00000128654
1488,1475,ENSG00000163364
1066788,183706,ENSG00000170144
217714,117285,ENSG00000116044
2006,1938,ENSG00000222043
114894,81334,ENSG00000018510
4827,4719,ENSG00000196659
3455,3381,ENSG00000197557
27708,25249,ENSG00000155636
7822,6903,ENSG00000079156
17415,15770,ENSG00000223960
259036,132751,ENSG00000180228
10821,10248,ENSG00000079150
119900,83163,ENSG00000116095
29005,26314,ENSG00000237298
1694,1687,ENSG00000271011
1291,1282,ENSG00000270574
2933,2897,ENSG00000271141
1438,1403,ENSG00000187231
76276,59380,ENSG00000163510
380521,157773,ENSG00000170035
2508,2431,ENSG00000260742
119696,82235,ENSG00000138434
1786,1703,ENSG00000150722
150142,92995,ENSG00000077232
82988,63212,ENSG00000061676
9251,8846,ENSG00000162999
62823,50489,ENSG00000163002
3418,3315,ENSG00000272800
3621,3540,ENSG00000231646
1272,1258,ENSG00000237877
1250,1226,ENSG00000259915
912324,191047,ENSG00000065548
19083,17413,ENSG00000138448
109658,64470,ENSG00000003436
96454,69590,ENSG00000144366
48335,41264,ENSG00000115368
75292,57137,ENSG00000138449
70334,56043,ENSG00000138381
10024,9556,ENSG00000128694
4795,4632,ENSG00000253559
310420,137020,ENSG00000128699
39754,34537,ENSG00000064933
293468,124739,ENSG00000187699
60134,48653,ENSG00000198130
2278,2068,ENSG00000151689
5439,5170,ENSG00000151690
4681,4587,ENSG00000189362
5614,5418,ENSG00000233654
36100,31719,ENSG00000138386
52979,43462,ENSG00000115419
55177,46190,ENSG00000115415
55709,44102,ENSG00000173559
68963,49782,ENSG00000168497
5763,5553,ENSG00000233766
77660,59707,ENSG00000196950
25032,22255,ENSG00000081320
1516,1269,ENSG00000138411
9422,7525,ENSG00000229056
11023,10454,ENSG00000144395
43236,37632,ENSG00000119041
195158,111616,ENSG00000115524
68968,54716,ENSG00000115520
1688880,196766,ENSG00000144381
2131376,195265,ENSG00000115541
66492,54013,ENSG00000115540
15848,14852,ENSG00000247626
12196,10850,ENSG00000115896
42232,36333,ENSG00000119042
5638,5486,ENSG00000226124
55416,45282,ENSG00000178074
20259,18878,ENSG00000162971
51298,42369,ENSG00000162972
24684,19505,ENSG00000196141
13367,12725,ENSG00000155729
109105,68818,ENSG00000163535
224977,118413,ENSG00000082153
1879,1845,ENSG00000260006
39964,31640,ENSG00000013441
78116,61517,ENSG00000240344
41440,36001,ENSG00000196290
49040,41497,ENSG00000115942
2868,2816,ENSG00000183308
46030,39080,ENSG00000155744
335604,146232,ENSG00000119013
65905,50278,ENSG00000003402
27269,24627,ENSG00000003400
86755,62396,ENSG00000064012
26566,23398,ENSG00000115993
103216,73944,ENSG00000082146
47140,39962,ENSG00000155755
15000,14171,ENSG00000003393
3291,3195,ENSG00000155760
1340,1299,ENSG00000231903
626171,180593,ENSG00000116030
255814,124655,ENSG00000055044
2282,2235,ENSG00000273456
12734,12126,ENSG00000204217
8184,7898,ENSG00000138439
3804,3652,ENSG00000163596
106636,74606,ENSG00000138442
4405,4258,ENSG00000138380
525171,170503,ENSG00000144426
38831,34021,ENSG00000119004
22115,19473,ENSG00000138443
22487,20597,ENSG00000114933
1993,1970,ENSG00000227946
83352,63535,ENSG00000023228
4667086,206627,ENSG00000114942
38411,33826,ENSG00000118246
1769,1724,ENSG00000118263
59456,49338,ENSG00000118260
175900,105662,ENSG00000144401
11360,10753,ENSG00000163249
12895,12243,ENSG00000163251
106433,71285,ENSG00000138413
9765,9367,ENSG00000231908
23237,21322,ENSG00000115020
13015,12264,ENSG00000144407
65184,52143,ENSG00000197713
3362,3260,ENSG00000144445
5425,5283,ENSG00000272807
3375,3325,ENSG00000229127
15200,14386,ENSG00000115365
1287,1277,ENSG00000021826
58437,48559,ENSG00000144451
50915,42254,ENSG00000138376
1940,1909,ENSG00000229267
206338,116630,ENSG00000138363
18712,13048,ENSG00000115414
4779,4657,ENSG00000118242
15110,14164,ENSG00000115425
420742,157728,ENSG00000079246
1153,1140,ENSG00000260804
21712,20195,ENSG00000138375
6312548,206982,ENSG00000197756
5951,5470,ENSG00000079308
670505,175390,ENSG00000163466
208756,109438,ENSG00000127837
333840,142082,ENSG00000127838
110912,76872,ENSG00000135926
9261,8762,ENSG00000018280
79252,61016,ENSG00000144579
4374,4240,ENSG00000273361
4358,4029,ENSG00000127831
31127,27789,ENSG00000135913
56616,44054,ENSG00000144580
2321,2287,ENSG00000273466
10244,9873,ENSG00000115568
101659,71737,ENSG00000074582
19265,17829,ENSG00000163481
2986,2947,ENSG00000163482
27935,25484,ENSG00000135912
2193,2167,ENSG00000272644
1380,1356,ENSG00000213901
49834,42390,ENSG00000115649
49789,41970,ENSG00000144567
111905,77246,ENSG00000158552
26700,24329,ENSG00000198925
37685,33191,ENSG00000163516
3843,3775,ENSG00000163521
92518,70081,ENSG00000115661
151193,93800,ENSG00000127824
27146,22646,ENSG00000135924
7291,6871,ENSG00000054356
232080,125259,ENSG00000123992
2574,2529,ENSG00000229525
69418,49600,ENSG00000175084
13708,12823,ENSG00000072195
1930,1890,ENSG00000268603
396722,139006,ENSG00000144591
34573,28443,ENSG00000072182
111959,76345,ENSG00000123989
11553,10720,ENSG00000188760
75753,56308,ENSG00000124006
18332,16828,ENSG00000269068
16334,14659,ENSG00000123999
8953,8652,ENSG00000144589
1517,1497,ENSG00000114923
1535,1521,ENSG00000261428
135522,89188,ENSG00000116120
121486,83037,ENSG00000123983
1319,1290,ENSG00000171951
9549,9099,ENSG00000152056
24063,22054,ENSG00000085449
73319,57279,ENSG00000135900
8314,8019,ENSG00000124019
51307,41876,ENSG00000036257
5845,5490,ENSG00000169047
25960,23690,ENSG00000144468
210931,119022,ENSG00000168958
52947,43628,ENSG00000173744
108291,76512,ENSG00000153827
3080,2986,ENSG00000153832
43158,36457,ENSG00000135899
38001,32767,ENSG00000185404
47054,39521,ENSG00000067066
120494,80849,ENSG00000135932
35453,30794,ENSG00000135916
2007,1917,ENSG00000135898
143134,90469,ENSG00000173692
3366,3253,ENSG00000135931
1850024,193688,ENSG00000115053
5514886,205183,ENSG00000187514
36357,31626,ENSG00000156973
96811,70481,ENSG00000144524
23278,21583,ENSG00000144535
22933,21064,ENSG00000221944
268717,135102,ENSG00000135930
12455,11184,ENSG00000115468
77988,60480,ENSG00000204120
13742,13048,ENSG00000085978
19283,17890,ENSG00000077044
22591,20791,ENSG00000085982
68712,47703,ENSG00000123485
4093,3765,ENSG00000188042
22016,19817,ENSG00000157985
4217,4120,ENSG00000168505
3316,3262,ENSG00000227252
186055,110384,ENSG00000198612
225071,119745,ENSG00000124831
277188,134728,ENSG00000184182
36262,31104,ENSG00000132330
11501,10775,ENSG00000178752
118319,82561,ENSG00000132323
31092,26950,ENSG00000186235
559658,155335,ENSG00000144485
25262,22613,ENSG00000132326
49565,40314,ENSG00000204104
93567,66518,ENSG00000065802
6823,6651,ENSG00000068024
18646,17070,ENSG00000222020
254902,132074,ENSG00000130414
374771,147556,ENSG00000172428
10103,9700,ENSG00000144504
31076,28006,ENSG00000188542
36144,31811,ENSG00000142327
30624,26786,ENSG00000260942
24059,21984,ENSG00000142330
38619,32227,ENSG00000130294
64344,51499,ENSG00000122085
7858,7601,ENSG00000115687
170732,100721,ENSG00000115685
5676,5536,ENSG00000146205
262414,131032,ENSG00000115677
193233,112063,ENSG00000168385
26254,23604,ENSG00000006607
162902,96133,ENSG00000115694
21507,19215,ENSG00000176720
111315,72090,ENSG00000176946
76146,58074,ENSG00000168397
597884,157607,ENSG00000168393
2790,2752,ENSG00000228989
45328,38126,ENSG00000168395
39208,33612,ENSG00000180902
1115,1095,ENSG00000215023
1737,1649,ENSG00000188389
1703,1681,ENSG00000237940
91697,68204,ENSG00000072756
112798,80139,ENSG00000113851
13176,12528,ENSG00000271870
14931,14168,ENSG00000144455
16907,15810,ENSG00000170364
1881,1853,ENSG00000231249
19502,17941,ENSG00000150995
2450,2408,ENSG00000235978
55649,35822,ENSG00000134107
149606,95465,ENSG00000134108
2397,2055,ENSG00000233912
14727,13677,ENSG00000134109
85498,64474,ENSG00000189229
1816,1782,ENSG00000180914
79537,60219,ENSG00000070950
286822,135808,ENSG00000206573
178907,106389,ENSG00000134077
118648,83455,ENSG00000168137
2720,2659,ENSG00000269975
60691,49535,ENSG00000163719
27751,25166,ENSG00000156983
74980,59328,ENSG00000114026
16289,15008,ENSG00000134072
361196,155575,ENSG00000171148
322866,141384,ENSG00000241553
28952,25807,ENSG00000214021
232768,124439,ENSG00000156990
264783,132614,ENSG00000171135
11136,10604,ENSG00000163702
31153,27136,ENSG00000163703
7020,6768,ENSG00000163704
1623,1606,ENSG00000230082
307802,144215,ENSG00000125037
2286,2234,ENSG00000206567
62502,48778,ENSG00000144554
1334242,199848,ENSG00000254999
89174,67558,ENSG00000134086
2462,2420,ENSG00000134070
22698,20682,ENSG00000157014
1324,1317,ENSG00000231177
3673,3618,ENSG00000157017
1672,1651,ENSG00000240288
207836,115386,ENSG00000157020
16479,15560,ENSG00000197548
37908,33127,ENSG00000144560
34717,30776,ENSG00000144559
57743,47693,ENSG00000154743
60531,49701,ENSG00000075975
123847,86481,ENSG00000132155
10270,9886,ENSG00000144712
21330490,207322,ENSG00000144713
69120,53926,ENSG00000144711
118004,80181,ENSG00000132182
15291,14312,ENSG00000163517
204326,112335,ENSG00000163528
45387,38288,ENSG00000170876
63831,51647,ENSG00000154767
1115771,190305,ENSG00000170860
46536,36724,ENSG00000131389
68633,53731,ENSG00000154781
193857,115287,ENSG00000225733
15910,15063,ENSG00000177463
506226,158711,ENSG00000131368
43203,37156,ENSG00000131381
66030,53403,ENSG00000131375
2518,2478,ENSG00000224660
37892,32239,ENSG00000131370
44670,38398,ENSG00000206562
38362,33235,ENSG00000144597
22860,20794,ENSG00000131373
12533,11893,ENSG00000169814
39723,34402,ENSG00000206560
578606,172913,ENSG00000154813
85968,61703,ENSG00000154814
1107,1093,ENSG00000271964
2591,2505,ENSG00000154822
54939,45570,ENSG00000131374
3722,3633,ENSG00000163576
109842,77025,ENSG00000144566
15641,14583,ENSG00000114166
122441,78189,ENSG00000129810
2892,2803,ENSG00000182247
194335,113038,ENSG00000170142
17053,15863,ENSG00000197885
23987629,207318,ENSG00000174748
5188,4959,ENSG00000174738
53009,43540,ENSG00000151090
18795,14482,ENSG00000272554
126403,84654,ENSG00000077097
164964,102816,ENSG00000151092
58501,48561,ENSG00000151093
10551,10049,ENSG00000033867
22244,19226,ENSG00000225548
267550,133394,ENSG00000187118
156849,102299,ENSG00000163512
111367,79868,ENSG00000163527
2227,2144,ENSG00000144645
11656,11139,ENSG00000152642
1475,1394,ENSG00000170293
43643,31585,ENSG00000153551
95784,67474,ENSG00000091317
191436,111494,ENSG00000144635
114793,81382,ENSG00000182973
70381,56616,ENSG00000170266
1757,1728,ENSG00000188167
102040,73717,ENSG00000170275
7608,7334,ENSG00000153558
60483,48602,ENSG00000153560
61330,50262,ENSG00000163539
5657,5495,ENSG00000271643
4132,4057,ENSG00000271020
154253,101603,ENSG00000170248
2520,2429,ENSG00000168016
1321,1306,ENSG00000271835
117717,82887,ENSG00000178567
56200,46890,ENSG00000076242
206366,117329,ENSG00000093167
1271,1258,ENSG00000271993
2905,2847,ENSG00000270194
181585,108609,ENSG00000144674
1199,1182,ENSG00000198590
10923,10473,ENSG00000136059
33506,28027,ENSG00000187091
75795,59408,ENSG00000060971
35597,31459,ENSG00000172936
83708,62826,ENSG00000172939
29309,26457,ENSG00000093217
16115,15065,ENSG00000114739
20404,18911,ENSG00000157036
3222,3077,ENSG00000183873
34521,30539,ENSG00000114742
26449,24159,ENSG00000114745
1519,1502,ENSG00000168026
17184,14004,ENSG00000144655
94152,68730,ENSG00000144659
15752354,207303,ENSG00000168028
413566,163319,ENSG00000114784
42291,36325,ENSG00000223797
1710,1577,ENSG00000168032
18490826,207312,ENSG00000188846
4043,3936,ENSG00000272452
5390,5307,ENSG00000177873
12752,12056,ENSG00000177842
20280,18785,ENSG00000172888
54358,43811,ENSG00000168036
7867,7490,ENSG00000168038
24291,22409,ENSG00000182606
147522,95914,ENSG00000093183
304294,136965,ENSG00000008324
210709,120741,ENSG00000114857
1394,1370,ENSG00000114853
2265,2193,ENSG00000244607
591427,179385,ENSG00000181061
1736,1703,ENSG00000144648
31959,28608,ENSG00000144647
11880,11389,ENSG00000163788
42363,37076,ENSG00000160746
157155,97653,ENSG00000011198
1959,1935,ENSG00000271937
90053,67489,ENSG00000179152
19727,16406,ENSG00000225873
23284,21625,ENSG00000185219
6508,6327,ENSG00000178917
9447,9075,ENSG00000186448
31644,27556,ENSG00000169981
3051,3002,ENSG00000272077
4053,3958,ENSG00000186446
219588,121692,ENSG00000163807
42069,35072,ENSG00000163808
1212,1207,ENSG00000169964
246332,127267,ENSG00000163812
276048,128338,ENSG00000075914
17983,16348,ENSG00000163814
12669,9032,ENSG00000249992
21543,19843,ENSG00000011376
23384,21396,ENSG00000144791
43004,37236,ENSG00000211456
17611,16331,ENSG00000163818
9108,8775,ENSG00000163820
7798,6615,ENSG00000121797
463388,167477,ENSG00000160799
29903,26711,ENSG00000160796
149774,95237,ENSG00000181555
5986,5846,ENSG00000227398
106682,69498,ENSG00000088727
88933,64371,ENSG00000114648
15826,14657,ENSG00000260236
24724,22703,ENSG00000076201
46522,39657,ENSG00000114650
141306,91649,ENSG00000163832
10069,9532,ENSG00000114646
296365,136041,ENSG00000173473
95606,70555,ENSG00000132153
138045,90767,ENSG00000047849
45026,37268,ENSG00000164045
13062,12395,ENSG00000164048
153168,93997,ENSG00000172113
1392,1370,ENSG00000164050
76111,59209,ENSG00000164051
1462546,197011,ENSG00000232112
16748,15658,ENSG00000164053
131411,89283,ENSG00000164054
17928,15820,ENSG00000114268
3231,3132,ENSG00000114270
376045,152388,ENSG00000010256
13420,12762,ENSG00000225697
7927,7655,ENSG00000008300
16136,15285,ENSG00000213672
120252,83203,ENSG00000068745
173397,105328,ENSG00000114302
23238,21489,ENSG00000178537
12173,11573,ENSG00000221883
192164,108112,ENSG00000177479
42398,36565,ENSG00000178252
45709,39003,ENSG00000178149
436528,151496,ENSG00000178057
687836,182659,ENSG00000178035
1418,1389,ENSG00000272434
34755,31001,ENSG00000198218
303943,142472,ENSG00000172053
20574,19194,ENSG00000172046
1347,1324,ENSG00000172037
52314,43372,ENSG00000177352
158658,94752,ENSG00000185909
10493,10092,ENSG00000188315
31708,28648,ENSG00000114316
550113,179054,ENSG00000067560
66296,53235,ENSG00000145022
1324,1312,ENSG00000145020
13659,13048,ENSG00000145029
22548,20662,ENSG00000173402
3543,3453,ENSG00000164061
97469,68911,ENSG00000164062
11521,10981,ENSG00000164068
42536,37104,ENSG00000176095
19776,17375,ENSG00000185614
25430,22981,ENSG00000183763
2217,2170,ENSG00000164076
1391,1377,ENSG00000164078
30790,27154,ENSG00000164077
115777,81307,ENSG00000004534
58056,48315,ENSG00000003756
55598,45735,ENSG00000114353
3433,3341,ENSG00000230454
282854,128879,ENSG00000214706
11442,10780,ENSG00000186792
20756,19149,ENSG00000243477
55139,45263,ENSG00000068001
259972,125559,ENSG00000114383
59108,45648,ENSG00000068028
52558,44357,ENSG00000114388
59413,47554,ENSG00000114395
31969,28445,ENSG00000126062
6154,5935,ENSG00000271858
5098,4941,ENSG00000088543
42787,36901,ENSG00000114735
197357,107873,ENSG00000114737
192161,107344,ENSG00000114738
3354,3198,ENSG00000273356
203249,97545,ENSG00000145050
62982,50762,ENSG00000179837
25109,22955,ENSG00000145041
25937,23602,ENSG00000164080
154922,95588,ENSG00000164081
205771,102077,ENSG00000114767
5797,5626,ENSG00000041880
15951,14782,ENSG00000090097
208152,117761,ENSG00000114779
72477,57314,ENSG00000248487
3554,3480,ENSG00000243989
17376874,207233,ENSG00000162244
11212,10652,ENSG00000164086
68353,53192,ENSG00000164087
50908,39987,ENSG00000023330
53856,44796,ENSG00000247596
3179,3094,ENSG00000243224
8274,7972,ENSG00000164088
64568,51973,ENSG00000164091
6906,6693,ENSG00000168237
53188,44457,ENSG00000163930
97701,70375,ENSG00000010318
19748,18400,ENSG00000010322
258106,113977,ENSG00000168268
117981,78769,ENSG00000168273
92592,68639,ENSG00000163939
355384,144455,ENSG00000163938
52025,44059,ENSG00000016864
793392,187618,ENSG00000114902
25529,23216,ENSG00000114904
6245,6062,ENSG00000213533
15895,14916,ENSG00000163935
37933,33132,ENSG00000163933
7142,6915,ENSG00000163932
567924,174324,ENSG00000163931
55245,44990,ENSG00000162290
7739,7458,ENSG00000016391
8301,7935,ENSG00000056736
1719,1706,ENSG00000271976
27149,24662,ENSG00000113812
326805,143931,ENSG00000113811
55932,47212,ENSG00000180376
76549,59759,ENSG00000163946
5649,5490,ENSG00000163947
1212,1201,ENSG00000272202
2909,2851,ENSG00000163666
109111,75993,ENSG00000157500
1611,1371,ENSG00000174844
40068,34956,ENSG00000174840
217047,114863,ENSG00000168374
6077,5889,ENSG00000272146
10719,10298,ENSG00000174839
72816,57277,ENSG00000163681
26664,23465,ENSG00000136068
13676,12765,ENSG00000163686
81113,62282,ENSG00000163684
39121,33922,ENSG00000168297
103845,72972,ENSG00000168291
22094,20516,ENSG00000168301
48691,41105,ENSG00000163689
48430,40610,ENSG00000189283
394967,156470,ENSG00000163634
21196,19653,ENSG00000163635
1427,1418,ENSG00000239653
183896,106771,ENSG00000163636
3880,3194,ENSG00000151276
73434,58336,ENSG00000144741
10552,9958,ENSG00000163376
82462,63880,ENSG00000172340
5942,5786,ENSG00000163378
1297,1256,ENSG00000244513
53509,44303,ENSG00000144747
29630,26593,ENSG00000144744
70301,55536,ENSG00000144746
50389,41288,ENSG00000187098
1318,1308,ENSG00000240405
53901,44514,ENSG00000114861
5345,5190,ENSG00000163412
74086,57010,ENSG00000163602
23890,21880,ENSG00000144736
5529,5352,ENSG00000172986
158969,97984,ENSG00000163605
11225,10802,ENSG00000255423
5378,5231,ENSG00000272690
25008,23006,ENSG00000227124
1679,1649,ENSG00000242828
2721,2642,ENSG00000242781
27750,24427,ENSG00000114480
5600,5391,ENSG00000175161
72247,56795,ENSG00000083937
12195,11421,ENSG00000179097
310305,142755,ENSG00000163320
6211,6049,ENSG00000229729
15590,14585,ENSG00000175105
34735,30983,ENSG00000179021
52419,44385,ENSG00000184500
41212,35499,ENSG00000169379
6626,6382,ENSG00000178700
18513,17207,ENSG00000178694
101776,64843,ENSG00000269028
4609,4501,ENSG00000113966
1805,1751,ENSG00000233280
1439,1387,ENSG00000080200
71802,55168,ENSG00000170854
70865,57201,ENSG00000080822
134875,86850,ENSG00000080819
17577,16420,ENSG00000057019
1943,1917,ENSG00000273374
265610,123279,ENSG00000184220
10219,8469,ENSG00000168386
66407,53024,ENSG00000036054
96844,71296,ENSG00000114021
147351,96725,ENSG00000154174
6157,5853,ENSG00000206535
5165,4879,ENSG00000181458
227977,124815,ENSG00000114354
30758,27545,ENSG00000138468
173754,101785,ENSG00000174173
503361,174952,ENSG00000081154
41658,36125,ENSG00000066422
13665,12839,ENSG00000256628
7225592,207248,ENSG00000114391
12301,11686,ENSG00000182504
5221,4965,ENSG00000144815
4531,4271,ENSG00000144802
12722,11957,ENSG00000114423
82055,62072,ENSG00000114439
131093,86114,ENSG00000196776
7616,7134,ENSG00000271856
52732,42652,ENSG00000114446
46557,38746,ENSG00000163507
28683,25034,ENSG00000198919
13665,12864,ENSG00000153283
14565,13831,ENSG00000144827
10349,9902,ENSG00000114529
215689,117565,ENSG00000144848
12768,12180,ENSG00000138459
1238,1158,ENSG00000091986
55263,46229,ENSG00000163607
65614,53704,ENSG00000163608
2217,2178,ENSG00000206530
9674,9327,ENSG00000163611
21588,19892,ENSG00000176542
249740,124058,ENSG00000121579
86361,65229,ENSG00000114573
6433,6163,ENSG00000184307
2566,2494,ENSG00000163617
34382,29398,ENSG00000151576
4662,4519,ENSG00000144847
15298,14413,ENSG00000121578
15237,14226,ENSG00000176142
24424,22406,ENSG00000163389
3053,2965,ENSG00000272662
156071,100251,ENSG00000113845
7427,6992,ENSG00000121594
418304,157357,ENSG00000138495
53111,44428,ENSG00000082701
4349,4270,ENSG00000242622
108724,76695,ENSG00000163428
628838,176663,ENSG00000065518
27836,25114,ENSG00000144840
27417,24729,ENSG00000153767
21059,19270,ENSG00000051341
55951,45738,ENSG00000173230
64017,52026,ENSG00000173226
22930,20641,ENSG00000145088
1649,1584,ENSG00000163406
266733,124239,ENSG00000160124
360436,140554,ENSG00000114023
9399,9079,ENSG00000196981
7435,7170,ENSG00000272758
51220,43568,ENSG00000114030
10011,9499,ENSG00000138496
15887,14771,ENSG00000163840
41033,34301,ENSG00000173193
8407,8034,ENSG00000169087
2057,2038,ENSG00000138463
19975,18535,ENSG00000065485
26398,24165,ENSG00000121542
8942,8576,ENSG00000206527
5581,5384,ENSG00000239523
103121,75470,ENSG00000175455
3512,3419,ENSG00000160145
79147,59770,ENSG00000114491
4237,4080,ENSG00000082781
78376,60810,ENSG00000163848
66494,53794,ENSG00000114520
16081,15085,ENSG00000144909
5861,5600,ENSG00000189366
42345,36780,ENSG00000114544
2423,2343,ENSG00000163884
16608,15730,ENSG00000070476
3209,3159,ENSG00000197763
94812,68780,ENSG00000159685
21515,19284,ENSG00000114554
58996,48406,ENSG00000163870
63264,50677,ENSG00000073111
110492,75427,ENSG00000114631
4372,4141,ENSG00000114626
4327,4062,ENSG00000074416
135677,88350,ENSG00000058262
213268,110323,ENSG00000175792
37988,33471,ENSG00000132394
265963,117281,ENSG00000179348
114473,77646,ENSG00000244300
133427,88963,ENSG00000163902
327727,147078,ENSG00000075785
1704,1677,ENSG00000261159
22070,20254,ENSG00000177646
76600,60449,ENSG00000240682
912012,190058,ENSG00000169714
35475,31607,ENSG00000181789
82543,63242,ENSG00000183624
342136,130325,ENSG00000184897
2008,1964,ENSG00000206417
135265,91749,ENSG00000129071
10141,9785,ENSG00000163913
6982,6714,ENSG00000004399
17173,16168,ENSG00000172765
40050,33434,ENSG00000271270
4058,3967,ENSG00000249846
9663,9124,ENSG00000172752
11032,10606,ENSG00000196455
45187,39186,ENSG00000017260
12747,12230,ENSG00000034533
4787,4657,ENSG00000114670
56645,45666,ENSG00000198585
471228,161202,ENSG00000114686
1474,1403,ENSG00000248468
16271,15327,ENSG00000138246
13557,12812,ENSG00000113971
50358,42177,ENSG00000081307
288184,130226,ENSG00000091527
124034,82795,ENSG00000163781
33202,27304,ENSG00000091513
122913,81210,ENSG00000144867
85876,62991,ENSG00000154917
21420,19764,ENSG00000163785
335756,151228,ENSG00000129055
47652,40327,ENSG00000182923
1646,1616,ENSG00000073711
28103,25469,ENSG00000174579
106816,75567,ENSG00000114054
48252,40579,ENSG00000118007
1973,1313,ENSG00000261758
14061,13129,ENSG00000168917
2011,1986,ENSG00000273486
23623,21667,ENSG00000239213
68906,55803,ENSG00000158092
4220,3871,ENSG00000174564
16201,15243,ENSG00000138231
62548,51042,ENSG00000114098
2590,2461,ENSG00000158186
61921,47397,ENSG00000114107
11649,11085,ENSG00000158234
52862,43913,ENSG00000051382
6540,6182,ENSG00000183770
136901,89386,ENSG00000175110
80840,61998,ENSG00000184432
1408,1394,ENSG00000248932
16997,15952,ENSG00000163864
97032,71119,ENSG00000114120
1826,1794,ENSG00000155893
32554,26507,ENSG00000177311
16872,15888,ENSG00000155903
701273,184155,ENSG00000114125
391023,157423,ENSG00000069849
188662,108033,ENSG00000114126
15464,14567,ENSG00000272565
11244,10815,ENSG00000175066
45642,38929,ENSG00000114127
18183,17028,ENSG00000175054
10233,9827,ENSG00000120756
1244,1217,ENSG00000163710
1361,1342,ENSG00000241570
290922,137969,ENSG00000163714
9792,9228,ENSG00000268129
13877,12530,ENSG00000175040
12800,11950,ENSG00000181744
5252,4843,ENSG00000152952
98204,72226,ENSG00000188313
74361,59020,ENSG00000163754
115798,80710,ENSG00000071794
20617,19081,ENSG00000163755
105650,77590,ENSG00000114744
48350,40822,ENSG00000082996
1748,1700,ENSG00000070087
59751,48860,ENSG00000196428
1181882,195612,ENSG00000120742
389176,159409,ENSG00000144895
178348,105297,ENSG00000198843
119606,82651,ENSG00000181788
137413,88040,ENSG00000152601
1131,1116,ENSG00000229619
27341,24133,ENSG00000169860
8583,8216,ENSG00000241732
75415,55603,ENSG00000181467
1843,1819,ENSG00000114790
177552,106342,ENSG00000174953
2188,1940,ENSG00000196549
25806,23538,ENSG00000174928
31378,28068,ENSG00000169359
225854,125261,ENSG00000163655
610389,178455,ENSG00000114850
4272,4157,ENSG00000243926
14576,13583,ENSG00000163659
2051,2014,ENSG00000197980
3810,3523,ENSG00000241135
104001,73886,ENSG00000163660
5947,4639,ENSG00000197415
4600,3795,ENSG00000174899
10350,9861,ENSG00000168779
152103,96172,ENSG00000174891
15370,13676,ENSG00000243150
102535,72492,ENSG00000178053
63255,51560,ENSG00000168827
29053,26083,ENSG00000118855
7594,7389,ENSG00000068885
359494,141315,ENSG00000113810
38158,30603,ENSG00000213186
101833,73048,ENSG00000186432
71843,57419,ENSG00000169251
2682,2652,ENSG00000241369
1957,1906,ENSG00000240033
256768,130611,ENSG00000114209
19519,17261,ENSG00000163536
131013,86336,ENSG00000173905
9962,9308,ENSG00000085276
25696,23266,ENSG00000085274
183701,110577,ENSG00000008952
12673,11953,ENSG00000173890
18754,17504,ENSG00000173889
52972,44156,ENSG00000163558
45784,38388,ENSG00000136603
234940,113474,ENSG00000163584
63062,50769,ENSG00000163577
66382,52017,ENSG00000154310
21078,19267,ENSG00000075651
3091,3032,ENSG00000183657
27439,24617,ENSG00000075420
3774,3696,ENSG00000144959
34285,28851,ENSG00000114346
119406,83591,ENSG00000177565
16460,15370,ENSG00000237978
21896,18768,ENSG00000172667
24731,22313,ENSG00000121879
98327,71377,ENSG00000121864
26527,24200,ENSG00000171109
14852,14023,ENSG00000269728
38462,33756,ENSG00000114450
116546,79877,ENSG00000136518
328405,142195,ENSG00000136522
532113,177897,ENSG00000136521
5522,5315,ENSG00000058056
69477,56222,ENSG00000163728
209812,120023,ENSG00000114416
446336,158638,ENSG00000205981
68244,54129,ENSG00000058063
72838,57947,ENSG00000043093
19803,18363,ENSG00000078070
1429,1411,ENSG00000078081
4146,4020,ENSG00000053524
30719,26864,ENSG00000176597
15508,12994,ENSG00000114796
14950,14122,ENSG00000163872
197802,112612,ENSG00000175193
63326,51200,ENSG00000114770
2111,2080,ENSG00000273181
3142,3081,ENSG00000272721
69771,55042,ENSG00000145191
41904,35997,ENSG00000161202
524265,169557,ENSG00000161203
28884,25823,ENSG00000161204
184447,108410,ENSG00000214160
142508,85528,ENSG00000145194
270894,128066,ENSG00000175166
247945,122925,ENSG00000114867
11930,11400,ENSG00000175182
7565,7255,ENSG00000114859
358430,147016,ENSG00000163882
1638,1603,ENSG00000090534
93945,71080,ENSG00000177383
20496,19144,ENSG00000156931
13851,12975,ENSG00000113790
1232,1153,ENSG00000073803
130678,87953,ENSG00000163900
9915,9025,ENSG00000163898
100571,74221,ENSG00000163904
152785,98111,ENSG00000073792
320114,133779,ENSG00000136527
29857,25523,ENSG00000244405
1918,1848,ENSG00000058866
1408,1397,ENSG00000213139
13456,12788,ENSG00000113838
133598,82434,ENSG00000090520
3449,3369,ENSG00000263826
514787,164967,ENSG00000156976
180166,104765,ENSG00000163918
36532,30294,ENSG00000073849
264546,121398,ENSG00000163923
4506,4374,ENSG00000198398
10403,9491,ENSG00000196083
132744,87959,ENSG00000152492
1934,1914,ENSG00000253548
66126,50898,ENSG00000223812
89602,66123,ENSG00000198836
38587,28259,ENSG00000114315
71811,56607,ENSG00000133657
10322,9808,ENSG00000233058
11714,10980,ENSG00000231770
15666,14738,ENSG00000145014
2083,2052,ENSG00000229334
46340,38632,ENSG00000041802
26208,23856,ENSG00000173950
76670,60038,ENSG00000114331
117784,83709,ENSG00000184203
2970,2919,ENSG00000272792
8364,7731,ENSG00000229178
140047,92860,ENSG00000242086
9608,8763,ENSG00000145113
18117,16861,ENSG00000061938
6110,5945,ENSG00000260261
516300,151342,ENSG00000072274
24559,21502,ENSG00000224652
58598,44460,ENSG00000163958
1118,1114,ENSG00000163959
57770,46775,ENSG00000161217
23596,21370,ENSG00000213123
21129,18486,ENSG00000145107
33221,29355,ENSG00000163960
84916,62119,ENSG00000163961
31439,27893,ENSG00000185798
72976,55442,ENSG00000174013
2513,2470,ENSG00000232065
3166,3089,ENSG00000174004
95126,70214,ENSG00000163964
26303,23336,ENSG00000174007
247237,125388,ENSG00000180370
67319,53166,ENSG00000119231
272055,136139,ENSG00000114503
368571,148135,ENSG00000270170
2855,2784,ENSG00000119227
11301,10693,ENSG00000163975
15347,14170,ENSG00000228109
54395,45433,ENSG00000075711
12647,11975,ENSG00000145016
120655,83160,ENSG00000122068
20159,18830,ENSG00000186001
9274,8899,ENSG00000114473
6861714,207145,ENSG00000182899
17949,16543,ENSG00000185621
136450,88174,ENSG00000197701
10976,10449,ENSG00000250312
1275,1264,ENSG00000131127
75345,59163,ENSG00000182903
38606,33942,ENSG00000174227
1045035,190857,ENSG00000169020
19567,18015,ENSG00000215375
63230,51457,ENSG00000185619
1400,1363,ENSG00000272588
28836,25835,ENSG00000249592
10371,9553,ENSG00000168993
61339,50088,ENSG00000178950
30269,27088,ENSG00000127419
16257,15111,ENSG00000145214
8394,7960,ENSG00000145217
4520,4387,ENSG00000127415
15416,14286,ENSG00000127418
13421,11913,ENSG00000159674
136926,88865,ENSG00000159692
44431,37568,ENSG00000196810
116351,80062,ENSG00000090316
8706,8431,ENSG00000163945
4634,4544,ENSG00000179979
13176,11692,ENSG00000244459
7386,7183,ENSG00000174137
532120,167188,ENSG00000163950
33482,28836,ENSG00000270195
71681,56411,ENSG00000168936
111746,69118,ENSG00000013810
11883,11008,ENSG00000068078
161247,95586,ENSG00000168924
136731,89108,ENSG00000109685
96157,71693,ENSG00000185049
396555,147535,ENSG00000243449
6309,6021,ENSG00000185818
3720,3605,ENSG00000130997
34056,30162,ENSG00000214367
56506,44137,ENSG00000123933
49392,40967,ENSG00000159733
74067,58126,ENSG00000063978
27394,24846,ENSG00000125386
208962,114256,ENSG00000168884
7908,7344,ENSG00000087266
129598,88196,ENSG00000087274
123655,82933,ENSG00000109736
22391,20289,ENSG00000249673
230778,117937,ENSG00000087269
25634,23346,ENSG00000125388
41670,36079,ENSG00000197386
22114,20284,ENSG00000159788
192924,111520,ENSG00000163956
88761,67526,ENSG00000132406
595883,156300,ENSG00000145220
6777,6571,ENSG00000168826
68454,54569,ENSG00000168818
4404,4317,ENSG00000247708
27609,24618,ENSG00000163132
5510,3782,ENSG00000074211
15784,14915,ENSG00000013288
772653,189374,ENSG00000179010
26706,23910,ENSG00000251580
97376,70168,ENSG00000170846
10519,6532,ENSG00000163993
116752,83296,ENSG00000178988
241170,126644,ENSG00000186222
86135,64663,ENSG00000170871
67304,53612,ENSG00000132405
11729,11209,ENSG00000173011
297149,128756,ENSG00000109519
3021,2673,ENSG00000272620
2587,2318,ENSG00000170801
1130,1116,ENSG00000251615
11882,11404,ENSG00000087008
19669,18230,ENSG00000155275
226709,118858,ENSG00000071127
70512,55186,ENSG00000178163
91965,70783,ENSG00000157869
42662,36947,ENSG00000038219
3954,3845,ENSG00000137449
4502,4260,ENSG00000048342
23831,22095,ENSG00000118564
122616,83075,ENSG00000237765
1745,1721,ENSG00000109743
21755,19846,ENSG00000169762
39544,30183,ENSG00000263327
207057,117050,ENSG00000151552
184567,107338,ENSG00000002549
461264,171122,ENSG00000118579
98567,73125,ENSG00000163257
97087,64902,ENSG00000109805
42348,36031,ENSG00000178177
8187,7622,ENSG00000145147
45356,38706,ENSG00000163138
5849,5701,ENSG00000152990
121538,81509,ENSG00000109606
6581,5230,ENSG00000109610
14691,13915,ENSG00000109618
33749,30183,ENSG00000038210
20716,19095,ENSG00000168228
42074,36581,ENSG00000053900
37928,32391,ENSG00000091490
333392,149726,ENSG00000250317
108034,79505,ENSG00000168214
2971,2918,ENSG00000109680
83250,63132,ENSG00000109689
1179,1160,ENSG00000240005
5581,5188,ENSG00000251434
17440,16021,ENSG00000251129
1137,1122,ENSG00000248215
27628,24531,ENSG00000261761
5897,5717,ENSG00000181826
73193,57263,ENSG00000169299
74803,57637,ENSG00000065882
1108,1099,ENSG00000250254
1413,1399,ENSG00000231160
1589,1548,ENSG00000196355
554033,175194,ENSG00000109787
2405,2346,ENSG00000174130
15277,13661,ENSG00000197712
2479,2163,ENSG00000121895
19309,17585,ENSG00000109790
6860,6579,ENSG00000157796
339037,148415,ENSG00000035928
17023195,207317,ENSG00000163682
110910,79537,ENSG00000121897
52303,43637,ENSG00000109814
8229,7921,ENSG00000249348
28005,19934,ENSG00000163683
1284,1262,ENSG00000255458
377157,154695,ENSG00000078140
163417,102404,ENSG00000121892
64122,50816,ENSG00000078177
59843,43162,ENSG00000168421
6320,5907,ENSG00000163694
166830,103582,ENSG00000109133
4187,3997,ENSG00000182308
1877,1856,ENSG00000272862
125903,86532,ENSG00000014824
93070,68751,ENSG00000151806
35285,31502,ENSG00000163281
2304,2272,ENSG00000272936
30239,24936,ENSG00000163285
58241,42921,ENSG00000151834
127744,88889,ENSG00000169019
2108,2044,ENSG00000145246
1623,1564,ENSG00000145244
2474,2451,ENSG00000259959
27477,24796,ENSG00000170448
1231,1216,ENSG00000163293
1286,1261,ENSG00000074966
9952,9542,ENSG00000135605
114218,79778,ENSG00000109171
21886,19242,ENSG00000145248
58841,48085,ENSG00000075539
440645,170388,ENSG00000109180
30037,26916,ENSG00000109184
36533,31906,ENSG00000109189
8710,8304,ENSG00000248866
13802,12818,ENSG00000226887
4591,3823,ENSG00000128045
22329,20387,ENSG00000184178
152487,98469,ENSG00000145216
8428,8117,ENSG00000072201
87426,66309,ENSG00000109220
6096,5573,ENSG00000157404
160299,98262,ENSG00000128039
425978,162430,ENSG00000134851
48652,41262,ENSG00000134852
2192,2151,ENSG00000272969
1654,1628,ENSG00000163440
2229945,194289,ENSG00000109255
76308,60664,ENSG00000090989
44646,37948,ENSG00000174799
47496,40219,ENSG00000157426
9547,9077,ENSG00000269921
161228,100876,ENSG00000128059
2158,2100,ENSG00000270147
2283,2269,ENSG00000268171
667360,178127,ENSG00000128050
2595,2581,ENSG00000270109
760267,183669,ENSG00000174780
1580,1560,ENSG00000249693
94285,70369,ENSG00000084093
117624,83130,ENSG00000084092
153353,97758,ENSG00000047315
1189,1161,ENSG00000150471
85173,63391,ENSG00000145241
150787,97570,ENSG00000033178
43876,37462,ENSG00000248049
179207,102698,ENSG00000083896
65602,52618,ENSG00000132467
3377,3311,ENSG00000272986
49577,41386,ENSG00000018189
223770,120267,ENSG00000132463
79820,60240,ENSG00000173542
41324,35945,ENSG00000156136
13282,12513,ENSG00000156140
25864,23778,ENSG00000163626
109507,78130,ENSG00000132466
2041,1893,ENSG00000169435
34186,4735,ENSG00000169429
3945,2507,ENSG00000163739
61166,36081,ENSG00000163734
13320,9497,ENSG00000081041
239855,121463,ENSG00000163738
38991,27988,ENSG00000124882
3389,3064,ENSG00000109321
109507,74137,ENSG00000163743
48389,41533,ENSG00000174796
181886,109235,ENSG00000138757
120705,83861,ENSG00000138768
17163,15633,ENSG00000138744
214128,112588,ENSG00000198301
153641,99475,ENSG00000138750
31512,27750,ENSG00000138760
4086,3874,ENSG00000189157
168993,100509,ENSG00000138758
1203423,200141,ENSG00000118816
11502,9627,ENSG00000138764
42993,37344,ENSG00000138767
157257,95308,ENSG00000169288
10445,8770,ENSG00000138772
6381,5950,ENSG00000251442
18600,15811,ENSG00000260278
136871,85915,ENSG00000138756
34665,30628,ENSG00000163291
28021,22411,ENSG00000249307
26527,24019,ENSG00000156269
75439,50702,ENSG00000163297
767061,172049,ENSG00000138668
13773,12453,ENSG00000272677
922271,180396,ENSG00000152795
183115,105559,ENSG00000145293
183712,110327,ENSG00000138674
92795,67970,ENSG00000251022
6549,6349,ENSG00000168152
30904,27597,ENSG00000189308
126481,87544,ENSG00000138663
42528,36487,ENSG00000173085
49062,41939,ENSG00000163312
464599,159594,ENSG00000163319
264192,127324,ENSG00000163322
32171,26068,ENSG00000138678
1846,1817,ENSG00000163625
35540,30622,ENSG00000138639
34277,29496,ENSG00000163633
44755,37862,ENSG00000172493
66778,53370,ENSG00000145332
254865,129658,ENSG00000198189
86617,64827,ENSG00000170502
3375,3165,ENSG00000249001
1587,1456,ENSG00000118777
36561,31295,ENSG00000163644
602607,180666,ENSG00000145337
13947,13252,ENSG00000138641
16239,15172,ENSG00000177432
1905,1882,ENSG00000248019
52489,43361,ENSG00000138640
1345,1337,ENSG00000271359
17735,16635,ENSG00000180346
6884,5481,ENSG00000145335
84213,64156,ENSG00000163104
138993,91334,ENSG00000163110
74341,58161,ENSG00000138698
43977,33787,ENSG00000168785
462388,166129,ENSG00000151247
81790,63601,ENSG00000164024
228794,124471,ENSG00000197894
3273,3198,ENSG00000246090
21583,19816,ENSG00000145331
20423,16904,ENSG00000070190
224162,125145,ENSG00000109270
60550,49486,ENSG00000164031
6013450,205426,ENSG00000164032
21963,19347,ENSG00000138814
7949,7487,ENSG00000254531
309898,139283,ENSG00000138821
16262,14508,ENSG00000248161
1707,1676,ENSG00000260651
29426,26345,ENSG00000109320
15397,14417,ENSG00000109323
1237651,200567,ENSG00000109332
54191,44881,ENSG00000246560
798359,186716,ENSG00000145354
4993,4833,ENSG00000164037
37447,32055,ENSG00000164038
9911,9366,ENSG00000164039
141227,72428,ENSG00000138778
4161,4052,ENSG00000248740
3330,3249,ENSG00000251259
23592,21483,ENSG00000168769
223685,121520,ENSG00000138777
112791,80472,ENSG00000138785
28801,25993,ENSG00000138780
12435,11747,ENSG00000145348
303377,145205,ENSG00000164022
10826,10292,ENSG00000138801
1250,1231,ENSG00000249604
102902,74801,ENSG00000138796
36212,31462,ENSG00000138795
2848,2785,ENSG00000234492
12218520,207296,ENSG00000109475
873176,192680,ENSG00000198856
8969,8534,ENSG00000247950
29009,26231,ENSG00000138802
54162,43093,ENSG00000005059
72432,56686,ENSG00000138794
432098,153652,ENSG00000123739
418314,152119,ENSG00000109534
129963,83700,ENSG00000170522
143650,86313,ENSG00000174749
6457,6136,ENSG00000260526
34339,29750,ENSG00000138660
14646,13395,ENSG00000145365
3270,3115,ENSG00000073331
27514,24678,ENSG00000138658
112354,80533,ENSG00000174720
4951,4659,ENSG00000138653
427006,156287,ENSG00000269893
1363,1356,ENSG00000260404
36049,31986,ENSG00000145388
7876,6938,ENSG00000150961
23265,20897,ENSG00000145390
591873,175191,ENSG00000164096
302329,130048,ENSG00000164109
1228,1196,ENSG00000250938
88466,62961,ENSG00000164111
141755,90920,ENSG00000123737
469832,140052,ENSG00000145386
74218,57873,ENSG00000138686
1180,1166,ENSG00000138741
35635,30969,ENSG00000138688
12856,11844,ENSG00000181004
18280,16103,ENSG00000138685
39335,33657,ENSG00000170917
51748,42948,ENSG00000145375
2437,2375,ENSG00000164056
16775,15559,ENSG00000151458
4195,4101,ENSG00000164066
57671,45348,ENSG00000164070
41928,35942,ENSG00000142731
16455,15495,ENSG00000164073
33721,30167,ENSG00000164074
78134,60342,ENSG00000138709
208812,113634,ENSG00000164040
2000,1969,ENSG00000251432
105483,75332,ENSG00000077684
86253,63803,ENSG00000151466
52293,43270,ENSG00000151470
30632,27377,ENSG00000250102
2986,2950,ENSG00000251199
66586,45255,ENSG00000151012
2518,2209,ENSG00000250501
4692,4559,ENSG00000151014
124434,87698,ENSG00000109381
1446,1332,ENSG00000137463
710473,181929,ENSG00000109390
179223,107104,ENSG00000164134
70767,56199,ENSG00000273247
6830,6574,ENSG00000172007
8938,8270,ENSG00000145391
126764,84703,ENSG00000085871
125161,83590,ENSG00000153130
2884,2823,ENSG00000196951
1538,1391,ENSG00000153132
34696,30646,ENSG00000179387
153983,98257,ENSG00000109445
2846,2301,ENSG00000164136
39159,33831,ENSG00000170185
23533,21328,ENSG00000109458
365167,151657,ENSG00000153147
223611,115667,ENSG00000197465
1294834,190300,ENSG00000250361
1586247,194221,ENSG00000170180
171535,102555,ENSG00000164162
402396,155127,ENSG00000164163
55363,46164,ENSG00000164164
1686,1638,ENSG00000151611
426465,157351,ENSG00000164167
10966,10480,ENSG00000120519
44496,38198,ENSG00000164168
26882,24540,ENSG00000164169
1771,1677,ENSG00000071205
89755,68762,ENSG00000198589
31670592,207320,ENSG00000145425
5658,5557,ENSG00000109686
2279,1680,ENSG00000270681
58157,47803,ENSG00000059691
90364,66850,ENSG00000109670
23858,21547,ENSG00000268471
1129,1116,ENSG00000169989
54505,45360,ENSG00000164144
11903,11194,ENSG00000137460
3091,2581,ENSG00000109654
195173,106663,ENSG00000121211
28178,25290,ENSG00000121210
116950,81177,ENSG00000171566
5075,4880,ENSG00000164116
3639,2967,ENSG00000151790
12341,11223,ENSG00000234111
30077,26433,ENSG00000164124
45354,37951,ENSG00000205208
56854,46703,ENSG00000171503
290025,129178,ENSG00000171497
59832,48102,ENSG00000052795
28662,25246,ENSG00000109756
21734,19633,ENSG00000168843
71409,55393,ENSG00000145414
225249,123847,ENSG00000198498
2208,2144,ENSG00000273449
124178,83727,ENSG00000170088
8797,8467,ENSG00000109466
77860,52063,ENSG00000052802
6875,6334,ENSG00000181381
72035,57117,ENSG00000145439
83347,64131,ENSG00000137601
186100,109529,ENSG00000109572
147248,97131,ENSG00000056050
1911,1860,ENSG00000198948
3757,3608,ENSG00000174473
2834,2759,ENSG00000245213
83455,62429,ENSG00000109586
2186148,194349,ENSG00000164104
12517,11261,ENSG00000272870
123156,75760,ENSG00000164105
2137,2048,ENSG00000164106
4177,4021,ENSG00000164107
1220,1207,ENSG00000250708
39139,33934,ENSG00000164117
70454,55537,ENSG00000164118
7842,5856,ENSG00000164120
395298,149048,ENSG00000129128
20802,18490,ENSG00000109674
40932,35581,ENSG00000038002
1752,1636,ENSG00000251504
177470,106114,ENSG00000129187
53285,43112,ENSG00000151718
42856,35517,ENSG00000168564
1649,1632,ENSG00000232648
146716,92368,ENSG00000168556
193812,110494,ENSG00000182552
34582,30821,ENSG00000168538
24848,22272,ENSG00000168310
12228,11561,ENSG00000271646
68789,53375,ENSG00000164305
25318,22837,ENSG00000164306
254548,120533,ENSG00000151725
13967,13167,ENSG00000151726
2675,1974,ENSG00000251230
272627,127314,ENSG00000151729
257792,126364,ENSG00000164323
13919,13141,ENSG00000109762
3550,3471,ENSG00000109771
49610,36563,ENSG00000186352
92815,69463,ENSG00000109775
1179,1140,ENSG00000205129
1785,1742,ENSG00000168491
4811,4639,ENSG00000145476
2088,2047,ENSG00000251165
13530,12668,ENSG00000083857
3504,3435,ENSG00000272218
2672,2541,ENSG00000245685
19752,17894,ENSG00000250666
135915,92441,ENSG00000109536
60219,50092,ENSG00000164366
159240,100904,ENSG00000073578
1337,1320,ENSG00000248925
989365,187751,ENSG00000249915
5543,5413,ENSG00000063438
58148,47333,ENSG00000221990
63445,51816,ENSG00000180104
83333,63635,ENSG00000188242
10528,10022,ENSG00000112877
2730,2688,ENSG00000268885
1842,1798,ENSG00000271781
109997,77429,ENSG00000028310
108884,73832,ENSG00000071539
14660,13467,ENSG00000113504
7866,7553,ENSG00000164362
195035,102866,ENSG00000049656
16743,15261,ENSG00000153395
641276,167793,ENSG00000171421
2068757,202303,ENSG00000145494
229690,120245,ENSG00000164151
350750,142533,ENSG00000133398
139337,86400,ENSG00000037474
58527,48552,ENSG00000145545
1595,1587,ENSG00000272520
19029,17450,ENSG00000112941
29886,26848,ENSG00000124275
62974,49388,ENSG00000124279
2254,2204,ENSG00000272049
99592,72481,ENSG00000247516
36146,31676,ENSG00000150756
1041364,189131,ENSG00000150753
379138,154075,ENSG00000164237
15180,14110,ENSG00000259802
170714,106422,ENSG00000145495
1577,1494,ENSG00000249166
5372,5071,ENSG00000272016
118559,81045,ENSG00000112977
57939,47793,ENSG00000248131
1237,1214,ENSG00000039139
9870,9379,ENSG00000038382
3905,3785,ENSG00000261360
50180,42139,ENSG00000154124
26585,24086,ENSG00000154122
130214,86284,ENSG00000173545
1680,1671,ENSG00000248223
1748,1727,ENSG00000251487
17879,16668,ENSG00000145526
17224,15781,ENSG00000251629
1258,1216,ENSG00000154162
7783,5675,ENSG00000164256
5548,5408,ENSG00000251273
68023,53453,ENSG00000250337
2015,1996,ENSG00000250453
6161,5993,ENSG00000259786
53753,44942,ENSG00000113360
38007,33673,ENSG00000082213
110933,80031,ENSG00000113384
25262,22912,ENSG00000272086
48408,40771,ENSG00000150712
306586,139832,ENSG00000056097
3003800,205732,ENSG00000113387
505132,170086,ENSG00000113407
1565,1550,ENSG00000242110
1558,1532,ENSG00000082196
100866,71455,ENSG00000039560
2351,2317,ENSG00000272323
236778,123395,ENSG00000113456
498869,161251,ENSG00000113460
250088,123162,ENSG00000168724
29572,26750,ENSG00000164187
85354,63121,ENSG00000145604
91056,68511,ENSG00000152620
229490,124804,ENSG00000164190
108274,77633,ENSG00000113569
72327,57832,ENSG00000082068
16714,15122,ENSG00000248730
32239,27951,ENSG00000113594
3678,3589,ENSG00000244968
70807,56199,ENSG00000164327
16683,15707,ENSG00000113638
65009,53404,ENSG00000132356
11627670,207306,ENSG00000145592
15349,14399,ENSG00000132357
20722,18879,ENSG00000083720
73584,57232,ENSG00000205765
40439,35036,ENSG00000151876
1298,1201,ENSG00000198865
54027,37408,ENSG00000250722
1873,1855,ENSG00000271788
1793,1625,ENSG00000251131
12091,11378,ENSG00000177721
8140,7845,ENSG00000215068
4768,4663,ENSG00000272144
170088,107025,ENSG00000172262
108169,69954,ENSG00000112972
47464,40865,ENSG00000151881
21121,19282,ENSG00000172244
413656,159850,ENSG00000172239
177975,107468,ENSG00000248092
67182,54429,ENSG00000112992
4534,4398,ENSG00000251141
251604,127125,ENSG00000112996
10451,9944,ENSG00000272335
65668,53400,ENSG00000152684
202316,112682,ENSG00000164172
33231,29214,ENSG00000247796
2296,1857,ENSG00000134363
472601,172310,ENSG00000164258
3166,3107,ENSG00000272416
64923,52020,ENSG00000185305
93270,66324,ENSG00000249069
2873,2815,ENSG00000169271
25512,23210,ENSG00000178996
2384,2304,ENSG00000152669
237754,124299,ENSG00000067248
111393,79152,ENSG00000039123
18595,17400,ENSG00000177058
42146,34907,ENSG00000134352
3201,2998,ENSG00000227908
4173,3566,ENSG00000164512
21617,19985,ENSG00000095015
56022,46243,ENSG00000155542
11256,10797,ENSG00000155545
389221,160658,ENSG00000062194
3306,3181,ENSG00000248475
8168,7800,ENSG00000247345
59181,45580,ENSG00000035499
1286,1282,ENSG00000272308
72216,57634,ENSG00000049167
348121,149356,ENSG00000164182
411078,156852,ENSG00000188725
3846,3745,ENSG00000130449
214325,112098,ENSG00000068796
217136,114539,ENSG00000086189
45835,38919,ENSG00000086200
173861,107009,ENSG00000153006
180994,109237,ENSG00000153015
9090,8660,ENSG00000049192
165385,97579,ENSG00000123219
50333,42851,ENSG00000113593
9490,9111,ENSG00000113595
36566,32255,ENSG00000113597
35999,31542,ENSG00000253251
32923,29069,ENSG00000197860
98690,70501,ENSG00000123213
2005,1970,ENSG00000269961
111399,80116,ENSG00000112851
178077,107790,ENSG00000153914
19041,17075,ENSG00000069020
10473,9896,ENSG00000229666
29857,26400,ENSG00000145675
1393,1375,ENSG00000248884
242343,127716,ENSG00000145740
3364,3313,ENSG00000248664
339661,107203,ENSG00000134057
442743,162541,ENSG00000153044
458097,166430,ENSG00000134056
87266,66251,ENSG00000134058
26819,24393,ENSG00000183323
1319465,200483,ENSG00000085231
114537,81097,ENSG00000152942
36078,32008,ENSG00000183474
7640,7400,ENSG00000205571
9194,8849,ENSG00000269983
2591,2562,ENSG00000172058
21912,20199,ENSG00000172062
9104,8781,ENSG00000249437
164229,96864,ENSG00000145736
220269,119161,ENSG00000145734
69675,53968,ENSG00000131844
110860,58182,ENSG00000131711
141405,94467,ENSG00000113048
24455,22641,ENSG00000049883
3384,3343,ENSG00000272093
1988,1971,ENSG00000272365
112463,78241,ENSG00000083312
1267,1251,ENSG00000272081
25118,23117,ENSG00000157107
9014,8426,ENSG00000272525
6716504,207092,ENSG00000145741
26128,23737,ENSG00000164331
46764,38601,ENSG00000164338
10368,8940,ENSG00000171617
249049,129017,ENSG00000049860
39329,34778,ENSG00000164347
503937,175303,ENSG00000164346
43597,36345,ENSG00000113161
74143,58145,ENSG00000113163
61036,50538,ENSG00000122008
37490,32527,ENSG00000152359
76867,58491,ENSG00000145703
28447,25404,ENSG00000181104
1733,1682,ENSG00000164251
154623,99697,ENSG00000164252
63473,51809,ENSG00000164253
1371959,200828,ENSG00000171530
82708,63333,ENSG00000132842
56994,47193,ENSG00000245556
36782,32637,ENSG00000085365
7194,6813,ENSG00000145685
6775,6561,ENSG00000113273
4320,4167,ENSG00000132837
19321,17518,ENSG00000152409
75748,58174,ENSG00000152413
70997,57127,ENSG00000164329
2078,1948,ENSG00000164309
1534,1456,ENSG00000113296
6894,6625,ENSG00000164300
27130,24514,ENSG00000039319
1450,1394,ENSG00000249042
491554,157469,ENSG00000228716
14445,13378,ENSG00000271043
48412,41157,ENSG00000113318
26262,23966,ENSG00000247572
165759,105360,ENSG00000131732
80977,61021,ENSG00000145687
100847,74217,ENSG00000152348
23475851,207316,ENSG00000186468
10876,10300,ENSG00000205464
1523,1503,ENSG00000271862
795178,185501,ENSG00000174695
56759,46078,ENSG00000152422
5465,5334,ENSG00000250874
2600330,206574,ENSG00000127184
18864,17658,ENSG00000145715
5179,5085,ENSG00000272367
140935,92277,ENSG00000134480
63484,51701,ENSG00000164180
85343,64347,ENSG00000247828
37919,30181,ENSG00000081189
5597,5405,ENSG00000248309
86600,66812,ENSG00000153140
25117,22926,ENSG00000176055
110150,68655,ENSG00000113356
51483,42581,ENSG00000176018
23947,21525,ENSG00000164199
1574,1260,ENSG00000248323
45605,35565,ENSG00000113369
4635,4431,ENSG00000250049
29762,26818,ENSG00000113391
3163,3114,ENSG00000248483
54155,45086,ENSG00000133302
93530,69715,ENSG00000198677
33510,29871,ENSG00000164291
772967,177557,ENSG00000175449
942427,187515,ENSG00000164292
17987,14681,ENSG00000173221
87803,65578,ENSG00000118985
322962,144904,ENSG00000153113
18677,17315,ENSG00000164307
5335,5175,ENSG00000247121
6047,5764,ENSG00000164308
56958,46874,ENSG00000113441
1475,1457,ENSG00000251606
72495,55490,ENSG00000058729
364373,147220,ENSG00000153922
2644,2585,ENSG00000248489
26065,23518,ENSG00000174132
3813,3670,ENSG00000113532
5605,5373,ENSG00000173930
8039,7755,ENSG00000250682
4389,4217,ENSG00000145730
12311,11621,ENSG00000145723
193132,108298,ENSG00000145725
32170,28855,ENSG00000181751
18238,17091,ENSG00000112874
3082,3034,ENSG00000251026
1540,1528,ENSG00000251574
8671,8354,ENSG00000253584
5937,5774,ENSG00000145743
18104,16365,ENSG00000272523
20234,18577,ENSG00000151422
1593,1556,ENSG00000249476
89349,67594,ENSG00000198961
1273,1265,ENSG00000271849
70773,54919,ENSG00000112893
88538,67503,ENSG00000164209
4497,3932,ENSG00000145777
90318,67173,ENSG00000134987
2289,2256,ENSG00000248268
31738,27289,ENSG00000164211
1222,1175,ENSG00000129595
445899,147182,ENSG00000224032
88334,65788,ENSG00000134982
1290,1273,ENSG00000272869
407880,156844,ENSG00000153037
312956,139428,ENSG00000129625
267964,133303,ENSG00000172795
3590,3374,ENSG00000171444
53347,44813,ENSG00000047188
3405,3301,ENSG00000152503
3021,2976,ENSG00000248175
23531,21663,ENSG00000164219
1169,1159,ENSG00000271797
76326,58143,ENSG00000164221
10631,10075,ENSG00000145780
52225,43951,ENSG00000134970
252692,131241,ENSG00000145782
505234,174129,ENSG00000177879
18096,16618,ENSG00000172901
14256,13408,ENSG00000271918
81639,62338,ENSG00000145781
1462,1447,ENSG00000248445
14496,12971,ENSG00000169570
53662,44756,ENSG00000172869
56774,44650,ENSG00000145779
39120,34212,ENSG00000133835
68921,55008,ENSG00000151304
165542,102007,ENSG00000205302
28593,25460,ENSG00000064652
27916,22771,ENSG00000168938
18968,17724,ENSG00000168944
47803,40077,ENSG00000151292
2611,2537,ENSG00000168916
3397,3279,ENSG00000155324
106156,75836,ENSG00000164902
95364,68699,ENSG00000113368
114603,78043,ENSG00000173926
26341,24134,ENSG00000164241
55635,45815,ENSG00000164244
168871,102719,ENSG00000245937
32685,28721,ENSG00000064651
1538,1515,ENSG00000113396
204885,117798,ENSG00000066583
3790539,206376,ENSG00000169567
302750,137934,ENSG00000186687
105511,76086,ENSG00000158985
15787,14852,ENSG00000158987
58438,46933,ENSG00000217128
12377,10816,ENSG00000164398
37458,32307,ENSG00000072682
154144,94403,ENSG00000131435
16709,15416,ENSG00000197208
16922,15916,ENSG00000197375
7222,6789,ENSG00000197536
29458,24550,ENSG00000125347
1178,1108,ENSG00000113525
377879,151235,ENSG00000113522
18787,17013,ENSG00000131437
117001,79027,ENSG00000164402
22318,20386,ENSG00000164403
1992919,199730,ENSG00000164405
12546,11745,ENSG00000164406
71810,56103,ENSG00000072364
121168,85156,ENSG00000155329
257118,130830,ENSG00000170606
100710,75297,ENSG00000113583
823204,186671,ENSG00000213585
9046,8605,ENSG00000271737
25068,22781,ENSG00000081059
1117929,200281,ENSG00000113558
255959,129875,ENSG00000113575
20487,18827,ENSG00000006837
417398,161582,ENSG00000119048
162075,101975,ENSG00000237190
20622,18797,ENSG00000043143
180613,108512,ENSG00000152700
28968,26151,ENSG00000113615
254419,129118,ENSG00000164615
789025,173424,ENSG00000145833
142969,94640,ENSG00000181904
23169,21435,ENSG00000113621
63407,50415,ENSG00000132570
2272,2238,ENSG00000152705
1269428,189851,ENSG00000069011
26260,22244,ENSG00000224186
558722,167756,ENSG00000113648
5543,4557,ENSG00000249639
1578,1553,ENSG00000270123
72347,57404,ENSG00000113658
9220,8816,ENSG00000249803
2698,2638,ENSG00000250284
1525,1503,ENSG00000146021
581899,177936,ENSG00000177733
34432,30454,ENSG00000250159
2409,2265,ENSG00000078795
21322,19348,ENSG00000031003
80544,59677,ENSG00000112983
45139,31145,ENSG00000112984
74869,58499,ENSG00000094880
38961,29417,ENSG00000158402
48737,40086,ENSG00000120709
66924,54012,ENSG00000120733
1302,1270,ENSG00000132563
58653,30404,ENSG00000120738
508850,168468,ENSG00000120705
698597,176835,ENSG00000113013
76712,59854,ENSG00000044115
49707,41820,ENSG00000120725
424953,164031,ENSG00000015479
243036,127684,ENSG00000120727
15538,14517,ENSG00000170469
4234,4111,ENSG00000170464
28193,23705,ENSG00000184584
1052085,193207,ENSG00000131508
426484,155311,ENSG00000171604
4793,4546,ENSG00000245146
144501,94184,ENSG00000185129
5488,5342,ENSG00000182700
680886,183101,ENSG00000120306
240871,128528,ENSG00000113068
30282,26914,ENSG00000131503
1494,1479,ENSG00000254996
359615,147455,ENSG00000213523
10299,9903,ENSG00000113108
172244,105003,ENSG00000176087
806995,188298,ENSG00000131495
16424,15549,ENSG00000113119
314959,148283,ENSG00000113141
69412,53836,ENSG00000120314
134865,88954,ENSG00000170445
30924,27602,ENSG00000112855
263616,135546,ENSG00000146007
1195,1177,ENSG00000113209
351263,153053,ENSG00000178913
1193,1185,ENSG00000272070
152036,89358,ENSG00000131504
266377,131959,ENSG00000171720
40791,33813,ENSG00000164620
10862,10402,ENSG00000197948
3106,2995,ENSG00000120318
41046,35802,ENSG00000081791
82554,63837,ENSG00000013561
273647,130217,ENSG00000113552
167328,101928,ENSG00000131507
5527,5168,ENSG00000187678
1989,1947,ENSG00000231185
11212,10469,ENSG00000145819
103085,74268,ENSG00000113580
79571,61154,ENSG00000145817
108402,77460,ENSG00000186314
472827,165432,ENSG00000133706
333795,143145,ENSG00000091009
260767,130529,ENSG00000113649
1428,1410,ENSG00000156475
3689,3540,ENSG00000133710
2880,2715,ENSG00000214510
20345,18898,ENSG00000145868
42628,36532,ENSG00000164284
9217,8836,ENSG00000145882
2925,2843,ENSG00000127743
1492,1467,ENSG00000269936
394760,158396,ENSG00000113712
4707,4587,ENSG00000183111
29469,26199,ENSG00000155846
1849,1774,ENSG00000132915
17510,15894,ENSG00000155850
20508,18862,ENSG00000164296
88879,66522,ENSG00000113716
223574,112341,ENSG00000070814
28164947,207319,ENSG00000164587
19846,18295,ENSG00000070614
117151,81503,ENSG00000086589
46398,39843,ENSG00000132912
116258,80651,ENSG00000145901
16076,14216,ENSG00000197043
41189,34745,ENSG00000198624
30674,25721,ENSG00000196743
13296,12509,ENSG00000123643
1696,1683,ENSG00000271795
577916,169760,ENSG00000177556
288154,139653,ENSG00000145907
39216,34435,ENSG00000055147
19813,18413,ENSG00000037749
45399,38343,ENSG00000164574
69754,54676,ENSG00000164576
487208,161451,ENSG00000155506
119275,71963,ENSG00000170271
70112,56176,ENSG00000155508
62654,49192,ENSG00000082516
547553,172838,ENSG00000082515
48751,41578,ENSG00000155868
11844,10590,ENSG00000135074
128347,83982,ENSG00000113272
17695,16482,ENSG00000155858
180678,104025,ENSG00000113282
218942,115945,ENSG00000145860
87746,67250,ENSG00000164332
178725,104368,ENSG00000113312
59054,48734,ENSG00000170234
10787,9699,ENSG00000170231
1685,1629,ENSG00000135083
6368,6152,ENSG00000221886
101132,72518,ENSG00000164609
1058942,164560,ENSG00000164611
2209,2098,ENSG00000113327
774676,186536,ENSG00000113328
801956,184868,ENSG00000170584
348525,112660,ENSG00000072571
77247,60803,ENSG00000038274
1399,1380,ENSG00000241956
197459,112440,ENSG00000113643
80473,61413,ENSG00000120137
85092,60679,ENSG00000040275
3077,2733,ENSG00000043462
5537827,206592,ENSG00000181163
1557,1382,ENSG00000156427
37059,32784,ENSG00000072803
13364,12707,ENSG00000072786
1328,1269,ENSG00000168246
2792,2722,ENSG00000174705
32486,24465,ENSG00000120129
117021,81603,ENSG00000113719
1778,1753,ENSG00000204758
699850,179096,ENSG00000037241
733155,182447,ENSG00000113732
24889,18257,ENSG00000164463
46472,38742,ENSG00000113734
25971,22152,ENSG00000113739
118928,81787,ENSG00000145919
64392,47128,ENSG00000113742
210124,118320,ENSG00000164466
121624,82912,ENSG00000051596
35291,26783,ENSG00000248596
28201,25447,ENSG00000170085
117518,83074,ENSG00000122203
574894,150940,ENSG00000048162
1430200,201429,ENSG00000146066
493033,162268,ENSG00000175416
89436,65791,ENSG00000113194
28071,25187,ENSG00000146083
12962,12124,ENSG00000169258
183473,103931,ENSG00000048140
62352,51006,ENSG00000087206
22793,20966,ENSG00000113761
17872,16433,ENSG00000160867
142385,93987,ENSG00000165671
7544,7327,ENSG00000169228
48311,36360,ENSG00000213347
3753229,203650,ENSG00000169230
697479,179877,ENSG00000169223
132685,88242,ENSG00000169220
97234,67671,ENSG00000131187
240910,117772,ENSG00000198055
2412,2365,ENSG00000246334
55655,44543,ENSG00000131188
33263,28898,ENSG00000113758
168449,98831,ENSG00000196923
9331,8855,ENSG00000146094
172370,102733,ENSG00000183258
17898,16693,ENSG00000146067
2344,2220,ENSG00000272459
505967,164993,ENSG00000184840
74322,57358,ENSG00000027847
21012,19159,ENSG00000145911
146632,94634,ENSG00000145916
1733694,193289,ENSG00000145912
737997,166043,ENSG00000197451
94746,71810,ENSG00000175309
32621,28083,ENSG00000050767
44640,37035,ENSG00000113240
27665,24724,ENSG00000169131
20285,18668,ENSG00000178338
61507,49849,ENSG00000176783
436344,141186,ENSG00000169045
671137,179745,ENSG00000127022
19089,17847,ENSG00000161021
69629,53515,ENSG00000161013
496266,152838,ENSG00000161011
53568,45043,ENSG00000161010
6895,6644,ENSG00000245317
44588,38021,ENSG00000197226
105736,72997,ENSG00000113269
1304,1287,ENSG00000146090
84784,63393,ENSG00000050748
2543,2494,ENSG00000248367
79193,61416,ENSG00000113300
122368,84557,ENSG00000131446
46335,39168,ENSG00000245060
86881,64944,ENSG00000196670
28078,24282,ENSG00000165810
8893,8552,ENSG00000250222
37332,29264,ENSG00000146054
2115,2062,ENSG00000250900
36779,31945,ENSG00000146063
13023842,207266,ENSG00000204628
34327,29927,ENSG00000233937
19764,18249,ENSG00000183718
3611,3524,ENSG00000268397
88273,66325,ENSG00000248275
1677,1660,ENSG00000248103
62921,51335,ENSG00000112679
39504,34433,ENSG00000112685
5509,5289,ENSG00000188996
33004,29126,ENSG00000054598
80104,60968,ENSG00000112699
26786,24348,ENSG00000250903
79476,59938,ENSG00000124535
240817,125196,ENSG00000021355
29847,23281,ENSG00000170542
310247,144240,ENSG00000124570
43793,36038,ENSG00000244041
358926,131684,ENSG00000124588
8740,8353,ENSG00000224846
5011,4890,ENSG00000270346
27011,24310,ENSG00000137275
33840,29567,ENSG00000272277
43811,37942,ENSG00000137274
99885,66544,ENSG00000137267
2016,1899,ENSG00000230269
59666,32967,ENSG00000137285
537376,162698,ENSG00000180822
17606,16272,ENSG00000137266
2103,1836,ENSG00000168994
184493,108912,ENSG00000112739
417837,150953,ENSG00000198721
74125,57351,ENSG00000153046
96955,68348,ENSG00000124787
6539,6282,ENSG00000272142
668821,183110,ENSG00000214113
52851,44356,ENSG00000145982
5757,5501,ENSG00000261211
59877,48678,ENSG00000124782
359155,153305,ENSG00000124783
170636,100005,ENSG00000124784
58141,45717,ENSG00000168566
84930,65130,ENSG00000188428
920245,189537,ENSG00000124802
43157,36719,ENSG00000124786
1460,1443,ENSG00000181355
5378,5049,ENSG00000137203
3153,3050,ENSG00000111846
25745,22752,ENSG00000137434
293115,130812,ENSG00000111845
2059568,204204,ENSG00000111843
2305,2268,ENSG00000272097
2164474,203152,ENSG00000137210
14366,13589,ENSG00000153157
3103,3005,ENSG00000111837
2272,2211,ENSG00000197977
92963,66827,ENSG00000224531
4775,4526,ENSG00000111863
1751,1688,ENSG00000229896
25916,23668,ENSG00000095951
18517,15263,ENSG00000112137
1858,1840,ENSG00000215022
161968,102939,ENSG00000145979
23725,21156,ENSG00000145990
50666,43122,ENSG00000124523
17117,15895,ENSG00000261071
1285836,191759,ENSG00000225921
96374,70601,ENSG00000010017
417924,159141,ENSG00000050393
26910,24137,ENSG00000180537
19218,17542,ENSG00000112149
2520,2482,ENSG00000234261
16837,15684,ENSG00000271888
139880,90737,ENSG00000008083
155302,95475,ENSG00000047579
123185,79879,ENSG00000007944
209077,116114,ENSG00000137198
1622,1556,ENSG00000124788
2261,2236,ENSG00000272341
38739,33900,ENSG00000137414
117527,81687,ENSG00000124789
19600,17593,ENSG00000272269
48848,41244,ENSG00000137177
206862,117292,ENSG00000137364
77814,59967,ENSG00000165097
1394555,196872,ENSG00000124795
20325,18247,ENSG00000172197
124716,85898,ENSG00000112242
52080,43745,ENSG00000145996
9323,8388,ENSG00000124766
170424,103991,ENSG00000124532
12838,12229,ENSG00000112294
94678,70539,ENSG00000111802
383215,155594,ENSG00000112304
170161,103173,ENSG00000112308
393016,151785,ENSG00000112312
8826,7830,ENSG00000272053
3239,3137,ENSG00000079691
46604,36518,ENSG00000112343
5293,5163,ENSG00000272462
3357,3259,ENSG00000196176
1287,1230,ENSG00000124529
7967,7299,ENSG00000124693
1899,1797,ENSG00000137259
6014976,203829,ENSG00000187837
1848,1790,ENSG00000010704
3025850,182263,ENSG00000197061
215361,93781,ENSG00000180596
609691,145398,ENSG00000180573
568559,114930,ENSG00000168298
213955,97949,ENSG00000158373
1775,1728,ENSG00000188987
54589,34946,ENSG00000197409
10817,9547,ENSG00000197846
65204,38403,ENSG00000198518
19805,15560,ENSG00000187990
81591,53077,ENSG00000168274
274075,82362,ENSG00000124575
4674,4462,ENSG00000256316
12200,10906,ENSG00000197459
162714,78516,ENSG00000158406
11522,10934,ENSG00000186470
10747,10034,ENSG00000124508
3721,3613,ENSG00000026950
27732,24469,ENSG00000112763
95575,71125,ENSG00000228223
4632,4551,ENSG00000261353
18592,17133,ENSG00000182952
505848,161807,ENSG00000146109
69869,55248,ENSG00000181315
4844,4730,ENSG00000261584
4293,4108,ENSG00000224843
13718,12383,ENSG00000272468
462029,115631,ENSG00000124635
69968,51689,ENSG00000196787
4508694,204169,ENSG00000197903
31892,23911,ENSG00000198339
37278,26439,ENSG00000184825
54125,43668,ENSG00000112812
11996,11476,ENSG00000124613
22571,20477,ENSG00000096654
2048,1977,ENSG00000185130
7593,7019,ENSG00000196747
3991,3766,ENSG00000203813
1717,1692,ENSG00000197238
2573,2448,ENSG00000197914
8630,8194,ENSG00000184348
134518,87492,ENSG00000233822
9280,8596,ENSG00000198374
80061,41284,ENSG00000184357
75584,50017,ENSG00000233224
2837,2763,ENSG00000196331
16093,13938,ENSG00000124657
27355,20731,ENSG00000272009
10838,8391,ENSG00000197279
204914,114606,ENSG00000269293
27933,25306,ENSG00000198315
28025,25433,ENSG00000137185
11549,11025,ENSG00000187626
43745,36849,ENSG00000137338
18095,16722,ENSG00000235109
15012,14095,ENSG00000189298
14713,13836,ENSG00000158691
1786,1772,ENSG00000187987
18559,16829,ENSG00000232040
6895,6611,ENSG00000225173
1823,1788,ENSG00000225595
1487,1452,ENSG00000224157
277977,133388,ENSG00000204713
3976,3672,ENSG00000204709
8201,7905,ENSG00000197935
15941,14776,ENSG00000204681
32911,29410,ENSG00000204623
363108,152356,ENSG00000066379
330472,144517,ENSG00000204619
3844,3678,ENSG00000234127
117153,80607,ENSG00000231074
17445,16317,ENSG00000204599
100425,69163,ENSG00000241370
55353,40493,ENSG00000204592
342571,150703,ENSG00000204590
116216,81568,ENSG00000204576
648188,174174,ENSG00000204574
113008,73211,ENSG00000204569
894445,193816,ENSG00000204568
15604,14647,ENSG00000137343
136723,92370,ENSG00000204564
104814,73491,ENSG00000204560
191495,97986,ENSG00000146112
75355,57788,ENSG00000137404
114007,79450,ENSG00000137337
3581633,203774,ENSG00000196230
4562,4500,ENSG00000272540
419208,159422,ENSG00000137312
22847,20627,ENSG00000272273
90777,50385,ENSG00000137331
3151,2985,ENSG00000228022
33135,29143,ENSG00000204580
3355,3310,ENSG00000213780
39420,34605,ENSG00000137411
64744,52626,ENSG00000204536
66603,51229,ENSG00000137310
50338,41234,ENSG00000272501
8270,7741,ENSG00000206344
12901,11786,ENSG00000204525
3598,3395,ENSG00000234745
11840,11350,ENSG00000272221
32364,28529,ENSG00000204520
34109,30220,ENSG00000204516
138739,92445,ENSG00000198563
2562,2529,ENSG00000234006
137151,91605,ENSG00000204498
2039,1885,ENSG00000204482
1460,1158,ENSG00000204472
218957,117562,ENSG00000204469
185712,112239,ENSG00000204463
43137,37123,ENSG00000204444
138710,91572,ENSG00000204439
251879,131725,ENSG00000204438
1132399,198446,ENSG00000204435
3720,3657,ENSG00000240053
1449,1444,ENSG00000204427
93011,61830,ENSG00000213722
4327201,206541,ENSG00000213719
15329,14375,ENSG00000204410
1398,1384,ENSG00000255152
1787,1680,ENSG00000204396
244552,117656,ENSG00000204394
2110671,202119,ENSG00000204392
4469,4274,ENSG00000204390
423092,122057,ENSG00000204389
29824,22918,ENSG00000204388
3700186,206036,ENSG00000204387
280757,125636,ENSG00000204386
193893,110778,ENSG00000204385
102294,76191,ENSG00000204371
2250,2138,ENSG00000166278
637983,182512,ENSG00000204356
33656,30262,ENSG00000204351
38127,33584,ENSG00000204348
91761,68683,ENSG00000204344
85684,57463,ENSG00000168477
185560,113091,ENSG00000213676
120378,82530,ENSG00000204315
46359,37758,ENSG00000204314
54570,45494,ENSG00000221988
4674,4573,ENSG00000241404
268572,135037,ENSG00000204310
716808,183115,ENSG00000204308
6544,6309,ENSG00000204305
165841,103041,ENSG00000204304
80243,52075,ENSG00000213654
9578,8139,ENSG00000204301
1930,1897,ENSG00000241106
25278,22792,ENSG00000204267
46466,32810,ENSG00000240065
10189,9546,ENSG00000168394
2453,2284,ENSG00000204257
260630,129600,ENSG00000204256
36403,32017,ENSG00000204231
134676,88433,ENSG00000112473
29647,26708,ENSG00000204228
122950,86412,ENSG00000204227
3489,3412,ENSG00000232940
38209,33666,ENSG00000223501
58835726,207323,ENSG00000231500
5676,5433,ENSG00000235863
257468,124314,ENSG00000227057
705573,178824,ENSG00000204220
30521,27069,ENSG00000237441
127937,86880,ENSG00000231925
20482,19096,ENSG00000236104
231903,121012,ENSG00000204209
79522,54054,ENSG00000237649
115139,79280,ENSG00000112511
1576153,202330,ENSG00000112514
7211,6982,ENSG00000197283
21360,19874,ENSG00000213588
34953,30293,ENSG00000030110
27128,24162,ENSG00000096433
651403,173611,ENSG00000137288
57075,46372,ENSG00000161904
6956454,207088,ENSG00000137309
181398,106717,ENSG00000186577
3675,3569,ENSG00000225339
406565,154610,ENSG00000272325
2448722,206515,ENSG00000124614
6742,6398,ENSG00000124507
104808,75187,ENSG00000196821
14121,13157,ENSG00000272288
1358145,201302,ENSG00000124562
60180,48893,ENSG00000065060
384830,152240,ENSG00000064995
37872,33236,ENSG00000064999
2147,2130,ENSG00000272374
31149,27750,ENSG00000065029
35723,31394,ENSG00000023892
13417,12611,ENSG00000112033
36769,31782,ENSG00000112039
11947274,207314,ENSG00000198755
13742,12967,ENSG00000007866
2604,2526,ENSG00000112041
152226,95333,ENSG00000096060
541790,164401,ENSG00000096063
96622,72159,ENSG00000112062
4026,3921,ENSG00000246982
35345,31005,ENSG00000096070
228712,123517,ENSG00000112078
38637,33964,ENSG00000112079
1545991,196872,ENSG00000112081
23811,11364,ENSG00000124762
1151,1134,ENSG00000124772
362666,151317,ENSG00000137168
241402,129843,ENSG00000198663
3359,2462,ENSG00000164530
928352,192801,ENSG00000137409
12181,11653,ENSG00000226976
868221,181880,ENSG00000137193
4999,4704,ENSG00000172738
42470,37056,ENSG00000065491
183683,108382,ENSG00000112130
29792,26978,ENSG00000137200
288379,137014,ENSG00000198937
78706,60799,ENSG00000156639
2646,2599,ENSG00000183826
625999,182923,ENSG00000124767
5805,5604,ENSG00000124721
99670,72703,ENSG00000112167
33202,29053,ENSG00000164626
5101,4967,ENSG00000124615
1281,1269,ENSG00000124602
236743,128872,ENSG00000124596
22852,20672,ENSG00000001167
1576,1483,ENSG00000112195
11407,10675,ENSG00000234753
37678,32745,ENSG00000137166
5162,4999,ENSG00000112561
2404,2384,ENSG00000137218
8765,8380,ENSG00000124593
33153,29239,ENSG00000164663
57177,47704,ENSG00000124641
145202,92609,ENSG00000112578
666353,171974,ENSG00000112576
107336,76367,ENSG00000137413
22010,18994,ENSG00000188112
459904,163221,ENSG00000048544
68113,54919,ENSG00000024048
123587,85559,ENSG00000124659
13733,13042,ENSG00000112624
682206,179594,ENSG00000146223
138964,90510,ENSG00000137161
38781,34229,ENSG00000124587
54688,44771,ENSG00000112640
841087,185135,ENSG00000124733
421639,162151,ENSG00000124702
246882,116927,ENSG00000124541
8074,7814,ENSG00000044090
17121,15959,ENSG00000137171
598480,175490,ENSG00000112651
5665,5408,ENSG00000112655
33551,29563,ENSG00000112658
7614,7383,ENSG00000112659
1386159,191288,ENSG00000112667
44758,38098,ENSG00000171467
18535,17365,ENSG00000124574
6692,6206,ENSG00000171462
36546,32159,ENSG00000137221
2459,2392,ENSG00000204052
130727,86694,ENSG00000171453
171059,107349,ENSG00000137207
3202,3155,ENSG00000271754
110997,76491,ENSG00000124571
26549,24014,ENSG00000170734
29177,25645,ENSG00000172432
131869,87022,ENSG00000124688
356302,148757,ENSG00000096080
83919,58903,ENSG00000112715
2072017,199590,ENSG00000180992
64879,52449,ENSG00000137216
173029,102241,ENSG00000112759
4333795,206491,ENSG00000096384
123856,82350,ENSG00000157593
32969,28793,ENSG00000146232
19721,18348,ENSG00000124608
217518,122113,ENSG00000096401
64872,52563,ENSG00000196284
3113,3037,ENSG00000146072
9681,9173,ENSG00000270761
202273,111769,ENSG00000198087
34879,30928,ENSG00000146085
40288,35151,ENSG00000031691
278098,133962,ENSG00000112077
256232,122564,ENSG00000112118
6583,6248,ENSG00000170915
31296,27739,ENSG00000096093
18379,17070,ENSG00000065308
22166,20258,ENSG00000225791
97022,67194,ENSG00000096092
4876,4753,ENSG00000170899
16791,15553,ENSG00000112144
215651,113441,ENSG00000112146
273099,137337,ENSG00000012660
25950,23000,ENSG00000001084
29124,25316,ENSG00000151914
22523,20134,ENSG00000151917
176993,106685,ENSG00000168116
96991,71794,ENSG00000112200
303133,138940,ENSG00000112208
21426,19915,ENSG00000112210
39936,35318,ENSG00000146143
19723,18394,ENSG00000272316
1093,1090,ENSG00000198225
187989,109743,ENSG00000112245
181865,108769,ENSG00000118482
2191096,188461,ENSG00000227706
3122,2965,ENSG00000223504
1816,1740,ENSG00000230910
36722,32466,ENSG00000168216
677778,180831,ENSG00000237643
1343,1338,ENSG00000224349
31226,28079,ENSG00000082269
12158,11608,ENSG00000154079
233528,125853,ENSG00000112305
12420,11823,ENSG00000112309
9974,9475,ENSG00000185760
35387,30978,ENSG00000135314
19627,18182,ENSG00000229852
46936,40076,ENSG00000135297
45561169,207321,ENSG00000156508
17437,16234,ENSG00000119899
1786211,202379,ENSG00000112695
57348,47474,ENSG00000112697
3432,3366,ENSG00000225793
169418,104571,ENSG00000112701
11447,10542,ENSG00000196586
5309,5164,ENSG00000146243
145855,96312,ENSG00000146247
507920,165290,ENSG00000118418
5049,4929,ENSG00000270362
7718,7362,ENSG00000135338
5408,5181,ENSG00000198478
55136,41014,ENSG00000112742
22123,20420,ENSG00000083123
12320,11421,ENSG00000112773
4210,4067,ENSG00000226453
68127,53822,ENSG00000005700
38216,33706,ENSG00000118420
7915,7647,ENSG00000083097
64178,50820,ENSG00000013375
10876,10315,ENSG00000013392
60653,48484,ENSG00000065833
70808,55476,ENSG00000065615
42274,33987,ENSG00000135324
22279,20413,ENSG00000135315
42790,36804,ENSG00000112837
61017,50606,ENSG00000135317
3570,3495,ENSG00000271793
440902,150206,ENSG00000135316
3428,3360,ENSG00000236016
3899,3788,ENSG00000272008
99152,70686,ENSG00000188994
16218,14982,ENSG00000164411
81899,64428,ENSG00000111850
23908,21686,ENSG00000226524
4137,4074,ENSG00000203872
26192,24068,ENSG00000164414
109015,78932,ENSG00000146282
111750,80193,ENSG00000135336
138932,88541,ENSG00000135334
41944,36408,ENSG00000111880
131472,60056,ENSG00000146278
11688,11056,ENSG00000146281
131858,88689,ENSG00000198833
5026,4412,ENSG00000025039
277238,138915,ENSG00000083099
93569,66755,ENSG00000112159
3533,3147,ENSG00000112182
91960,69552,ENSG00000135341
12476,11837,ENSG00000261366
27402,24975,ENSG00000172469
58300,47406,ENSG00000014123
11966,11323,ENSG00000112218
358950,137660,ENSG00000123545
1406,1377,ENSG00000186231
80477,61540,ENSG00000146263
4721,4496,ENSG00000184486
33809,30163,ENSG00000112234
64938,51332,ENSG00000132423
530077,176358,ENSG00000132424
4740,4641,ENSG00000228506
52523,44519,ENSG00000123552
31937,28073,ENSG00000228439
266274,133923,ENSG00000112237
2495,2454,ENSG00000272017
113014,78563,ENSG00000112249
14466,13513,ENSG00000260000
6941,6719,ENSG00000085382
110864,73237,ENSG00000187772
4897,3756,ENSG00000132429
35447,31413,ENSG00000085377
1906,1841,ENSG00000057657
221007,119791,ENSG00000057663
1770,1458,ENSG00000112297
37248,32089,ENSG00000130347
113067,77609,ENSG00000130348
49585,42400,ENSG00000130349
6739,6526,ENSG00000178409
36450,32399,ENSG00000164494
197521,112412,ENSG00000025796
6899,6096,ENSG00000272476
89464,67109,ENSG00000081087
2029458,204941,ENSG00000112335
15597,14650,ENSG00000135537
90363,65505,ENSG00000118689
1716,1693,ENSG00000118690
11440,10926,ENSG00000080546
92450,68248,ENSG00000183137
411474,161856,ENSG00000135535
3120,3051,ENSG00000260273
4541,4287,ENSG00000185250
34036,29817,ENSG00000135587
10759,10211,ENSG00000135596
45325,38442,ENSG00000112365
3051,2978,ENSG00000155085
10681,10263,ENSG00000112367
16815,15359,ENSG00000112290
88927,67585,ENSG00000168438
23709,21383,ENSG00000155111
232191,114115,ENSG00000123505
876983,176391,ENSG00000155115
348081,143037,ENSG00000197498
2159,2100,ENSG00000112394
26190,24024,ENSG00000173214
6556,6376,ENSG00000230177
3724,3656,ENSG00000271789
94500,69767,ENSG00000009413
4042,3963,ENSG00000272356
23887,21916,ENSG00000231889
23569,21742,ENSG00000056972
1551,1534,ENSG00000255389
7809,7312,ENSG00000010810
60462,47968,ENSG00000074935
34116,29014,ENSG00000203778
1710,1654,ENSG00000112769
18751,14979,ENSG00000155130
342568,148477,ENSG00000196591
45094,38180,ENSG00000178425
14353,13568,ENSG00000187189
2453,2412,ENSG00000111817
50691,40003,ENSG00000189241
610942,174415,ENSG00000111832
48605,41190,ENSG00000153975
24300,22113,ENSG00000196911
122956,84121,ENSG00000047932
11656,11056,ENSG00000164465
172771,102423,ENSG00000153989
36702,32297,ENSG00000111860
15862,15015,ENSG00000111877
168247,100558,ENSG00000111875
83716,62773,ENSG00000111879
216457,117811,ENSG00000111885
31894,28296,ENSG00000025156
60358,48445,ENSG00000111897
136264,87722,ENSG00000135549
10727,9819,ENSG00000172594
4356,3830,ENSG00000186439
1150,1132,ENSG00000236548
140166,89115,ENSG00000146373
363348,144590,ENSG00000111907
1300615,193875,ENSG00000111906
49228,40188,ENSG00000111912
74628,58648,ENSG00000111911
63549,51864,ENSG00000066651
514525,154522,ENSG00000203760
43511,37232,ENSG00000118518
238809,123815,ENSG00000093144
116436,80121,ENSG00000146376
9931,9478,ENSG00000198945
122957,81260,ENSG00000079819
3352,3274,ENSG00000118507
23151,21088,ENSG00000112282
2402,2114,ENSG00000154269
75239,59540,ENSG00000079950
30128,26386,ENSG00000146409
24310036,207317,ENSG00000112306
622791,178070,ENSG00000028839
21617,17860,ENSG00000118515
118517,81633,ENSG00000112339
1176,1165,ENSG00000232876
155183,87042,ENSG00000118513
120836,82787,ENSG00000135541
1986,1956,ENSG00000231028
93338,66535,ENSG00000146410
412595,154900,ENSG00000029363
3070,2966,ENSG00000135525
2601,2555,ENSG00000197442
38087,33298,ENSG00000112357
39539,33689,ENSG00000027697
11718,10332,ENSG00000237499
6215,5527,ENSG00000118503
509708,168103,ENSG00000051620
66697,53090,ENSG00000024862
54820,45357,ENSG00000135597
186861,110005,ENSG00000146386
6940,6599,ENSG00000112406
178793,97018,ENSG00000164442
129991,85873,ENSG00000234147
143840,96132,ENSG00000009844
2636,2494,ENSG00000010818
1272,1256,ENSG00000227192
322007,141408,ENSG00000146416
72705,56723,ENSG00000189007
24243,21947,ENSG00000034693
198261,115422,ENSG00000001036
96291,59108,ENSG00000112419
171373,97089,ENSG00000135521
27045,23091,ENSG00000118495
1706169,201290,ENSG00000169976
6495,6035,ENSG00000152818
5009,4883,ENSG00000112425
3379,3260,ENSG00000270638
34821,30453,ENSG00000118496
1687,1658,ENSG00000235652
83079,64619,ENSG00000146414
105243,62490,ENSG00000118508
1635,1445,ENSG00000233452
43686,33950,ENSG00000164506
7326,6972,ENSG00000225135
12376,10902,ENSG00000203727
369027,141860,ENSG00000227681
7225,6874,ENSG00000111961
44754,38415,ENSG00000055208
1813,1803,ENSG00000177688
121287,83242,ENSG00000131013
112187,81043,ENSG00000055211
121978,82055,ENSG00000186625
46784,40046,ENSG00000131023
75590,60151,ENSG00000120253
645541,179049,ENSG00000120265
43350,37259,ENSG00000120256
57703,34068,ENSG00000131015
14331,12932,ENSG00000111981
101367,69627,ENSG00000198729
338551,147142,ENSG00000120254
9833,8538,ENSG00000131016
50943,41882,ENSG00000181472
61319,50673,ENSG00000155906
50499,42486,ENSG00000146476
156932,88616,ENSG00000112029
156408,98700,ENSG00000112031
56271,42818,ENSG00000153721
47371,40690,ENSG00000213079
11580,11150,ENSG00000146426
6386,6234,ENSG00000235381
70999,55909,ENSG00000029639
1197,1187,ENSG00000271551
53923,44948,ENSG00000049618
151075,96951,ENSG00000215712
1287,1270,ENSG00000271040
63236,49483,ENSG00000175048
233210,120150,ENSG00000130340
30539,27277,ENSG00000078269
15640,14621,ENSG00000122335
454439,161046,ENSG00000272047
12122,11569,ENSG00000236537
31065,27974,ENSG00000130338
66739,53216,ENSG00000146433
654433,177848,ENSG00000146425
2036,1996,ENSG00000164674
217639,103033,ENSG00000092820
11117,10579,ENSG00000203711
25903,23116,ENSG00000130363
337539,142117,ENSG00000112096
336210,145770,ENSG00000146457
306562,129087,ENSG00000120437
1255971,191421,ENSG00000120438
1234183,192799,ENSG00000112110
95291,70160,ENSG00000197081
6044,5849,ENSG00000270949
1673,1650,ENSG00000231863
26678,23642,ENSG00000272841
165408,99633,ENSG00000085511
25982,23325,ENSG00000026652
1247,1232,ENSG00000185345
17773,16427,ENSG00000270419
140395,92388,ENSG00000112531
634956,172913,ENSG00000198818
611906,158768,ENSG00000060762
12156,11407,ENSG00000261420
350108,139878,ENSG00000026297
1896,1868,ENSG00000227598
95566,68902,ENSG00000213066
189349,106208,ENSG00000130396
1658,1514,ENSG00000153303
1890,1854,ENSG00000112562
24648,22644,ENSG00000184465
156442,99557,ENSG00000185127
102584,73816,ENSG00000130024
19285,17749,ENSG00000130023
23418,21605,ENSG00000112584
1938469,203661,ENSG00000008018
66588,54025,ENSG00000112592
1402478,196728,ENSG00000071994
7685,7349,ENSG00000213863
1816,1480,ENSG00000225532
3473,3417,ENSG00000242474
5045,3990,ENSG00000197461
2708,2484,ENSG00000223855
80061,60627,ENSG00000188191
28969,23741,ENSG00000237181
55283,44646,ENSG00000164818
95011,70606,ENSG00000164828
5297,5154,ENSG00000239857
1194,1180,ENSG00000273151
3702,3579,ENSG00000105963
136509,89670,ENSG00000240230
416532,151894,ENSG00000146540
15291,13974,ENSG00000164849
188806,103173,ENSG00000178381
26238,23095,ENSG00000229043
106150,74954,ENSG00000164877
2962,2877,ENSG00000273230
61765,48889,ENSG00000164880
29074,25597,ENSG00000198517
785917,180181,ENSG00000157778
9690,9128,ENSG00000230487
2738,2690,ENSG00000225968
120454,76859,ENSG00000236081
179051,100672,ENSG00000002822
254449,123168,ENSG00000122687
271038,128754,ENSG00000106268
101266,72466,ENSG00000106266
423782,151604,ENSG00000106263
68576,54427,ENSG00000136213
66653,53964,ENSG00000106009
51831,42738,ENSG00000106012
5543,5416,ENSG00000136295
25746,23446,ENSG00000146535
14578,13427,ENSG00000198286
60082,49543,ENSG00000164916
33775,29328,ENSG00000242802
6326,6169,ENSG00000157927
40877,34672,ENSG00000272968
32233,28742,ENSG00000146587
247363,131877,ENSG00000157954
5698,5541,ENSG00000164638
3660,3599,ENSG00000182095
2802,2748,ENSG00000272953
8511,8228,ENSG00000155034
4778168,206443,ENSG00000075624
3201,3090,ENSG00000272719
597971,169098,ENSG00000075618
116503,82137,ENSG00000011275
135937,92234,ENSG00000122674
107307,75651,ENSG00000122512
175826,104408,ENSG00000106305
1041190,197377,ENSG00000086232
68107,54673,ENSG00000106346
13963,13181,ENSG00000008256
34599,30682,ENSG00000178397
1986994,204987,ENSG00000136238
12256,11492,ENSG00000164535
926282,190156,ENSG00000136240
3045,2952,ENSG00000269781
433926,165023,ENSG00000136247
60305,48733,ENSG00000146576
28397,25356,ENSG00000260054
65550,52703,ENSG00000164631
7462,7256,ENSG00000146574
144722,95203,ENSG00000106392
2775,2725,ENSG00000272894
60887,49884,ENSG00000164654
660529,178480,ENSG00000106399
107429,78338,ENSG00000219545
7287,6965,ENSG00000106415
120267,83130,ENSG00000003147
1644,1633,ENSG00000229970
7824,7420,ENSG00000234710
3208713,206526,ENSG00000189043
293394,136843,ENSG00000106443
76727,60766,ENSG00000106460
112043,76790,ENSG00000146530
1141279,191796,ENSG00000122644
4589,3863,ENSG00000224330
11417,10303,ENSG00000006468
22056,18840,ENSG00000187546
12529,11605,ENSG00000273477
33823,27978,ENSG00000214960
80547,54131,ENSG00000229688
6440,5336,ENSG00000171243
72846,57363,ENSG00000106524
410426,158885,ENSG00000136261
403517,153120,ENSG00000106537
62740,51783,ENSG00000071189
59957,31968,ENSG00000048052
1680,1589,ENSG00000122691
211400,115183,ENSG00000105849
58991,46685,ENSG00000183742
14495,13743,ENSG00000105866
188205,105812,ENSG00000164649
5859,5686,ENSG00000136237
73797,56741,ENSG00000105889
12783,11217,ENSG00000232759
2043,1997,ENSG00000232949
4486,4306,ENSG00000238033
2568,2473,ENSG00000179428
14281,11176,ENSG00000136244
2326285,205291,ENSG00000196683
94687,70004,ENSG00000122591
10821,10342,ENSG00000230658
106741,76238,ENSG00000122550
174489,107771,ENSG00000136243
6285,5788,ENSG00000136235
539049,166220,ENSG00000156928
189964,110947,ENSG00000136231
118102,80673,ENSG00000164548
21475,19864,ENSG00000169193
1654,1604,ENSG00000196335
112318,76730,ENSG00000105926
40704,34823,ENSG00000070882
4401005,205402,ENSG00000172115
24088,21948,ENSG00000153790
44670,37950,ENSG00000050344
2221273,199044,ENSG00000122566
845780,189564,ENSG00000122565
22218,19412,ENSG00000086300
1736,1613,ENSG00000222004
74279,56599,ENSG00000005020
16110,14668,ENSG00000105991
40891,32190,ENSG00000233429
4010,3635,ENSG00000105997
2447,2315,ENSG00000253552
1628,1614,ENSG00000106006
101987,75674,ENSG00000106049
408124,160341,ENSG00000106052
83427,60835,ENSG00000122574
51009,42707,ENSG00000106080
62455,49643,ENSG00000106086
70081,53496,ENSG00000180354
8499,8146,ENSG00000180233
5295,5141,ENSG00000106100
952256,188484,ENSG00000006625
550253,170328,ENSG00000106105
64145,50984,ENSG00000106125
29096,20133,ENSG00000240583
2303495,200845,ENSG00000106355
95690,72048,ENSG00000105778
10411,9983,ENSG00000273014
54723,45565,ENSG00000170852
21170,19479,ENSG00000122642
201868,117331,ENSG00000122643
137335,89270,ENSG00000164610
3369,3318,ENSG00000122507
22395,20541,ENSG00000173852
69211,55852,ENSG00000122557
27285,24588,ENSG00000271122
2497,2444,ENSG00000228878
452445,163813,ENSG00000122545
2533,2461,ENSG00000122547
2873,2788,ENSG00000164542
82195,58028,ENSG00000011426
192919,113750,ENSG00000010270
82228,64331,ENSG00000006715
3745,3598,ENSG00000106536
43812,38094,ENSG00000241127
397924,153224,ENSG00000006451
5716,5495,ENSG00000259826
102520,75358,ENSG00000065883
924438,193458,ENSG00000168303
18403,15723,ENSG00000175600
1411,1403,ENSG00000136197
224138,125673,ENSG00000106588
487990,164423,ENSG00000106591
132282,87400,ENSG00000164543
851027,183448,ENSG00000106603
320158,141090,ENSG00000106605
12458,11755,ENSG00000062582
40263,35130,ENSG00000106608
161457,100447,ENSG00000078967
53994,45455,ENSG00000228434
1791,1145,ENSG00000235314
180506,101570,ENSG00000136279
30339,26927,ENSG00000122678
5461,5173,ENSG00000106624
866293,183123,ENSG00000106628
1615,1458,ENSG00000106631
270889,126819,ENSG00000106636
1309,1137,ENSG00000058404
77217,61140,ENSG00000015676
251559,121549,ENSG00000136271
201455,117396,ENSG00000158604
52656,43187,ENSG00000105953
47317,39240,ENSG00000122515
4829832,207050,ENSG00000196262
2595850,203111,ENSG00000105968
2003,1984,ENSG00000234183
108849,77825,ENSG00000146676
2350,2271,ENSG00000272768
202426,103793,ENSG00000232956
196120,102144,ENSG00000136280
296384,133574,ENSG00000136270
6255,6075,ENSG00000272556
50018,41708,ENSG00000136273
9990,3422,ENSG00000183696
126885,84613,ENSG00000185811
50412,42600,ENSG00000132436
156534,94782,ENSG00000106070
21807,18568,ENSG00000106078
12169,11598,ENSG00000205628
1243105,198954,ENSG00000132432
1950,1834,ENSG00000224057
23397,21323,ENSG00000132434
85320,65513,ENSG00000154978
8038,7818,ENSG00000178665
258328,135218,ENSG00000146729
92077,68624,ENSG00000239789
100555,71868,ENSG00000146733
1539859,197902,ENSG00000146731
197930,118713,ENSG00000129103
9720453,207197,ENSG00000106153
25850,23696,ENSG00000234444
59413,49372,ENSG00000173041
41842,35754,ENSG00000196247
134584,91434,ENSG00000197008
187746,110720,ENSG00000198039
3167,2941,ENSG00000189316
46262,38170,ENSG00000152926
219137,113237,ENSG00000213462
56081,46072,ENSG00000146757
164200,95099,ENSG00000196715
112532,80190,ENSG00000169919
103088,69016,ENSG00000126522
120630,82214,ENSG00000241258
7925,7625,ENSG00000179406
3026,2988,ENSG00000267941
18617,17395,ENSG00000223473
37445,31620,ENSG00000237310
9074,8759,ENSG00000229180
31638,28096,ENSG00000243335
1838,1813,ENSG00000154710
109222,76895,ENSG00000272831
10498,10029,ENSG00000273142
217705,122078,ENSG00000106609
550638,173688,ENSG00000126524
71044,56114,ENSG00000198874
5450,5334,ENSG00000273448
155853,94236,ENSG00000196313
9593,9122,ENSG00000272843
356088,150874,ENSG00000130305
4709,4578,ENSG00000188763
393635,153231,ENSG00000009954
322663,140646,ENSG00000106635
114239,78786,ENSG00000106638
26109,21626,ENSG00000009950
2972,2829,ENSG00000176428
69494,56090,ENSG00000176410
588280,171174,ENSG00000071462
16070,14360,ENSG00000106089
123324,83427,ENSG00000106077
10398,9625,ENSG00000165171
27670,24845,ENSG00000106683
650945,182755,ENSG00000106682
241122,118097,ENSG00000049541
3203,3034,ENSG00000106665
29498,26499,ENSG00000006704
350237,150496,ENSG00000077809
9774,9361,ENSG00000196275
102297,74099,ENSG00000174374
20017,18652,ENSG00000174428
2044,2008,ENSG00000198750
33617,29549,ENSG00000178809
97450,70937,ENSG00000135213
15243,14234,ENSG00000127946
5461,4968,ENSG00000006606
122252,80955,ENSG00000005486
112464,79100,ENSG00000127948
99381,73120,ENSG00000127952
1814230,203526,ENSG00000146701
1216,1156,ENSG00000177679
2801518,203887,ENSG00000106211
311070,140156,ENSG00000170027
3652,3562,ENSG00000146700
42927,34841,ENSG00000188372
36294,32041,ENSG00000091073
4830,4746,ENSG00000243566
20420,18849,ENSG00000146707
97052,70982,ENSG00000127947
82838,61652,ENSG00000214293
239610,129065,ENSG00000187257
198295,115904,ENSG00000135211
81234,61760,ENSG00000006576
5964,5185,ENSG00000186472
1229,1185,ENSG00000170381
4647,4467,ENSG00000075213
27686,24697,ENSG00000164659
22196,19685,ENSG00000224046
51938,43725,ENSG00000135164
14528,11566,ENSG00000135185
5638,5193,ENSG00000182165
2663,2535,ENSG00000005469
33718,30061,ENSG00000075303
435135,148666,ENSG00000006634
1989,1941,ENSG00000008277
583880,173194,ENSG00000075142
8510,8063,ENSG00000164647
1372,1322,ENSG00000105792
59267,48538,ENSG00000105793
8867,8483,ENSG00000157224
3272,3218,ENSG00000157240
22132,20410,ENSG00000127989
202977,118544,ENSG00000127914
19161,17359,ENSG00000001630
188049,111432,ENSG00000001631
67006,53957,ENSG00000001629
174359,106810,ENSG00000157259
43531,37794,ENSG00000127980
41382,36043,ENSG00000127993
192843,113928,ENSG00000234545
255427,125005,ENSG00000105810
13994,12988,ENSG00000237819
7049,6524,ENSG00000205413
6073,5057,ENSG00000188175
20496,18899,ENSG00000004766
4240,4144,ENSG00000127928
155675,99634,ENSG00000105829
10031,9595,ENSG00000127995
26550,24084,ENSG00000105854
143632,92219,ENSG00000004864
1122850,197482,ENSG00000127922
400064,152692,ENSG00000196636
354254,123354,ENSG00000070669
13530,12868,ENSG00000164715
11423,10850,ENSG00000205356
850567,187026,ENSG00000164713
145820,94124,ENSG00000006453
37969,33083,ENSG00000196367
4506,4424,ENSG00000242687
17348,16243,ENSG00000198742
711277,183854,ENSG00000241685
1780576,194520,ENSG00000130429
1044112,188467,ENSG00000106244
1139413,197630,ENSG00000106245
28084,25170,ENSG00000106246
218425,119128,ENSG00000160917
1800472,202409,ENSG00000241468
54253,45599,ENSG00000198556
77942,61358,ENSG00000160908
30012,27020,ENSG00000196652
27484,24577,ENSG00000221909
216711,115663,ENSG00000197343
15769,14873,ENSG00000197037
35648,29168,ENSG00000106258
90770,68626,ENSG00000146833
4997,4821,ENSG00000176402
168321,104679,ENSG00000106261
32994,29476,ENSG00000166529
61716,50597,ENSG00000166526
598444,178662,ENSG00000168090
458623,150800,ENSG00000166508
43338,37910,ENSG00000221838
190326,114529,ENSG00000106290
5057,4954,ENSG00000166997
13922,13153,ENSG00000214309
1018417,193790,ENSG00000188186
18997,17713,ENSG00000146826
3588,3463,ENSG00000197093
6703,6516,ENSG00000213420
15379,14504,ENSG00000066923
4516,4392,ENSG00000160844
3488,3412,ENSG00000214300
64769,51402,ENSG00000121716
1352,1230,ENSG00000085514
9498,8847,ENSG00000078487
76375,57837,ENSG00000146834
382486,139399,ENSG00000160813
4889,4322,ENSG00000185955
366126,150997,ENSG00000166925
2476,2441,ENSG00000225807
16288,15236,ENSG00000106351
62590,50254,ENSG00000077454
1550,1525,ENSG00000106336
41111,35097,ENSG00000106333
259254,127638,ENSG00000106330
285906,134405,ENSG00000106327
733445,181589,ENSG00000172354
55929,42346,ENSG00000146830
950527,178787,ENSG00000172336
49515,40931,ENSG00000196411
36696,32051,ENSG00000146828
2675,2627,ENSG00000236305
344436,143769,ENSG00000087077
165769,98579,ENSG00000087087
12545,11849,ENSG00000176125
74501,53273,ENSG00000087085
1541,1441,ENSG00000205277
56494,47444,ENSG00000169871
380762,147772,ENSG00000106367
44833,28763,ENSG00000128564
75774,59867,ENSG00000106397
961328,193964,ENSG00000106400
31148,27374,ENSG00000106404
748532,179627,ENSG00000214253
27155,24199,ENSG00000232445
95100,68691,ENSG00000128581
120872,84347,ENSG00000257923
3669,3568,ENSG00000160999
139294,91048,ENSG00000128563
72720,53726,ENSG00000160991
92243,69184,ENSG00000160993
102620,71098,ENSG00000161036
1005862,194802,ENSG00000005075
269288,134490,ENSG00000168255
7177,6827,ENSG00000105808
19502,17875,ENSG00000228049
31788,28293,ENSG00000222011
41694,34628,ENSG00000161040
175080,97928,ENSG00000230257
479265,164336,ENSG00000170632
35504,31243,ENSG00000161048
288531,139396,ENSG00000105819
485466,159275,ENSG00000105821
390011,150377,ENSG00000161057
59719,46378,ENSG00000189056
58422,47525,ENSG00000164815
2911,2829,ENSG00000228393
33518,28943,ENSG00000239569
300029,144739,ENSG00000005483
4190,4122,ENSG00000272918
147507,93087,ENSG00000135250
106423,73596,ENSG00000091127
39529,34378,ENSG00000135249
12674,12122,ENSG00000146776
2621,2553,ENSG00000128536
233182,127357,ENSG00000008282
108317,76589,ENSG00000105835
7813,7538,ENSG00000273320
179729,103022,ENSG00000253276
24476,21571,ENSG00000228742
7708,7232,ENSG00000105851
262569,121041,ENSG00000005249
34322,27286,ENSG00000105856
49091,41884,ENSG00000164597
88476,67430,ENSG00000105865
7226,7011,ENSG00000272854
242606,127722,ENSG00000075790
2104,1817,ENSG00000091137
38614,33516,ENSG00000241764
65178,52916,ENSG00000105879
203689,117146,ENSG00000091140
9028,8686,ENSG00000091136
4059,3910,ENSG00000273055
65176,49435,ENSG00000135241
94723,68063,ENSG00000177683
52513,38289,ENSG00000128590
134639,89583,ENSG00000184903
119988,80586,ENSG00000198839
156473,95391,ENSG00000006652
1583,1513,ENSG00000181016
26277,23962,ENSG00000146802
6677,6466,ENSG00000164603
3197,3159,ENSG00000164604
694463,180966,ENSG00000214194
68693,49752,ENSG00000135269
173520,97457,ENSG00000105971
2693,2637,ENSG00000105976
539332,178033,ENSG00000198898
55826,45446,ENSG00000004866
4373,4270,ENSG00000214188
812297,190196,ENSG00000128534
111606,78589,ENSG00000225546
1381,1331,ENSG00000106025
68375,54772,ENSG00000071243
592700,176450,ENSG00000106034
87197,62354,ENSG00000196937
4816,4580,ENSG00000164675
850364,190514,ENSG00000128609
31674,28300,ENSG00000106299
59624,48004,ENSG00000272686
46391,39989,ENSG00000128513
2830,2749,ENSG00000224897
107365,77819,ENSG00000048405
20248,18729,ENSG00000179562
438815,165657,ENSG00000004059
207146,119128,ENSG00000197157
163187,96788,ENSG00000106344
130741,79987,ENSG00000106348
132516,81335,ENSG00000135245
126635,85581,ENSG00000165055
12288,11702,ENSG00000273270
263868,130713,ENSG00000128595
27111,24317,ENSG00000128596
83918,60965,ENSG00000128591
1655598,199370,ENSG00000128524
80324,61870,ENSG00000064419
3069,2928,ENSG00000158457
5071,4903,ENSG00000158467
32056,28136,ENSG00000128578
12764,11622,ENSG00000240204
16208,15198,ENSG00000273329
8429,8135,ENSG00000106459
109474,71837,ENSG00000186591
92896,67851,ENSG00000091732
102580,72405,ENSG00000128607
78061,60413,ENSG00000146842
16886,15713,ENSG00000106477
29713,26888,ENSG00000158623
2604,2507,ENSG00000233559
1498,1428,ENSG00000226380
5162,5009,ENSG00000271204
3704,3535,ENSG00000273319
16080,13739,ENSG00000231721
96961,71974,ENSG00000128585
684951,176348,ENSG00000106554
57182,47503,ENSG00000131558
44148,37828,ENSG00000205060
2128,1939,ENSG00000085662
105171,75542,ENSG00000172331
1496,1421,ENSG00000122786
3291,3236,ENSG00000146856
212507,112902,ENSG00000122783
1592,1557,ENSG00000146859
7600,7403,ENSG00000105875
106331,77392,ENSG00000080802
56767,46731,ENSG00000155561
708045,188906,ENSG00000243317
1631,1603,ENSG00000224746
525294,173526,ENSG00000105887
4366,3870,ENSG00000232053
1773,1752,ENSG00000234352
4503,3622,ENSG00000105894
54769,45120,ENSG00000182158
177771,105313,ENSG00000122779
11009,10462,ENSG00000122778
163191,96620,ENSG00000105939
15575,14574,ENSG00000105948
72789,57418,ENSG00000157741
68362,54208,ENSG00000164898
204252,118205,ENSG00000146963
17249,16042,ENSG00000273391
73561,55779,ENSG00000064393
12050,11233,ENSG00000059377
49448,41965,ENSG00000059378
27015,23324,ENSG00000006459
35935,30775,ENSG00000260231
27332,25064,ENSG00000157800
196178,116907,ENSG00000133606
35951,31326,ENSG00000133597
1154835,190411,ENSG00000090266
5947,5773,ENSG00000240889
45710,39313,ENSG00000157764
259900,132706,ENSG00000090263
31901,28503,ENSG00000006530
1240,1224,ENSG00000257093
1376762,196190,ENSG00000106028
5468,2359,ENSG00000204983
74007,38272,ENSG00000106123
52768,43968,ENSG00000197993
528499,172132,ENSG00000197448
38527,33728,ENSG00000106144
31297,22156,ENSG00000232533
108927,67743,ENSG00000159840
2066,1953,ENSG00000229153
4775,4572,ENSG00000170379
73538,57676,ENSG00000198420
16018,14894,ENSG00000196511
18564,17044,ENSG00000273314
104000,73794,ENSG00000055130
234541,114625,ENSG00000106462
225176,108119,ENSG00000155660
12161,11630,ENSG00000197362
3004,2819,ENSG00000204947
21798,20191,ENSG00000197024
22243,20521,ENSG00000170265
18493,17315,ENSG00000170260
11509,10993,ENSG00000204946
17896,16545,ENSG00000196453
29550,26802,ENSG00000181220
22536,20144,ENSG00000133619
18584,16150,ENSG00000181444
1888,1860,ENSG00000106479
4175,4049,ENSG00000204934
82798,60544,ENSG00000171130
15655,14736,ENSG00000106526
75457,56541,ENSG00000127399
43808,35695,ENSG00000188707
178633,105222,ENSG00000214022
48543,41292,ENSG00000196456
2119,1984,ENSG00000106560
1047750,172100,ENSG00000055118
8495,8042,ENSG00000164867
2600,2558,ENSG00000181652
70797,54349,ENSG00000197150
2373,2323,ENSG00000213199
106464,76685,ENSG00000164885
94787,67885,ENSG00000164889
170704,105204,ENSG00000164896
589672,169617,ENSG00000164897
39204,33331,ENSG00000133612
203213,111520,ENSG00000033050
15286,14344,ENSG00000033100
2919,2752,ENSG00000082014
1486,1473,ENSG00000272661
98773,73262,ENSG00000013374
1008001,193473,ENSG00000106615
6891,6608,ENSG00000106617
2671,2447,ENSG00000239911
78064,61366,ENSG00000178234
148954,96179,ENSG00000055609
218096,117056,ENSG00000261455
116085,76652,ENSG00000196584
49069,40671,ENSG00000133627
67363,48985,ENSG00000234722
3997,3824,ENSG00000214106
36385,32116,ENSG00000157212
1262,1229,ENSG00000272760
186025,109726,ENSG00000273344
25239,22263,ENSG00000273117
293600,124485,ENSG00000186480
114303,79710,ENSG00000216895
89972,67672,ENSG00000184863
113218,79134,ENSG00000244291
15183,14044,ENSG00000105982
44324,37968,ENSG00000105983
130720,85992,ENSG00000146909
4851,4703,ENSG00000130675
28060,24890,ENSG00000243479
64117,51609,ENSG00000009335
350081,151517,ENSG00000105993
67355,52740,ENSG00000146918
64980,51211,ENSG00000117868
124016,82876,ENSG00000126870
116540,79964,ENSG00000182378
105021,71329,ENSG00000178605
23354,20673,ENSG00000226179
22600,20656,ENSG00000167393
4523078,206176,ENSG00000169100
20839,19242,ENSG00000169093
62633,49021,ENSG00000197976
35503,31363,ENSG00000169084
36077,31541,ENSG00000214717
144543,84575,ENSG00000002586
4860,4654,ENSG00000056998
2680,2526,ENSG00000006756
80388,61125,ENSG00000183943
29706,26872,ENSG00000205664
14323,13601,ENSG00000234449
4984,4894,ENSG00000205663
1242,1172,ENSG00000236513
91539,69632,ENSG00000130021
201903,117263,ENSG00000006757
4553,2402,ENSG00000205642
1444,1261,ENSG00000177138
72371,56037,ENSG00000101849
7932,7476,ENSG00000073464
2879,2785,ENSG00000101871
6060,5892,ENSG00000234129
229826,117835,ENSG00000004961
82172,57649,ENSG00000047648
70559,56146,ENSG00000005302
109686,76718,ENSG00000101911
5295639,200939,ENSG00000205542
7474,3201,ENSG00000235385
1150,1147,ENSG00000226985
1772,1760,ENSG00000226434
7140,6869,ENSG00000176896
77024,59290,ENSG00000123595
61928,50899,ENSG00000196459
92670,70251,ENSG00000046651
10803,10296,ENSG00000046653
34030,30121,ENSG00000046647
28335,25380,ENSG00000181544
29400,26193,ENSG00000130150
1903,1859,ENSG00000102048
23258,21227,ENSG00000165195
28345,24179,ENSG00000087842
3356,2970,ENSG00000102010
2688,2622,ENSG00000147003
4829,4739,ENSG00000169239
31430,28178,ENSG00000169249
134942,88071,ENSG00000182287
1901,1764,ENSG00000238178
19330,18016,ENSG00000047230
258501,133643,ENSG00000169895
118681,80442,ENSG00000086712
223211,121814,ENSG00000102054
9043,8597,ENSG00000169891
2223,2116,ENSG00000177324
39719,34190,ENSG00000102098
19271,18035,ENSG00000044446
357456,144901,ENSG00000131828
4361,4158,ENSG00000180815
29958,26281,ENSG00000147010
8716,8382,ENSG00000173681
1222986,193416,ENSG00000173674
53879,44837,ENSG00000177189
22815,20970,ENSG00000012174
8012,7711,ENSG00000230797
583733,171861,ENSG00000102172
622296,164841,ENSG00000123131
63840,50406,ENSG00000123130
3891,3743,ENSG00000233785
202107,75977,ENSG00000130066
135538,87427,ENSG00000184831
10060,9506,ENSG00000174010
623665,179759,ENSG00000130741
47437,40487,ENSG00000005889
3253,3028,ENSG00000067992
35491,30908,ENSG00000101868
36647,25271,ENSG00000099399
11656,10964,ENSG00000198814
22538,20867,ENSG00000157625
44894,38398,ENSG00000198947
40524,34407,ENSG00000189023
3415,3331,ENSG00000165164
13233,12450,ENSG00000130962
24101,21756,ENSG00000147036
153444,92570,ENSG00000047597
4278,4174,ENSG00000165168
99178,69548,ENSG00000165169
2639,2447,ENSG00000147041
16912,15792,ENSG00000156313
2092,1982,ENSG00000156298
1131,1119,ENSG00000235806
125286,84811,ENSG00000165175
80378,60051,ENSG00000183337
128338,88943,ENSG00000182220
17076,15966,ENSG00000185753
33716,30148,ENSG00000180182
2087,2061,ENSG00000234636
98204,73056,ENSG00000124486
213626,113057,ENSG00000215301
4282,4113,ENSG00000147044
2351,2316,ENSG00000171657
117611,83544,ENSG00000069509
8993,7875,ENSG00000189037
22345,20589,ENSG00000147050
14189,13485,ENSG00000147121
3899,3835,ENSG00000251192
24751,22253,ENSG00000230844
2098,2044,ENSG00000147119
4518,4405,ENSG00000102218
8094,7826,ENSG00000102221
978054,197802,ENSG00000147123
89745,67665,ENSG00000182872
81520,63553,ENSG00000130985
109648,79115,ENSG00000102225
34057,29947,ENSG00000102226
6349,6167,ENSG00000147124
25519,23378,ENSG00000196741
97598,71865,ENSG00000078061
2259,2148,ENSG00000008056
985407,190936,ENSG00000102265
116954,79810,ENSG00000126767
1338824,202494,ENSG00000126756
17996,16678,ENSG00000197779
7415,7160,ENSG00000147118
205790,105077,ENSG00000017483
100986,72489,ENSG00000068438
3503,3405,ENSG00000224292
6602,6377,ENSG00000102312
375959,148264,ENSG00000147155
20453,18928,ENSG00000068354
3192,2954,ENSG00000204620
849398,184589,ENSG00000102317
161154,102340,ENSG00000101940
35929,31706,ENSG00000101945
3800,3589,ENSG00000171433
611477,174126,ENSG00000102145
53986,45628,ENSG00000094631
6593,5555,ENSG00000102109
687420,183183,ENSG00000126768
575666,173245,ENSG00000102103
59140,48733,ENSG00000102100
335861,136291,ENSG00000102096
110521,80248,ENSG00000068308
56142,47010,ENSG00000068400
24744,22268,ENSG00000068323
2111,2094,ENSG00000147144
18081,16694,ENSG00000243279
101834,73112,ENSG00000196998
65334,53091,ENSG00000068394
6794,6527,ENSG00000017621
436049,145390,ENSG00000102007
49863,42214,ENSG00000012211
14822,13066,ENSG00000102003
55120,46192,ENSG00000101997
5749,5556,ENSG00000049769
3372,3319,ENSG00000270012
11900,6444,ENSG00000205777
1782,1227,ENSG00000068985
1858,1828,ENSG00000234390
5441,5280,ENSG00000242013
14617,13556,ENSG00000171365
13270,12033,ENSG00000184205
7001,6784,ENSG00000270189
43771,37802,ENSG00000126012
33673,28110,ENSG00000124313
317751,138358,ENSG00000072501
1731,1721,ENSG00000158423
710260,174464,ENSG00000072506
127795,86681,ENSG00000086758
21994,20509,ENSG00000172943
14805,13957,ENSG00000184083
135869,90225,ENSG00000158526
43441,37179,ENSG00000130119
30335,26847,ENSG00000102316
93621,70180,ENSG00000169188
990634,164266,ENSG00000158578
12159,11339,ENSG00000238269
110297,79401,ENSG00000182518
1840,1820,ENSG00000256045
15920,14649,ENSG00000247746
17018,15935,ENSG00000083750
32700,29386,ENSG00000188021
5989,5868,ENSG00000204271
53833,45095,ENSG00000186787
2366,2337,ENSG00000226310
5855,5724,ENSG00000147059
1201,1181,ENSG00000165591
2967,2886,ENSG00000198455
30716,27218,ENSG00000186767
9964,9481,ENSG00000184675
4372,4266,ENSG00000102043
117761,79965,ENSG00000001497
253515,122485,ENSG00000147065
6746,5978,ENSG00000237311
17280,15938,ENSG00000089472
12382,11576,ENSG00000169083
2576,2531,ENSG00000079482
147259,96994,ENSG00000181704
2916,2866,ENSG00000130052
2853,2795,ENSG00000090776
7220,6949,ENSG00000181191
1233,1152,ENSG00000189401
381707,153032,ENSG00000089289
249278,132766,ENSG00000120509
116041,68188,ENSG00000090889
7267,7037,ENSG00000082458
57395,47992,ENSG00000147164
13318,12504,ENSG00000184481
1303,1287,ENSG00000204165
65015,48340,ENSG00000147168
29159,25983,ENSG00000184634
1296,1271,ENSG00000196338
32346,29064,ENSG00000147130
475514,168264,ENSG00000147140
49499,42015,ENSG00000147133
94632,70464,ENSG00000147162
2468,2372,ENSG00000147174
202725,120437,ENSG00000102309
16397,15231,ENSG00000186871
19105577,207317,ENSG00000198034
22506,19722,ENSG00000125931
48008,40303,ENSG00000147099
8032,7776,ENSG00000067177
3097,3052,ENSG00000204116
273944,131013,ENSG00000229807
160694,98174,ENSG00000225470
18004,16950,ENSG00000230590
33038,29552,ENSG00000131263
54977,43348,ENSG00000131269
24851,22779,ENSG00000094841
65951,51878,ENSG00000102390
101246,72947,ENSG00000085224
55374,45656,ENSG00000102158
1367685,199851,ENSG00000131174
24478,22382,ENSG00000165240
721996,179110,ENSG00000102144
45717,39507,ENSG00000187325
127658,80727,ENSG00000078596
27114,24495,ENSG00000165288
67385,52317,ENSG00000198157
121160,85094,ENSG00000131171
25234,22956,ENSG00000155008
12739,12018,ENSG00000147180
22385,20417,ENSG00000124429
14563,13608,ENSG00000188419
3681,3157,ENSG00000102271
11871,7823,ENSG00000179083
9846,8221,ENSG00000204086
11642,10942,ENSG00000102362
86432,63484,ENSG00000101811
34036,30516,ENSG00000188917
14956,13811,ENSG00000102384
401057,140628,ENSG00000126953
69133,54580,ENSG00000010671
906241,196631,ENSG00000241343
84157,62439,ENSG00000102393
102907,75228,ENSG00000126945
51287,41195,ENSG00000198960
58632,44633,ENSG00000102401
1654,1541,ENSG00000158164
22538,20835,ENSG00000125962
1119,1114,ENSG00000198932
5486,5368,ENSG00000223546
4865,4767,ENSG00000239407
237271,110407,ENSG00000102409
127263,84716,ENSG00000180964
54471,34139,ENSG00000133134
86491,59984,ENSG00000185222
2923,2528,ENSG00000133142
12559,11912,ENSG00000172465
571130,172087,ENSG00000123562
5395,5231,ENSG00000231154
1547,1410,ENSG00000158427
16445,15272,ENSG00000176274
58618,47944,ENSG00000123575
30092,26607,ENSG00000089682
48263,39813,ENSG00000198088
172153,100511,ENSG00000147224
3488,3203,ENSG00000157514
148052,98014,ENSG00000101843
73670,56845,ENSG00000101844
7271,7009,ENSG00000188153
65366,53695,ENSG00000101888
24915,22232,ENSG00000068366
41617,35128,ENSG00000157600
127775,83163,ENSG00000101935
6088,5942,ENSG00000133136
157650,97040,ENSG00000101901
37510,33492,ENSG00000228532
9194,8579,ENSG00000204019
157671,93406,ENSG00000230159
24385,22144,ENSG00000131725
25101,22425,ENSG00000147251
32591,28180,ENSG00000131724
28028,24810,ENSG00000175556
258030,128947,ENSG00000101856
26458,23597,ENSG00000077713
2262540,204131,ENSG00000005022
27008,24781,ENSG00000018610
315478,143145,ENSG00000077721
45817,39164,ENSG00000186416
178543,110433,ENSG00000125354
9467801,207280,ENSG00000198918
179029,103422,ENSG00000125351
107946,78222,ENSG00000125352
999159,195535,ENSG00000125356
195916,114690,ENSG00000101882
1280,1274,ENSG00000203989
1156,1151,ENSG00000131721
29012,26185,ENSG00000177485
102254,73420,ENSG00000005893
61694,50198,ENSG00000158290
431607,161328,ENSG00000232119
24146,22233,ENSG00000171155
3629,3462,ENSG00000260585
270439,134268,ENSG00000125676
87510,65571,ENSG00000101966
2144,2105,ENSG00000232412
110928,79236,ENSG00000101972
2664,2501,ENSG00000183918
2911,2647,ENSG00000102038
12569,11985,ENSG00000122126
37718,33102,ENSG00000188706
143695,91883,ENSG00000156697
14503,13667,ENSG00000085185
34098,29984,ENSG00000102034
167168,103100,ENSG00000156709
3475,2927,ENSG00000134594
8175,7874,ENSG00000056277
45417,38280,ENSG00000102078
199771,115949,ENSG00000134597
74020,58107,ENSG00000165675
8474,8147,ENSG00000147255
4117,4042,ENSG00000213468
79625,60655,ENSG00000134602
45554,38988,ENSG00000123728
3904,3818,ENSG00000232160
6018,5769,ENSG00000076770
128610,87324,ENSG00000156531
356351,153921,ENSG00000165704
7036,6800,ENSG00000223749
1882,1856,ENSG00000170965
97637,71261,ENSG00000156504
120006,72498,ENSG00000156500
41629,32747,ENSG00000101928
130392,85328,ENSG00000184785
139141,94412,ENSG00000134590
174726,107582,ENSG00000203950
4657,4056,ENSG00000169551
6289,6114,ENSG00000186376
7123,6890,ENSG00000173275
14156,13301,ENSG00000165359
66778,54010,ENSG00000169446
13185,12529,ENSG00000198689
15163,13313,ENSG00000022267
54129,44128,ENSG00000129680
232535,121194,ENSG00000102241
3276,3071,ENSG00000129675
14184,12892,ENSG00000232611
665279,176883,ENSG00000147274
5780,4891,ENSG00000129682
62425,50031,ENSG00000101974
8602,7890,ENSG00000155495
26635,24201,ENSG00000102081
39537,32218,ENSG00000010404
1749,1733,ENSG00000241769
45371,37871,ENSG00000197620
20637,18947,ENSG00000155984
141883,89997,ENSG00000197021
1588,1572,ENSG00000235703
10940,10432,ENSG00000171100
23850,21822,ENSG00000063601
14616,13855,ENSG00000102181
451830,153912,ENSG00000029993
428262,159186,ENSG00000160131
1551,1469,ENSG00000270052
17805,15280,ENSG00000102287
3754,3620,ENSG00000011677
277344,132633,ENSG00000197172
220413,117593,ENSG00000213401
576856,178078,ENSG00000198930
308346,140272,ENSG00000221867
100915,72052,ENSG00000147400
59194,47424,ENSG00000147383
17756,16521,ENSG00000235961
119551,81140,ENSG00000198681
30874,27026,ENSG00000063587
2846,2816,ENSG00000259886
13006,12358,ENSG00000213397
231405,114734,ENSG00000147382
6530,6168,ENSG00000260081
27414,23305,ENSG00000130829
2775,2565,ENSG00000130822
72321,50258,ENSG00000130821
408843,151925,ENSG00000185825
13111,12329,ENSG00000101986
179955,109306,ENSG00000067829
1737457,203758,ENSG00000180879
10128,9528,ENSG00000089820
1011674,183745,ENSG00000102030
32227,26821,ENSG00000102032
134463,87693,ENSG00000172534
12892,12082,ENSG00000177854
284997,123286,ENSG00000184216
102910,75141,ENSG00000169057
149525,84547,ENSG00000196924
402353,154069,ENSG00000102119
51359897,207316,ENSG00000147403
34467,30003,ENSG00000013563
43765,37580,ENSG00000102125
103984,75628,ENSG00000071553
54498,45229,ENSG00000203879
319277,143947,ENSG00000071859
14504,13668,ENSG00000130827
1623206,198385,ENSG00000196976
406796,156405,ENSG00000102178
165454,96818,ENSG00000126903
184499,111267,ENSG00000071889
217343,120122,ENSG00000160211
76453,59900,ENSG00000073009
40257,33538,ENSG00000160219
606251,167836,ENSG00000130826
666479,181679,ENSG00000130830
533996,177622,ENSG00000165775
2390,2358,ENSG00000214827
6345,6163,ENSG00000182712
112011,77725,ENSG00000185515
541276,174632,ENSG00000155959
176105,107571,ENSG00000155962
35933,31633,ENSG00000185973
159474,102261,ENSG00000124333
3717,3631,ENSG00000185203
2436,2380,ENSG00000172748
35011,30367,ENSG00000147364
1210,1199,ENSG00000272005
15972,14933,ENSG00000180190
76604,59432,ENSG00000104714
66137,52556,ENSG00000182372
64635,52112,ENSG00000253982
31269,27723,ENSG00000104728
53186,40616,ENSG00000254319
39750,34291,ENSG00000246089
36068,31745,ENSG00000147316
5111,4715,ENSG00000091879
1344,1326,ENSG00000271927
105189,73140,ENSG00000155189
53697,44420,ENSG00000147324
68590,54858,ENSG00000104626
16784,15295,ENSG00000173281
5846,5715,ENSG00000253426
1540,1512,ENSG00000248538
24909,22863,ENSG00000173273
10032,9571,ENSG00000175806
90380,66208,ENSG00000254093
25631,23382,ENSG00000104643
1383,1359,ENSG00000136574
71069,55861,ENSG00000154328
172623,99623,ENSG00000079459
9080,8232,ENSG00000255046
145427,88612,ENSG00000164733
16026,14959,ENSG00000186523
3012,2949,ENSG00000255495
2411,2384,ENSG00000145002
6468,6218,ENSG00000154359
6405,6242,ENSG00000164741
107472,77010,ENSG00000104723
16151,14810,ENSG00000104219
319316,143023,ENSG00000198791
53815,44376,ENSG00000155975
241048,125224,ENSG00000078674
338766,145655,ENSG00000104763
2681,2637,ENSG00000245281
9596,9172,ENSG00000171428
144356,91013,ENSG00000104613
93626,66979,ENSG00000147416
1740,1548,ENSG00000147443
48182,40480,ENSG00000130227
65276,50598,ENSG00000158856
14136,13449,ENSG00000158863
16443,15412,ENSG00000173566
68946,51559,ENSG00000168476
9780,9401,ENSG00000168487
97335,68392,ENSG00000168495
29102,25329,ENSG00000104635
43895,37635,ENSG00000120910
16402,14833,ENSG00000120896
13868,11615,ENSG00000120913
8828,8297,ENSG00000241852
34873,30914,ENSG00000158941
1390,1378,ENSG00000253200
56483,46707,ENSG00000147439
3035,2978,ENSG00000008853
12318,11329,ENSG00000120889
24762,22236,ENSG00000104689
34507,30759,ENSG00000147457
111639,79413,ENSG00000104679
14360,13637,ENSG00000197217
2307,2249,ENSG00000253986
1240987,182470,ENSG00000147454
1988,1961,ENSG00000147437
40261,34385,ENSG00000104756
66664,46039,ENSG00000184661
127949,85233,ENSG00000221914
243874,119543,ENSG00000104765
1361,1342,ENSG00000092964
6575,6401,ENSG00000104228
27788,24704,ENSG00000120899
42713,36854,ENSG00000120915
6074,4794,ENSG00000120885
121719,85182,ENSG00000147419
39224,33270,ENSG00000171320
78705,56717,ENSG00000168078
30635,27685,ENSG00000134014
7132,6858,ENSG00000186918
5725,5582,ENSG00000012232
20469,18957,ENSG00000104299
51207,43213,ENSG00000147421
10306,9812,ENSG00000197892
257647,135502,ENSG00000133872
2638,2501,ENSG00000272256
175622,104845,ENSG00000104660
11055,10257,ENSG00000271869
68700,55384,ENSG00000104671
178039,103342,ENSG00000197265
69827,55637,ENSG00000104687
84634,64355,ENSG00000104695
30280,25798,ENSG00000133863
54731,45769,ENSG00000165392
1776,1732,ENSG00000253377
1464,1454,ENSG00000272338
18893,17705,ENSG00000172728
15958,15008,ENSG00000129696
77316,58335,ENSG00000198042
13031,12297,ENSG00000253642
30766,27849,ENSG00000147475
76442,59989,ENSG00000147471
20909,19017,ENSG00000104221
217830,117240,ENSG00000156675
939696,179824,ENSG00000187840
112527,80402,ENSG00000129691
107878,66416,ENSG00000147465
1065160,192504,ENSG00000175324
112181,79541,ENSG00000156735
64363,53190,ENSG00000085788
320196,146395,ENSG00000147548
4780,4645,ENSG00000272092
6331,5794,ENSG00000165046
52343,43539,ENSG00000147526
9644,9033,ENSG00000169499
126795,85177,ENSG00000169490
26514,24144,ENSG00000168615
1668,1631,ENSG00000254082
294780,143210,ENSG00000147533
57611,47462,ENSG00000147536
49088,41577,ENSG00000158669
253678,124784,ENSG00000029534
7815,7311,ENSG00000260588
57644,47929,ENSG00000083168
43153,37304,ENSG00000070718
1403,1095,ENSG00000104368
34216,30540,ENSG00000104365
68667,55905,ENSG00000070501
559022,173668,ENSG00000078668
64156,51331,ENSG00000168575
162101,99950,ENSG00000176209
68434,54908,ENSG00000131931
34333,30372,ENSG00000120925
78124,60888,ENSG00000168172
189876,110921,ENSG00000168522
15689,14524,ENSG00000165102
26887,24520,ENSG00000164808
34513,28100,ENSG00000221869
655927,166591,ENSG00000253729
202037,109193,ENSG00000104738
493769,171060,ENSG00000169139
49295,41503,ENSG00000168300
7452,7162,ENSG00000232941
30556,27346,ENSG00000228801
180992,105101,ENSG00000023287
73956,58228,ENSG00000047249
20105,17247,ENSG00000147509
869938,190596,ENSG00000187735
647696,180004,ENSG00000120992
429463,158407,ENSG00000137547
94215,71115,ENSG00000167904
131846,86275,ENSG00000137574
130535,85530,ENSG00000254087
10803876,207253,ENSG00000008988
17706,16303,ENSG00000181690
253345,127366,ENSG00000170791
53551,44534,ENSG00000104331
64748,52696,ENSG00000215114
169547,97724,ENSG00000137575
62906,50660,ENSG00000035681
135327,85446,ENSG00000178538
1577,1543,ENSG00000251396
381278,153701,ENSG00000104388
74555,56144,ENSG00000171316
31360,26548,ENSG00000198363
133917,86320,ENSG00000137563
15617,14410,ENSG00000270673
51842,43589,ENSG00000185728
2103,2065,ENSG00000261542
2217,2177,ENSG00000272010
174998,108406,ENSG00000104442
83328,64615,ENSG00000066855
34917,30958,ENSG00000205268
179525,104394,ENSG00000179041
1853,1795,ENSG00000185697
33481,29907,ENSG00000175073
29216,25975,ENSG00000213865
8847,8363,ENSG00000104205
4787,4631,ENSG00000261787
291581,133748,ENSG00000121022
81934,63076,ENSG00000104218
103323,74678,ENSG00000066777
2378,2342,ENSG00000271966
21401,19786,ENSG00000140396
195727,110323,ENSG00000067167
69448,55177,ENSG00000147592
8255,7833,ENSG00000104313
2614,2520,ENSG00000104321
114027,80205,ENSG00000147601
18667940,207303,ENSG00000147604
47497,38808,ENSG00000121039
59802,49885,ENSG00000040341
33605,29645,ENSG00000104343
893105,185995,ENSG00000154582
452837,147042,ENSG00000175606
4882,4001,ENSG00000154589
18147,16643,ENSG00000104381
3157,3111,ENSG00000254349
46250,39396,ENSG00000253706
1192,1174,ENSG00000137558
1581,1541,ENSG00000121005
59774,47744,ENSG00000249395
6544,6364,ENSG00000254300
7641,7353,ENSG00000253661
107980,79083,ENSG00000164751
1130,1092,ENSG00000104427
4910,3713,ENSG00000164683
162967,100661,ENSG00000147586
1818,1691,ENSG00000076554
2087,2056,ENSG00000251867
11216,10554,ENSG00000205189
2402,2115,ENSG00000164687
41687,36370,ENSG00000133731
202887,118188,ENSG00000104231
42193,35495,ENSG00000164695
13650,12734,ENSG00000104497
2574,1453,ENSG00000253898
156031,97666,ENSG00000133739
46206,38207,ENSG00000133740
254432,125243,ENSG00000176731
12765,11950,ENSG00000185015
170896,45443,ENSG00000133742
1193,1179,ENSG00000164879
4081,3235,ENSG00000104267
11167,9931,ENSG00000253154
28726,25932,ENSG00000123124
123784,85947,ENSG00000176623
131900,87343,ENSG00000085719
9350,8957,ENSG00000251136
69988,55668,ENSG00000104312
48358,40615,ENSG00000164823
113304,79801,ENSG00000104320
203054,115091,ENSG00000104325
6500,4136,ENSG00000104327
12421,11216,ENSG00000253394
22390,20493,ENSG00000180694
207952,114604,ENSG00000253250
52216,42300,ENSG00000155099
156093,97976,ENSG00000253738
35240,30842,ENSG00000155100
15117,14342,ENSG00000214954
21815,19401,ENSG00000188343
3247,3186,ENSG00000271971
50083,42399,ENSG00000183808
7369,7068,ENSG00000164953
1958,1919,ENSG00000164951
12113,11526,ENSG00000197275
87525,67894,ENSG00000164944
36961,32461,ENSG00000156162
54643,45924,ENSG00000164941
16475,14716,ENSG00000175305
129627,82860,ENSG00000156170
3850,3628,ENSG00000164938
79106,60761,ENSG00000175895
5720,5595,ENSG00000156172
1111352,198972,ENSG00000156467
58041,47134,ENSG00000156469
145097,91376,ENSG00000156471
4509,4034,ENSG00000169439
50320,42442,ENSG00000104324
21593,19811,ENSG00000180543
1433860,195642,ENSG00000147649
603757,159706,ENSG00000104341
10393042,207295,ENSG00000156482
1341,1333,ENSG00000245970
127160,84257,ENSG00000132541
68683,47940,ENSG00000104356
40978,35766,ENSG00000104375
19446,17839,ENSG00000164920
14107,12724,ENSG00000253948
23116,21295,ENSG00000132549
1339260,199338,ENSG00000164919
1211,1098,ENSG00000156509
682437,185230,ENSG00000147669
3149,3070,ENSG00000104450
50923,42772,ENSG00000034677
31494,28459,ENSG00000186106
4896801,206839,ENSG00000070756
1006189,196523,ENSG00000164924
5550,5298,ENSG00000261087
1496706,194418,ENSG00000120963
27404,24752,ENSG00000048392
33158,29066,ENSG00000246263
124429,85667,ENSG00000104517
1550,1460,ENSG00000253633
127279,77301,ENSG00000155090
4270,4001,ENSG00000253669
211163,121295,ENSG00000155096
14416,13394,ENSG00000253320
118523,80655,ENSG00000155097
4654,4447,ENSG00000164932
42287,35066,ENSG00000164933
224504,111934,ENSG00000164934
16662,14932,ENSG00000147650
24576,21997,ENSG00000169946
2373,2306,ENSG00000254615
65075,53075,ENSG00000164830
38732,33316,ENSG00000154188
3417071,206453,ENSG00000104408
64491,51982,ENSG00000104412
80028,60572,ENSG00000120526
892074,191208,ENSG00000120533
209971,119900,ENSG00000147654
1708,1659,ENSG00000147642
9792,9309,ENSG00000253877
2217409,205689,ENSG00000147677
106765,74748,ENSG00000147679
246570,125849,ENSG00000164754
110709,78670,ENSG00000164758
50211,42216,ENSG00000064313
66295,52597,ENSG00000136982
1594,1374,ENSG00000187955
397719,154671,ENSG00000172172
12687,12066,ENSG00000172167
114901,79379,ENSG00000136986
34746,30537,ENSG00000156787
920856,184954,ENSG00000147689
2181,2153,ENSG00000253258
62573,50452,ENSG00000189376
9291,8936,ENSG00000259305
200596,111331,ENSG00000165156
202371,109017,ENSG00000156802
97215,72740,ENSG00000156795
8904,6805,ENSG00000156804
36881,32281,ENSG00000176853
1481,1430,ENSG00000214803
2643,2576,ENSG00000271975
3088,3005,ENSG00000164983
34637,30893,ENSG00000183665
19408,17396,ENSG00000245149
89354,68117,ENSG00000170881
272778,136486,ENSG00000147687
2509380,204354,ENSG00000147684
1906,1791,ENSG00000272486
548548,162433,ENSG00000104549
33205,29759,ENSG00000164961
154331,99524,ENSG00000156831
7764,7062,ENSG00000173334
630416,156795,ENSG00000136997
20893,18527,ENSG00000250400
103734,66362,ENSG00000229140
330346,149602,ENSG00000153310
99663,72210,ENSG00000153317
39111,34305,ENSG00000132294
189789,111258,ENSG00000129292
12198,9302,ENSG00000104419
10104,9421,ENSG00000008513
5730,5455,ENSG00000261220
4555,4425,ENSG00000066827
5835,5547,ENSG00000259820
1217,1178,ENSG00000131773
10074,9562,ENSG00000254101
4823,4212,ENSG00000169427
10589,10172,ENSG00000167632
9985,9572,ENSG00000259891
354161,144464,ENSG00000104472
112989,78838,ENSG00000259758
50469,42632,ENSG00000123908
106804,77442,ENSG00000169398
1549,1521,ENSG00000105339
4439,4289,ENSG00000253210
11569,11013,ENSG00000022567
3176,2715,ENSG00000253595
201867,105581,ENSG00000184489
6750,6556,ENSG00000171045
27791,24803,ENSG00000130193
4862,4691,ENSG00000247317
868678,172468,ENSG00000160932
1244,1209,ENSG00000177335
8340,8055,ENSG00000181638
58721,48147,ENSG00000250571
103090,70412,ENSG00000253716
24768,22551,ENSG00000185730
6412,6221,ENSG00000272172
259856,132418,ENSG00000184428
2932,2898,ENSG00000254389
6581,6320,ENSG00000158106
2182,2127,ENSG00000254338
1853,1830,ENSG00000182759
38607,33988,ENSG00000014164
4719,4372,ENSG00000254859
5989,5780,ENSG00000204839
119453,82680,ENSG00000147813
3239184,206470,ENSG00000104529
12575,11801,ENSG00000179886
2283,2251,ENSG00000271912
46739,38669,ENSG00000104524
544337,164896,ENSG00000104522
18712,17494,ENSG00000183309
8931,8564,ENSG00000181135
1488,1470,ENSG00000181097
6693,6423,ENSG00000181085
39213,32814,ENSG00000180921
1883,1824,ENSG00000203499
45072,38111,ENSG00000180900
327842,141939,ENSG00000179950
22764,20825,ENSG00000185189
17030,14772,ENSG00000227184
36005,30802,ENSG00000178209
1132,1112,ENSG00000178685
128392,85802,ENSG00000178719
10690,10162,ENSG00000178814
13475,12481,ENSG00000255224
374241,140091,ENSG00000178896
223084,114692,ENSG00000197858
1534107,196619,ENSG00000179091
198633,115604,ENSG00000179526
396455,157210,ENSG00000179632
1949,1925,ENSG00000235173
29581,26417,ENSG00000179832
436126,164734,ENSG00000185122
1262,1258,ENSG00000254690
68966,53972,ENSG00000185000
203921,105697,ENSG00000185803
37710,32261,ENSG00000182325
18088,16927,ENSG00000173137
65088,52276,ENSG00000071894
495825,155960,ENSG00000147804
312512,144302,ENSG00000160948
39160,33289,ENSG00000160949
270112,130123,ENSG00000187954
26205,23313,ENSG00000167702
12527,11225,ENSG00000160973
83778,62707,ENSG00000160972
62440,48719,ENSG00000167700
57374,45687,ENSG00000160957
97988,70572,ENSG00000160959
5051,4913,ENSG00000254402
184986,103487,ENSG00000213563
6852,6636,ENSG00000147799
16167,15069,ENSG00000198169
13231,12483,ENSG00000196378
26830512,207318,ENSG00000161016
3589,3533,ENSG00000197363
67471,54510,ENSG00000147789
170797,99301,ENSG00000170619
17805,16728,ENSG00000196150
23505,21449,ENSG00000170631
6162,5857,ENSG00000255559
278600,123547,ENSG00000182307
5500,5331,ENSG00000227518
1450,1430,ENSG00000227917
2716,2662,ENSG00000231808
1373,1356,ENSG00000170122
52379,44061,ENSG00000172785
28164,25208,ENSG00000183784
48188,40936,ENSG00000107099
6828,6645,ENSG00000107104
19955,18429,ENSG00000080503
2205,2163,ENSG00000147852
94854,67422,ENSG00000080608
12373,11651,ENSG00000080298
16539,15674,ENSG00000205808
4538,4421,ENSG00000273061
39652,34892,ENSG00000106993
106125,76042,ENSG00000147853
151756,96811,ENSG00000120158
58024,46949,ENSG00000096968
50814,42475,ENSG00000107020
12820,12236,ENSG00000107036
10379,9950,ENSG00000099219
37247,32990,ENSG00000183354
23856,21899,ENSG00000137040
28222,25783,ENSG00000147854
2449,2427,ENSG00000215066
24227,22264,ENSG00000107077
391818,154642,ENSG00000137038
2013,1906,ENSG00000153714
25850,23402,ENSG00000107186
14217,13039,ENSG00000147862
2593,2537,ENSG00000155158
57018,47420,ENSG00000164975
186765,111070,ENSG00000164985
3074,3001,ENSG00000164989
49248,42015,ENSG00000155876
82611,62718,ENSG00000147874
197207,108046,ENSG00000147872
24825,22811,ENSG00000137145
1255,1248,ENSG00000273226
19449856,207281,ENSG00000137154
232139,111428,ENSG00000171843
1448,1427,ENSG00000188352
34302,30338,ENSG00000120159
28948,26167,ENSG00000137055
22200,20310,ENSG00000096872
51054,41998,ENSG00000120162
5001,4873,ENSG00000147894
38344,33777,ENSG00000122729
2140,2096,ENSG00000107201
44424,38050,ENSG00000197579
28271,25080,ENSG00000235453
345930,150618,ENSG00000165264
120153,82578,ENSG00000137074
549603,167278,ENSG00000086061
62230,51122,ENSG00000122692
31180,26739,ENSG00000086062
2186,2157,ENSG00000233554
3402,3063,ENSG00000122711
285893,127313,ENSG00000107262
194481,114665,ENSG00000086065
60672,49748,ENSG00000086102
79330,52490,ENSG00000165272
31258,27224,ENSG00000165271
10280,9825,ENSG00000230453
1888,1161,ENSG00000010438
141845,91947,ENSG00000107341
98285,71787,ENSG00000137073
63994,52760,ENSG00000198876
44309,37487,ENSG00000165006
4519,4425,ENSG00000186638
69222,55426,ENSG00000164978
13512,12716,ENSG00000164970
172618,106770,ENSG00000164967
328590,146227,ENSG00000137100
119708,80997,ENSG00000147955
33141,29390,ENSG00000213930
11916,11343,ENSG00000137070
1416,1404,ENSG00000213927
15293,14320,ENSG00000187186
10072,9362,ENSG00000230074
1489,1378,ENSG00000137094
192994,111326,ENSG00000165280
26282,23888,ENSG00000221829
8453,8175,ENSG00000165282
1090241,189914,ENSG00000165283
13922,12927,ENSG00000005238
7197,6976,ENSG00000198722
5994,5829,ENSG00000198853
11980,11340,ENSG00000107140
109949,78339,ENSG00000159884
50869,39208,ENSG00000137135
3891,3812,ENSG00000198467
344715,146516,ENSG00000137076
92691,65844,ENSG00000107175
37573,33180,ENSG00000070610
50622,43180,ENSG00000107185
10479,10086,ENSG00000227388
1288,1268,ENSG00000159899
294561,137668,ENSG00000137133
8592,8240,ENSG00000137103
4637,4451,ENSG00000122707
32559,27893,ENSG00000122694
808837,190866,ENSG00000122705
7851,7583,ENSG00000159921
16308,15296,ENSG00000137075
56082,45037,ENSG00000165304
127958,87354,ENSG00000233137
89852,67363,ENSG00000147905
217331,121478,ENSG00000137106
10544,10130,ENSG00000168795
103984,75062,ENSG00000137054
4980,4846,ENSG00000147912
375459,135160,ENSG00000175768
60077,49010,ENSG00000165275
559216,156511,ENSG00000107371
130770,88779,ENSG00000122741
64259,52038,ENSG00000122696
29207,25700,ENSG00000107338
74860,58687,ENSG00000137124
1836,1811,ENSG00000196409
1385,1376,ENSG00000215126
1693,1664,ENSG00000154529
4792,4697,ENSG00000232116
29776,25365,ENSG00000182368
4700,4601,ENSG00000238113
3784,3520,ENSG00000182021
9129,8824,ENSG00000232833
1179,1175,ENSG00000225411
2464,2360,ENSG00000231242
23824,21936,ENSG00000204790
28510,25799,ENSG00000147996
14455,13668,ENSG00000269337
10160,9776,ENSG00000196873
15783,14914,ENSG00000107242
69123,55883,ENSG00000187866
199620,113259,ENSG00000165060
100885,71216,ENSG00000119139
42750,37139,ENSG00000188647
1299,1295,ENSG00000268364
100805,72167,ENSG00000198887
33870,29751,ENSG00000119138
16286,15090,ENSG00000135048
16199,15271,ENSG00000107362
41040,35316,ENSG00000155621
7620,7312,ENSG00000119125
126605,85122,ENSG00000107372
1414,1217,ENSG00000165092
656829,152865,ENSG00000135046
114274,79235,ENSG00000135045
2039,2020,ENSG00000203321
55651,46118,ENSG00000156017
12401,11729,ENSG00000106733
71388,56079,ENSG00000134996
249692,116297,ENSG00000135002
52828,44356,ENSG00000197969
78486,58696,ENSG00000156052
49765,41830,ENSG00000148019
182329,90936,ENSG00000135069
4912,4785,ENSG00000148057
107162,77927,ENSG00000135018
5214,5079,ENSG00000254473
33189,29188,ENSG00000165113
2749,2700,ENSG00000165115
29252,26616,ENSG00000165118
812969,190872,ENSG00000165119
35257,31062,ENSG00000178966
13100,12357,ENSG00000135049
56150,45714,ENSG00000135040
5563,5083,ENSG00000135052
212661,119501,ENSG00000135070
39811,34818,ENSG00000083223
23547,20715,ENSG00000196730
229655,118097,ENSG00000135047
3087,3034,ENSG00000156345
32267,29077,ENSG00000106723
2993,2682,ENSG00000213694
936031,176797,ENSG00000123975
141739,94669,ENSG00000187742
3195,3124,ENSG00000187764
21295,19548,ENSG00000148090
6674,6433,ENSG00000165030
44145,38048,ENSG00000169071
19908,18543,ENSG00000090054
243313,127117,ENSG00000196305
127306,84899,ENSG00000198000
44615,37556,ENSG00000188312
13987,13245,ENSG00000127080
22779,20938,ENSG00000185963
2187,2168,ENSG00000127081
3327,3280,ENSG00000127084
24542,21572,ENSG00000157303
101744,73234,ENSG00000165233
74952,56586,ENSG00000131669
12765,12076,ENSG00000165238
157457,95581,ENSG00000188938
64218,51343,ENSG00000048828
8788,8521,ENSG00000197724
17524,16157,ENSG00000158079
2969,2934,ENSG00000269929
19502,18075,ENSG00000175787
9115,8746,ENSG00000232063
61696,50690,ENSG00000148110
14914,13922,ENSG00000148120
9928,9565,ENSG00000158169
8759,8438,ENSG00000237857
9292,8975,ENSG00000185920
3518,3444,ENSG00000271155
1294,1286,ENSG00000271659
23383,21471,ENSG00000182150
9902,9471,ENSG00000165244
18420,17090,ENSG00000130956
11909,11367,ENSG00000081377
192553,112291,ENSG00000158122
11825,11303,ENSG00000081386
6422,6284,ENSG00000196597
13738,12984,ENSG00000196312
3886,3482,ENSG00000136943
5265,5144,ENSG00000242375
6788,5486,ENSG00000203279
4835,4727,ENSG00000197816
4048,3957,ENSG00000196116
118281,81068,ENSG00000136842
18876,17710,ENSG00000136925
44995,38454,ENSG00000136937
63984,51142,ENSG00000136936
21109,19443,ENSG00000136932
463536,145246,ENSG00000136929
2264546,204057,ENSG00000136938
299114,136586,ENSG00000095380
48185,40189,ENSG00000106785
27478,24353,ENSG00000106789
6703,6483,ENSG00000095383
67640,49755,ENSG00000165138
32125,28744,ENSG00000119514
1582,1510,ENSG00000204291
37002,32028,ENSG00000106799
41601,36059,ENSG00000119523
1042333,192207,ENSG00000106803
7109,6865,ENSG00000255145
54654,46024,ENSG00000136874
92738,68104,ENSG00000023318
11184,10714,ENSG00000119509
30640,27456,ENSG00000136891
32075,28653,ENSG00000066697
257411,131515,ENSG00000136897
11175,10658,ENSG00000136870
15290,14375,ENSG00000165152
34517,30458,ENSG00000155827
2263,2219,ENSG00000270332
154241,98018,ENSG00000136824
55683,46970,ENSG00000136783
1923,1884,ENSG00000165028
2641,2548,ENSG00000070214
5057,4853,ENSG00000106701
9584,9207,ENSG00000106692
13323,11912,ENSG00000186051
109850,78032,ENSG00000095209
248342,129656,ENSG00000119318
3467,3269,ENSG00000136826
24156,22133,ENSG00000070061
36157,31932,ENSG00000119328
193717,111439,ENSG00000119326
57254,47042,ENSG00000106771
1536,1203,ENSG00000260230
2733561,205009,ENSG00000136810
3639,3527,ENSG00000165124
49028,41646,ENSG00000136813
28076,25267,ENSG00000059769
2241,2213,ENSG00000242616
85623,64145,ENSG00000148154
31256,28040,ENSG00000106868
141621,93087,ENSG00000119314
72395,58222,ENSG00000119471
3382,3344,ENSG00000230185
18930,17540,ENSG00000165185
94177,71747,ENSG00000148153
1596,1579,ENSG00000226609
7305,7065,ENSG00000148158
10455,9613,ENSG00000228623
4555,4439,ENSG00000136867
26250,24066,ENSG00000119321
62280,50113,ENSG00000136868
224376,116298,ENSG00000176386
88881,66226,ENSG00000136875
7374,7129,ENSG00000148225
10465,9838,ENSG00000119411
48808,40869,ENSG00000119431
19198,17793,ENSG00000148218
189925,107620,ENSG00000148229
1527,1508,ENSG00000157653
7557,6953,ENSG00000106948
27316,24191,ENSG00000095397
723604,184836,ENSG00000136888
9378,9004,ENSG00000157693
4980,4855,ENSG00000148219
6860,6686,ENSG00000119401
93332,67419,ENSG00000136861
18335,17127,ENSG00000106780
70378,56335,ENSG00000119402
136804,92047,ENSG00000095261
202799,114103,ENSG00000226752
1373427,173082,ENSG00000119403
60520,48319,ENSG00000119397
72012,57492,ENSG00000119396
12858,11565,ENSG00000148180
37541,32761,ENSG00000148175
13887,13011,ENSG00000175764
620705,175448,ENSG00000119421
29085,25809,ENSG00000106852
125609,84782,ENSG00000119446
108088,74634,ENSG00000148187
1215,1206,ENSG00000269979
2502,2475,ENSG00000270102
9419,8825,ENSG00000095303
35268,31562,ENSG00000136940
35001,31188,ENSG00000056586
5524,5402,ENSG00000186130
9165,8881,ENSG00000171448
12764,12200,ENSG00000011454
221787,118757,ENSG00000165209
1762,1686,ENSG00000148204
19809,18293,ENSG00000119522
32955,28610,ENSG00000119408
849163,191539,ENSG00000136930
1559,1459,ENSG00000136931
134677,85299,ENSG00000148200
7720858,207256,ENSG00000136942
377735,137817,ENSG00000136950
22343,20619,ENSG00000136935
43407,37801,ENSG00000173611
104388,76971,ENSG00000119414
147927,88089,ENSG00000136933
196732,94562,ENSG00000044574
82217,64163,ENSG00000165219
200040,111520,ENSG00000119487
44683,36938,ENSG00000169155
8819,8502,ENSG00000177125
4963,4859,ENSG00000136828
1299,1288,ENSG00000136895
23472,21355,ENSG00000136856
3722,3629,ENSG00000196152
16464187,207279,ENSG00000197958
7058,6878,ENSG00000148356
18707,16717,ENSG00000136830
28505,25712,ENSG00000136854
108556,72133,ENSG00000187024
81534,63180,ENSG00000160404
42649,36784,ENSG00000136807
63654,51593,ENSG00000136877
1578,1501,ENSG00000106991
295290,139885,ENSG00000106992
16807,15733,ENSG00000160408
63888,51662,ENSG00000136840
3955,3777,ENSG00000167103
411873,152498,ENSG00000136908
7949,7664,ENSG00000167106
27695,25030,ENSG00000171169
21353,19654,ENSG00000148339
1459,1437,ENSG00000269988
1612,1602,ENSG00000234771
240708,112008,ENSG00000148334
1462476,201390,ENSG00000171159
265873,133002,ENSG00000148337
57724,44870,ENSG00000106976
157696,98057,ENSG00000167110
355744,151608,ENSG00000175854
1540,1525,ENSG00000268211
2641,2611,ENSG00000272960
227691,119443,ENSG00000167112
3750,3624,ENSG00000272696
406576,155302,ENSG00000167113
19046,17323,ENSG00000167114
205092,113661,ENSG00000167118
7248,7031,ENSG00000272593
13261,12064,ENSG00000167123
77318,58448,ENSG00000136811
36021,31925,ENSG00000119392
6145,5423,ENSG00000197694
166845,94983,ENSG00000119333
2223335,201403,ENSG00000119335
15827,14878,ENSG00000160447
338329,145149,ENSG00000160446
15106,14013,ENSG00000223478
3823,3739,ENSG00000160445
17623,16540,ENSG00000107021
174141,101621,ENSG00000167136
62511,48855,ENSG00000198917
13985,13235,ENSG00000171097
17805,16530,ENSG00000136802
15991,15082,ENSG00000175283
45446,38306,ENSG00000095319
73882,57115,ENSG00000148341
18227,17013,ENSG00000148343
29591,26364,ENSG00000167130
35404,31035,ENSG00000095321
49196,41396,ENSG00000119383
1386,1323,ENSG00000188483
317425,129651,ENSG00000148335
17955,16704,ENSG00000148331
17532,16342,ENSG00000136816
95712,69713,ENSG00000136827
781856,182685,ENSG00000136819
54928,45012,ENSG00000136878
17558,15710,ENSG00000187239
13494,12851,ENSG00000148358
9054,8658,ENSG00000107130
8865,8238,ENSG00000130707
87144,67602,ENSG00000107164
76528,58081,ENSG00000130713
66171,52163,ENSG00000097007
1966,1774,ENSG00000130720
12019,10155,ENSG00000126878
375451,154042,ENSG00000126883
92330,67525,ENSG00000246851
15087,14085,ENSG00000126882
67696,54338,ENSG00000130723
11219,10680,ENSG00000130714
44317,38109,ENSG00000130717
22293,20298,ENSG00000107263
49879,41474,ENSG00000160563
53464,44142,ENSG00000107290
62240,51171,ENSG00000125482
28510,25675,ENSG00000125485
32126,28365,ENSG00000125484
11944,11198,ENSG00000165698
18854,17663,ENSG00000165699
123314,80231,ENSG00000165702
91725,68925,ENSG00000148308
20295,18869,ENSG00000160271
21017,18513,ENSG00000148288
119484,78951,ENSG00000148296
25145,22943,ENSG00000148297
13568643,207241,ENSG00000148303
149141,97664,ENSG00000148290
261162,124462,ENSG00000148291
168887,100233,ENSG00000148248
3603,3542,ENSG00000198870
147448,90307,ENSG00000148300
8462,8122,ENSG00000160325
2211,2157,ENSG00000160326
6136,5951,ENSG00000160293
19566,18145,ENSG00000235106
54112,45211,ENSG00000169925
110129,73690,ENSG00000196363
21945,20236,ENSG00000186350
9050,8602,ENSG00000225361
10285,9710,ENSG00000196422
24719,21269,ENSG00000160345
232823,121611,ENSG00000122140
26963,24257,ENSG00000130559
1468,1457,ENSG00000238058
886452,182943,ENSG00000130560
29347,25738,ENSG00000148411
1180,1169,ENSG00000260193
47541,40277,ENSG00000238227
19088,17783,ENSG00000165661
9561,9121,ENSG00000160360
5671,5485,ENSG00000213221
13707,12882,ENSG00000165684
67207,51360,ENSG00000165689
102762,71714,ENSG00000165688
8739,8440,ENSG00000148384
37621,32880,ENSG00000148396
1695,1672,ENSG00000196366
4738,4525,ENSG00000148400
529601,143537,ENSG00000172889
158264,94441,ENSG00000169692
14202,13212,ENSG00000165716
133076,83050,ENSG00000233016
2725,2597,ENSG00000267206
308005,128672,ENSG00000244187
1865,1842,ENSG00000213213
215091,114618,ENSG00000196642
868811,185432,ENSG00000054148
2721,2678,ENSG00000177943
1574172,201243,ENSG00000107223
45108,38186,ENSG00000127191
109510,75646,ENSG00000159069
10339,9298,ENSG00000107317
408201,147679,ENSG00000148362
10429,8799,ENSG00000169583
5507,5336,ENSG00000107331
9580,8863,ENSG00000107281
52003,38814,ENSG00000186193
27371,24979,ENSG00000177239
227298,119906,ENSG00000176978
1800,1636,ENSG00000184709
26266,24037,ENSG00000176248
609834,174654,ENSG00000176101
17371,16006,ENSG00000176058
222210,119489,ENSG00000187713
5633,5477,ENSG00000188566
10297,9803,ENSG00000212864
1164,1110,ENSG00000197191
1404,1354,ENSG00000233198
466860,149197,ENSG00000188229
88109,65361,ENSG00000188986
21575,19731,ENSG00000198113
8827,8448,ENSG00000198435
45582,37271,ENSG00000187609
2628,2583,ENSG00000188747
57603,46145,ENSG00000165802
1188794,188347,ENSG00000182154
84161,63576,ENSG00000148399
55307,42398,ENSG00000165724
53924,44940,ENSG00000197070
121312,84036,ENSG00000203993
79482,60871,ENSG00000181090
1917,1899,ENSG00000233013
35635,31373,ENSG00000015171
80709,61285,ENSG00000107929
362053,146328,ENSG00000107937
244669,120532,ENSG00000067064
12652,12032,ENSG00000047056
40259,34376,ENSG00000067057
53157,44299,ENSG00000107959
107766,57369,ENSG00000067082
13378,12662,ENSG00000165568
64299,46670,ENSG00000187134
19746,17541,ENSG00000151632
65335,46642,ENSG00000196139
4604,4462,ENSG00000178462
252362,126968,ENSG00000173848
29908,26510,ENSG00000196372
127164,84443,ENSG00000108021
605968,181718,ENSG00000057608
7216,6921,ENSG00000272764
50887,41650,ENSG00000134461
111193,79309,ENSG00000134452
47926,41028,ENSG00000134470
682214,178526,ENSG00000134453
11275,10769,ENSG00000170525
18589,17453,ENSG00000065675
187401,108136,ENSG00000237943
37988,33179,ENSG00000198879
61957,50039,ENSG00000151657
944015,194248,ENSG00000165629
105804,76305,ENSG00000165632
1899,1858,ENSG00000107485
44390,35065,ENSG00000048740
56982,46820,ENSG00000148429
53390,44054,ENSG00000134463
13412,12572,ENSG00000148426
14529,13416,ENSG00000225778
66498,53933,ENSG00000151461
19895,18421,ENSG00000181192
4904,4792,ENSG00000065665
262787,131921,ENSG00000165609
249754,122619,ENSG00000151465
82285,55782,ENSG00000123240
88531,63875,ENSG00000065328
24790,22449,ENSG00000107537
55555,45863,ENSG00000086475
6025,5749,ENSG00000165626
26205,23840,ENSG00000165630
5078,4970,ENSG00000239665
26200,23162,ENSG00000151474
2114,2075,ENSG00000185267
107208,75249,ENSG00000187522
13274,12547,ENSG00000272853
58510,48082,ENSG00000152455
48869,41518,ENSG00000152457
1334,1307,ENSG00000197889
126475,86063,ENSG00000152464
20763,19293,ENSG00000152465
7483,7229,ENSG00000148468
40094,34546,ENSG00000148481
38351,33660,ENSG00000165983
62978,51526,ENSG00000148484
16198,15208,ENSG00000107614
12539,11076,ENSG00000229124
706729,105087,ENSG00000026025
16767,15686,ENSG00000148488
22751,19440,ENSG00000165996
14704,13360,ENSG00000260589
42168,36716,ENSG00000136738
5855,5725,ENSG00000240291
26506,24208,ENSG00000241058
1160,1149,ENSG00000152487
33107,29343,ENSG00000165997
5408,4465,ENSG00000233968
1142,1103,ENSG00000078114
3140,3080,ENSG00000204682
1161,1140,ENSG00000180592
105212,76937,ENSG00000078403
238279,118821,ENSG00000136770
199182,115013,ENSG00000148444
90973,68545,ENSG00000168283
53336,42455,ENSG00000077327
112414,76850,ENSG00000150867
139351,92466,ENSG00000148450
1339,1313,ENSG00000165312
32522,28567,ENSG00000107863
20080,18166,ENSG00000099256
2394,2350,ENSG00000273107
1914,1884,ENSG00000151023
10250,9773,ENSG00000185875
9599,9137,ENSG00000151025
3392,3337,ENSG00000227932
46773,38667,ENSG00000148459
47711,41108,ENSG00000136754
29606,26534,ENSG00000107890
141083,93819,ENSG00000136758
23827,21586,ENSG00000120539
14448,13676,ENSG00000107897
85250,64065,ENSG00000099246
35614,31098,ENSG00000254635
163847,104225,ENSG00000095787
19565,15911,ENSG00000095739
22183,20313,ENSG00000224597
39733,34637,ENSG00000107951
38257,32706,ENSG00000107968
6978,6695,ENSG00000148516
25039,22536,ENSG00000165322
222864,118076,ENSG00000170759
86579,65724,ENSG00000120616
3656,3585,ENSG00000216937
122300,84195,ENSG00000150093
29216,26188,ENSG00000148498
47773,41175,ENSG00000108094
147621,86877,ENSG00000095794
60269,47853,ENSG00000108100
10673,9934,ENSG00000271335
16504,15616,ENSG00000198105
2527,2487,ENSG00000236514
53013,44438,ENSG00000189180
49380,41059,ENSG00000075407
2980,2873,ENSG00000185904
52378,43149,ENSG00000196693
179300,104983,ENSG00000165733
3719,3648,ENSG00000273008
12411,11661,ENSG00000169826
10036,9206,ENSG00000198915
1803,1672,ENSG00000150201
613535,183949,ENSG00000169813
3097,3047,ENSG00000230555
11275,10479,ENSG00000243660
24480,22277,ENSG00000196793
29259,26412,ENSG00000198298
112728,78423,ENSG00000169740
7540,5350,ENSG00000165507
6746,6486,ENSG00000165511
480127,168184,ENSG00000165512
43328,37133,ENSG00000165406
8677,8346,ENSG00000172671
12574,11990,ENSG00000172661
1749,1730,ENSG00000188234
1619,1599,ENSG00000204176
3919,3860,ENSG00000204172
5264,5159,ENSG00000152726
1541,1528,ENSG00000170324
62925,51588,ENSG00000107643
42994,33687,ENSG00000128805
19747,17866,ENSG00000165633
8793,7096,ENSG00000204161
1482,1460,ENSG00000236208
2766,2713,ENSG00000177354
8320,8091,ENSG00000225830
19439,18120,ENSG00000227345
19591,18041,ENSG00000174194
243076,130389,ENSG00000138293
174488,105839,ENSG00000138297
1815,1803,ENSG00000178440
13255,12521,ENSG00000204149
2068,2049,ENSG00000099290
2740,2712,ENSG00000188611
102605,74433,ENSG00000198964
4519,4389,ENSG00000226200
13522,12810,ENSG00000204147
54030,45918,ENSG00000177613
2069,1781,ENSG00000227121
319030,130276,ENSG00000122952
13623,12762,ENSG00000151151
560815,162738,ENSG00000122873
88705,67110,ENSG00000072401
329230,140528,ENSG00000108064
1506,1382,ENSG00000165449
115640,81818,ENSG00000108091
1746,1641,ENSG00000151150
274057,105999,ENSG00000170312
13177,12489,ENSG00000072422
3860,3763,ENSG00000272592
4174,3937,ENSG00000233643
18069,14368,ENSG00000150347
3138,3031,ENSG00000182010
37465,33032,ENSG00000181915
121811,84202,ENSG00000148572
146457,95379,ENSG00000171988
31591,27890,ENSG00000272767
90301,66580,ENSG00000165476
3894,3790,ENSG00000272892
39895,34340,ENSG00000096717
64754,53106,ENSG00000148634
2978,2847,ENSG00000108187
361682,139979,ENSG00000096746
27691,25143,ENSG00000204130
30216,27018,ENSG00000138346
21548,20020,ENSG00000122912
73490,56864,ENSG00000138336
165732,100614,ENSG00000060339
2538,2470,ENSG00000165730
183505,111072,ENSG00000107625
814329,181448,ENSG00000165732
21758,19952,ENSG00000198954
141507,91006,ENSG00000122958
62048,50293,ENSG00000156502
414718,151223,ENSG00000156515
1377,1321,ENSG00000099282
9348,8736,ENSG00000171224
38631,32785,ENSG00000042286
2976,2907,ENSG00000156521
204167,110949,ENSG00000079332
1243575,197561,ENSG00000180817
14848,14041,ENSG00000172731
142159,95255,ENSG00000148730
4163,3455,ENSG00000180644
22930,20278,ENSG00000138316
12712,11828,ENSG00000166224
714929,180035,ENSG00000166228
1977,1697,ENSG00000107731
11262,10722,ENSG00000198246
1548,1502,ENSG00000107736
8002,7132,ENSG00000107738
333332,146699,ENSG00000197746
5641,4820,ENSG00000122863
35423,31143,ENSG00000138303
923910,195203,ENSG00000166295
630819,120622,ENSG00000168209
62972,51904,ENSG00000148719
75956,60335,ENSG00000107745
34808,30658,ENSG00000156026
100804,67776,ENSG00000122884
2007,1991,ENSG00000272630
13096,12396,ENSG00000166321
2367,2337,ENSG00000272599
49477,42135,ENSG00000122882
9749,9395,ENSG00000138286
743889,177380,ENSG00000213551
959619,187474,ENSG00000182180
5660,5535,ENSG00000236756
36901,32273,ENSG00000227540
8978,8395,ENSG00000156042
263762,135121,ENSG00000138279
1250,1240,ENSG00000166343
40528,35419,ENSG00000107758
8084,7764,ENSG00000166348
11822,11269,ENSG00000268584
2105,2087,ENSG00000172650
51834,43307,ENSG00000176986
4240,4089,ENSG00000267964
32219,28059,ENSG00000196968
570272,175109,ENSG00000172586
16833,15570,ENSG00000214655
4202,4092,ENSG00000166507
43791,37688,ENSG00000148660
2226,1934,ENSG00000122861
95134,66743,ENSG00000035403
5727,5575,ENSG00000267957
66094,54178,ENSG00000185009
160147,96282,ENSG00000156110
27648,24770,ENSG00000156650
94436,63717,ENSG00000079393
28284,24943,ENSG00000156671
1794479,204077,ENSG00000165637
186874,99695,ENSG00000165644
1614,1585,ENSG00000273248
21078,19475,ENSG00000151208
2530,2485,ENSG00000233871
58688,47748,ENSG00000148606
9429449,207309,ENSG00000138326
9119,8656,ENSG00000108175
303416,131590,ENSG00000108179
10036,9507,ENSG00000165424
50930,42083,ENSG00000253626
5963,5790,ENSG00000244733
13705,12852,ENSG00000226381
45824,38896,ENSG00000225484
21419,19786,ENSG00000272447
360594,153068,ENSG00000122359
3719,3585,ENSG00000237523
5440,4539,ENSG00000122378
70246,54441,ENSG00000108219
2715,1390,ENSG00000271933
954897,194372,ENSG00000165678
5208,5078,ENSG00000229404
47179,38440,ENSG00000107771
128930,86631,ENSG00000062650
7799,7501,ENSG00000227896
3346,3266,ENSG00000272631
9254,8883,ENSG00000107779
140111,63466,ENSG00000173267
115160,82265,ENSG00000148672
86371,64258,ENSG00000122376
194001,107048,ENSG00000223482
10492,9874,ENSG00000224914
54244,44661,ENSG00000107789
48930,41869,ENSG00000138138
165801,103101,ENSG00000171862
2760,2660,ENSG00000119917
8119,7808,ENSG00000152782
148046,90176,ENSG00000138182
137424,90749,ENSG00000148688
288345,139090,ENSG00000180628
15684,14695,ENSG00000165338
36120,31972,ENSG00000107854
27987,24951,ENSG00000174721
1300,1287,ENSG00000272817
27058,24559,ENSG00000095564
2386,2343,ENSG00000107864
75595,59618,ENSG00000198060
35466,31213,ENSG00000119912
48454,38714,ENSG00000138160
398981,134338,ENSG00000152804
59147,48747,ENSG00000138190
16978,8807,ENSG00000095596
50634,38360,ENSG00000138180
77243,60312,ENSG00000148690
23332,21497,ENSG00000176273
13798,13085,ENSG00000138193
105181,73414,ENSG00000173145
40186,34929,ENSG00000108239
73617,55400,ENSG00000119969
192947,111281,ENSG00000107438
20414,18308,ENSG00000095637
53622,44305,ENSG00000059573
71313,57644,ENSG00000119977
20941,19500,ENSG00000226688
24072,22052,ENSG00000107443
244709,128808,ENSG00000077147
3888,3741,ENSG00000155629
33046,29207,ENSG00000196233
16588,15503,ENSG00000155640
6490,6289,ENSG00000231025
24948,22107,ENSG00000213390
4027,3925,ENSG00000165879
48938,39451,ENSG00000181274
43696,36565,ENSG00000052749
339920,140526,ENSG00000171314
238008,130002,ENSG00000171311
63600,50689,ENSG00000171307
36573,32263,ENSG00000155229
6286,6006,ENSG00000165886
19025,17521,ENSG00000155252
25904,23507,ENSG00000171160
37700,32505,ENSG00000119986
7236,6937,ENSG00000155254
38733,34064,ENSG00000155256
15570,14652,ENSG00000166024
1336,1309,ENSG00000138131
3987,3863,ENSG00000119943
339842,147338,ENSG00000107521
109025,74326,ENSG00000120053
8858,8290,ENSG00000224934
16436,15461,ENSG00000155287
1862,1830,ENSG00000260475
1133,1122,ENSG00000229278
3897,3833,ENSG00000198018
62288,49557,ENSG00000119929
46136,39861,ENSG00000014919
2944,2898,ENSG00000107554
31418,28181,ENSG00000107566
42843,36958,ENSG00000213341
32578,29062,ENSG00000095485
199631,114231,ENSG00000196072
263090,121840,ENSG00000099194
4276,4155,ENSG00000075826
460960,162829,ENSG00000166136
25032,22893,ENSG00000166135
5670,5524,ENSG00000272572
80571,59297,ENSG00000119906
264215,131082,ENSG00000055950
2483,2447,ENSG00000095539
41644,34620,ENSG00000107815
30522,27352,ENSG00000107816
2631,2565,ENSG00000186862
6588,6241,ENSG00000107819
10824,10199,ENSG00000273162
18399,16628,ENSG00000107821
6837,6512,ENSG00000107807
30362,27317,ENSG00000166167
106312,73954,ENSG00000166171
38455,33865,ENSG00000166169
19465,18076,ENSG00000107829
800741,180308,ENSG00000107833
90578,68332,ENSG00000198408
1590,1570,ENSG00000226009
10993,10549,ENSG00000120049
12734,12127,ENSG00000166189
74477,55592,ENSG00000198728
44513,37631,ENSG00000148840
434120,150159,ENSG00000166197
2656,2593,ENSG00000119915
3704,3570,ENSG00000107859
32796,29283,ENSG00000107862
12933,11967,ENSG00000077150
1869,1842,ENSG00000059915
170576,102778,ENSG00000107872
168167,105857,ENSG00000107874
24005,21968,ENSG00000120055
19160,17492,ENSG00000138111
75146,58536,ENSG00000138107
6516,6346,ENSG00000107882
2525,2501,ENSG00000272933
10864,10415,ENSG00000171206
71781,55660,ENSG00000138175
15507,14369,ENSG00000156398
32445,28756,ENSG00000166272
75192,59218,ENSG00000166275
8038,7779,ENSG00000148842
38290,33379,ENSG00000076685
55343,45933,ENSG00000156374
27928,24982,ENSG00000148835
1039974,186761,ENSG00000173915
110611,74740,ENSG00000148843
1396,1379,ENSG00000107954
8288,7843,ENSG00000107957
43231,37590,ENSG00000107960
57885,47502,ENSG00000065613
48829,41290,ENSG00000156384
1052177,191166,ENSG00000148834
4333,4165,ENSG00000065621
18766,17497,ENSG00000148841
1567,1534,ENSG00000231233
1528,1507,ENSG00000120051
30087,26158,ENSG00000108018
33157,29789,ENSG00000108039
1414,1386,ENSG00000203876
84767,64251,ENSG00000148700
88706,65623,ENSG00000119950
65726,53361,ENSG00000119953
6958,5376,ENSG00000138166
277498,133576,ENSG00000108055
20234,18810,ENSG00000203867
9682,8894,ENSG00000203497
49275,38674,ENSG00000150593
48241,40741,ENSG00000214413
50612,42482,ENSG00000108061
17734,16532,ENSG00000119927
74729,55684,ENSG00000023041
42103,36433,ENSG00000151532
13981,13041,ENSG00000148737
3487,3330,ENSG00000165806
30567,27164,ENSG00000198924
25105,22936,ENSG00000196865
32645,28444,ENSG00000165813
4376,4172,ENSG00000099204
11698,11184,ENSG00000151553
20522,19009,ENSG00000165832
78948,61072,ENSG00000187164
71560,55517,ENSG00000165650
37973,33547,ENSG00000107560
2119,2091,ENSG00000177640
196181,114927,ENSG00000165669
86223,65216,ENSG00000151893
1478,1455,ENSG00000188613
680375,177994,ENSG00000107581
81734,63122,ENSG00000119979
170731,104256,ENSG00000183605
338368,148785,ENSG00000165672
1295,1273,ENSG00000198873
480310,163397,ENSG00000148908
203291,116229,ENSG00000151923
45863,37327,ENSG00000151929
26994,24441,ENSG00000198825
49961,41541,ENSG00000197771
39736,34747,ENSG00000107651
34257,30719,ENSG00000120008
28562,25625,ENSG00000107669
2140,2060,ENSG00000226864
104809,74392,ENSG00000107672
10062,9377,ENSG00000107679
8132,7803,ENSG00000213185
15394,14557,ENSG00000119965
67336,50140,ENSG00000179988
22463,20524,ENSG00000095574
8268,7962,ENSG00000196177
2649,2614,ENSG00000188620
410478,154374,ENSG00000154473
581154,172635,ENSG00000065154
29395,26333,ENSG00000107902
21656,19839,ENSG00000189319
83648,62869,ENSG00000203791
42447,36607,ENSG00000165660
10948,10504,ENSG00000019995
13921,13227,ENSG00000226899
19187,17669,ENSG00000175029
3300,3220,ENSG00000224023
23861,21937,ENSG00000107938
244977,125336,ENSG00000188690
277675,131186,ENSG00000107949
36807,32106,ENSG00000089876
2331,2261,ENSG00000203780
458132,129430,ENSG00000148773
384866,149077,ENSG00000108010
79814,61398,ENSG00000175470
336440,137527,ENSG00000176171
62280,48407,ENSG00000165752
6846,6653,ENSG00000148814
18474,17022,ENSG00000171813
4155,4066,ENSG00000068383
23343,19802,ENSG00000171794
1973,1951,ENSG00000151650
2428,2344,ENSG00000166917
2867,2783,ENSG00000151651
122058,84925,ENSG00000130640
427157,156341,ENSG00000198546
151214,87713,ENSG00000148803
316509,139896,ENSG00000127884
6322,6152,ENSG00000148832
18904,17651,ENSG00000148824
2083,2068,ENSG00000230724
94903,67781,ENSG00000177951
139277,91142,ENSG00000177963
63483,50930,ENSG00000142082
365083,148688,ENSG00000185627
23208,20818,ENSG00000142102
166653,90289,ENSG00000185885
7972,7488,ENSG00000251661
3361,3232,ENSG00000142089
2083,2034,ENSG00000270030
2077,1999,ENSG00000255328
9634,9000,ENSG00000182272
201784,111242,ENSG00000184363
285771,137772,ENSG00000185187
22931,20788,ENSG00000185101
103837,73671,ENSG00000174915
469824,167461,ENSG00000023191
290136,118335,ENSG00000174775
8655,8244,ENSG00000161328
5678,5521,ENSG00000185522
1550,1539,ENSG00000254815
128677,85738,ENSG00000099849
45792,33586,ENSG00000247095
48319,40758,ENSG00000070047
23027,20105,ENSG00000185507
2528,2490,ENSG00000069696
157990,93092,ENSG00000177030
36033,31317,ENSG00000177106
68298,54305,ENSG00000177042
644024,182787,ENSG00000177156
178963,105566,ENSG00000177225
43133,36591,ENSG00000255284
42014,34790,ENSG00000177542
30496,27256,ENSG00000177595
17446385,207323,ENSG00000177600
45474,38163,ENSG00000177666
64970,50751,ENSG00000177685
304895,135315,ENSG00000177697
879989,184186,ENSG00000177700
51626,40867,ENSG00000214063
14366,13359,ENSG00000250397
209492,117004,ENSG00000177830
49824,42700,ENSG00000183020
88448,65950,ENSG00000078902
4106,3975,ENSG00000255153
78249,60420,ENSG00000182208
3837,3321,ENSG00000184545
1767,1717,ENSG00000244242
114945,79433,ENSG00000117984
1688594,199356,ENSG00000214026
157424,75514,ENSG00000183734
9383,8590,ENSG00000110665
21058,18278,ENSG00000064201
96122,65227,ENSG00000110651
265085,131994,ENSG00000184281
237846,117971,ENSG00000269821
2636,2510,ENSG00000229414
48004,34304,ENSG00000129757
24682,22267,ENSG00000110628
173494,73601,ENSG00000181649
341043,148492,ENSG00000205531
136932,87792,ENSG00000110619
3240,3189,ENSG00000021762
76270,59611,ENSG00000005801
2076,2003,ENSG00000167311
1639,1628,ENSG00000129749
84266,63466,ENSG00000110713
158401,97916,ENSG00000148985
381530,147959,ENSG00000177105
1865,1835,ENSG00000228661
35369,31287,ENSG00000167323
138777,90507,ENSG00000167325
10004,9315,ENSG00000254480
11597,11086,ENSG00000132109
10238,9781,ENSG00000167333
15308,9327,ENSG00000244734
127477,60304,ENSG00000223609
31422001,207287,ENSG00000213934
60374472,207322,ENSG00000196565
47272016,207228,ENSG00000213931
9444,8863,ENSG00000183251
3945,3812,ENSG00000242180
4804,4595,ENSG00000167359
12568,11445,ENSG00000121236
29239,25093,ENSG00000132256
41864,36749,ENSG00000051009
28449,25513,ENSG00000166311
4739,4584,ENSG00000166313
5060,4968,ENSG00000110171
107378,75219,ENSG00000132254
232460,118398,ENSG00000132286
6878,6596,ENSG00000179532
138522,91443,ENSG00000132275
179478,108958,ENSG00000166333
412764,152965,ENSG00000166337
109172,76284,ENSG00000166340
270946,129366,ENSG00000158042
14820,13973,ENSG00000149054
2304,2241,ENSG00000166387
1743847,203642,ENSG00000175390
7469,7212,ENSG00000166436
18900569,207320,ENSG00000166441
135022,92001,ENSG00000166452
144292,96248,ENSG00000175348
3229,3165,ENSG00000254860
32948,27935,ENSG00000175352
31939,28394,ENSG00000184014
101366,73448,ENSG00000166471
355787,149377,ENSG00000205339
12510,11902,ENSG00000254397
2066,1903,ENSG00000268403
32991,28506,ENSG00000166478
100276,71623,ENSG00000166483
11623,9980,ENSG00000133789
1372,1317,ENSG00000245522
22824,19899,ENSG00000246273
17126,15977,ENSG00000133812
5560,3799,ENSG00000148926
13408,12694,ENSG00000133805
268766,111958,ENSG00000255823
141102,94999,ENSG00000110315
3339,3196,ENSG00000177112
118878,83077,ENSG00000198730
856866,182238,ENSG00000110321
54912,46233,ENSG00000236287
34180,28860,ENSG00000247271
124130,85376,ENSG00000170242
48119,40187,ENSG00000133816
4213,4140,ENSG00000133808
56298,45546,ENSG00000187079
1627,1609,ENSG00000203258
923029,183051,ENSG00000251381
35691,30898,ENSG00000148925
49354,41426,ENSG00000197601
170748,103604,ENSG00000133818
111466,78767,ENSG00000129083
858514,195298,ENSG00000129084
41409,35665,ENSG00000152270
40858,35646,ENSG00000186104
8059,7538,ENSG00000110693
795121,190057,ENSG00000110696
14260273,207318,ENSG00000110700
45820,39219,ENSG00000011405
147391,90618,ENSG00000070081
25575,23077,ENSG00000188211
22397,20395,ENSG00000260196
1393,1371,ENSG00000187486
67474,54840,ENSG00000129158
69853,54641,ENSG00000166788
29690,26697,ENSG00000110756
194447,108837,ENSG00000110768
2178111,200713,ENSG00000134333
202175,119007,ENSG00000074319
13740,13007,ENSG00000151116
61131,48709,ENSG00000179119
1362,1335,ENSG00000151117
17615,16522,ENSG00000177054
38967,32776,ENSG00000129173
1732,1676,ENSG00000254453
320418,146912,ENSG00000109854
76105,59363,ENSG00000185238
1575,1543,ENSG00000171714
68108,55374,ENSG00000183161
402405,149618,ENSG00000198168
48818,40986,ENSG00000254560
412037,150793,ENSG00000109881
23070,20818,ENSG00000205213
59266,48812,ENSG00000148943
52043,40224,ENSG00000121621
42606,37110,ENSG00000169519
66379,53267,ENSG00000152219
47548,39918,ENSG00000170946
187603,105536,ENSG00000148950
44678,38601,ENSG00000109911
5734,5011,ENSG00000007372
28788,24639,ENSG00000049449
47636,39662,ENSG00000184937
22093,20274,ENSG00000183242
1351436,202183,ENSG00000149100
100111,72868,ENSG00000060749
14983,14047,ENSG00000121690
8040,7794,ENSG00000176148
180651,109130,ENSG00000176102
1522,1495,ENSG00000247151
20932,19317,ENSG00000110422
340716,148716,ENSG00000085063
42749,37449,ENSG00000110429
318795,118762,ENSG00000135363
292067,140005,ENSG00000135387
79873,59805,ENSG00000135372
1755,1702,ENSG00000166016
137349,89867,ENSG00000121691
232504,123391,ENSG00000149089
97480,72234,ENSG00000110435
14812,10663,ENSG00000026508
23112,19255,ENSG00000179431
154292,97856,ENSG00000166326
19153,17749,ENSG00000179241
139422,91428,ENSG00000110442
17752,16629,ENSG00000175104
1233,1228,ENSG00000166349
5849,5483,ENSG00000166352
77371,60576,ENSG00000166181
102747,75289,ENSG00000052841
95647,70679,ENSG00000149084
85226,63106,ENSG00000166199
50427,30964,ENSG00000187479
11126,10679,ENSG00000110455
26057,23851,ENSG00000151348
11058,10188,ENSG00000085117
1159,1093,ENSG00000175274
7966,7429,ENSG00000019485
28798,25619,ENSG00000181830
26920,24383,ENSG00000121671
15143,13862,ENSG00000121653
108650,76966,ENSG00000121680
8905,8303,ENSG00000165905
38251,33094,ENSG00000135365
3348,2796,ENSG00000255314
11972,10787,ENSG00000157613
91501,67835,ENSG00000149091
832745,167243,ENSG00000110492
10771,10333,ENSG00000110497
19610,18151,ENSG00000180423
38137,33290,ENSG00000175224
31942,28707,ENSG00000175220
30603,27011,ENSG00000175213
182840,103945,ENSG00000175216
2708,2628,ENSG00000247675
32913,29484,ENSG00000149179
140132,94333,ENSG00000149182
50880,41358,ENSG00000165912
13888,12960,ENSG00000134574
23660,21677,ENSG00000134575
26921,24258,ENSG00000025434
25986,23600,ENSG00000110514
23487,18083,ENSG00000066336
14143,13302,ENSG00000165915
500806,161630,ENSG00000165916
260178,132283,ENSG00000149187
547374,171970,ENSG00000213619
201801,115098,ENSG00000110536
12527,11950,ENSG00000123444
839193,178357,ENSG00000109919
185594,110413,ENSG00000109920
118938,84382,ENSG00000030066
8382,7868,ENSG00000149177
3313,3136,ENSG00000134817
20647,19092,ENSG00000149115
613507,171481,ENSG00000149136
250185,117436,ENSG00000134802
1843,1809,ENSG00000186907
25827,23483,ENSG00000149150
572961,157250,ENSG00000134809
119824,74361,ENSG00000156587
6865,5763,ENSG00000166793
37187,32082,ENSG00000172409
30588,27509,ENSG00000156599
104565,77318,ENSG00000156603
331339,140410,ENSG00000213593
1368789,199546,ENSG00000211450
55416,46053,ENSG00000198561
4896,4743,ENSG00000110031
56407,47135,ENSG00000186660
2332,2261,ENSG00000245571
46521,37293,ENSG00000166801
59087,48086,ENSG00000110048
3204,3124,ENSG00000255139
65476,52468,ENSG00000166889
239526,109807,ENSG00000166900
387674,146259,ENSG00000166902
84862,32456,ENSG00000149516
19506,9138,ENSG00000110079
357121,134387,ENSG00000110104
2136,2067,ENSG00000183134
165737,100729,ENSG00000110107
50189,41512,ENSG00000110108
47481,40410,ENSG00000167987
2673,2622,ENSG00000167992
152592,97792,ENSG00000167986
37077,32514,ENSG00000149476
56133,46970,ENSG00000162144
156168,95710,ENSG00000149483
32317,28919,ENSG00000187049
75982,59498,ENSG00000149532
136178,91806,ENSG00000167985
19890,18046,ENSG00000124920
1033568,195317,ENSG00000134825
238161,118630,ENSG00000168496
16352,15318,ENSG00000134824
396009,140813,ENSG00000149485
94243,65192,ENSG00000221968
71397,54716,ENSG00000167994
49503,42281,ENSG00000167995
64953841,207317,ENSG00000167996
35888,30551,ENSG00000269089
25225,21920,ENSG00000149503
94990,68125,ENSG00000162174
45091,28117,ENSG00000124942
10051,9753,ENSG00000254772
36760,32607,ENSG00000149016
22796,21111,ENSG00000149480
41632,36117,ENSG00000149499
15796,14889,ENSG00000149489
290557,137122,ENSG00000149541
204033,111431,ENSG00000089597
41403,36105,ENSG00000185085
935994,185837,ENSG00000162194
90317,67027,ENSG00000214756
672888,174725,ENSG00000204922
918783,195578,ENSG00000162191
3442,3399,ENSG00000168000
64572,52350,ENSG00000214753
86256,65703,ENSG00000162222
6795,6628,ENSG00000185670
343706,151259,ENSG00000168002
1545,1532,ENSG00000267811
25537,23476,ENSG00000162227
275651,133359,ENSG00000168569
8480,8167,ENSG00000269176
309849,142092,ENSG00000185475
49173,39699,ENSG00000162231
81602,61720,ENSG00000162236
5970,5666,ENSG00000256690
368761,145515,ENSG00000133316
520999,157314,ENSG00000168003
14934,12750,ENSG00000133317
38704,29085,ENSG00000133321
86630,54436,ENSG00000176485
137729,91756,ENSG00000184743
372952,157525,ENSG00000133318
9000,8610,ENSG00000188070
28005,24707,ENSG00000168005
81432,61821,ENSG00000072518
3882,3750,ENSG00000167771
41867,36047,ENSG00000110583
2140602,204385,ENSG00000176340
179069,107993,ENSG00000167770
142390,92039,ENSG00000133315
2509,2483,ENSG00000256341
521661,160834,ENSG00000168439
154304,92117,ENSG00000149781
170140,102609,ENSG00000149743
265901,125091,ENSG00000149761
1694,1678,ENSG00000256116
352673,150168,ENSG00000110011
86776,64494,ENSG00000173511
796917,182279,ENSG00000173486
1751632,181133,ENSG00000173457
5780,5571,ENSG00000256940
3250,3178,ENSG00000257086
21174,19631,ENSG00000149782
189910,109201,ENSG00000002330
68914,54728,ENSG00000173264
1876,1745,ENSG00000219435
186420,106234,ENSG00000173153
1228242,200378,ENSG00000173113
1817264,204743,ENSG00000126432
62589,49255,ENSG00000168071
41596,35727,ENSG00000162302
26269,21270,ENSG00000068831
1147,1121,ENSG00000068976
454499,165376,ENSG00000168066
6331,6173,ENSG00000269038
12283,11640,ENSG00000168067
56705,46841,ENSG00000133895
4614,4495,ENSG00000171219
57939,47405,ENSG00000110047
25095,22151,ENSG00000110046
15614,14396,ENSG00000068971
7275,6998,ENSG00000168062
482324,161905,ENSG00000213465
228196,119336,ENSG00000168061
179226,98150,ENSG00000146670
94738,71028,ENSG00000162300
130200,88012,ENSG00000149823
51618,42452,ENSG00000149809
90670,66666,ENSG00000174276
7935461,207322,ENSG00000149806
26043,23176,ENSG00000162298
170080,99619,ENSG00000149792
30481,25793,ENSG00000204710
14616,13712,ENSG00000254614
176457,108604,ENSG00000014216
54500,44664,ENSG00000014138
16639,14969,ENSG00000149798
98498,73860,ENSG00000133884
6489,6270,ENSG00000173825
15257,14129,ENSG00000162241
42860,37001,ENSG00000126391
1368361,187584,ENSG00000245532
13658,12468,ENSG00000173727
44694136,206948,ENSG00000251562
131333,89331,ENSG00000142186
30221,26819,ENSG00000168056
3522,3442,ENSG00000260233
471173,148967,ENSG00000173465
114390,78643,ENSG00000176973
66390,52059,ENSG00000173442
91744,68754,ENSG00000173327
24047,22168,ENSG00000197136
53275,44720,ENSG00000213445
82881,64333,ENSG00000173039
98427,71495,ENSG00000172977
503109,157228,ENSG00000172922
33210,29016,ENSG00000254470
3000338,204417,ENSG00000172757
110377,77937,ENSG00000172732
285532,135386,ENSG00000172500
1024805,177325,ENSG00000175602
89047,56584,ENSG00000175592
56880,47233,ENSG00000175573
816471,188733,ENSG00000175550
97990,73362,ENSG00000175467
109091,73830,ENSG00000175376
1315171,200404,ENSG00000175334
6152,5512,ENSG00000175294
655365,182623,ENSG00000087365
31660,28119,ENSG00000175115
30171,26789,ENSG00000174996
133138,88612,ENSG00000174903
1317,1298,ENSG00000174871
774588,176243,ENSG00000174851
307284,133109,ENSG00000174744
12356,11666,ENSG00000174684
2336,2304,ENSG00000255468
64456,50589,ENSG00000174669
1027815,188609,ENSG00000174547
7138,6906,ENSG00000174516
28868,25778,ENSG00000255517
64589,51917,ENSG00000254986
5532,5417,ENSG00000174483
93470,68464,ENSG00000174165
4158,4078,ENSG00000269990
20127,18001,ENSG00000174080
109241,80135,ENSG00000173992
145876,87614,ENSG00000239306
53745,45102,ENSG00000173933
49570,42553,ENSG00000173914
8874,8443,ENSG00000258297
13938,13051,ENSG00000173898
11685,11012,ENSG00000173715
98084,72315,ENSG00000173653
9266,8932,ENSG00000173599
46911,38880,ENSG00000173621
42492,36719,ENSG00000173120
43535,37092,ENSG00000173020
52685,43788,ENSG00000172932
309494,136851,ENSG00000175482
5840,5522,ENSG00000175505
70384,55376,ENSG00000172613
849351,188482,ENSG00000172531
482357,166508,ENSG00000175634
6609,6419,ENSG00000255949
151810,95859,ENSG00000172725
173405,105020,ENSG00000172663
176663,107712,ENSG00000110711
14697,13849,ENSG00000110697
198043,108883,ENSG00000167797
5710226,207011,ENSG00000084207
710889,174246,ENSG00000167792
1831,1812,ENSG00000255318
205352,105374,ENSG00000167799
1533,1499,ENSG00000251637
27032,24146,ENSG00000110057
3101,2993,ENSG00000006534
1344017,198127,ENSG00000110717
31862,28287,ENSG00000110719
1489,1475,ENSG00000255031
84903,63165,ENSG00000110721
143475,94723,ENSG00000110066
123573,76840,ENSG00000171067
29497,26517,ENSG00000162337
68020,54618,ENSG00000110075
2013601,185799,ENSG00000069482
84226,62660,ENSG00000132749
18080,16838,ENSG00000110090
1044951,189569,ENSG00000197345
30620,27441,ENSG00000132740
6825,6649,ENSG00000162341
3166,3082,ENSG00000259799
45723,34298,ENSG00000172927
19964,16105,ENSG00000110092
40202,34920,ENSG00000149716
90656,67241,ENSG00000168040
137859,90475,ENSG00000131626
5701,5586,ENSG00000246889
212339,111453,ENSG00000085733
98790,67322,ENSG00000172893
255826,123248,ENSG00000254682
73468,57866,ENSG00000172890
1784,1750,ENSG00000254972
39561,33284,ENSG00000158483
21013,19492,ENSG00000254469
38181,33135,ENSG00000137522
3707,3650,ENSG00000137496
57347,46510,ENSG00000137497
18462,17009,ENSG00000184154
819933,186342,ENSG00000149357
364962,143963,ENSG00000110200
5571,5109,ENSG00000110195
31817,28198,ENSG00000165458
43946,36557,ENSG00000162129
18420,17180,ENSG00000186635
142469,88415,ENSG00000214530
4865,4635,ENSG00000168010
24561,22580,ENSG00000137478
1469,1455,ENSG00000110237
22439,20509,ENSG00000054967
3981,3880,ENSG00000054965
2232,2164,ENSG00000021300
134549,91729,ENSG00000175582
228629,127469,ENSG00000175581
996868,184146,ENSG00000181924
115989,83221,ENSG00000175575
483947,146445,ENSG00000175567
13622,12935,ENSG00000168014
97353,72052,ENSG00000214517
6939,6783,ENSG00000149380
25800,22792,ENSG00000165434
2785,2734,ENSG00000175538
12520,11848,ENSG00000175536
8414,7995,ENSG00000254837
43323,36656,ENSG00000077514
35771,31249,ENSG00000166439
57503,47764,ENSG00000166435
545741,173549,ENSG00000118363
8456,8138,ENSG00000162139
7371,6812,ENSG00000171561
4519,4135,ENSG00000137491
39445,33991,ENSG00000137486
35170488,207321,ENSG00000149273
10581,10129,ENSG00000158555
146321,89918,ENSG00000149257
29926,26552,ENSG00000062282
84550,64482,ENSG00000198382
144210,92446,ENSG00000137492
8659,8360,ENSG00000179240
95882,66502,ENSG00000255135
28374,25617,ENSG00000158636
37566,32756,ENSG00000182704
60446,49418,ENSG00000078124
1362,1298,ENSG00000149260
40438,34846,ENSG00000149269
520711,173889,ENSG00000074201
5464,5269,ENSG00000178301
201346,116016,ENSG00000048649
69803,53436,ENSG00000087884
35939,32040,ENSG00000149262
1892,1752,ENSG00000151365
574923,170535,ENSG00000151366
109025,77679,ENSG00000159063
12757,12099,ENSG00000246174
3469,3396,ENSG00000188997
2539,2509,ENSG00000118369
21417,19420,ENSG00000033327
55174,45669,ENSG00000137513
66277,53780,ENSG00000137509
42357,35663,ENSG00000165490
3419,3194,ENSG00000137502
173165,104496,ENSG00000246067
74153,56571,ENSG00000165494
12661,12009,ENSG00000269939
17205,15936,ENSG00000137494
208601,119856,ENSG00000137500
2368,2317,ENSG00000150672
483613,167010,ENSG00000171204
369953,151539,ENSG00000171202
55269,46680,ENSG00000137504
381836,147641,ENSG00000073921
75753,56383,ENSG00000074266
432089,157579,ENSG00000149196
2569,2194,ENSG00000150687
13268,11937,ENSG00000255471
4962,4812,ENSG00000174804
36293,31647,ENSG00000166575
6851,6449,ENSG00000123892
366657,143312,ENSG00000109861
192954,103166,ENSG00000110172
33114,27174,ENSG00000166002
56279,45973,ENSG00000166004
429550,160255,ENSG00000166012
42928,36528,ENSG00000182919
42762,36906,ENSG00000042429
22453,20316,ENSG00000110218
37527,32801,ENSG00000020922
52913,44833,ENSG00000168876
11254,10711,ENSG00000196371
36772,31169,ENSG00000166025
441056,166137,ENSG00000150316
4056,3929,ENSG00000186280
44413,36875,ENSG00000149218
4767,4464,ENSG00000149212
53728,44821,ENSG00000077458
331260,148085,ENSG00000166037
64316,52773,ENSG00000087053
15201,14161,ENSG00000184384
78009,60633,ENSG00000149231
37353,32749,ENSG00000183340
9239,8689,ENSG00000165895
1268,1255,ENSG00000170647
10306,9519,ENSG00000082175
5655,4251,ENSG00000023445
97502,72760,ENSG00000110330
448141,164279,ENSG00000152558
2327,2281,ENSG00000255337
761270,183007,ENSG00000137692
1329,1252,ENSG00000170962
14076,12473,ENSG00000196954
3187,3011,ENSG00000204397
3535,3428,ENSG00000255501
46009,39254,ENSG00000170903
37239,32523,ENSG00000182359
256315,133148,ENSG00000149313
10762,10299,ENSG00000261098
57099,47688,ENSG00000152404
25075,22576,ENSG00000137760
96970,66841,ENSG00000110660
233984,126956,ENSG00000166266
294942,140891,ENSG00000075239
76529,60027,ENSG00000149308
112442,79349,ENSG00000149311
4530,4394,ENSG00000166323
63223,51013,ENSG00000178202
23333,21009,ENSG00000110723
155426,94475,ENSG00000178105
340585,152228,ENSG00000137710
351554,141655,ENSG00000137714
21352,19800,ENSG00000170145
82987,62585,ENSG00000137713
9475,9193,ENSG00000086848
20317,18510,ENSG00000255561
198752,117233,ENSG00000137720
321418,127409,ENSG00000109846
26645,23217,ENSG00000170276
35345,30483,ENSG00000150764
186924,108348,ENSG00000150768
12095,11412,ENSG00000150773
191201,111602,ENSG00000150776
976911,184354,ENSG00000150779
571280,175892,ENSG00000204370
1352,1342,ENSG00000150783
2616,2524,ENSG00000197580
355220,138084,ENSG00000150787
5054,4943,ENSG00000149292
42281,36548,ENSG00000086827
48270,41174,ENSG00000048028
2666,2565,ENSG00000109906
1748,1414,ENSG00000166741
29078,25837,ENSG00000180425
214509,123371,ENSG00000076053
749737,177087,ENSG00000076043
50804,43066,ENSG00000137656
495359,162928,ENSG00000109917
1509,1470,ENSG00000118137
35450,31398,ENSG00000160584
167359,104031,ENSG00000168092
14213,13430,ENSG00000149577
4886,4755,ENSG00000149591
172136,104558,ENSG00000160613
112983,81523,ENSG00000167257
61964,48778,ENSG00000110274
1337,1330,ENSG00000137747
21748,18534,ENSG00000110324
9834,9328,ENSG00000137648
7395,6960,ENSG00000160588
131547,54478,ENSG00000167286
2092,1470,ENSG00000160654
126698,87393,ENSG00000110344
4003117,207142,ENSG00000167283
293011,136076,ENSG00000118058
3212,3174,ENSG00000255435
1226,1160,ENSG00000172425
14833,13795,ENSG00000149582
20343,18492,ENSG00000118096
144024,91448,ENSG00000095139
34454,29817,ENSG00000019144
102674,75910,ENSG00000110367
8068,7651,ENSG00000186174
8366,8078,ENSG00000255121
33665,29771,ENSG00000186166
16996335,207319,ENSG00000118181
600483,173775,ENSG00000196655
45945,38871,ENSG00000137700
104692,70182,ENSG00000149428
6258,6073,ENSG00000271751
4582,4439,ENSG00000272186
34398,30514,ENSG00000160695
1688736,196659,ENSG00000256269
508516,160692,ENSG00000188486
76934,59345,ENSG00000172269
32336,28564,ENSG00000172375
43050,37375,ENSG00000172273
10461,10029,ENSG00000160703
3616,3539,ENSG00000248712
61693,49151,ENSG00000110395
4679,4421,ENSG00000076706
224165,116609,ENSG00000173456
29320,26016,ENSG00000036672
34462,29746,ENSG00000245248
1553,1331,ENSG00000137699
18834,16365,ENSG00000184232
47188,37462,ENSG00000181264
155144,99278,ENSG00000196914
8977,8500,ENSG00000109929
4179626,204094,ENSG00000109971
20171,18619,ENSG00000166261
8168,7318,ENSG00000110002
1663,1641,ENSG00000196119
1975,1960,ENSG00000154143
152449,94940,ENSG00000154144
20473,18885,ENSG00000110013
51895,41330,ENSG00000064199
17041,14756,ENSG00000154146
1284,1198,ENSG00000149564
3303,3224,ENSG00000250073
16782,15645,ENSG00000120458
1560,1530,ENSG00000245498
13319,12337,ENSG00000154134
33334,29278,ENSG00000149548
118789,81836,ENSG00000150433
6001,5756,ENSG00000165495
89312,57870,ENSG00000149557
1716798,200780,ENSG00000149547
87765,66473,ENSG00000134910
238906,118140,ENSG00000149554
13091,12000,ENSG00000198331
68433,54858,ENSG00000110060
126516,87099,ENSG00000165526
60221,48769,ENSG00000197798
145113,94970,ENSG00000182934
105633,75347,ENSG00000110074
9371,8921,ENSG00000150455
141951,86324,ENSG00000110063
141677,87833,ENSG00000110080
30695,27677,ENSG00000134954
93136,69025,ENSG00000170322
4416,4315,ENSG00000170325
1443,1430,ENSG00000233220
325851,146747,ENSG00000084234
111361,79692,ENSG00000196323
1268,1255,ENSG00000255455
6967,6759,ENSG00000120451
118471,80011,ENSG00000151503
103498,75005,ENSG00000151502
400224,160807,ENSG00000151500
52637,44695,ENSG00000151498
36619,31547,ENSG00000149328
75674,59445,ENSG00000073614
16160,15090,ENSG00000120647
23496,20596,ENSG00000171840
13065,12241,ENSG00000177406
223170,121520,ENSG00000060237
4907,4816,ENSG00000002016
4548,4474,ENSG00000250132
24923,22650,ENSG00000082805
1434,1396,ENSG00000111186
86540,66219,ENSG00000006831
8242,7988,ENSG00000151065
329866,135999,ENSG00000004478
4088,4023,ENSG00000258325
26564,24270,ENSG00000111203
58403,45896,ENSG00000111206
191887,108500,ENSG00000171792
24017,21924,ENSG00000078246
97825,70856,ENSG00000197905
2691,2636,ENSG00000011105
9743,9369,ENSG00000130038
1357,1335,ENSG00000256164
163288,97326,ENSG00000118971
5085,4738,ENSG00000078237
27371,24947,ENSG00000047621
68986,53877,ENSG00000111247
53183,44491,ENSG00000010219
178583,106242,ENSG00000139180
1651,1637,ENSG00000256146
24983,20613,ENSG00000010278
2201,2145,ENSG00000008323
50184,36550,ENSG00000067182
73750,57281,ENSG00000111321
3987,3790,ENSG00000215039
8046,7712,ENSG00000139190
923269,183056,ENSG00000111639
60442,46773,ENSG00000010292
9949982,207207,ENSG00000111640
9256,8953,ENSG00000269968
70619,54395,ENSG00000111641
369309,149843,ENSG00000111642
7812,7272,ENSG00000184574
10532,7305,ENSG00000111644
28450,25661,ENSG00000111653
8747,8439,ENSG00000126746
58756,48549,ENSG00000111652
537880,170761,ENSG00000089693
592921,173876,ENSG00000159335
6300,5836,ENSG00000111664
125730,72432,ENSG00000111665
52953,43534,ENSG00000111667
2552706,203974,ENSG00000111669
30127,26560,ENSG00000111671
44428,38443,ENSG00000010626
29049,23401,ENSG00000111674
38819,33925,ENSG00000111676
212798,117223,ENSG00000111678
424719,149604,ENSG00000126749
679241,183087,ENSG00000215021
57647,46052,ENSG00000111684
2048,2024,ENSG00000272201
16979,15892,ENSG00000139178
4780,4681,ENSG00000205885
24539,21482,ENSG00000139194
1621,1601,ENSG00000256967
7547,7316,ENSG00000139182
21717,20066,ENSG00000139197
3272,2997,ENSG00000177675
1618,1555,ENSG00000173262
69091,40830,ENSG00000059804
13173,12457,ENSG00000065970
1911,1864,ENSG00000171860
36398,32242,ENSG00000089818
4327,4201,ENSG00000226091
15757,14724,ENSG00000256101
27154,24538,ENSG00000166532
1585,1206,ENSG00000249790
6705,6484,ENSG00000111752
182725,110450,ENSG00000003056
2282,2250,ENSG00000139187
3593,3478,ENSG00000069493
72297,39970,ENSG00000110848
7047,6796,ENSG00000150045
57112,37211,ENSG00000110852
52638,41413,ENSG00000139112
11499,10805,ENSG00000245648
1896,1876,ENSG00000180574
175036,101915,ENSG00000111196
890776,186226,ENSG00000060138
64211,52513,ENSG00000111215
4817,4715,ENSG00000212127
11225,10743,ENSG00000139083
26504,24197,ENSG00000070018
16851,15778,ENSG00000111261
6911,6601,ENSG00000205791
52745,44196,ENSG00000165714
8838,8510,ENSG00000111266
23509,21759,ENSG00000111269
5473,5276,ENSG00000183150
54782,45485,ENSG00000111276
8475,7951,ENSG00000178878
36355,31901,ENSG00000247498
73153,57683,ENSG00000013583
4104,4028,ENSG00000084444
32036,28420,ENSG00000171681
276853,135259,ENSG00000084463
5114,4982,ENSG00000182993
1436,1361,ENSG00000111339
19705,13004,ENSG00000111348
10732,9896,ENSG00000151491
419967,160055,ENSG00000023734
50669,41297,ENSG00000023697
418499,143340,ENSG00000008394
13356,12396,ENSG00000052126
20915,19361,ENSG00000139154
13430,12470,ENSG00000084453
17951,16434,ENSG00000121350
55784,46139,ENSG00000004700
75016,57680,ENSG00000111711
1970580,203228,ENSG00000111716
16977,15863,ENSG00000121361
474546,169198,ENSG00000111726
46310,37836,ENSG00000111728
13004,12377,ENSG00000111731
63782,52232,ENSG00000139163
3768,3495,ENSG00000134532
184061,106667,ENSG00000060982
99893,74862,ENSG00000205707
89905,68731,ENSG00000133703
8381,7678,ENSG00000123104
97439,68482,ENSG00000064102
126719,87238,ENSG00000111790
72342,57338,ENSG00000064115
85864,65307,ENSG00000152944
18807,17612,ENSG00000211455
14696,13786,ENSG00000029153
2440,2320,ENSG00000110841
226266,123758,ENSG00000061794
20389,18682,ENSG00000087448
97727,70798,ENSG00000123106
128476,89437,ENSG00000087502
27079,24628,ENSG00000133704
5184,5029,ENSG00000110888
4294,4215,ENSG00000245614
24788,22741,ENSG00000013573
135867,91052,ENSG00000139146
12312,11718,ENSG00000170456
3400,3318,ENSG00000139160
17374,15797,ENSG00000151743
63162,50130,ENSG00000174718
21084,19315,ENSG00000151746
85936,65519,ENSG00000087470
47182,40488,ENSG00000139131
17734,16540,ENSG00000057294
56808,43009,ENSG00000110975
2143,2111,ENSG00000259937
5675,5562,ENSG00000139133
6818,6519,ENSG00000139117
1109,1097,ENSG00000257718
85705,64452,ENSG00000139116
8386,8155,ENSG00000151229
25628,23260,ENSG00000151233
57880,47753,ENSG00000015153
161975,104653,ENSG00000134283
360802,157588,ENSG00000139168
24303,22068,ENSG00000257742
88154,66589,ENSG00000129317
40785,35518,ENSG00000198001
36177,31645,ENSG00000151239
4453,4367,ENSG00000139173
15045,14200,ENSG00000177119
28333,25623,ENSG00000273015
29356,26608,ENSG00000189079
188030,113224,ENSG00000139218
178401,104519,ENSG00000111371
48460,39092,ENSG00000134294
2135,2111,ENSG00000257261
8204,7701,ENSG00000139211
2504,2451,ENSG00000179715
5936,5612,ENSG00000257925
1241,1178,ENSG00000257906
59360,49394,ENSG00000005175
6586,6289,ENSG00000257433
68120,54087,ENSG00000211584
39292,32196,ENSG00000061273
2191,2157,ENSG00000268069
5983,5730,ENSG00000111424
194265,108547,ENSG00000134291
31087,28078,ENSG00000079387
11894,11326,ENSG00000152556
59918,49758,ENSG00000177981
5216,5089,ENSG00000269514
13712,13053,ENSG00000167528
43774,37699,ENSG00000139620
36162,31864,ENSG00000129315
2657,2600,ENSG00000167535
88917,67200,ENSG00000174243
1586,1469,ENSG00000172602
1496,1484,ENSG00000272822
7950,7689,ENSG00000134285
86995,64073,ENSG00000134287
7328,7033,ENSG00000169884
1955,1843,ENSG00000257913
92189,70637,ENSG00000181929
20282,18808,ENSG00000167548
10919,10322,ENSG00000167550
29174,26128,ENSG00000139636
9140,8870,ENSG00000258017
3274495,196478,ENSG00000123416
25135,19906,ENSG00000167552
810765,175172,ENSG00000167553
1621,1398,ENSG00000135406
111025,70365,ENSG00000135451
86681,65421,ENSG00000123352
147098,95499,ENSG00000187778
7892,7619,ENSG00000110844
2327,2300,ENSG00000161791
309053,142901,ENSG00000139644
9905,9412,ENSG00000167566
1899,1876,ENSG00000258057
18589,17252,ENSG00000186666
5694,5159,ENSG00000135472
50275,39771,ENSG00000161800
4882,4728,ENSG00000110881
80352,61941,ENSG00000066117
2553,2516,ENSG00000167588
296623,137196,ENSG00000178449
21699,20161,ENSG00000139624
34650,28993,ENSG00000050405
102501,74561,ENSG00000161813
20334,18832,ENSG00000066084
103623,76035,ENSG00000123268
15377,13741,ENSG00000185432
35892,31847,ENSG00000110911
138672,85513,ENSG00000050426
10165,9684,ENSG00000110925
35750,31654,ENSG00000135457
284309,141675,ENSG00000183283
52604,41591,ENSG00000170545
19837,17859,ENSG00000139629
8376,8070,ENSG00000135503
3764,3299,ENSG00000123358
109085,74068,ENSG00000123395
333699,133703,ENSG00000170421
848934,183049,ENSG00000111057
741843,185993,ENSG00000063046
5796,5622,ENSG00000257337
7401,7203,ENSG00000167778
4613,4152,ENSG00000167779
11028,10562,ENSG00000139631
8826,8537,ENSG00000139651
1377,1347,ENSG00000139626
3807,3707,ENSG00000172819
33002,29212,ENSG00000182544
14828,13699,ENSG00000135476
1597686,205433,ENSG00000123349
2242,2203,ENSG00000139637
77560,61370,ENSG00000094914
33976,30234,ENSG00000185591
65434,45786,ENSG00000135409
892699,184699,ENSG00000205352
1072759,199631,ENSG00000197111
4974,4851,ENSG00000270175
79371,61539,ENSG00000139546
65745,52552,ENSG00000170653
2383733,206002,ENSG00000135390
13167,12339,ENSG00000012822
3290,3218,ENSG00000197757
28630,25464,ENSG00000180806
4408,4273,ENSG00000250451
4945,4754,ENSG00000037965
160940,99816,ENSG00000123415
200526,111440,ENSG00000094916
4515831,206353,ENSG00000135486
256759,130280,ENSG00000123405
292326,142710,ENSG00000111481
58240,44449,ENSG00000161642
30300,25694,ENSG00000161638
511502,160495,ENSG00000170627
247733,131840,ENSG00000135441
4732,4615,ENSG00000135437
1514864,197393,ENSG00000135404
21062,19501,ENSG00000258056
7318,6973,ENSG00000135414
21603,19741,ENSG00000205323
89540,67492,ENSG00000123353
20402,19099,ENSG00000135392
120658,83727,ENSG00000170473
2864,2828,ENSG00000065357
1340,1333,ENSG00000185664
52722,44046,ENSG00000123374
30229,27157,ENSG00000111540
14815,14045,ENSG00000139531
29643,26123,ENSG00000123411
1906203,199168,ENSG00000197728
6520,6181,ENSG00000065361
1083625,190954,ENSG00000170515
2831,2790,ENSG00000257553
11786265,207289,ENSG00000229117
6491,6354,ENSG00000135482
68060,53794,ENSG00000139641
310619,143365,ENSG00000196465
1714235,203072,ENSG00000092841
76568,60631,ENSG00000139613
29540,26727,ENSG00000181852
261409,130848,ENSG00000139579
12065,11514,ENSG00000139645
24679,22401,ENSG00000135469
174436,105185,ENSG00000062485
12612,12123,ENSG00000257303
2699,2667,ENSG00000257740
239117,123656,ENSG00000257727
10611,10154,ENSG00000135473
1565,1480,ENSG00000110944
9969,9621,ENSG00000170581
51338,42586,ENSG00000111602
34358,30648,ENSG00000176422
1433,1418,ENSG00000076067
109263,78892,ENSG00000076108
1439045,200214,ENSG00000110955
1250703,200057,ENSG00000110958
5658620,207245,ENSG00000196531
136756,88518,ENSG00000198056
1226,1205,ENSG00000025423
9480,9168,ENSG00000166860
25673,19415,ENSG00000166863
19588,18077,ENSG00000166881
15712,13715,ENSG00000166886
19733,18268,ENSG00000166888
1677,1579,ENSG00000182379
146187,92287,ENSG00000182199
6970,6591,ENSG00000185633
7190,6402,ENSG00000185482
40902,34934,ENSG00000179912
3706,3217,ENSG00000139269
2121,2067,ENSG00000111087
104034,74012,ENSG00000166986
297208,105845,ENSG00000175197
19077,17666,ENSG00000166987
220914,124507,ENSG00000175203
13270,12210,ENSG00000155980
23022,21204,ENSG00000166908
5688,5549,ENSG00000240771
14754,13922,ENSG00000135454
77863,60779,ENSG00000135506
30321,27430,ENSG00000135452
540455,172025,ENSG00000135446
20983,18947,ENSG00000139266
1314,1301,ENSG00000111012
34428,30153,ENSG00000037897
15452,14609,ENSG00000123427
142293,93198,ENSG00000123297
3063,2997,ENSG00000135407
79203,61485,ENSG00000175215
206765,113581,ENSG00000257698
57993,47305,ENSG00000166896
18833,13954,ENSG00000198673
243637,126806,ENSG00000135655
16833,15879,ENSG00000061987
1206,1201,ENSG00000257354
15651,14248,ENSG00000111110
100842,72855,ENSG00000118600
10378,10019,ENSG00000174206
9303,8619,ENSG00000185306
112297,78688,ENSG00000184575
46424,39735,ENSG00000183735
16326,15283,ENSG00000153179
19593,18171,ENSG00000135677
4401,4279,ENSG00000111490
20372,18931,ENSG00000174106
163720,101816,ENSG00000139233
145181,91496,ENSG00000155957
2553,2519,ENSG00000127311
92087,69648,ENSG00000111530
18344,17057,ENSG00000127334
14078,13296,ENSG00000111554
306953,134735,ENSG00000127314
9326,8669,ENSG00000247363
112485,81613,ENSG00000111581
23074,21151,ENSG00000175782
36863,32416,ENSG00000135679
166044,102813,ENSG00000111605
4268,3250,ENSG00000090382
1306,1202,ENSG00000257764
112515,79719,ENSG00000127337
7222,6948,ENSG00000166225
724809,184212,ENSG00000166226
43454,37101,ENSG00000127328
43147,35979,ENSG00000257815
1124,1104,ENSG00000257613
75879,60309,ENSG00000111596
2646,2571,ENSG00000127329
27716,22757,ENSG00000153233
9728,9331,ENSG00000258053
97773,72744,ENSG00000133858
32329,28360,ENSG00000173451
20495,18883,ENSG00000139291
65536,52414,ENSG00000080371
29349,25708,ENSG00000121749
1667,1640,ENSG00000258123
8436,8118,ENSG00000258332
32719,28607,ENSG00000251138
112128,80045,ENSG00000253719
105846,74512,ENSG00000111615
43508,17646,ENSG00000139289
2367343,205321,ENSG00000187109
7739,7522,ENSG00000179941
412374,155128,ENSG00000091039
22133,20479,ENSG00000186908
6384,6015,ENSG00000175183
7739,7363,ENSG00000165891
3338,3235,ENSG00000067715
95860,71828,ENSG00000058272
218609,118052,ENSG00000133773
3577,3516,ENSG00000127720
1765,1752,ENSG00000258815
93890,68714,ENSG00000133641
61228,48929,ENSG00000198707
12781,12125,ENSG00000139324
19856,18475,ENSG00000139323
124417,84294,ENSG00000070961
6184,5893,ENSG00000271614
6246,6058,ENSG00000257893
2300,2171,ENSG00000257242
534053,157698,ENSG00000133639
10646,9919,ENSG00000245904
59615,47498,ENSG00000102189
685150,182082,ENSG00000173598
481587,158739,ENSG00000177889
399445,154136,ENSG00000198015
303641,124731,ENSG00000120833
52940,42863,ENSG00000169372
47648,40316,ENSG00000173588
362839,151378,ENSG00000184752
16892,15912,ENSG00000120798
9674,9211,ENSG00000180263
28009,25362,ENSG00000028203
303948,142863,ENSG00000111142
593616,171441,ENSG00000139343
43504,37335,ENSG00000111144
1721,1676,ENSG00000111145
15646,14798,ENSG00000059758
23817,21868,ENSG00000139350
23154,20733,ENSG00000257167
252674,125132,ENSG00000120802
1456726,201938,ENSG00000075415
87498,65399,ENSG00000166130
22028,20151,ENSG00000120868
21844,20126,ENSG00000111647
37448,32743,ENSG00000075089
8681,8313,ENSG00000166153
44896,38647,ENSG00000136021
8731,7653,ENSG00000139354
43958,36748,ENSG00000120800
92273,67343,ENSG00000120805
499391,170497,ENSG00000111666
69789,55047,ENSG00000111670
20781,18809,ENSG00000136048
77452,60003,ENSG00000120860
138113,89319,ENSG00000075188
65282,50690,ENSG00000185480
121493,55783,ENSG00000017427
14533,13754,ENSG00000111696
3804,3729,ENSG00000257327
475608,143782,ENSG00000166598
138111,91302,ENSG00000204954
171404,101783,ENSG00000139372
14872,13827,ENSG00000111727
85780,65192,ENSG00000120837
154160,94369,ENSG00000198431
3639,3529,ENSG00000255150
86009,65646,ENSG00000171310
176291,102681,ENSG00000151131
20977,19291,ENSG00000136051
11682,11157,ENSG00000136044
7177,5381,ENSG00000235162
4426,4139,ENSG00000166046
19700,18194,ENSG00000013503
9447,9108,ENSG00000111785
11627,11041,ENSG00000260329
31064,26752,ENSG00000151135
73785,58046,ENSG00000120832
27894,25321,ENSG00000008405
163499,99179,ENSG00000136045
23987,21860,ENSG00000110851
5330,5126,ENSG00000198855
38140,33239,ENSG00000075856
403971,155143,ENSG00000136003
2417,2317,ENSG00000110876
166352,103437,ENSG00000110880
5659,5420,ENSG00000084112
8783,8470,ENSG00000135093
117548,80147,ENSG00000189046
65386,48991,ENSG00000076248
14148,13298,ENSG00000110906
28233,25691,ENSG00000151148
211185,111927,ENSG00000139428
30534,26517,ENSG00000110921
59459,49057,ENSG00000139433
65620,52466,ENSG00000139437
23493,21777,ENSG00000139436
37771,33408,ENSG00000076513
42105,36157,ENSG00000174456
18940,17432,ENSG00000122970
88854,65535,ENSG00000174437
90154,68192,ENSG00000196510
892532,194921,ENSG00000111229
135490,87760,ENSG00000111231
72694,53746,ENSG00000204856
348152,147055,ENSG00000111237
24739,22482,ENSG00000196850
28123,25380,ENSG00000204852
1265,1217,ENSG00000122986
557297,177944,ENSG00000186298
9952,9616,ENSG00000198324
37986,32210,ENSG00000111252
91323,68894,ENSG00000204842
38042,33370,ENSG00000089234
10756,10345,ENSG00000111271
11482,10893,ENSG00000111275
83616,62118,ENSG00000234608
87156,65352,ENSG00000089022
1767,1751,ENSG00000270018
41936,35256,ENSG00000198270
705082,188414,ENSG00000089248
61436,50298,ENSG00000111300
31222,27960,ENSG00000135148
38069,33277,ENSG00000173064
7841391,206973,ENSG00000089009
156563,94587,ENSG00000179295
2144,2079,ENSG00000111331
136274,90483,ENSG00000123064
135257,86973,ENSG00000139405
2114,2057,ENSG00000166578
17378,16214,ENSG00000186815
16999,15965,ENSG00000089060
4169,4107,ENSG00000151176
32218,27458,ENSG00000139410
2292,2224,ENSG00000089116
7220,6521,ENSG00000249550
55295,44679,ENSG00000122965
49514,41445,ENSG00000123066
11236,10685,ENSG00000171471
58269,47695,ENSG00000111412
9100,8753,ENSG00000135119
6157,5993,ENSG00000174989
165191,100992,ENSG00000088992
26064,23775,ENSG00000135108
82583,62864,ENSG00000111445
48424,40369,ENSG00000176871
5252,5106,ENSG00000176834
835937,184035,ENSG00000089220
157163,97694,ENSG00000135090
112026,78995,ENSG00000111707
6440,4067,ENSG00000224982
79462,60719,ENSG00000111725
25954,22732,ENSG00000122966
2794,2728,ENSG00000135127
64972,51471,ENSG00000111737
44234,37923,ENSG00000089154
13749924,207304,ENSG00000089157
55350,45231,ENSG00000255857
18334,16498,ENSG00000089159
2516,2441,ENSG00000089163
447137,165764,ENSG00000111775
322670,138809,ENSG00000170855
31609,28132,ENSG00000257218
950682,187045,ENSG00000111786
2862674,204238,ENSG00000088986
40491,33437,ENSG00000248008
61623,50362,ENSG00000110871
144169,95881,ENSG00000022840
230503,117121,ENSG00000167272
197352,106425,ENSG00000110917
9716,9314,ENSG00000175970
20999,19539,ENSG00000122971
32135,28830,ENSG00000157837
59086,48586,ENSG00000157895
17755,16596,ENSG00000135124
29364,26321,ENSG00000110931
305967,138685,ENSG00000089053
73438,57511,ENSG00000170633
37724,33016,ENSG00000089094
60719,48289,ENSG00000182500
1608,1582,ENSG00000139714
22949,20819,ENSG00000188735
5090,4908,ENSG00000139725
33693,28744,ENSG00000212694
17147,16060,ENSG00000139718
99844,71919,ENSG00000110801
2936,2902,ENSG00000256950
15915,14843,ENSG00000158023
49072,41681,ENSG00000110987
160988,100048,ENSG00000175727
4390,4289,ENSG00000176383
8222,7972,ENSG00000184047
37505,33069,ENSG00000139719
66964,52446,ENSG00000130779
46738,40111,ENSG00000033030
242481,126174,ENSG00000111011
31672,28097,ENSG00000184445
180437,105080,ENSG00000139726
1218,1201,ENSG00000130783
14241,13394,ENSG00000130787
62982,49353,ENSG00000139722
7450,7204,ENSG00000150967
56186,46575,ENSG00000111325
977765,189049,ENSG00000182196
4490,4399,ENSG00000090975
60332,48935,ENSG00000051825
110756,78068,ENSG00000130921
170018,101022,ENSG00000139697
18948,17586,ENSG00000256092
217069,114877,ENSG00000183955
32272,28061,ENSG00000150977
52340,44428,ENSG00000184209
5904,5727,ENSG00000188026
566778,170575,ENSG00000086598
83201,62793,ENSG00000111364
242782,119744,ENSG00000111361
64904,52558,ENSG00000111358
3488,3433,ENSG00000168778
55011,45915,ENSG00000185344
22340,20232,ENSG00000119242
52753,44135,ENSG00000179195
44106,37558,ENSG00000196498
42879,35814,ENSG00000073060
473264,157583,ENSG00000150991
37101,31670,ENSG00000150990
98830,69264,ENSG00000184992
11787,11248,ENSG00000081760
2625,2527,ENSG00000256128
3768,3727,ENSG00000249345
9297,8983,ENSG00000139370
2954,2050,ENSG00000249196
57580,46219,ENSG00000111450
2947328,203848,ENSG00000132341
99830,72772,ENSG00000061936
7083,6849,ENSG00000177169
102044,70193,ENSG00000177192
51191,43098,ENSG00000183495
17343,16192,ENSG00000185684
30430,26908,ENSG00000185163
107162,72528,ENSG00000184967
50980,40771,ENSG00000112787
34296,29968,ENSG00000177084
193324,108190,ENSG00000176894
88053,63240,ENSG00000247077
79609,61462,ENSG00000176915
56237,46025,ENSG00000090615
28616,25988,ENSG00000072609
1262,1243,ENSG00000196458
1353,1343,ENSG00000198040
8655,8264,ENSG00000196387
8872,8556,ENSG00000214029
4548,4428,ENSG00000256223
10890,10443,ENSG00000090612
154307,101090,ENSG00000196199
58009,47259,ENSG00000121390
31704,27579,ENSG00000132950
42845,37072,ENSG00000121741
22699,20622,ENSG00000165475
28718,25831,ENSG00000032742
13126,12416,ENSG00000150456
30996,27930,ENSG00000132953
2630,2582,ENSG00000150457
833775,190319,ENSG00000150459
71824,54409,ENSG00000165480
657987,175509,ENSG00000173141
5338,5214,ENSG00000180776
45868,39478,ENSG00000165487
55302,44173,ENSG00000151835
24736,22219,ENSG00000027001
3382,3283,ENSG00000205861
18953,17695,ENSG00000102699
5356,5117,ENSG00000132972
42398,36467,ENSG00000151849
3503,3476,ENSG00000151846
27334,24527,ENSG00000139505
76818,59964,ENSG00000139496
44348,37939,ENSG00000127870
70830,55711,ENSG00000132964
41834,35924,ENSG00000152484
8640740,207156,ENSG00000122026
1444068,192537,ENSG00000122034
132388,92046,ENSG00000122033
9546,9218,ENSG00000139517
930249,194020,ENSG00000186184
19883,18639,ENSG00000180389
5247,5124,ENSG00000261485
27265,24705,ENSG00000152520
1730440,201455,ENSG00000132963
11520,10925,ENSG00000139508
53649,43600,ENSG00000139514
11511,10893,ENSG00000122042
20618,19035,ENSG00000102781
2409298,199483,ENSG00000189403
22983,20796,ENSG00000132952
295472,130542,ENSG00000120694
7127,6918,ENSG00000187676
83225,60576,ENSG00000139618
210808,122584,ENSG00000244754
43735,37896,ENSG00000083642
71511,56004,ENSG00000133119
31559,27548,ENSG00000120669
18728,17545,ENSG00000242715
74084,59236,ENSG00000133104
1842,1829,ENSG00000120664
30220,27369,ENSG00000133111
139172,88024,ENSG00000120697
247199,124280,ENSG00000120699
73812,58361,ENSG00000102710
257021,128258,ENSG00000120686
34359,30632,ENSG00000120685
66342,53990,ENSG00000188811
9969,9550,ENSG00000133103
2419,2372,ENSG00000150907
74998,59091,ENSG00000102738
16997,15854,ENSG00000102743
131116,85930,ENSG00000120690
84295,65007,ENSG00000120688
21183,19623,ENSG00000165572
17230,16189,ENSG00000120696
28346,25604,ENSG00000120662
21462,19774,ENSG00000172766
57226,44496,ENSG00000102760
15473,14574,ENSG00000102763
12286,11540,ENSG00000102780
93379,63959,ENSG00000023516
15297,12173,ENSG00000133106
67539,46374,ENSG00000102804
49727,41306,ENSG00000083635
41678,36650,ENSG00000133114
149235,95721,ENSG00000188342
9083982,207289,ENSG00000133112
23007,20950,ENSG00000170919
3699,3638,ENSG00000174032
12270,11717,ENSG00000136152
126806,87069,ENSG00000123200
2496,2334,ENSG00000235903
7723,7500,ENSG00000136141
537870,180423,ENSG00000139684
63882,52103,ENSG00000136143
66164,53257,ENSG00000136159
147193,97507,ENSG00000136146
142838,94600,ENSG00000136156
45742,39412,ENSG00000139687
1826,1784,ENSG00000136161
46990,39821,ENSG00000102531
31147,27655,ENSG00000102543
14854,14003,ENSG00000136169
15335,14228,ENSG00000136147
7756,7543,ENSG00000136144
284593,136972,ENSG00000123179
114698,81834,ENSG00000102753
91121,66594,ENSG00000123178
43282,37631,ENSG00000204977
161722,93513,ENSG00000176124
248101,126621,ENSG00000136104
33110,29127,ENSG00000102786
15784,14690,ENSG00000236778
14447,13578,ENSG00000139668
19837,18273,ENSG00000102796
1132,1124,ENSG00000231856
11170,10645,ENSG00000123191
11422,10996,ENSG00000253710
25958,23436,ENSG00000253797
10025,9438,ENSG00000136098
2942,2905,ENSG00000136114
75880,59000,ENSG00000136100
121021,73767,ENSG00000136108
3984,3926,ENSG00000244471
101184,74255,ENSG00000139675
226320,122051,ENSG00000165416
62629,47840,ENSG00000139734
31571,28126,ENSG00000083544
1716,1702,ENSG00000227674
344154,143377,ENSG00000204899
31323,26294,ENSG00000136122
74003,57330,ENSG00000083520
27879,25014,ENSG00000083535
3095,2937,ENSG00000102554
31959,27566,ENSG00000136111
641404,182919,ENSG00000188243
248919,121603,ENSG00000118939
4424,4206,ENSG00000136153
32491,29130,ENSG00000102805
24284,22009,ENSG00000005812
78251,59369,ENSG00000005810
10047,9562,ENSG00000152192
40763,35281,ENSG00000152193
139527,90789,ENSG00000139746
6984,6618,ENSG00000227354
78493,61006,ENSG00000102471
3393,3252,ENSG00000136158
1403,1380,ENSG00000226317
32701,28750,ENSG00000088451
19989,18391,ENSG00000152749
54332,44635,ENSG00000125257
26021,22835,ENSG00000247400
97344,67237,ENSG00000102580
22585,20835,ENSG00000102595
71521,52218,ENSG00000139793
10407,9960,ENSG00000125249
177163,106982,ENSG00000065150
54473,45194,ENSG00000102572
18405,17168,ENSG00000088387
4609,4496,ENSG00000260992
9313,8889,ENSG00000228889
111737,80581,ENSG00000134882
3015,2358,ENSG00000169508
3445,3360,ENSG00000203441
90966,68478,ENSG00000125304
16181,15174,ENSG00000125246
2714,2679,ENSG00000139800
11014,10492,ENSG00000043355
11261,10621,ENSG00000175198
5026,4887,ENSG00000134864
22208,20338,ENSG00000125247
6021,5705,ENSG00000198542
58751,48244,ENSG00000134900
167686,96506,ENSG00000151287
11691,11131,ENSG00000134901
28528,25688,ENSG00000134897
11421,10906,ENSG00000134899
234968,124733,ENSG00000134884
1663,1632,ENSG00000204442
15522,14543,ENSG00000174405
29629,26617,ENSG00000139826
2617,2470,ENSG00000102524
6938,6492,ENSG00000041515
12047,10930,ENSG00000185950
6585,6208,ENSG00000134871
5155,4916,ENSG00000139832
25780,23446,ENSG00000213995
84154,61432,ENSG00000134905
41852,35274,ENSG00000153487
10409,9574,ENSG00000255874
127598,82193,ENSG00000088448
15104,12882,ENSG00000225760
24074,22050,ENSG00000102606
29192,26267,ENSG00000126216
20873,19301,ENSG00000068650
76870,59956,ENSG00000126226
124193,84989,ENSG00000139842
103002,74182,ENSG00000185896
11378,10824,ENSG00000139835
2626,2546,ENSG00000153531
8324,8019,ENSG00000150401
60408,48977,ENSG00000150403
255057,123909,ENSG00000198176
27201,23838,ENSG00000183087
2013,1944,ENSG00000272695
14896,13928,ENSG00000185989
77310,59374,ENSG00000130177
133594,89813,ENSG00000169062
110022,76745,ENSG00000198824
84242,63071,ENSG00000225210
72169,55383,ENSG00000244306
35090,31462,ENSG00000136319
404908,156040,ENSG00000100814
3225,3010,ENSG00000259001
72277,56305,ENSG00000129484
2624,2578,ENSG00000129566
137588,91306,ENSG00000092094
551798,176707,ENSG00000100823
64638,50939,ENSG00000165782
110035,75628,ENSG00000198805
1704,1552,ENSG00000214274
84267,52731,ENSG00000129538
90899,69667,ENSG00000165792
69775,52957,ENSG00000165795
1394,1348,ENSG00000165801
8034,7681,ENSG00000165804
1467420,203525,ENSG00000092199
326756,142425,ENSG00000092201
97893,71873,ENSG00000100888
31841,28657,ENSG00000129472
212297,122182,ENSG00000092203
87669,67002,ENSG00000165819
11215,10610,ENSG00000165821
570860,173897,ENSG00000129562
16385,14422,ENSG00000100439
172877,106317,ENSG00000155463
1116,1097,ENSG00000155465
735379,177227,ENSG00000172590
74180,58160,ENSG00000197324
5957,5809,ENSG00000139890
78840,62205,ENSG00000100461
181697,103536,ENSG00000100462
30844,27807,ENSG00000092036
3867,3793,ENSG00000129474
1334,1325,ENSG00000258457
24562,22285,ENSG00000100802
1428219,200166,ENSG00000100804
8004,7648,ENSG00000139880
209982,111473,ENSG00000100813
233019,126721,ENSG00000179933
1595,1438,ENSG00000092067
94023,60944,ENSG00000092068
1258,1218,ENSG00000215277
154277,96325,ENSG00000215271
84495,63759,ENSG00000235194
23415,21439,ENSG00000129473
465710,163553,ENSG00000100836
180097,106946,ENSG00000129460
8965,8633,ENSG00000157306
30490,27286,ENSG00000213983
2398,2369,ENSG00000258727
24696,6666,ENSG00000100867
5725,5559,ENSG00000157326
53452,43574,ENSG00000187630
12301,11696,ENSG00000129535
98340,66035,ENSG00000100889
107361,77536,ENSG00000100897
376487,157125,ENSG00000092010
82747,59037,ENSG00000100908
498171,170901,ENSG00000100911
1373,1360,ENSG00000092098
7549,7267,ENSG00000259529
7481,7245,ENSG00000213928
2700,2657,ENSG00000100918
35530,30841,ENSG00000196497
13127,12564,ENSG00000100926
356227,151868,ENSG00000254505
13023,12349,ENSG00000213920
1822816,203351,ENSG00000129559
108006,78044,ENSG00000100938
73209,58646,ENSG00000092330
15079,13230,ENSG00000092295
43731,37950,ENSG00000100949
60153,50161,ENSG00000157379
33296,29108,ENSG00000196943
17719,16211,ENSG00000213903
2751,2651,ENSG00000100968
3748,3622,ENSG00000205978
1305,1289,ENSG00000139899
33845,30126,ENSG00000100441
156170,100127,ENSG00000100445
2628,2429,ENSG00000168952
2604,2576,ENSG00000258081
1134,1128,ENSG00000257612
10264,9823,ENSG00000176165
22175,20384,ENSG00000258038
2102,2086,ENSG00000258028
12048,11360,ENSG00000257636
110943,72872,ENSG00000092140
192563,114036,ENSG00000092108
257459,124915,ENSG00000100473
122104,81959,ENSG00000196792
34516,29814,ENSG00000100478
149258,97118,ENSG00000092148
3160,3106,ENSG00000257831
16658,15708,ENSG00000129493
3458,3393,ENSG00000203546
1662,1631,ENSG00000250365
42607,36890,ENSG00000129480
42907,37353,ENSG00000151413
1520,1478,ENSG00000258474
11330,10389,ENSG00000258655
122286,83746,ENSG00000100852
1439,1418,ENSG00000151320
216946,107908,ENSG00000129521
338154,144838,ENSG00000165389
131607,87758,ENSG00000129518
249210,131435,ENSG00000129515
35438,31192,ENSG00000165410
386796,153552,ENSG00000198604
20732,19180,ENSG00000258738
99143,72646,ENSG00000100883
387441,158812,ENSG00000151327
124058,87072,ENSG00000092020
34728,30732,ENSG00000100902
101972,60970,ENSG00000100906
41172,35975,ENSG00000174373
19384,17979,ENSG00000100916
65684,52763,ENSG00000151332
7976,7698,ENSG00000198807
118828,81612,ENSG00000183032
19563,17795,ENSG00000258708
42150,36208,ENSG00000151338
1733,1701,ENSG00000129514
33489,29612,ENSG00000100934
55142,45348,ENSG00000092208
88586,67496,ENSG00000182400
542041,171066,ENSG00000100941
6443,6285,ENSG00000150527
6194,5996,ENSG00000258940
24865,22443,ENSG00000165355
25048,22937,ENSG00000251363
8532,8197,ENSG00000179476
17979,16429,ENSG00000179454
28716,25872,ENSG00000198718
42256,36278,ENSG00000185246
384972,151695,ENSG00000100442
30264,26957,ENSG00000187790
103052,72310,ENSG00000129534
4931,4642,ENSG00000258700
2738,2690,ENSG00000165496
1271,1252,ENSG00000139915
14901,14066,ENSG00000259129
7793484,207253,ENSG00000213741
23939,18625,ENSG00000258486
14085,13231,ENSG00000253459
135745,86438,ENSG00000165501
2013626,204281,ENSG00000165502
97098,71698,ENSG00000168282
126899,85542,ENSG00000165506
39024,33762,ENSG00000100479
92593,69876,ENSG00000165516
174480,104849,ENSG00000165525
222942,121589,ENSG00000165527
1313,1272,ENSG00000214900
20059,18286,ENSG00000100483
27037,24503,ENSG00000100485
28491,25770,ENSG00000087299
125561,86640,ENSG00000125375
1334,1326,ENSG00000259071
8020,7705,ENSG00000100490
81788,62697,ENSG00000012983
123057,83821,ENSG00000151748
44466,37022,ENSG00000100503
24356,21599,ENSG00000100504
196546,115776,ENSG00000139921
982074,198390,ENSG00000087302
13553,12786,ENSG00000087301
111301,76405,ENSG00000197930
14386,13329,ENSG00000258757
307230,142390,ENSG00000100519
125983,84730,ENSG00000198252
175564,103932,ENSG00000100522
2841,2470,ENSG00000073712
48321,41191,ENSG00000100523
383733,128651,ENSG00000100526
290021,143295,ENSG00000100528
66465,52814,ENSG00000197045
28673,25280,ENSG00000100532
19670,17395,ENSG00000020577
16321,15198,ENSG00000131979
64041,51455,ENSG00000198554
57781,47753,ENSG00000180008
285383,142332,ENSG00000168175
9179,7765,ENSG00000131981
205747,93464,ENSG00000126787
51412,43408,ENSG00000178974
23549,21534,ENSG00000126775
27869,24985,ENSG00000186615
495019,166448,ENSG00000126777
7904,7205,ENSG00000139946
21762,20190,ENSG00000070269
7518,7248,ENSG00000258592
185571,109065,ENSG00000070367
64122,52291,ENSG00000053770
36746,32450,ENSG00000139977
1689,1495,ENSG00000139971
110234,79377,ENSG00000131966
536373,171918,ENSG00000100567
127019,88122,ENSG00000257621
60457,48984,ENSG00000032219
704631,181064,ENSG00000100575
52889,43756,ENSG00000100578
100540,73358,ENSG00000100592
3348,3299,ENSG00000181619
43844,37284,ENSG00000126790
70486,57199,ENSG00000050130
26909,24418,ENSG00000126773
58322,47562,ENSG00000100612
90326,69155,ENSG00000100614
12528,11750,ENSG00000126778
11284,10750,ENSG00000100625
107736,77917,ENSG00000020426
51826,43521,ENSG00000126814
45380,38585,ENSG00000139974
5710,5502,ENSG00000027075
35767,31400,ENSG00000100644
4212,3998,ENSG00000258667
56684,45716,ENSG00000023608
2397,2370,ENSG00000140015
146678,95630,ENSG00000154001
3177,3107,ENSG00000261242
39190,34300,ENSG00000140006
6365,6148,ENSG00000126821
3752,3699,ENSG00000214770
118114,79699,ENSG00000100714
20859,19288,ENSG00000089775
2126,2077,ENSG00000179841
21157,19559,ENSG00000126804
59498,47811,ENSG00000070182
167506,106406,ENSG00000258289
16541,15487,ENSG00000257365
197496,112517,ENSG00000125952
15399,14260,ENSG00000033170
6613,6408,ENSG00000258561
36746,32484,ENSG00000171723
30605,27689,ENSG00000072415
216255,118128,ENSG00000100554
397327,150582,ENSG00000134001
3329,3273,ENSG00000054690
272390,134551,ENSG00000100564
144179,73744,ENSG00000081181
448515,161917,ENSG00000100568
122948,85254,ENSG00000072042
8162,7940,ENSG00000072121
13009,12390,ENSG00000182185
171896,103740,ENSG00000185650
86929,64529,ENSG00000072110
54605,45687,ENSG00000139990
9793,9472,ENSG00000081177
1843412,202008,ENSG00000100632
38731,33759,ENSG00000029364
14034,13225,ENSG00000100647
602288,177449,ENSG00000100650
319656,144806,ENSG00000133983
4494,4279,ENSG00000213463
81457,62787,ENSG00000133997
4042,3952,ENSG00000100731
44043,37672,ENSG00000197555
12912,12072,ENSG00000205683
39707,34762,ENSG00000119599
9371,8943,ENSG00000165861
319636,140329,ENSG00000119707
29428,26690,ENSG00000080815
2968,2923,ENSG00000100767
1389,1377,ENSG00000258944
76327,60364,ENSG00000133961
26350,23497,ENSG00000119661
57784,47322,ENSG00000176903
57128,46167,ENSG00000156030
5843,5563,ENSG00000259065
24104,22131,ENSG00000140043
3319,3266,ENSG00000119725
3413,3203,ENSG00000156050
48972,41984,ENSG00000119723
30409,27373,ENSG00000187097
5960,5728,ENSG00000119636
17110,15630,ENSG00000119711
22239,20421,ENSG00000205659
49592,42279,ENSG00000119688
678708,183272,ENSG00000119655
331042,145649,ENSG00000165898
22190,20344,ENSG00000119682
33306,30052,ENSG00000119616
64958,52555,ENSG00000119596
68279,54724,ENSG00000119689
25163,22505,ENSG00000198208
4889,4431,ENSG00000119630
72416,56719,ENSG00000119718
43582,37283,ENSG00000119684
228734,121674,ENSG00000119640
15457,14557,ENSG00000119703
20695,19160,ENSG00000119638
199504,116620,ENSG00000170348
11378,7295,ENSG00000170345
3110,1789,ENSG00000259687
3607,3422,ENSG00000140044
2622,2288,ENSG00000156127
21164,19642,ENSG00000119685
236331,124957,ENSG00000133935
65131,52473,ENSG00000119650
85233,65469,ENSG00000089916
5820,5503,ENSG00000119715
17856,16640,ENSG00000258301
11039,10535,ENSG00000013523
26083,23651,ENSG00000119669
20726,19225,ENSG00000198894
15487,14484,ENSG00000009830
83808,62871,ENSG00000100577
46539,39514,ENSG00000100580
1602,1575,ENSG00000100583
3804,3708,ENSG00000165555
25863,23621,ENSG00000151445
350605,141680,ENSG00000100591
65228,52834,ENSG00000100596
34146,29976,ENSG00000100601
1003319,184496,ENSG00000119705
349844,150241,ENSG00000100603
32533,28388,ENSG00000063761
19124,17381,ENSG00000100629
44322,37621,ENSG00000165417
83369,60024,ENSG00000140022
57389,45685,ENSG00000071537
19940,18523,ENSG00000054983
19176,17753,ENSG00000042317
1983,1949,ENSG00000070778
104263,75601,ENSG00000100722
1261,1236,ENSG00000165521
15593,14671,ENSG00000165533
1366,1319,ENSG00000053254
71688,55424,ENSG00000140025
52897,44052,ENSG00000042088
360529,150571,ENSG00000100764
17164,16095,ENSG00000119720
543867,163831,ENSG00000198668
21442,19638,ENSG00000165914
7957,7650,ENSG00000100784
46795,40283,ENSG00000133943
11329,10505,ENSG00000119714
49016,41204,ENSG00000015133
119516,83032,ENSG00000100796
2690,2640,ENSG00000165929
73221,57143,ENSG00000100815
45869,39350,ENSG00000066427
446486,165860,ENSG00000183648
136341,91602,ENSG00000165934
18284,15120,ENSG00000100600
48902,41151,ENSG00000066455
33804,29756,ENSG00000100605
22139,20076,ENSG00000165943
155556,98233,ENSG00000153485
122392,81717,ENSG00000170270
53476,44508,ENSG00000012963
56221,46986,ENSG00000011114
275427,134249,ENSG00000089737
239818,123846,ENSG00000165948
32683,23943,ENSG00000165949
10917,9661,ENSG00000119632
88682,65950,ENSG00000100697
6849,6450,ENSG00000235706
1374,1361,ENSG00000176438
111832,76196,ENSG00000247092
1626831,197704,ENSG00000182512
1556,1515,ENSG00000258927
14432,13673,ENSG00000066739
62922,51195,ENSG00000100744
1785,1754,ENSG00000140057
26025,23396,ENSG00000260806
869646,189624,ENSG00000090060
228632,118665,ENSG00000100749
9586,9126,ENSG00000225163
81611,62206,ENSG00000183576
188461,110909,ENSG00000090061
22595,20130,ENSG00000205476
53978,43701,ENSG00000196405
8921,8402,ENSG00000168350
413050,157696,ENSG00000100811
6440,6165,ENSG00000197119
287700,126779,ENSG00000140105
37968,33467,ENSG00000176473
72761,35154,ENSG00000185559
252231,95373,ENSG00000214548
1362,1328,ENSG00000269375
10871,10002,ENSG00000225746
3682,3559,ENSG00000232018
1328,1293,ENSG00000258512
166562,103596,ENSG00000078304
15698,14701,ENSG00000271780
1878,1853,ENSG00000272444
144005,94595,ENSG00000197102
5031582,204629,ENSG00000080824
29866,26782,ENSG00000140153
14245,13211,ENSG00000080823
25841,23431,ENSG00000022976
211745,120264,ENSG00000100865
6608,6399,ENSG00000196663
96998,70555,ENSG00000156381
30408,26305,ENSG00000259230
50497,41622,ENSG00000089902
50687,42138,ENSG00000131323
24328,21892,ENSG00000198752
2615,2568,ENSG00000205436
5239,4717,ENSG00000185215
1495886,194217,ENSG00000100664
198725,116601,ENSG00000075413
780407,176945,ENSG00000166165
3739,3638,ENSG00000260285
179804,95825,ENSG00000166166
94700,70486,ENSG00000166170
47885,40796,ENSG00000126214
370964,153148,ENSG00000256053
8341,8110,ENSG00000246451
1117,1113,ENSG00000269910
49289,41254,ENSG00000126215
1473,1462,ENSG00000269963
97605,72694,ENSG00000100711
1543,1493,ENSG00000088808
1583841,203331,ENSG00000156411
54633,43394,ENSG00000203485
30863,27095,ENSG00000185100
1168593,190889,ENSG00000184990
69074,53564,ENSG00000142208
8656,8347,ENSG00000179627
6047,5909,ENSG00000258701
1197,1178,ENSG00000258593
7704,7410,ENSG00000099814
1284,1192,ENSG00000185567
7463,7195,ENSG00000140104
167311,99457,ENSG00000170779
1589,1563,ENSG00000257556
27837,24368,ENSG00000184916
263208,130548,ENSG00000183828
24609,22364,ENSG00000185024
25358,23143,ENSG00000179364
5167,5010,ENSG00000226174
29298,25698,ENSG00000251602
122988,82156,ENSG00000182979
2263,1955,ENSG00000182809
70595,53374,ENSG00000185347
2915,2790,ENSG00000184986
366791,154380,ENSG00000187156
21753,20079,ENSG00000153575
19370,17971,ENSG00000068793
182862,103314,ENSG00000140157
26246,23658,ENSG00000170113
3148,3032,ENSG00000179455
159908,99628,ENSG00000114062
7189,6974,ENSG00000182256
126227,86558,ENSG00000128731
38484,33753,ENSG00000034053
38854,34348,ENSG00000185115
150357,97915,ENSG00000104067
37910,31794,ENSG00000187951
1633,1611,ENSG00000269974
16721,15709,ENSG00000198690
4063,3992,ENSG00000166912
1965,1922,ENSG00000259448
36866,31321,ENSG00000169926
8689,8350,ENSG00000261064
93238,63868,ENSG00000198826
41178,34394,ENSG00000169857
229647,118579,ENSG00000134153
10132,9679,ENSG00000182405
119275,82872,ENSG00000134152
350668,151418,ENSG00000128463
2917,2879,ENSG00000140199
998309,190282,ENSG00000182117
16259,15253,ENSG00000176454
28212,25076,ENSG00000175265
23595,21361,ENSG00000215252
39602,34768,ENSG00000021776
107319,76011,ENSG00000198146
70010,55468,ENSG00000134146
15148,14293,ENSG00000186073
59547,49354,ENSG00000134138
2855,2818,ENSG00000259460
17153,15965,ENSG00000166068
34220,30578,ENSG00000171262
6579,6338,ENSG00000259345
1456,1107,ENSG00000137801
5137,4996,ENSG00000261136
111230,78671,ENSG00000128829
1958596,204502,ENSG00000140319
28609,25288,ENSG00000248508
1554,1509,ENSG00000104081
48152,38032,ENSG00000156970
2705,2647,ENSG00000137841
7477,7262,ENSG00000259330
116875,71540,ENSG00000128944
2321,2255,ENSG00000128928
14562,13775,ENSG00000140320
8728,8451,ENSG00000169105
105622,77696,ENSG00000128891
41894,36683,ENSG00000166133
83254,59124,ENSG00000137812
51906,42454,ENSG00000051180
87719,66378,ENSG00000137824
233337,119591,ENSG00000137880
25594,23309,ENSG00000104129
41574,36248,ENSG00000166140
6582,6193,ENSG00000261183
7856,7322,ENSG00000166145
3612,3435,ENSG00000104140
10091,9654,ENSG00000104142
22541,17085,ENSG00000128965
57827,47185,ENSG00000128908
119851,78899,ENSG00000187446
84527,62626,ENSG00000104147
206038,96732,ENSG00000137804
45379,38230,ENSG00000137806
193251,115165,ENSG00000137815
20963,18272,ENSG00000137825
2910,2836,ENSG00000062524
26039,23764,ENSG00000103932
32953,29044,ENSG00000092445
47750,40733,ENSG00000174197
5463,5174,ENSG00000137802
37725,32879,ENSG00000103966
12974,12417,ENSG00000166887
51720,42904,ENSG00000103978
11625,11185,ENSG00000214013
156928,98534,ENSG00000103994
160015,101975,ENSG00000092531
29828,26923,ENSG00000180979
110652,78609,ENSG00000137814
18041,16380,ENSG00000159433
7907,7679,ENSG00000140326
17469,16328,ENSG00000128881
7285,7051,ENSG00000246283
21261,19701,ENSG00000159459
14889,13209,ENSG00000166947
18468,17257,ENSG00000137842
150103,97574,ENSG00000166946
9425,9107,ENSG00000168806
93487,70747,ENSG00000168803
14045,13298,ENSG00000140265
49438,42384,ENSG00000137822
30096,27034,ENSG00000067369
112764,70105,ENSG00000166963
7212,7027,ENSG00000168781
6280,6084,ENSG00000237289
16367,15372,ENSG00000166762
7518,7224,ENSG00000223572
340595,144873,ENSG00000167004
4078348,206252,ENSG00000140264
14928,13975,ENSG00000242028
80484,61365,ENSG00000140259
63884,50521,ENSG00000092470
81784,63108,ENSG00000166734
54528,45089,ENSG00000137770
96563,72597,ENSG00000179523
527500,171145,ENSG00000104131
36797,32787,ENSG00000104133
1554160,203128,ENSG00000166710
13086,12107,ENSG00000185880
127939,86923,ENSG00000140263
1800,1788,ENSG00000137857
1736,1708,ENSG00000138606
17274,16127,ENSG00000171763
5803,5675,ENSG00000104154
89713,68202,ENSG00000104164
831933,172534,ENSG00000128951
57541,46681,ENSG00000103995
400079,158374,ENSG00000255302
23228,21273,ENSG00000138593
127235,87560,ENSG00000166200
39644,34202,ENSG00000156958
13617,12876,ENSG00000166262
82157,63177,ENSG00000104047
46091,38108,ENSG00000140284
73127,57106,ENSG00000104064
82372,63620,ENSG00000138592
51427,43602,ENSG00000092439
60285,49357,ENSG00000138600
12411,11837,ENSG00000081014
42779,36884,ENSG00000104093
39345,24985,ENSG00000104112
78984,58282,ENSG00000140280
16439,15075,ENSG00000128872
110646,78191,ENSG00000138594
33001,29099,ENSG00000166477
131131,88540,ENSG00000069956
7826,6929,ENSG00000069966
160393,100958,ENSG00000128989
5048,4827,ENSG00000047346
4910,4279,ENSG00000166415
770419,189006,ENSG00000137876
234691,112759,ENSG00000069974
123393,83169,ENSG00000225973
13733,13150,ENSG00000069943
60164,46424,ENSG00000260916
5413,5190,ENSG00000261652
10466,9905,ENSG00000069869
11231,10768,ENSG00000181827
12086,11433,ENSG00000151575
102477,76451,ENSG00000137871
45176,38861,ENSG00000140262
39964,35164,ENSG00000255529
387730,136103,ENSG00000128918
41343,36101,ENSG00000137845
1260,1242,ENSG00000245975
73334,57470,ENSG00000128923
17953,16804,ENSG00000157450
239055,124970,ENSG00000137776
189286,89729,ENSG00000157456
741300,176037,ENSG00000140307
70898,56990,ENSG00000140299
341470,138585,ENSG00000182718
105076,76476,ENSG00000128915
5100,4963,ENSG00000245534
1496,1485,ENSG00000259274
38225,33293,ENSG00000129003
6065,5863,ENSG00000171914
119174,80454,ENSG00000140416
56107,45498,ENSG00000103642
560390,178411,ENSG00000185088
21932,19992,ENSG00000166128
13853,12997,ENSG00000138613
80843,63112,ENSG00000140455
60493,49836,ENSG00000103657
1857,1826,ENSG00000035664
486954,168373,ENSG00000166797
51961,43788,ENSG00000028528
6557,6261,ENSG00000157734
649718,176836,ENSG00000166794
22584,20877,ENSG00000169118
1057349,177711,ENSG00000166803
27427,24819,ENSG00000103671
51420,42818,ENSG00000180357
175457,106083,ENSG00000180304
15639,13546,ENSG00000166831
100758,46775,ENSG00000140451
3187,3121,ENSG00000241839
332173,150717,ENSG00000090487
45601,39268,ENSG00000103707
1248,1241,ENSG00000246922
143077,93919,ENSG00000090470
68005,54433,ENSG00000166855
22569,20632,ENSG00000138617
1138,1121,ENSG00000103742
55616,45866,ENSG00000074603
128155,85385,ENSG00000074696
38714,34168,ENSG00000138614
4035,3930,ENSG00000074621
16549,15646,ENSG00000174485
313329,149736,ENSG00000103769
21752,20165,ENSG00000166938
69807,54518,ENSG00000075131
55412,46300,ENSG00000169032
14261,13516,ENSG00000261351
257241,127116,ENSG00000174446
8053595,207186,ENSG00000174444
73784,57455,ENSG00000174442
2652,2629,ENSG00000188501
3104,3033,ENSG00000259471
14517,12702,ENSG00000137834
21412,19467,ENSG00000166949
74817,59163,ENSG00000103591
6864,6655,ENSG00000103599
9509,9119,ENSG00000259673
182947,109316,ENSG00000189227
3110,3048,ENSG00000270964
23313,21498,ENSG00000137764
47955,41004,ENSG00000033800
2738,2700,ENSG00000129007
118554,81072,ENSG00000128973
31254,27977,ENSG00000169018
207952,115140,ENSG00000140350
3342,3282,ENSG00000138604
1351,1331,ENSG00000259426
51430,38652,ENSG00000137807
26433191,207321,ENSG00000137818
34189,29993,ENSG00000140332
22727,20692,ENSG00000066933
6487,6325,ENSG00000166192
383235,114960,ENSG00000067225
20583,19002,ENSG00000137817
84542,65636,ENSG00000213614
3249,3177,ENSG00000261423
34346,30501,ENSG00000166233
28672,25835,ENSG00000140463
64450,52587,ENSG00000159322
4306,4240,ENSG00000156642
2961,2693,ENSG00000103855
19792,18394,ENSG00000067221
30380,27517,ENSG00000140464
8945,8311,ENSG00000137868
13985,12492,ENSG00000259264
12363,11519,ENSG00000138623
130499,91382,ENSG00000138629
40563,35014,ENSG00000247240
28554,25255,ENSG00000179361
66923,53418,ENSG00000179335
30540,27474,ENSG00000179151
30224,26846,ENSG00000103653
29589,26659,ENSG00000140474
69437,55642,ENSG00000140497
35357,31136,ENSG00000178802
48495,41319,ENSG00000178761
1496530,200255,ENSG00000178741
85837,51061,ENSG00000178718
53824,43560,ENSG00000138621
29629,26296,ENSG00000167173
166516,101579,ENSG00000140365
5142,4989,ENSG00000140398
25423,23174,ENSG00000140400
5149,5030,ENSG00000260274
43584,37511,ENSG00000169375
19457,18095,ENSG00000169410
66306,53415,ENSG00000169371
400394,153710,ENSG00000177971
6761,6581,ENSG00000173548
64742,52602,ENSG00000140367
105356,75876,ENSG00000167196
285961,139287,ENSG00000140374
15899,14912,ENSG00000159556
16113,15109,ENSG00000140386
165669,101988,ENSG00000117906
74820,59231,ENSG00000140391
17633,16463,ENSG00000173517
25595,23623,ENSG00000140382
9972,9259,ENSG00000169783
7217,7008,ENSG00000167202
79976,60806,ENSG00000136425
88949,65914,ENSG00000166411
2252,2180,ENSG00000140403
199004,114367,ENSG00000140395
79461,62538,ENSG00000136381
6112,5927,ENSG00000188266
716487,185291,ENSG00000041357
19512,17927,ENSG00000169684
650534,183504,ENSG00000185787
215692,115967,ENSG00000103811
292880,141048,ENSG00000166557
1285,1269,ENSG00000169330
118998,83395,ENSG00000136371
24746,21908,ENSG00000180953
270805,139974,ENSG00000086666
299463,133996,ENSG00000103876
294205,134592,ENSG00000117899
73500,47151,ENSG00000140406
50874,34664,ENSG00000156206
16069,14290,ENSG00000172349
13762,12831,ENSG00000172345
12428,11356,ENSG00000259343
6563,6359,ENSG00000259594
19765,18279,ENSG00000259692
11695,11106,ENSG00000183496
26080,23880,ENSG00000140598
16218,15022,ENSG00000188659
14542,13912,ENSG00000184779
2018,2003,ENSG00000196648
8743,8496,ENSG00000182774
32572,28968,ENSG00000214575
1526,1510,ENSG00000259462
118659,78831,ENSG00000250988
49608,41452,ENSG00000156232
265687,134745,ENSG00000169612
154044,94077,ENSG00000169609
58320,48144,ENSG00000064726
31363,26930,ENSG00000166503
11537,9850,ENSG00000140600
4947,4835,ENSG00000259511
5730,5565,ENSG00000184206
22026,20234,ENSG00000176371
124414,82697,ENSG00000177082
1661200,203721,ENSG00000140612
34268,30442,ENSG00000166716
39372,34266,ENSG00000073417
7193,5960,ENSG00000259527
198502,110262,ENSG00000259494
348063,144892,ENSG00000181991
15989,15044,ENSG00000140543
86435,63281,ENSG00000181026
24441,19623,ENSG00000172183
2634,2522,ENSG00000140511
110882,74179,ENSG00000140545
45130,38522,ENSG00000140526
122618,82244,ENSG00000140525
35925,31839,ENSG00000140521
3375,3283,ENSG00000261441
24118,21671,ENSG00000140534
1647,1619,ENSG00000166813
1852,1796,ENSG00000166823
1514,1489,ENSG00000188095
8241,7996,ENSG00000157823
4825,4727,ENSG00000140548
162821,95398,ENSG00000182054
9299,8901,ENSG00000185033
596888,170538,ENSG00000185043
1606,1587,ENSG00000183208
10321,9949,ENSG00000182768
4827,4746,ENSG00000196391
87623,63363,ENSG00000140575
55312,46150,ENSG00000140577
2409,2382,ENSG00000259736
75080,57815,ENSG00000197299
89222,66690,ENSG00000140564
13976,12035,ENSG00000182511
63976,50812,ENSG00000196547
51443,43886,ENSG00000140553
324422,139589,ENSG00000184508
142423,92027,ENSG00000166965
134738,80344,ENSG00000198901
19664,18474,ENSG00000184056
7085,6831,ENSG00000214432
1391,1365,ENSG00000185442
207631,114494,ENSG00000173575
1166,1161,ENSG00000270017
22843,20650,ENSG00000247809
186901,98432,ENSG00000185551
5232,5073,ENSG00000185594
6138,5822,ENSG00000259485
10487,10090,ENSG00000251209
91945,62767,ENSG00000140450
7660,7382,ENSG00000140443
4521,4411,ENSG00000103852
36824,32518,ENSG00000168904
31460,28172,ENSG00000068305
12483,11912,ENSG00000183060
3224,3161,ENSG00000259363
4424,4268,ENSG00000270127
50893,42765,ENSG00000140471
13277,12581,ENSG00000183475
11617,10955,ENSG00000259583
8638,8261,ENSG00000154237
3343,3181,ENSG00000259755
20051,18583,ENSG00000131873
343386,141038,ENSG00000131871
398528,149967,ENSG00000131876
1468,1455,ENSG00000259172
5480,5337,ENSG00000140479
153506,98984,ENSG00000184277
41179,35385,ENSG00000185418
7041,6801,ENSG00000259658
1235,1217,ENSG00000248893
113588,81921,ENSG00000234769
2803,2761,ENSG00000231439
699515,159146,ENSG00000161980
1104817,175129,ENSG00000161981
6603,6404,ENSG00000007384
688993,181345,ENSG00000103152
163623,102131,ENSG00000103148
1348,1336,ENSG00000269482
1125,1120,ENSG00000228779
24198719,206345,ENSG00000130656
3172,1554,ENSG00000206177
4051140,201113,ENSG00000188536
5529519,204605,ENSG00000206172
594042,169484,ENSG00000086506
1654,1642,ENSG00000268836
101510,70339,ENSG00000007392
56530,46543,ENSG00000167930
9002,8188,ENSG00000242173
50116,41872,ENSG00000103126
589881,171495,ENSG00000086504
50492,42321,ENSG00000129925
1407838,191214,ENSG00000103202
32757,29244,ENSG00000242612
2379,2351,ENSG00000090565
50672,40985,ENSG00000103326
7046,6574,ENSG00000161992
65043,51843,ENSG00000007541
16705,15353,ENSG00000257108
36838,32356,ENSG00000197562
2724,2613,ENSG00000127578
833897,179929,ENSG00000130731
824674,178454,ENSG00000172366
6936,6629,ENSG00000161996
186190,106746,ENSG00000140983
13424,12402,ENSG00000103269
2077,2046,ENSG00000260394
1020127,182214,ENSG00000103266
111995,76678,ENSG00000161999
25579,23468,ENSG00000127580
4828,4630,ENSG00000127585
165067,89138,ENSG00000103260
708893,159211,ENSG00000103254
5619,5403,ENSG00000162004
189419,101389,ENSG00000103253
51564,43539,ENSG00000103245
235189,108054,ENSG00000007376
46199,38677,ENSG00000127586
1409,1396,ENSG00000103227
968916,190897,ENSG00000103275
2956,2811,ENSG00000007516
430364,152248,ENSG00000007520
55749,47128,ENSG00000090581
74988,58387,ENSG00000059145
267253,126926,ENSG00000174109
51021,42531,ENSG00000103249
39678,34342,ENSG00000100726
2720,2632,ENSG00000187535
15205,14324,ENSG00000007545
22722,21035,ENSG00000261732
231950,121186,ENSG00000206053
9597,9260,ENSG00000138834
306788,139096,ENSG00000103024
1104014,190170,ENSG00000074071
9307,8889,ENSG00000197774
69206,53956,ENSG00000162032
312572,139222,ENSG00000095906
143999,92746,ENSG00000063854
63344,51745,ENSG00000180185
337764,138699,ENSG00000162039
199274,104808,ENSG00000198736
2446,1328,ENSG00000140986
1282187,195921,ENSG00000140990
62442881,207322,ENSG00000140988
60885,48203,ENSG00000255198
102247,73869,ENSG00000183751
168362,102601,ENSG00000127554
182034,105737,ENSG00000127561
104158,70685,ENSG00000167962
67486,46199,ENSG00000183971
157735,93625,ENSG00000065054
215531,113088,ENSG00000065057
39163,34638,ENSG00000103197
27390,24575,ENSG00000008710
2808,2710,ENSG00000167964
66574,50572,ENSG00000260260
126026,86777,ENSG00000131653
1130,1122,ENSG00000167971
262810,129047,ENSG00000167965
5205,4885,ENSG00000182685
839514,171745,ENSG00000184207
63627,50900,ENSG00000167967
1888,1872,ENSG00000167968
434693,158337,ENSG00000167969
1059759,194963,ENSG00000205937
10115,9625,ENSG00000260778
24191,21954,ENSG00000167972
88807,58238,ENSG00000162063
2113,2088,ENSG00000260095
100331,70253,ENSG00000162062
1337,1328,ENSG00000259895
35749,30927,ENSG00000162065
1904,1886,ENSG00000185883
92759,66322,ENSG00000162066
78026,60360,ENSG00000140992
3528,3435,ENSG00000261613
1617,1598,ENSG00000269937
4974,4878,ENSG00000261140
51442,41566,ENSG00000167977
1838,1779,ENSG00000172382
6888,6655,ENSG00000205913
835600,185470,ENSG00000167978
1288418,200726,ENSG00000103363
331637,142299,ENSG00000007038
4656,4477,ENSG00000263280
176869,107527,ENSG00000162076
24293,22266,ENSG00000059122
11020,10054,ENSG00000131650
139290,86051,ENSG00000127564
52906,42204,ENSG00000162073
8156,7793,ENSG00000272079
1188,1156,ENSG00000213937
6365,4304,ENSG00000184697
162935,79655,ENSG00000006327
141674,94435,ENSG00000103145
242058,124180,ENSG00000131652
2953,2758,ENSG00000162069
16457,15529,ENSG00000261971
7959,5465,ENSG00000008517
1198,1191,ENSG00000263214
51550,43511,ENSG00000122386
22559,20629,ENSG00000263072
13981,13287,ENSG00000085644
12088,7941,ENSG00000261889
33137,29365,ENSG00000010539
47901,40400,ENSG00000006194
33605,29563,ENSG00000140993
118505,82795,ENSG00000162086
28626,25545,ENSG00000140987
28977,26179,ENSG00000103343
2692,2670,ENSG00000122390
29792,26814,ENSG00000103351
14805,13975,ENSG00000188827
32663,28713,ENSG00000213918
347036,144463,ENSG00000126602
58864,48452,ENSG00000005339
8711,8403,ENSG00000162104
1629,1618,ENSG00000263105
8835,8408,ENSG00000262468
51060,43311,ENSG00000090447
2204,2088,ENSG00000126603
44453,34530,ENSG00000217930
27086,24634,ENSG00000262246
8206,7626,ENSG00000168140
128811,85549,ENSG00000103423
300594,133673,ENSG00000153406
179567,102560,ENSG00000103415
49037,40261,ENSG00000153443
31469,28349,ENSG00000102858
124460,82786,ENSG00000168101
86335,66055,ENSG00000168096
21555,20072,ENSG00000103199
53147,43587,ENSG00000067836
124965,86777,ENSG00000140632
261563,133854,ENSG00000118900
3933,3756,ENSG00000118898
38824,34030,ENSG00000103174
33303,29877,ENSG00000033011
158299,92547,ENSG00000118894
1173,1167,ENSG00000260289
25848,23525,ENSG00000067365
4374,4082,ENSG00000183044
72397,57842,ENSG00000184857
19718,18227,ENSG00000140650
786181,182728,ENSG00000153048
88384,65245,ENSG00000187555
58075,46186,ENSG00000182831
8932,8602,ENSG00000260349
631941,159006,ENSG00000166669
36213,29706,ENSG00000213853
102152,73931,ENSG00000103274
185708,108982,ENSG00000182108
18865,17652,ENSG00000038532
242726,116787,ENSG00000175643
143327,65104,ENSG00000185338
1237,1223,ENSG00000188897
180761,103191,ENSG00000189067
11856,11012,ENSG00000184602
50764,42914,ENSG00000153066
4422,4264,ENSG00000262420
58500,48099,ENSG00000122299
1400991,201446,ENSG00000171490
754348,181597,ENSG00000103342
1188,1183,ENSG00000261216
21721,20109,ENSG00000048471
69785,53406,ENSG00000103381
2750,2708,ENSG00000261158
32026,28635,ENSG00000175595
34707,31042,ENSG00000186260
1878,1851,ENSG00000262454
57112,47433,ENSG00000140694
187964,111124,ENSG00000103429
12250,11686,ENSG00000103512
4815,4708,ENSG00000183426
75662,59017,ENSG00000179889
1906,1893,ENSG00000260872
108443,76862,ENSG00000157045
40822,34888,ENSG00000085721
2285,2260,ENSG00000183793
1755,1707,ENSG00000166780
25809,23443,ENSG00000166783
33799,28786,ENSG00000072864
238691,128975,ENSG00000133393
17247,16210,ENSG00000103222
9374,9082,ENSG00000103226
1281,1272,ENSG00000183889
4589,4512,ENSG00000260126
118440,81503,ENSG00000261448
3067,3011,ENSG00000185164
12921884,207318,ENSG00000134419
322464,119132,ENSG00000170540
102298,74148,ENSG00000157106
1250,1235,ENSG00000260352
1706,1682,ENSG00000170537
53366,45491,ENSG00000167186
9407,8392,ENSG00000205730
15553,14317,ENSG00000103534
15159,13151,ENSG00000260592
112896,79412,ENSG00000006007
50754,42465,ENSG00000103540
30995,28047,ENSG00000103544
235331,124384,ENSG00000103550
18032,16706,ENSG00000174628
3580,3490,ENSG00000167191
144166,84970,ENSG00000005187
8509,8136,ENSG00000166743
200501,114039,ENSG00000066654
74508,58578,ENSG00000196678
47238,38618,ENSG00000005189
3841,3745,ENSG00000188215
104978,74763,ENSG00000102897
2333,2274,ENSG00000158486
2390,2347,ENSG00000263331
35083,29666,ENSG00000011638
17702,15166,ENSG00000103316
5700,5514,ENSG00000189149
543521,178084,ENSG00000197006
2519,2497,ENSG00000185864
563963,180223,ENSG00000140740
24272,22109,ENSG00000185716
2128,2103,ENSG00000183921
37464,32989,ENSG00000103319
133917,87940,ENSG00000058600
41929,35204,ENSG00000140743
17122,16110,ENSG00000243716
12995,12424,ENSG00000103404
20939,19521,ENSG00000168434
33975,29372,ENSG00000260136
91777,69044,ENSG00000103365
42384,36430,ENSG00000103356
94504,70570,ENSG00000103353
1372143,196845,ENSG00000004779
41978,36025,ENSG00000083093
77554,59291,ENSG00000166847
1851,1826,ENSG00000260482
3955,3895,ENSG00000259806
267934,97652,ENSG00000166851
3643,3507,ENSG00000166869
497356,153469,ENSG00000166501
179886,106194,ENSG00000122257
82768,64070,ENSG00000090905
33598,29742,ENSG00000140750
4610,4513,ENSG00000262155
2869,2832,ENSG00000260448
193927,116817,ENSG00000205629
12589,12062,ENSG00000155592
2261,2235,ENSG00000155666
212037,118320,ENSG00000169189
8393,7995,ENSG00000245888
8106,7621,ENSG00000077238
35333,31308,ENSG00000077235
7702,7490,ENSG00000047578
107550,73302,ENSG00000169180
46548,39990,ENSG00000188603
17588,6796,ENSG00000176046
38702,34167,ENSG00000176476
3358,3255,ENSG00000197165
16101,15198,ENSG00000184110
139165,91526,ENSG00000168488
1033110,191942,ENSG00000178952
56394,47174,ENSG00000178188
10695,10244,ENSG00000261766
1717,1700,ENSG00000196296
31551,27283,ENSG00000260442
12230,11332,ENSG00000177548
5672,5353,ENSG00000177455
113035,80438,ENSG00000176953
138175,90391,ENSG00000169682
4337,4232,ENSG00000213658
2598,2566,ENSG00000198106
446561,155108,ENSG00000261740
203816,108954,ENSG00000197471
475447,163675,ENSG00000103485
212704,113208,ENSG00000079616
339096,140756,ENSG00000103495
1983,1972,ENSG00000238045
1366,1340,ENSG00000167371
1644,1605,ENSG00000013364
80595,62402,ENSG00000103502
6631,6190,ENSG00000174938
3368,3108,ENSG00000174939
42388,36518,ENSG00000174943
1721,1698,ENSG00000247735
629770,184129,ENSG00000149932
29800,26928,ENSG00000149930
109544,77353,ENSG00000149929
121643,82519,ENSG00000169592
4842677,206849,ENSG00000149925
664075,184664,ENSG00000149923
114740,62064,ENSG00000090238
1658,1622,ENSG00000250616
1838,1808,ENSG00000102886
54011,45483,ENSG00000102882
2019,1804,ENSG00000102879
12713,12059,ENSG00000169627
2999,2971,ENSG00000261052
145404,93053,ENSG00000169217
55003,45152,ENSG00000169221
1622,1605,ENSG00000180209
31376,27723,ENSG00000180035
45941,38738,ENSG00000180096
61407,47446,ENSG00000179965
860379,170048,ENSG00000179958
278395,135355,ENSG00000179918
71266,56156,ENSG00000169957
5796,5671,ENSG00000169955
27302,24592,ENSG00000235560
10628,10165,ENSG00000169951
58395,47458,ENSG00000229809
3042,2945,ENSG00000239791
27153,24961,ENSG00000197162
38970,33980,ENSG00000156853
97942,73603,ENSG00000156858
39066,34021,ENSG00000156860
6687,6450,ENSG00000261840
54861,45855,ENSG00000080603
54587,45493,ENSG00000156873
28460,24505,ENSG00000196118
93331,69501,ENSG00000103549
13562,12807,ENSG00000102870
412433,150450,ENSG00000099385
29690,26464,ENSG00000260083
4751,4568,ENSG00000150281
5263,5077,ENSG00000260852
28242,24812,ENSG00000099364
106372,67420,ENSG00000175938
41150,35514,ENSG00000099381
26372,23474,ENSG00000099377
3342,3263,ENSG00000099365
103807,74732,ENSG00000103496
28435,25802,ENSG00000167394
16033,15159,ENSG00000167395
342840,149570,ENSG00000167397
143620,93952,ENSG00000103507
98131,74276,ENSG00000103510
10383,9289,ENSG00000052344
2538,2499,ENSG00000178226
842379,188023,ENSG00000089280
1756,1740,ENSG00000260060
1991,1973,ENSG00000261474
6660,6487,ENSG00000260267
11910,11372,ENSG00000140691
2102,2077,ENSG00000140682
35142,31235,ENSG00000140688
4542,4364,ENSG00000260625
96882,55277,ENSG00000169877
66211,53581,ENSG00000197302
62871,50551,ENSG00000185947
9735,9289,ENSG00000205456
2479,2460,ENSG00000261200
1370,1348,ENSG00000260857
53484,42224,ENSG00000171241
246356,131968,ENSG00000069329
181044,106116,ENSG00000091651
3488,3431,ENSG00000261788
3118,3073,ENSG00000140795
89253,68119,ENSG00000155330
27729,24197,ENSG00000166123
174134,107717,ENSG00000069345
91181,67628,ENSG00000171208
115453,82452,ENSG00000129636
183412,111147,ENSG00000102893
98457,73566,ENSG00000102910
49101,42172,ENSG00000196470
46918,39824,ENSG00000102921
16286,15395,ENSG00000205423
17066,15897,ENSG00000155393
32596,29002,ENSG00000121274
22698,20709,ENSG00000121281
249533,126237,ENSG00000166164
14357,13311,ENSG00000083799
185651,113698,ENSG00000177200
39692,34872,ENSG00000103479
13562,12837,ENSG00000166971
30969,27194,ENSG00000103494
17547,16387,ENSG00000140718
392392,152248,ENSG00000245694
3210,3159,ENSG00000176842
41986,36481,ENSG00000159461
6870,6676,ENSG00000260621
273938,137719,ENSG00000167005
80609,62075,ENSG00000087263
5023,4881,ENSG00000125124
122093,43150,ENSG00000125148
7582,6250,ENSG00000198417
5256,1728,ENSG00000125144
55399,32182,ENSG00000187193
82096,61685,ENSG00000102900
113260,62867,ENSG00000051108
13737,12765,ENSG00000140848
269606,136922,ENSG00000172775
60661,49763,ENSG00000159579
223707,125487,ENSG00000102931
2525,2477,ENSG00000102934
169740,100895,ENSG00000005194
198516,113899,ENSG00000088682
298877,137635,ENSG00000102978
14716,13751,ENSG00000125170
19397,18002,ENSG00000135736
49165,40413,ENSG00000140854
49871,38126,ENSG00000140859
3614,3527,ENSG00000159648
4093,4030,ENSG00000166188
207047,116170,ENSG00000103005
8440,7995,ENSG00000102996
162404,99448,ENSG00000070761
90110,67501,ENSG00000070770
16486,15346,ENSG00000103021
24453,22156,ENSG00000181938
1876,1528,ENSG00000103034
43533,37428,ENSG00000103037
132700,87907,ENSG00000125107
26027,23648,ENSG00000103042
193097,113533,ENSG00000125166
7547,7241,ENSG00000150394
11737,11183,ENSG00000166548
3562,2470,ENSG00000261519
302846,126443,ENSG00000217555
111323,69641,ENSG00000140931
21490,19782,ENSG00000183723
75570,59191,ENSG00000135720
384180,151080,ENSG00000159593
1539,1494,ENSG00000258122
1310,1234,ENSG00000168748
8696,8389,ENSG00000172840
16126,14950,ENSG00000261088
16993,6977,ENSG00000166592
865671,188201,ENSG00000166595
76358,59845,ENSG00000172831
93254,66103,ENSG00000067955
26144,23966,ENSG00000125149
3401,3287,ENSG00000237172
114405,80658,ENSG00000102871
24013,22032,ENSG00000135722
9091,8732,ENSG00000102878
21793,19866,ENSG00000140939
11500,11010,ENSG00000196123
309023,140371,ENSG00000205250
5141,5031,ENSG00000102890
5846,5673,ENSG00000125122
474029,154550,ENSG00000168701
47324,39700,ENSG00000135723
2371,2341,ENSG00000135740
21465,19576,ENSG00000196155
2655,2359,ENSG00000159713
1207,1179,ENSG00000159714
3495,3428,ENSG00000176387
128975,85062,ENSG00000159720
18193,16893,ENSG00000039523
2078,2046,ENSG00000261386
2359,2302,ENSG00000259804
139316,92983,ENSG00000102974
4817,4516,ENSG00000159753
114607,80928,ENSG00000102977
14805,13691,ENSG00000102981
36338,31383,ENSG00000124074
1948,1914,ENSG00000159761
42413,36297,ENSG00000141098
19011,17748,ENSG00000141084
107826,76911,ENSG00000102901
129217,85076,ENSG00000168286
777700,182855,ENSG00000102898
2454,2424,ENSG00000038358
13561,12833,ENSG00000159792
1807,1786,ENSG00000141086
22980,20236,ENSG00000261884
107060,72200,ENSG00000205220
3364,3310,ENSG00000213398
12812,12085,ENSG00000124067
2090,2035,ENSG00000167261
21880,20199,ENSG00000167264
52864,44021,ENSG00000182810
145829,94119,ENSG00000072736
10361,9917,ENSG00000103066
52715,43461,ENSG00000103064
78043,60721,ENSG00000103061
39844,35215,ENSG00000132600
13695,12965,ENSG00000184939
13455,12609,ENSG00000103047
149069,96557,ENSG00000168802
174018,101681,ENSG00000141076
22072,20091,ENSG00000168807
201696,111106,ENSG00000132612
43084,37833,ENSG00000213380
1259,1244,ENSG00000258429
244645,122859,ENSG00000132603
60313,48354,ENSG00000132604
210198,117927,ENSG00000103018
61669,49934,ENSG00000102908
103936,67001,ENSG00000181019
1882,1868,ENSG00000262136
369355,151292,ENSG00000141101
25982,23798,ENSG00000198373
15545,14707,ENSG00000090857
45040,36132,ENSG00000223496
142587,90100,ENSG00000090861
36722,32536,ENSG00000157349
80189,61547,ENSG00000168872
142997,92703,ENSG00000157350
12384,11826,ENSG00000157353
55359,46426,ENSG00000103051
89823,68078,ENSG00000189091
3109,3049,ENSG00000260023
21951,19975,ENSG00000132613
51709,43006,ENSG00000103043
47807,40770,ENSG00000180917
2937,2896,ENSG00000167377
3434,3382,ENSG00000157429
7072,6525,ENSG00000040199
57201,46484,ENSG00000166747
28458,25468,ENSG00000224470
81029,62897,ENSG00000182149
15740,14714,ENSG00000102984
1968,1953,ENSG00000263320
73396,56687,ENSG00000102967
53037,43518,ENSG00000140830
67959,54645,ENSG00000140829
8481,8200,ENSG00000261008
3823,3722,ENSG00000140836
8125,7842,ENSG00000259901
520340,170029,ENSG00000103035
2697,2663,ENSG00000259972
14120,13337,ENSG00000260539
47066,40459,ENSG00000090863
81880,61893,ENSG00000168411
1343,1270,ENSG00000168404
60843,50081,ENSG00000103091
85213,62210,ENSG00000186187
1121,1096,ENSG00000166816
12702,12101,ENSG00000184517
33503,29611,ENSG00000050820
207937,116536,ENSG00000153774
106013,77224,ENSG00000166822
7347,7109,ENSG00000205084
735170,188635,ENSG00000034713
43472,37363,ENSG00000065457
462389,168845,ENSG00000065427
180093,105726,ENSG00000166848
2198,2161,ENSG00000152910
43380,37432,ENSG00000103111
3029,2960,ENSG00000205078
32152,28630,ENSG00000140876
26401,23760,ENSG00000186153
13210,9169,ENSG00000260896
350358,142966,ENSG00000103121
671280,170236,ENSG00000166451
52411,43891,ENSG00000166454
14922,13905,ENSG00000166455
1600,1581,ENSG00000261141
841279,175984,ENSG00000140905
1993,1969,ENSG00000260495
63715,50292,ENSG00000261609
84289,62758,ENSG00000153815
5343,5186,ENSG00000197943
43807,23817,ENSG00000260682
1905,1858,ENSG00000261235
175292,104745,ENSG00000135698
1287594,196567,ENSG00000230989
28222,25580,ENSG00000103150
26339,19075,ENSG00000140961
51110,43104,ENSG00000140943
17159,15766,ENSG00000260018
42553,36910,ENSG00000103160
22926,21040,ENSG00000103168
15943,15012,ENSG00000140950
122574,77472,ENSG00000103187
87198,67402,ENSG00000135686
199507,112452,ENSG00000103194
74091,59269,ENSG00000153786
21030,19441,ENSG00000135709
5234,5097,ENSG00000179219
135783,90016,ENSG00000131149
505761,151841,ENSG00000131153
339213,139450,ENSG00000131148
5224238,206992,ENSG00000131143
1140,1124,ENSG00000261177
19760,18427,ENSG00000103248
6845,6655,ENSG00000260456
3010,2945,ENSG00000270006
15986,15065,ENSG00000103264
601663,175803,ENSG00000140941
11773,11205,ENSG00000140948
1875,1850,ENSG00000226180
55850,46567,ENSG00000104731
1351,1344,ENSG00000205047
110274,73023,ENSG00000103257
28824,25752,ENSG00000172530
5736,5494,ENSG00000179588
133793,89784,ENSG00000158545
970851,184388,ENSG00000051523
128504,85963,ENSG00000167508
11984,11383,ENSG00000260630
13480,12503,ENSG00000185669
125756,84854,ENSG00000158717
150762,90973,ENSG00000174177
131791,85405,ENSG00000103335
5714,5592,ENSG00000182376
654258,167091,ENSG00000167513
2169524,200721,ENSG00000198931
27632,24868,ENSG00000141012
408306,149355,ENSG00000167515
78745,57949,ENSG00000129993
65130,53162,ENSG00000176715
3484,2816,ENSG00000129910
12683,11739,ENSG00000259877
21400,18937,ENSG00000170100
277523,128682,ENSG00000167522
6182,5797,ENSG00000268218
81660,63806,ENSG00000197912
2091,2026,ENSG00000261118
47207396,207324,ENSG00000167526
126356,76272,ENSG00000178773
157162,99198,ENSG00000131165
130136,84422,ENSG00000167523
66654,53501,ENSG00000185324
2055,2015,ENSG00000260259
32807,28413,ENSG00000158792
25110,22738,ENSG00000075399
117951,72393,ENSG00000261373
39534,34321,ENSG00000158805
77193,59186,ENSG00000187741
14728,13980,ENSG00000204991
169223,102513,ENSG00000141002
1895,1880,ENSG00000258839
432096,145986,ENSG00000140995
58596,47953,ENSG00000177946
14603,13642,ENSG00000003249
28290,25623,ENSG00000141013
1413,1403,ENSG00000260507
4859,4589,ENSG00000260923
12618,11981,ENSG00000181031
2554,2497,ENSG00000187624
59517,46050,ENSG00000183688
39420,34500,ENSG00000141252
24904,22374,ENSG00000167695
33636,29787,ENSG00000179409
184869,109822,ENSG00000167699
53978,43979,ENSG00000171861
2768,2685,ENSG00000167693
229398,115160,ENSG00000177370
1047362,198532,ENSG00000108953
138498,91248,ENSG00000167193
26607,24089,ENSG00000197879
20006,18527,ENSG00000132376
100797,72896,ENSG00000236618
69854,53319,ENSG00000174238
8668,8261,ENSG00000167703
2256,2226,ENSG00000074660
168351,105056,ENSG00000167705
139344,93420,ENSG00000174231
23716,18142,ENSG00000186594
12336,11752,ENSG00000167716
110742,69589,ENSG00000132386
33637,30018,ENSG00000186532
94476,70541,ENSG00000132383
1491,1478,ENSG00000108963
35123,31034,ENSG00000070366
8498,8179,ENSG00000167720
168050,97858,ENSG00000167721
12517,11905,ENSG00000141258
30445,27236,ENSG00000070444
61891,49865,ENSG00000127804
177898,105690,ENSG00000007168
55923,44333,ENSG00000132361
3900,3839,ENSG00000262050
2081,1958,ENSG00000132359
10927,10491,ENSG00000197417
15097,13934,ENSG00000040531
25678,22596,ENSG00000213977
1205,1194,ENSG00000257950
488376,158907,ENSG00000127774
17680,16140,ENSG00000083454
149759,91299,ENSG00000083457
10369,9913,ENSG00000177602
1685,1671,ENSG00000262194
9203,8866,ENSG00000262758
48185,40916,ENSG00000074356
5469,5291,ENSG00000004660
1731,1596,ENSG00000108405
6098,5704,ENSG00000074370
18731,17441,ENSG00000074755
32304,22355,ENSG00000167740
29917,26927,ENSG00000185722
127519,86435,ENSG00000132388
57595,44899,ENSG00000132382
73237,57128,ENSG00000141456
6615,6404,ENSG00000244184
28082,24869,ENSG00000141480
75512,58288,ENSG00000161920
2029,1940,ENSG00000161921
873049,188005,ENSG00000142507
1655,1629,ENSG00000129219
16596,15642,ENSG00000141503
1548,1534,ENSG00000185245
152844,94617,ENSG00000108528
165180,104309,ENSG00000108523
5594960,205767,ENSG00000108518
9737,9212,ENSG00000108515
161094,100609,ENSG00000091640
17140,16051,ENSG00000108509
2796,2750,ENSG00000262227
1184,1160,ENSG00000196388
85966,63488,ENSG00000129250
31546,27740,ENSG00000167840
1815,1797,ENSG00000129204
3136,3088,ENSG00000180626
178676,102100,ENSG00000029725
50977,42651,ENSG00000108559
230180,125504,ENSG00000129197
19201,17835,ENSG00000263272
1564482,197498,ENSG00000108561
60515,48026,ENSG00000005100
88272,63788,ENSG00000072849
64977,52379,ENSG00000167842
29777,26527,ENSG00000091592
43107,31424,ENSG00000129195
15545,14664,ENSG00000198920
564203,165461,ENSG00000129235
65724,52014,ENSG00000108590
2268,2243,ENSG00000212734
20253,18780,ENSG00000215067
7417,7171,ENSG00000262089
10692,9131,ENSG00000108839
10108,9567,ENSG00000219200
15901,14945,ENSG00000258315
3058,3029,ENSG00000174327
7855,7303,ENSG00000141505
1269,1255,ENSG00000132535
148492,96047,ENSG00000072778
64145,52745,ENSG00000004975
104755,72887,ENSG00000040633
9473,9194,ENSG00000170296
320998,136913,ENSG00000175826
100571,71865,ENSG00000170291
17773,15947,ENSG00000181885
6492,6257,ENSG00000181856
3275689,202615,ENSG00000132507
29294,26403,ENSG00000132522
11777,11184,ENSG00000215041
4186,4050,ENSG00000072818
6765,6558,ENSG00000213859
2132,2107,ENSG00000174292
182440,109238,ENSG00000205544
3522,3466,ENSG00000169992
7619,7358,ENSG00000181284
1826,1806,ENSG00000161958
24893,22492,ENSG00000170175
11974,11443,ENSG00000174282
95133,68168,ENSG00000181222
2157,2118,ENSG00000239697
10626,10193,ENSG00000161956
1693450,201469,ENSG00000161960
52816,36261,ENSG00000129226
12041,11401,ENSG00000233223
195967,110981,ENSG00000129255
3871,3753,ENSG00000129194
32271,28349,ENSG00000129245
64906,42559,ENSG00000141504
12283,11191,ENSG00000129244
4406,4333,ENSG00000141510
32614,29220,ENSG00000141499
25297,22562,ENSG00000132510
241780,116646,ENSG00000183011
12607,11856,ENSG00000182224
47465,39899,ENSG00000170004
5176,5082,ENSG00000179859
499586,169820,ENSG00000170043
27068,24552,ENSG00000170037
2496,2031,ENSG00000179111
10589,10026,ENSG00000179094
220583,123307,ENSG00000220205
44054,36728,ENSG00000179029
16795,15594,ENSG00000196544
167684,86814,ENSG00000178999
1766,1682,ENSG00000178977
6814,6611,ENSG00000178971
34230,29273,ENSG00000178921
1903,1884,ENSG00000269947
6704,6545,ENSG00000125434
77339,58758,ENSG00000108961
2031,2019,ENSG00000184619
5215003,207173,ENSG00000161970
41821,36126,ENSG00000166579
125212,83279,ENSG00000133026
82789,64866,ENSG00000170310
1506,1495,ENSG00000264194
1498,1421,ENSG00000264067
8581,8273,ENSG00000273290
70509,55847,ENSG00000133028
27283,24013,ENSG00000170222
4648,4571,ENSG00000154957
52219,43632,ENSG00000065559
64084,51063,ENSG00000006744
41369,35526,ENSG00000153976
58070,47973,ENSG00000006695
8453,8093,ENSG00000125430
1649,1621,ENSG00000266709
2138,2097,ENSG00000266378
60399,43534,ENSG00000109099
6259,6080,ENSG00000175106
11214,10732,ENSG00000266538
36319,32390,ENSG00000221926
7829,7589,ENSG00000187607
22642,20678,ENSG00000170425
90127,66937,ENSG00000214941
110607,80276,ENSG00000011295
250646,130453,ENSG00000141027
42121,36592,ENSG00000108474
354473,143782,ENSG00000166582
1984872,204444,ENSG00000170315
40682,33262,ENSG00000187688
27942,24576,ENSG00000181350
3433,3364,ENSG00000197566
3121,2860,ENSG00000170160
39746,34423,ENSG00000133030
2491,2461,ENSG00000225442
41450,34514,ENSG00000179598
40650,34128,ENSG00000154803
268700,134239,ENSG00000141030
32884,28756,ENSG00000205309
28726,26193,ENSG00000141026
64497,50783,ENSG00000133027
15194,14249,ENSG00000108557
4376,4288,ENSG00000226746
38845,33371,ENSG00000072310
7622,7393,ENSG00000175662
1827,1808,ENSG00000171962
77261,61590,ENSG00000171953
49054,41707,ENSG00000141034
71667,57593,ENSG00000108591
1315,1293,ENSG00000091536
107387,78416,ENSG00000091542
1651,1644,ENSG00000131899
37890,33455,ENSG00000177731
6796,6617,ENSG00000177427
28077,25395,ENSG00000177302
49958,42425,ENSG00000176974
1406,1307,ENSG00000220161
14045,13379,ENSG00000108448
19564,18138,ENSG00000171928
64215,52351,ENSG00000141127
12759,12003,ENSG00000188522
1308,1249,ENSG00000262202
22875,21051,ENSG00000072134
44898,37058,ENSG00000108641
10744,10310,ENSG00000166484
18456,17396,ENSG00000108599
72044,57072,ENSG00000128487
105972,75887,ENSG00000124422
49949,43278,ENSG00000109016
184360,110307,ENSG00000178307
1888,1875,ENSG00000235530
6362,6114,ENSG00000154035
21251,19695,ENSG00000034152
7527,7115,ENSG00000212719
14608,13727,ENSG00000263563
1279,1238,ENSG00000266795
212530,119036,ENSG00000109046
2265,2246,ENSG00000264469
1113,1098,ENSG00000266313
64359,50734,ENSG00000141068
2182,2154,ENSG00000168961
16756,15368,ENSG00000232859
43254,37270,ENSG00000087095
352364,150018,ENSG00000109084
172844,103639,ENSG00000109083
46975,39576,ENSG00000109079
539084,169684,ENSG00000004142
106148,75499,ENSG00000244045
11652,11150,ENSG00000076351
4166,4096,ENSG00000265254
5195,5050,ENSG00000258472
63180,50851,ENSG00000109103
108044,77812,ENSG00000087111
87585,60584,ENSG00000109107
45828,36990,ENSG00000076382
18478,17088,ENSG00000265287
59578,48531,ENSG00000007202
127755,89813,ENSG00000132581
108099,76262,ENSG00000109111
12037,11390,ENSG00000167525
13113729,207278,ENSG00000198242
2767,2740,ENSG00000264577
91555,63788,ENSG00000160606
18509,17274,ENSG00000160602
180748,105269,ENSG00000076604
45221,38807,ENSG00000173065
112379,76312,ENSG00000132591
24485,18709,ENSG00000264066
109603,78930,ENSG00000132589
82404,62636,ENSG00000167536
24372,22477,ENSG00000109118
6638,6457,ENSG00000196535
1424,1409,ENSG00000221995
137973,90627,ENSG00000108256
2130,2107,ENSG00000264808
84520,64942,ENSG00000160551
3828,3723,ENSG00000168792
73344,56692,ENSG00000167543
37042,32340,ENSG00000108262
7937,7626,ENSG00000198720
1122,1103,ENSG00000167549
59361,48292,ENSG00000141298
144360,92918,ENSG00000126653
2747,2724,ENSG00000265739
117677,82170,ENSG00000108578
34698,30858,ENSG00000108582
103321,73649,ENSG00000108587
61959,51084,ENSG00000176390
2220,2198,ENSG00000266490
166576,99079,ENSG00000176208
1916,1907,ENSG00000263531
49988,42521,ENSG00000172171
1457,1443,ENSG00000264107
79962,62526,ENSG00000196712
15275,14361,ENSG00000131242
537389,165559,ENSG00000172301
132488,86163,ENSG00000108651
355033,144254,ENSG00000178691
8479,8157,ENSG00000185158
2038,1968,ENSG00000214708
82735,64079,ENSG00000126858
83707,64759,ENSG00000108666
519211,177303,ENSG00000010244
350523,147626,ENSG00000108671
4658,4543,ENSG00000176749
33290,29493,ENSG00000176658
3510,3448,ENSG00000226377
221707,121737,ENSG00000006042
2773,2694,ENSG00000132141
108559,79087,ENSG00000198783
28576,25751,ENSG00000005156
19498,18177,ENSG00000092871
30682,27498,ENSG00000185379
89952,65726,ENSG00000073536
10249,9686,ENSG00000236320
266772,122169,ENSG00000267321
14553,13710,ENSG00000108733
211671,115523,ENSG00000006125
4189,4045,ENSG00000141150
173820,103220,ENSG00000172660
26339,22935,ENSG00000187456
374971,157686,ENSG00000108278
122262,82979,ENSG00000141140
81487,62566,ENSG00000184886
171684,106377,ENSG00000005955
180421,100575,ENSG00000108272
46649,38845,ENSG00000129282
1261,1250,ENSG00000267067
2806,2728,ENSG00000267785
3338,2868,ENSG00000255509
259055,131090,ENSG00000108270
100180,71740,ENSG00000132142
29819,26846,ENSG00000108264
101973,72793,ENSG00000161326
57986,47913,ENSG00000006114
137434,92406,ENSG00000141141
3896,3832,ENSG00000174093
295310,144695,ENSG00000174100
6663,6454,ENSG00000174111
4802,4658,ENSG00000225485
26906,24052,ENSG00000179294
34783,30271,ENSG00000261005
2142,2112,ENSG00000266040
43232,37258,ENSG00000108292
558250,156697,ENSG00000230055
65672,52569,ENSG00000056661
1085550,194848,ENSG00000108294
26641,24248,ENSG00000141720
94822,69320,ENSG00000108296
6228186,206947,ENSG00000125691
110146,77856,ENSG00000002834
1305,1283,ENSG00000263874
1274,1259,ENSG00000067191
26947499,207323,ENSG00000108298
5882,5723,ENSG00000266753
11678,11049,ENSG00000108306
87800,66131,ENSG00000125686
302167,138728,ENSG00000167258
113470,81328,ENSG00000131748
6222,5825,ENSG00000173991
143991,84096,ENSG00000141744
5384,5267,ENSG00000161395
15997,15142,ENSG00000141736
756418,185417,ENSG00000141741
2310,2252,ENSG00000141738
6971,6678,ENSG00000264198
1416,1410,ENSG00000161405
2104,2068,ENSG00000073605
36048,31697,ENSG00000172057
327712,142037,ENSG00000108344
61878,50391,ENSG00000008838
80791,62192,ENSG00000126351
8371,7967,ENSG00000126368
82671,63438,ENSG00000188895
69285,55468,ENSG00000108349
1745,1732,ENSG00000108352
81849,63250,ENSG00000171475
125259,80083,ENSG00000094804
2295,2265,ENSG00000270145
35202,31255,ENSG00000131759
40311,34345,ENSG00000265666
522180,125099,ENSG00000131747
16185,12895,ENSG00000141753
9356,7273,ENSG00000126353
168373,105585,ENSG00000073584
1467345,193875,ENSG00000186395
364645,144996,ENSG00000167920
1711,1584,ENSG00000171401
3688,3223,ENSG00000171346
488211,152239,ENSG00000171345
98602,70004,ENSG00000173801
4655185,206880,ENSG00000173812
5620,5427,ENSG00000141696
445278,159504,ENSG00000141698
3334,3270,ENSG00000178502
130443,85462,ENSG00000131473
73148,58318,ENSG00000173786
446802,162736,ENSG00000168259
147476,96117,ENSG00000168256
2176,2076,ENSG00000187595
72595,57379,ENSG00000108773
597258,174511,ENSG00000108774
3979,3905,ENSG00000089558
1777,1754,ENSG00000161610
37696,33005,ENSG00000167925
86372,64133,ENSG00000173757
133006,81901,ENSG00000126561
153614,97228,ENSG00000168610
73243,46919,ENSG00000177469
118280,83129,ENSG00000033627
23643,21560,ENSG00000108784
13378,12626,ENSG00000108786
28730,25802,ENSG00000266962
154545,99883,ENSG00000068120
209807,116845,ENSG00000108788
71649,53287,ENSG00000131470
25392,23290,ENSG00000141699
330978,141911,ENSG00000131462
38574,33525,ENSG00000068137
29395,25193,ENSG00000184451
19895,18062,ENSG00000267042
1192,1185,ENSG00000108797
69754,55745,ENSG00000108799
475827,167499,ENSG00000131475
42220,35584,ENSG00000126562
461352,154573,ENSG00000183978
106142,76474,ENSG00000126581
231866,115731,ENSG00000131467
1615,1579,ENSG00000131480
66711,53480,ENSG00000266967
25005,22652,ENSG00000267060
49841,42217,ENSG00000198863
7983728,207308,ENSG00000131469
78034,60100,ENSG00000068079
216333,113271,ENSG00000108828
6021,5723,ENSG00000108830
147270,91099,ENSG00000012048
1512,1500,ENSG00000267002
54478,45077,ENSG00000188554
1615,1587,ENSG00000184988
165066,92608,ENSG00000188825
6036,5583,ENSG00000175906
36315,31982,ENSG00000067596
52001,40004,ENSG00000175832
72918,54467,ENSG00000108861
8858,8498,ENSG00000161647
5698,5488,ENSG00000108852
4106,3836,ENSG00000261514
3356,2071,ENSG00000108849
142624,91356,ENSG00000091947
337605,142387,ENSG00000161654
68287,53115,ENSG00000141349
54522,44626,ENSG00000108840
14578,13744,ENSG00000125319
51067,43141,ENSG00000267080
65601,53141,ENSG00000168591
32814,29183,ENSG00000087152
233928,123198,ENSG00000108312
16573,14150,ENSG00000260793
33669,24877,ENSG00000004939
2568,2484,ENSG00000267750
3991,3683,ENSG00000108309
1835531,199826,ENSG00000013306
156620,98321,ENSG00000030582
1488,1472,ENSG00000161682
1899,1863,ENSG00000005961
103637,76376,ENSG00000186566
3071,3014,ENSG00000180340
104329,76021,ENSG00000180329
33075,28356,ENSG00000161692
2348,2139,ENSG00000182963
1126,1122,ENSG00000131097
124274,83621,ENSG00000108883
22589,19856,ENSG00000186185
1807,1755,ENSG00000131094
29219,26725,ENSG00000172992
105345,75374,ENSG00000136448
9292,8837,ENSG00000161714
18937,17608,ENSG00000181513
52147,41470,ENSG00000186834
5932,5731,ENSG00000224505
15637,14555,ENSG00000168517
6807,6149,ENSG00000267121
21642,18625,ENSG00000184922
2821,2786,ENSG00000233175
2364,2327,ENSG00000233483
1344,1329,ENSG00000267278
4019,3871,ENSG00000159314
21512,19790,ENSG00000225190
1109,1096,ENSG00000120088
25103,22375,ENSG00000186868
51373,43544,ENSG00000120071
24038,21765,ENSG00000214401
8297,7995,ENSG00000228696
5014,4889,ENSG00000238083
26606,24271,ENSG00000185829
30794,27755,ENSG00000073969
3567,3504,ENSG00000108379
96815,67849,ENSG00000108433
1974,1920,ENSG00000179673
187501,106504,ENSG00000004897
422838,150934,ENSG00000198336
1630,1614,ENSG00000263293
3839,3745,ENSG00000178852
114540,81413,ENSG00000141279
1649,1637,ENSG00000263766
685213,178270,ENSG00000108424
8865,8492,ENSG00000198933
11921,11356,ENSG00000006025
262728,135174,ENSG00000159111
2147,2122,ENSG00000141294
49678,42708,ENSG00000141295
15315,9326,ENSG00000189120
28475,25833,ENSG00000167182
15912,14782,ENSG00000234494
53720,44685,ENSG00000108439
103084,74931,ENSG00000108465
44332,37760,ENSG00000082641
198269,112268,ENSG00000108468
24504,22346,ENSG00000002919
165273,94169,ENSG00000173917
57400,46928,ENSG00000230148
16421,15180,ENSG00000120093
168590,101783,ENSG00000182742
3283,3194,ENSG00000120075
14177,13038,ENSG00000108511
125015,86059,ENSG00000260027
8318,7971,ENSG00000120068
269931,133676,ENSG00000170689
1415,1394,ENSG00000159184
148143,94915,ENSG00000136436
1650494,193635,ENSG00000159199
80524,62660,ENSG00000159202
973527,188429,ENSG00000159210
10382,9879,ENSG00000250838
266131,125203,ENSG00000159217
2139,2006,ENSG00000173868
40395,35270,ENSG00000198740
1772909,199543,ENSG00000167085
1821,1805,ENSG00000250186
129598,89424,ENSG00000121067
233351,120321,ENSG00000121073
109466,75772,ENSG00000121104
55786,46893,ENSG00000136504
29193,23359,ENSG00000108813
14067,12777,ENSG00000005882
36909,32040,ENSG00000108819
2166,1736,ENSG00000108821
5066,4730,ENSG00000251085
8494,7530,ENSG00000167105
6073,5863,ENSG00000015532
673320,174275,ENSG00000108826
25689,23134,ENSG00000154920
719042,169963,ENSG00000108829
4271,4151,ENSG00000167107
74444,56712,ENSG00000136444
9404,9000,ENSG00000006282
65289,49769,ENSG00000154945
37711,29651,ENSG00000262967
431675,164375,ENSG00000108848
30826,26730,ENSG00000141232
1374,1353,ENSG00000247011
206715,114946,ENSG00000008294
2249428,193239,ENSG00000239672
84456,61671,ENSG00000243678
90191,67076,ENSG00000011052
27113,24556,ENSG00000011258
181430,104794,ENSG00000011260
29781,26259,ENSG00000141198
167090,106676,ENSG00000166260
14735,13985,ENSG00000166263
4102,4020,ENSG00000261589
39318,34378,ENSG00000108960
1868,1769,ENSG00000166292
92477,70037,ENSG00000141179
43646,37032,ENSG00000214226
40117,34556,ENSG00000153933
1161,1150,ENSG00000262951
49498,40280,ENSG00000121060
115854,82643,ENSG00000121058
33901,29268,ENSG00000121064
6895,6479,ENSG00000263004
87989,66090,ENSG00000121057
14344,13588,ENSG00000263089
127071,86519,ENSG00000153944
534194,167366,ENSG00000181610
1588,1536,ENSG00000180891
55039,46260,ENSG00000136451
3246,3154,ENSG00000266086
9737,9303,ENSG00000264112
517488,159602,ENSG00000136450
96144,67029,ENSG00000264364
32865,29475,ENSG00000011143
8351,7832,ENSG00000265148
145619,83605,ENSG00000265206
613395,182284,ENSG00000213246
9545,9000,ENSG00000108375
54875,45611,ENSG00000108389
301464,137888,ENSG00000108384
65983,52940,ENSG00000108395
3018,2907,ENSG00000224738
244058,122624,ENSG00000182628
92521,61559,ENSG00000068489
5057,4927,ENSG00000167447
13700,12951,ENSG00000153982
5369,4872,ENSG00000175155
20936,19431,ENSG00000108406
354373,150042,ENSG00000141367
103555,75439,ENSG00000141378
260196,118459,ENSG00000062716
45955,38920,ENSG00000108423
86419,66171,ENSG00000108443
48101,41245,ENSG00000189050
1122,1112,ENSG00000267302
17206,16173,ENSG00000068097
55509,46697,ENSG00000170832
29094,26180,ENSG00000062725
19586,17955,ENSG00000170836
4525,4401,ENSG00000141376
4158,3893,ENSG00000267280
8717,8505,ENSG00000253506
17349,16096,ENSG00000136492
28150,25351,ENSG00000108506
63653,51795,ENSG00000108510
105504,75380,ENSG00000087995
70911,55531,ENSG00000146872
61141,48736,ENSG00000011028
33537,29523,ENSG00000170921
54398,42426,ENSG00000008283
266953,133315,ENSG00000136485
155772,95592,ENSG00000136463
7952,7583,ENSG00000198909
18746,15954,ENSG00000136490
1314,1302,ENSG00000266173
190091,107303,ENSG00000108588
128959,85312,ENSG00000198231
82989,60636,ENSG00000108592
540062,167337,ENSG00000087191
72655,56665,ENSG00000108604
2102,2055,ENSG00000007314
149925,92849,ENSG00000108622
41269,34678,ENSG00000178607
117999,78690,ENSG00000266402
21658,19975,ENSG00000136478
4968,4471,ENSG00000271605
48502,41621,ENSG00000256525
608823,178628,ENSG00000108654
73940,58404,ENSG00000258890
24043,22128,ENSG00000108854
3307,3245,ENSG00000176809
35076,31172,ENSG00000120063
3905,3582,ENSG00000263470
78131,58642,ENSG00000154229
105051,76378,ENSG00000198265
1701,1677,ENSG00000266473
265572,125419,ENSG00000197170
3628,3493,ENSG00000154217
111991,78954,ENSG00000130935
157825,99980,ENSG00000171634
143500,92496,ENSG00000186665
404672,134486,ENSG00000182481
2635,2585,ENSG00000265100
191968,113907,ENSG00000196704
10597,10154,ENSG00000141337
28450,24047,ENSG00000070540
84576,65311,ENSG00000108946
1158,1140,ENSG00000269657
6333,5851,ENSG00000141338
1425,1414,ENSG00000154265
7134,6625,ENSG00000230258
27684,24927,ENSG00000133195
22926,21251,ENSG00000166685
194992,112733,ENSG00000133193
36529,32216,ENSG00000141219
37990,32134,ENSG00000179604
4440992,207066,ENSG00000172809
1822,1762,ENSG00000246731
8388,7972,ENSG00000141540
2568,2513,ENSG00000196169
9935,7593,ENSG00000170412
88448,66722,ENSG00000109062
121171,83786,ENSG00000109065
12380,11716,ENSG00000109066
1517,1500,ENSG00000161509
124477,84647,ENSG00000161513
2425,2333,ENSG00000172782
2373,2331,ENSG00000182040
1165,1154,ENSG00000183034
1565,1493,ENSG00000167861
7347,7044,ENSG00000109089
290030,135834,ENSG00000167862
21834,20089,ENSG00000180901
768266,191922,ENSG00000167863
33824,29469,ENSG00000125449
391865,152213,ENSG00000125458
1295420,186099,ENSG00000189159
1462,1449,ENSG00000265242
2206574,205343,ENSG00000188612
48246,41272,ENSG00000125450
42932,37283,ENSG00000125447
591049,167640,ENSG00000125445
147743,96199,ENSG00000125457
7779,7538,ENSG00000263843
144290,84788,ENSG00000125454
257305,129379,ENSG00000177885
22176,20493,ENSG00000177728
6690,6469,ENSG00000177303
120617,82716,ENSG00000182173
39763,34089,ENSG00000073350
1349,1327,ENSG00000266714
21602,20172,ENSG00000108469
135553,90207,ENSG00000161526
7731,7448,ENSG00000132470
122841,83558,ENSG00000108479
3302111,204083,ENSG00000132475
87209,66155,ENSG00000132478
30048,25893,ENSG00000092929
149446,97141,ENSG00000132471
3444,3339,ENSG00000132481
28061,25394,ENSG00000141569
4586,4511,ENSG00000204316
21428,19694,ENSG00000188878
31438,27995,ENSG00000161533
130579,87832,ENSG00000257949
4466,4355,ENSG00000250506
101823,72483,ENSG00000167881
72637,58618,ENSG00000182473
66474,52801,ENSG00000141576
89374,60295,ENSG00000185262
1158,1136,ENSG00000129646
114912,79976,ENSG00000161542
70462,49617,ENSG00000176170
49191,41549,ENSG00000175931
6001,5763,ENSG00000129667
1110,1099,ENSG00000267546
5800,5684,ENSG00000070731
185237,101891,ENSG00000070526
5363,5192,ENSG00000261335
12786,11990,ENSG00000182534
165462,97259,ENSG00000070495
289793,140727,ENSG00000181038
1345080,189431,ENSG00000161547
71107,56738,ENSG00000092931
2461,2405,ENSG00000167889
127281,84951,ENSG00000129657
106862,75470,ENSG00000184640
14973,14005,ENSG00000078687
211818,115645,ENSG00000141524
19748,17955,ENSG00000167895
124833,70954,ENSG00000187997
516791,159159,ENSG00000108639
249081,117195,ENSG00000167900
93177,67769,ENSG00000183077
574286,149289,ENSG00000089685
30888,24075,ENSG00000184557
5084,4822,ENSG00000266970
50526,42930,ENSG00000087157
1622,1570,ENSG00000267123
26443,23716,ENSG00000108669
58870,47349,ENSG00000055483
4615,4328,ENSG00000108679
64038,51962,ENSG00000171302
26498,23933,ENSG00000167280
43814,37152,ENSG00000173894
26303,23908,ENSG00000141570
3266,3092,ENSG00000262768
1724,1701,ENSG00000262772
27168,24398,ENSG00000141582
1435,1406,ENSG00000262585
21188,19373,ENSG00000167291
3384,3295,ENSG00000141519
32981,29320,ENSG00000171298
213577,109162,ENSG00000141543
5396,5140,ENSG00000262580
9493,9051,ENSG00000181523
10196,9499,ENSG00000181045
88473,65545,ENSG00000173821
89309,67968,ENSG00000173818
21276,19479,ENSG00000141564
71434,56155,ENSG00000176108
4871,4711,ENSG00000262873
13658,12857,ENSG00000226137
71998,56095,ENSG00000175866
6336,6097,ENSG00000181409
17253,16124,ENSG00000141577
15180,14183,ENSG00000167302
760530,168075,ENSG00000224877
51553,43303,ENSG00000157637
2319,2273,ENSG00000185168
2470,2415,ENSG00000262877
4689,4587,ENSG00000171282
1879897,195653,ENSG00000184009
39360,33777,ENSG00000185504
84402,62777,ENSG00000182446
1188,1094,ENSG00000185527
418909,154294,ENSG00000204237
191940,106263,ENSG00000185298
222032,120161,ENSG00000214087
168173,101715,ENSG00000185359
54153,44948,ENSG00000262049
1301292,185410,ENSG00000262814
111562,72043,ENSG00000183048
3203,3155,ENSG00000225663
19057,14168,ENSG00000182676
575347,172586,ENSG00000185624
454916,144964,ENSG00000141522
16067,14688,ENSG00000263731
218933,100138,ENSG00000183684
1840828,202852,ENSG00000141552
4052,3915,ENSG00000183979
217491,107080,ENSG00000185813
188294,107986,ENSG00000187531
222332,118472,ENSG00000197063
34119,29427,ENSG00000265688
703263,175571,ENSG00000183010
2418,2376,ENSG00000263585
12371,11561,ENSG00000185269
113086,81617,ENSG00000169696
2040955,193534,ENSG00000169689
37634,32450,ENSG00000169683
308294,124207,ENSG00000169750
650419,172513,ENSG00000169738
2479,2424,ENSG00000264569
17653,16204,ENSG00000169733
196685,111400,ENSG00000169727
324453,124361,ENSG00000169718
184447,93731,ENSG00000169710
12335,11604,ENSG00000176155
2315,2286,ENSG00000264548
1462,1429,ENSG00000141526
183658,111593,ENSG00000141551
2192,2169,ENSG00000268852
15089,13814,ENSG00000265692
5221,5053,ENSG00000260563
8854,7819,ENSG00000173762
6776,5161,ENSG00000182459
123092,83131,ENSG00000181396
63452,52002,ENSG00000169660
149988,96345,ENSG00000178927
1385676,200740,ENSG00000141562
55309,45047,ENSG00000141568
1368,1352,ENSG00000261845
125902,85096,ENSG00000141580
39295,33879,ENSG00000141542
1669,1646,ENSG00000263063
110742,79797,ENSG00000141560
47870,40398,ENSG00000167363
51299,42778,ENSG00000141556
38219,33096,ENSG00000175711
12592,11396,ENSG00000176845
244571,127981,ENSG00000101557
92893,69377,ENSG00000079134
4595,4490,ENSG00000263884
66825,50331,ENSG00000176912
533876,155042,ENSG00000176890
78993,61530,ENSG00000132199
104728,72627,ENSG00000176105
30889,27123,ENSG00000273355
21797,20061,ENSG00000132204
8322,8012,ENSG00000266602
1197,1195,ENSG00000266450
59858,48615,ENSG00000101574
75964,51106,ENSG00000080986
188230,108473,ENSG00000101596
13408,11719,ENSG00000132205
45386,39001,ENSG00000101577
13667,12793,ENSG00000272688
742334,185611,ENSG00000101608
3125,3043,ENSG00000264235
718712,188537,ENSG00000118680
104307,71501,ENSG00000177426
17967,16162,ENSG00000177337
30332,22070,ENSG00000262001
7382,5958,ENSG00000266401
146469,94835,ENSG00000263753
31984,28620,ENSG00000264575
11932,11419,ENSG00000198081
38617,32305,ENSG00000082397
3516,3427,ENSG00000088756
2341,2321,ENSG00000206418
12453,11819,ENSG00000168502
1034186,192105,ENSG00000178127
10990,10531,ENSG00000266053
153556,99227,ENSG00000101745
28719,25836,ENSG00000128791
407809,158614,ENSG00000017797
49127,40837,ENSG00000154845
48444,37086,ENSG00000168461
3101,3028,ENSG00000272799
853813,191388,ENSG00000101558
154062,99494,ENSG00000134265
43341,30344,ENSG00000141404
127448,87402,ENSG00000255112
66573,53243,ENSG00000154889
3684,3564,ENSG00000273141
53287,42522,ENSG00000141401
1864,1780,ENSG00000267069
305081,136293,ENSG00000176014
267027,130842,ENSG00000141385
13849,12821,ENSG00000141391
1247,1237,ENSG00000267199
32018,28114,ENSG00000134278
396948,161446,ENSG00000128789
24916,22676,ENSG00000101624
149446,98317,ENSG00000175354
153479,96302,ENSG00000085415
39182,34468,ENSG00000101639
128107,84275,ENSG00000177150
119349,84042,ENSG00000101654
19509,18148,ENSG00000175322
119420,84768,ENSG00000067900
93528,69417,ENSG00000141446
2185463,201219,ENSG00000167088
2439,2406,ENSG00000263350
42001,36755,ENSG00000158201
60724,49454,ENSG00000101752
64083,50756,ENSG00000101773
2810,2771,ENSG00000134508
32207,28691,ENSG00000134490
222192,120942,ENSG00000101782
36518,32027,ENSG00000141452
18049,16968,ENSG00000141458
16570,15451,ENSG00000154059
2806,2668,ENSG00000198795
58008,46960,ENSG00000141380
25207,22436,ENSG00000141384
24633,20801,ENSG00000134755
1226,1200,ENSG00000266729
55405,45670,ENSG00000046604
1798,1764,ENSG00000118276
2237,2175,ENSG00000259985
55404,46420,ENSG00000153339
18815,16726,ENSG00000263823
3850,3583,ENSG00000101695
2010,1991,ENSG00000265008
243997,127993,ENSG00000134758
100321,73686,ENSG00000166974
65275,53197,ENSG00000186812
22297,20313,ENSG00000186814
5510,5388,ENSG00000268573
180298,107829,ENSG00000172466
4012,3912,ENSG00000186496
126407,84342,ENSG00000153391
73776,56453,ENSG00000141429
187307,109847,ENSG00000141428
185115,112517,ENSG00000141425
45707,37949,ENSG00000141424
180188,111190,ENSG00000134759
11244,10273,ENSG00000260552
35812,31505,ENSG00000075643
741490,183455,ENSG00000134779
33509,29788,ENSG00000150477
82531,63559,ENSG00000078142
10182,9776,ENSG00000152223
36184,31679,ENSG00000152229
908126,194785,ENSG00000152234
145357,96447,ENSG00000152240
29517,26655,ENSG00000152242
1568,1563,ENSG00000267167
50058,42409,ENSG00000078043
2193,2125,ENSG00000167216
74004,58654,ENSG00000167220
260539,135234,ENSG00000134049
80876,63455,ENSG00000175387
7013,6811,ENSG00000134030
1963,1924,ENSG00000101665
35617,31672,ENSG00000141627
7346,7138,ENSG00000177576
444970,163435,ENSG00000265681
82720,62867,ENSG00000167315
4635,4466,ENSG00000172361
54575,45453,ENSG00000141644
75350,59262,ENSG00000154832
110665,73579,ENSG00000154839
65373,52464,ENSG00000082212
25529,22988,ENSG00000141642
42296,36922,ENSG00000141646
8986,8657,ENSG00000176624
34748,29717,ENSG00000134046
10168,9765,ENSG00000101751
8198,7898,ENSG00000166845
14377,13253,ENSG00000166510
71970,54154,ENSG00000196628
1617,1600,ENSG00000267327
1288,1272,ENSG00000206129
266115,131995,ENSG00000091164
5326,5209,ENSG00000091157
47387,39465,ENSG00000119547
355480,147963,ENSG00000066926
286975,139238,ENSG00000134440
9042,8646,ENSG00000267040
2236,2157,ENSG00000081923
27181,24393,ENSG00000049759
31445,27516,ENSG00000172175
1211,1200,ENSG00000267010
247884,120137,ENSG00000166562
299123,139489,ENSG00000074695
193889,103148,ENSG00000141682
16888,15880,ENSG00000197563
9621,9232,ENSG00000134444
12652,11997,ENSG00000141664
6945,6744,ENSG00000081913
10222,9453,ENSG00000171791
58001,47926,ENSG00000119537
6424,6125,ENSG00000267390
33418,29490,ENSG00000119541
28409,25661,ENSG00000166479
7753,7431,ENSG00000150636
7556,7102,ENSG00000176225
14215,13331,ENSG00000170677
56155,46190,ENSG00000263711
70115,54260,ENSG00000075336
8195,7116,ENSG00000187773
103090,73855,ENSG00000133313
39854,34812,ENSG00000264247
9006,8663,ENSG00000215421
71464,55958,ENSG00000180011
10442,9979,ENSG00000179981
15063,14272,ENSG00000130856
3261,2483,ENSG00000265843
12240,11702,ENSG00000166377
20635,18940,ENSG00000131196
20154,18712,ENSG00000060069
32999,28237,ENSG00000122490
762380,169864,ENSG00000141759
3075,3027,ENSG00000267127
150090,94142,ENSG00000101546
46692,39499,ENSG00000101544
5803,5597,ENSG00000178184
31042,27805,ENSG00000196476
51085,42926,ENSG00000177764
28124,25394,ENSG00000225377
42663,36508,ENSG00000177732
20313,18640,ENSG00000125841
195388,87196,ENSG00000101255
399543,157425,ENSG00000125826
54989,45900,ENSG00000125875
143842,93121,ENSG00000101266
4218,3904,ENSG00000125878
46324,37848,ENSG00000125898
244102,132222,ENSG00000125818
65832,51397,ENSG00000125895
1638,1614,ENSG00000215595
3687,3562,ENSG00000125775
6589,6331,ENSG00000234684
1526,1518,ENSG00000229728
787395,185191,ENSG00000088832
172755,104933,ENSG00000088833
12542,11957,ENSG00000125834
2165435,198316,ENSG00000125835
5520,5389,ENSG00000088876
403700,146786,ENSG00000101361
283485,136213,ENSG00000101365
17994,16805,ENSG00000132635
26087,24007,ENSG00000215305
167393,103537,ENSG00000132670
334482,138096,ENSG00000125901
10611,8580,ENSG00000101200
4799,4679,ENSG00000185019
25927,23689,ENSG00000215251
3926,3800,ENSG00000088899
101023,72514,ENSG00000198171
251600,127443,ENSG00000125877
9656,9270,ENSG00000088854
13249,12643,ENSG00000088812
547986,160386,ENSG00000101220
30654,26885,ENSG00000125817
43528,34849,ENSG00000101224
18026,16792,ENSG00000125843
30748,27530,ENSG00000088888
10635,10200,ENSG00000229539
104871,77356,ENSG00000125779
94579,69192,ENSG00000101236
11485,9534,ENSG00000088826
2620,2511,ENSG00000171873
53208,43345,ENSG00000171867
8436,8134,ENSG00000089057
585383,181033,ENSG00000089063
254275,122723,ENSG00000132646
41430,36365,ENSG00000101290
38354,32747,ENSG00000125772
77003,60712,ENSG00000171984
73095,55217,ENSG00000089195
35537,31306,ENSG00000125885
168337,101487,ENSG00000088766
1125,1114,ENSG00000229876
48083,40680,ENSG00000125827
8919,8488,ENSG00000182621
17643,16432,ENSG00000132623
375233,147504,ENSG00000125863
14469,13654,ENSG00000149346
18565,17368,ENSG00000089123
86503,64649,ENSG00000089048
40517,34475,ENSG00000101247
16231,15211,ENSG00000089177
252740,133595,ENSG00000125870
310698,145048,ENSG00000125868
58813,45550,ENSG00000125844
285300,136379,ENSG00000089006
85433,65169,ENSG00000125871
76300,59822,ENSG00000232838
4953,4829,ENSG00000149474
6937,6784,ENSG00000125846
31697,28524,ENSG00000132664
2771,2700,ENSG00000089050
30444,27062,ENSG00000101310
277856,140926,ENSG00000232388
129972,86188,ENSG00000125821
3922,3818,ENSG00000273148
250327,128933,ENSG00000173418
25590,23421,ENSG00000101343
13648,12838,ENSG00000188559
188324,112502,ENSG00000088930
10834,8327,ENSG00000259974
2717,2566,ENSG00000125798
2916,2852,ENSG00000178726
6761,6165,ENSG00000233746
260090,123699,ENSG00000132661
3737,3632,ENSG00000232645
16285,15183,ENSG00000125812
11988,11500,ENSG00000125814
671712,180433,ENSG00000101439
65191,52454,ENSG00000101474
37660,32480,ENSG00000197586
11956,11326,ENSG00000100994
51122,42778,ENSG00000100997
33174,29432,ENSG00000101003
1183,1168,ENSG00000101004
21686,20078,ENSG00000170191
11584,11015,ENSG00000213742
8541,8288,ENSG00000130684
6184,5972,ENSG00000225490
87944,67879,ENSG00000149531
196922,113745,ENSG00000101294
298332,102694,ENSG00000125968
180901,108602,ENSG00000171552
397506,130573,ENSG00000088325
108801,71744,ENSG00000088356
42654,36693,ENSG00000101337
41913,36193,ENSG00000126003
50481,42552,ENSG00000101346
53519,43648,ENSG00000101350
128390,84050,ENSG00000171456
34600,30209,ENSG00000197183
8123,7500,ENSG00000198547
252209,126925,ENSG00000149600
32332,27928,ENSG00000088305
372085,157139,ENSG00000101367
18009,16599,ENSG00000260257
65347,52493,ENSG00000101391
75548,53839,ENSG00000101400
25276,23100,ENSG00000078699
77538,60188,ENSG00000125967
98130,66401,ENSG00000101412
49419,41620,ENSG00000101417
3893,3815,ENSG00000131061
296908,138585,ENSG00000101421
9482,9009,ENSG00000228265
699254,180306,ENSG00000125970
1144853,199110,ENSG00000125977
409520,157791,ENSG00000101444
49586,42062,ENSG00000078747
535766,176599,ENSG00000125971
44943,38261,ENSG00000101464
40902,35702,ENSG00000198646
7142,6768,ENSG00000078804
17487,16505,ENSG00000131067
38422,33508,ENSG00000131069
109571,77024,ENSG00000100983
1292,1263,ENSG00000078814
50408,42801,ENSG00000100991
65176,52445,ENSG00000088298
17033,14420,ENSG00000101000
218048,121255,ENSG00000126005
434415,158744,ENSG00000242372
68465,55228,ENSG00000101019
37827,33200,ENSG00000126001
772632,191706,ENSG00000125991
17981,16123,ENSG00000061656
90397,67605,ENSG00000214078
82437,64002,ENSG00000244462
58768,48717,ENSG00000244005
563911,174590,ENSG00000125995
550248,173587,ENSG00000131051
103741,75343,ENSG00000025293
721769,184787,ENSG00000171222
327535,143065,ENSG00000260032
5634,5243,ENSG00000088367
43316,37201,ENSG00000131043
80396,61445,ENSG00000080845
20820,15942,ENSG00000101335
55274,45351,ENSG00000118707
293826,133848,ENSG00000101084
67535,54671,ENSG00000101079
75886,58995,ENSG00000149636
6468,6196,ENSG00000149639
12782,12072,ENSG00000101347
30540,27205,ENSG00000080839
1796,1770,ENSG00000269846
15956,9128,ENSG00000101353
299141,139013,ENSG00000118705
73617,58180,ENSG00000101363
2238,2180,ENSG00000197122
62063,50464,ENSG00000166619
99190,70562,ENSG00000132792
36551,32059,ENSG00000101407
44126,38508,ENSG00000101413
148166,92794,ENSG00000198959
38133,33603,ENSG00000170471
19573,18258,ENSG00000101442
2859,2785,ENSG00000101445
37013,29650,ENSG00000101447
15231,14437,ENSG00000101452
462180,166587,ENSG00000198900
12250,11685,ENSG00000124181
12985,12273,ENSG00000174306
11729,10958,ENSG00000132793
57014,47725,ENSG00000124177
142763,91994,ENSG00000124193
8422,8115,ENSG00000185513
68085,55639,ENSG00000101052
382617,134508,ENSG00000101057
73765,52489,ENSG00000132823
12786,11297,ENSG00000223891
9073,8741,ENSG00000197296
26417,24330,ENSG00000124120
151656,99350,ENSG00000132824
52054,41603,ENSG00000168734
118362,82584,ENSG00000196839
808341,183945,ENSG00000166913
11369,10755,ENSG00000101104
87456,66163,ENSG00000025772
1152,1138,ENSG00000227477
117751,84210,ENSG00000101109
1899,1857,ENSG00000124159
14890,12961,ENSG00000124145
86397,65028,ENSG00000204070
140102,92204,ENSG00000124155
130093,88135,ENSG00000101457
2187,2091,ENSG00000124104
94418,71556,ENSG00000101473
3725,3630,ENSG00000132801
5721,5582,ENSG00000168612
2650,2607,ENSG00000124257
97722,70176,ENSG00000064601
8203,7847,ENSG00000100979
24334,22431,ENSG00000100982
12054,11432,ENSG00000198026
2414,2376,ENSG00000204044
8340,8039,ENSG00000124140
24964,22818,ENSG00000124160
19631,17981,ENSG00000101017
98199,72086,ENSG00000080189
11830,11336,ENSG00000062598
14152,13290,ENSG00000158296
183730,105107,ENSG00000172315
204538,109218,ENSG00000101040
36811,32144,ENSG00000124151
2506,2465,ENSG00000196562
6529,6290,ENSG00000124126
35254,31340,ENSG00000124198
198002,112831,ENSG00000124207
397437,160657,ENSG00000124214
218111,116991,ENSG00000124228
30386,26934,ENSG00000124201
2170518,204198,ENSG00000177410
72468,55625,ENSG00000158470
10168,9794,ENSG00000197818
24294,22169,ENSG00000158480
239657,124648,ENSG00000124226
16804,14666,ENSG00000124216
30672,27397,ENSG00000244687
115583,82367,ENSG00000240849
1795,1771,ENSG00000237595
221422,110463,ENSG00000172216
112194,77629,ENSG00000196396
60017,47497,ENSG00000042062
32728,29106,ENSG00000124171
3201,3100,ENSG00000124243
72628,56311,ENSG00000101126
2748,2712,ENSG00000259456
247483,126140,ENSG00000000419
22569,20905,ENSG00000124217
32769,28883,ENSG00000101096
18067,16956,ENSG00000020256
4042,3972,ENSG00000234948
3922,3815,ENSG00000223492
35866,31525,ENSG00000171940
2266,2155,ENSG00000064787
307725,147692,ENSG00000101132
1297377,197231,ENSG00000124098
373351,118201,ENSG00000087586
63681,52038,ENSG00000101138
6230,5872,ENSG00000087589
397798,159838,ENSG00000022277
106859,73484,ENSG00000101146
116764,79330,ENSG00000132819
286072,130939,ENSG00000124092
16660,15251,ENSG00000124224
88962,67431,ENSG00000124209
147753,97944,ENSG00000124164
63382,51319,ENSG00000124222
4499,4368,ENSG00000215440
357046,152072,ENSG00000087460
214783,118831,ENSG00000101158
172636,103089,ENSG00000101160
41537,32718,ENSG00000101162
4005862,206954,ENSG00000124172
401517,157738,ENSG00000101166
7090,6657,ENSG00000196074
59530,48964,ENSG00000196227
7319,7094,ENSG00000132825
20196,18838,ENSG00000130699
34948,30531,ENSG00000149657
2781416,205284,ENSG00000101182
42606,36217,ENSG00000184402
82306,63021,ENSG00000101181
27271,24405,ENSG00000130703
888025,180793,ENSG00000130706
23393,21153,ENSG00000130702
4269976,207044,ENSG00000171858
9998,9504,ENSG00000149679
17305,15957,ENSG00000130700
16258,14833,ENSG00000272050
24239,21548,ENSG00000101187
12647,10782,ENSG00000228705
215352,112349,ENSG00000101189
89906,68905,ENSG00000060491
8763,8437,ENSG00000101190
83663,65222,ENSG00000101191
202394,119240,ENSG00000101193
80207,61218,ENSG00000149658
1562,1352,ENSG00000101197
38794,33375,ENSG00000101199
7136,6604,ENSG00000101210
1752886,201914,ENSG00000125534
1866,1824,ENSG00000125531
13257,12387,ENSG00000130589
17368,16271,ENSG00000101216
83977,62775,ENSG00000232442
163666,97732,ENSG00000197457
123379,84272,ENSG00000101246
114642,76277,ENSG00000125520
1576,1560,ENSG00000268858
248252,128904,ENSG00000101150
60255,48953,ENSG00000101152
48990,41691,ENSG00000198276
33298,29076,ENSG00000196700
19407,17940,ENSG00000130590
203089,117985,ENSG00000101161
2212,2157,ENSG00000203883
82298,62501,ENSG00000171703
65311,50930,ENSG00000171700
5118,4516,ENSG00000196132
29323,26546,ENSG00000203880
37315,30264,ENSG00000141934
28853,26308,ENSG00000105556
2028,1971,ENSG00000129946
2746,2682,ENSG00000181781
10212,9600,ENSG00000099866
1856,1825,ENSG00000266933
130671,88077,ENSG00000141933
264576,128691,ENSG00000099804
13731,11897,ENSG00000197540
11575,10926,ENSG00000267751
1260390,200668,ENSG00000172270
55953,46380,ENSG00000099821
7092,6802,ENSG00000070388
384596,140305,ENSG00000070423
18921,17342,ENSG00000070404
21362,18200,ENSG00000185198
26313,23067,ENSG00000099864
355299,146614,ENSG00000011304
33824,28591,ENSG00000129951
3559,3434,ENSG00000172232
7231,6630,ENSG00000196415
289142,128014,ENSG00000197766
44157,38199,ENSG00000175221
214884,122263,ENSG00000198858
18991,16152,ENSG00000116014
362813,152426,ENSG00000116017
268695,124072,ENSG00000065268
161875,98370,ENSG00000182087
204491,107646,ENSG00000064666
22663,20345,ENSG00000064687
11231,10742,ENSG00000180448
776699,178279,ENSG00000099817
2341436,205068,ENSG00000167468
12340,11737,ENSG00000064932
63005,50733,ENSG00000118046
2453,2412,ENSG00000099625
2624993,202766,ENSG00000099624
127742,85537,ENSG00000167470
1000829,192058,ENSG00000099622
584891,172621,ENSG00000228300
121419,84495,ENSG00000160953
1245914,194188,ENSG00000115286
265611,126521,ENSG00000130005
433117,146000,ENSG00000071626
15597438,207310,ENSG00000115268
6922,6684,ENSG00000268798
323136,139705,ENSG00000119559
9045,8678,ENSG00000115257
262912,126218,ENSG00000115255
16667,15757,ENSG00000185761
10794,10287,ENSG00000181588
1162,1148,ENSG00000267161
82435,61789,ENSG00000071655
1022716,189835,ENSG00000127540
137144,89540,ENSG00000071564
3907,3673,ENSG00000267073
7390,6943,ENSG00000130270
1362,1355,ENSG00000267007
75692,58516,ENSG00000079313
53817,43235,ENSG00000129911
75316,57106,ENSG00000261526
185281,104412,ENSG00000129968
90133,68322,ENSG00000227500
13925,13045,ENSG00000213638
102895,71693,ENSG00000133275
24092,21627,ENSG00000133243
1989,1964,ENSG00000267283
127873,81574,ENSG00000099875
27664,24959,ENSG00000172081
5905,5630,ENSG00000099840
177298,105046,ENSG00000065000
44691,37660,ENSG00000104885
740566,179726,ENSG00000104886
237513,129846,ENSG00000104897
5397,5229,ENSG00000104899
1208,1195,ENSG00000167476
6606609,206666,ENSG00000104904
1471666,199740,ENSG00000130332
2031303,194868,ENSG00000099800
115979,78899,ENSG00000176619
18924,7256,ENSG00000099860
5597,5350,ENSG00000176533
21079,19164,ENSG00000176490
590655,161517,ENSG00000141873
206098,113425,ENSG00000104969
122772,81148,ENSG00000172009
6029,5863,ENSG00000172006
9418,8999,ENSG00000186300
19773,18037,ENSG00000171970
16253,14923,ENSG00000175691
7222,6871,ENSG00000104953
5416,5150,ENSG00000065717
283391,131825,ENSG00000104964
27210,24479,ENSG00000088256
98501,67508,ENSG00000125912
31272,27376,ENSG00000161082
149809,97236,ENSG00000141905
6375,5965,ENSG00000095932
148272,90988,ENSG00000129932
49332,41151,ENSG00000105325
145503,83045,ENSG00000161091
2229,2179,ENSG00000267231
240323,125141,ENSG00000064961
4928,4744,ENSG00000179855
20381,17571,ENSG00000006638
32215,28682,ENSG00000105298
26872,24474,ENSG00000186111
2012,1928,ENSG00000105289
25640,23345,ENSG00000011132
486411,163577,ENSG00000183617
94091,62595,ENSG00000007264
84713,63136,ENSG00000167657
4893366,206579,ENSG00000167658
46966,40241,ENSG00000105229
7832,7579,ENSG00000205147
84500,63934,ENSG00000178951
310835,132558,ENSG00000126934
70510,55762,ENSG00000077463
73926,57384,ENSG00000105248
2299,2156,ENSG00000105251
2017,1958,ENSG00000105255
39696,33687,ENSG00000178078
65556,52291,ENSG00000008382
109564,78081,ENSG00000141985
186893,104802,ENSG00000167670
120023,83912,ENSG00000167671
5270,3791,ENSG00000267011
86251,65992,ENSG00000167674
6897,6443,ENSG00000214456
1636,1618,ENSG00000267385
56383,46850,ENSG00000171236
4335,3192,ENSG00000167680
50404,39925,ENSG00000185361
1055900,187609,ENSG00000074842
1191,1185,ENSG00000268565
52073,43335,ENSG00000142002
1210,1200,ENSG00000268536
52295,43188,ENSG00000141965
3632,3565,ENSG00000269604
22561,20700,ENSG00000127666
144953,91693,ENSG00000105355
43815,37224,ENSG00000127663
49247,38804,ENSG00000105426
206688,112529,ENSG00000130254
203421,115180,ENSG00000160633
10473856,207314,ENSG00000130255
951836,188119,ENSG00000174917
26320,23891,ENSG00000167733
192574,110241,ENSG00000196365
12032,11382,ENSG00000212123
104081,73025,ENSG00000141994
6737,6420,ENSG00000171119
1555,1539,ENSG00000267740
598597,175553,ENSG00000174886
16838,15735,ENSG00000187650
2033,1984,ENSG00000267571
4019,3925,ENSG00000105519
73224,58242,ENSG00000031823
1398,1374,ENSG00000266983
25278,22967,ENSG00000087903
48794,40522,ENSG00000267427
10562,10216,ENSG00000267563
489461,163596,ENSG00000125656
510984,174075,ENSG00000125652
4480,4385,ENSG00000125650
194319,115684,ENSG00000125651
170195,101852,ENSG00000088247
1122,1115,ENSG00000181240
115577,78059,ENSG00000125648
3017,2907,ENSG00000104833
5005,4787,ENSG00000125726
2178,2037,ENSG00000125735
3098,2815,ENSG00000125730
66458,54118,ENSG00000125734
102506,74706,ENSG00000125733
48290,40253,ENSG00000125731
12172,11649,ENSG00000130544
2893,2751,ENSG00000171105
13133,12425,ENSG00000104880
9494,9114,ENSG00000104883
22053,20096,ENSG00000198816
33514,29051,ENSG00000090674
23678,21823,ENSG00000032444
2286,2244,ENSG00000076826
50404,42719,ENSG00000076924
99346,74538,ENSG00000229833
3516,3459,ENSG00000174788
273933,135942,ENSG00000076944
2603,2562,ENSG00000181029
6563,6238,ENSG00000142459
6151,5924,ENSG00000183248
5227,5042,ENSG00000171017
9968,9562,ENSG00000214248
139397,93039,ENSG00000076984
1302,1294,ENSG00000260500
140229,91309,ENSG00000104976
117045,65892,ENSG00000178531
303313,137731,ENSG00000104980
330704,146178,ENSG00000066044
10922,10426,ENSG00000267939
18790,16857,ENSG00000090661
424450,131430,ENSG00000167775
69504,56671,ENSG00000267855
12104884,207312,ENSG00000233927
2297,1902,ENSG00000167772
23311,21360,ENSG00000269386
149116,99127,ENSG00000185236
52441,42090,ENSG00000099785
606394,174658,ENSG00000099783
70823,56419,ENSG00000133250
20354,18268,ENSG00000142347
2770,2715,ENSG00000142303
13854,13195,ENSG00000167785
39588,34192,ENSG00000130803
7294,7075,ENSG00000196110
12282,11772,ENSG00000188321
24728,22756,ENSG00000174652
22765,20998,ENSG00000130818
85927,64161,ENSG00000197961
44179,38458,ENSG00000171469
18756,17485,ENSG00000267106
46012,39599,ENSG00000171466
11463,10773,ENSG00000196605
88959,67312,ENSG00000127452
1391141,199270,ENSG00000198258
815768,183214,ENSG00000127445
1122,1094,ENSG00000105088
65221,50697,ENSG00000130813
13110,12424,ENSG00000130812
213181,111664,ENSG00000130810
7981,7696,ENSG00000244165
1207622,199280,ENSG00000130811
477834,154923,ENSG00000130816
2787,2746,ENSG00000175898
787602,179223,ENSG00000105364
22399,18894,ENSG00000090339
8853,8478,ENSG00000267607
251951,125333,ENSG00000105371
40861,34654,ENSG00000105376
5547,5347,ENSG00000220201
57704,48064,ENSG00000267673
2883,2859,ENSG00000161847
201126,109775,ENSG00000076662
26678,24424,ENSG00000105397
551004,166405,ENSG00000105401
54603,45021,ENSG00000065989
151699,99402,ENSG00000079999
145915,95199,ENSG00000130734
56779,46326,ENSG00000129347
47749,38028,ENSG00000129355
4960,4545,ENSG00000129354
32574,29141,ENSG00000129353
379181,153058,ENSG00000267100
540263,168486,ENSG00000129351
96692,68832,ENSG00000213339
131950,90578,ENSG00000079805
118387,82578,ENSG00000099203
2047,1978,ENSG00000214212
29390,26185,ENSG00000142453
44821,38002,ENSG00000130733
101991,72864,ENSG00000142444
362437,145337,ENSG00000127616
75087,54301,ENSG00000130164
112739,69938,ENSG00000161888
49226,41056,ENSG00000197256
14423,13616,ENSG00000130158
6247,6058,ENSG00000105514
255784,128101,ENSG00000105518
36534,31820,ENSG00000183401
29146,25802,ENSG00000105520
15794,14940,ENSG00000173928
75164,58531,ENSG00000187266
1152,1137,ENSG00000198003
246137,132572,ENSG00000130175
6790,6595,ENSG00000161914
212415,120297,ENSG00000130159
29790,21691,ENSG00000130176
555727,169905,ENSG00000130165
15253,14393,ENSG00000198551
212742,102324,ENSG00000102575
2761,2710,ENSG00000197332
7201,6849,ENSG00000197933
7864,7598,ENSG00000197044
20346,19040,ENSG00000171295
12628,12124,ENSG00000196757
2389,2360,ENSG00000214189
13806,13118,ENSG00000196646
11396,10888,ENSG00000197857
3459,3355,ENSG00000188868
6185,5973,ENSG00000198342
6378,6244,ENSG00000196466
4603,4532,ENSG00000180855
5692,5593,ENSG00000249709
2561,2519,ENSG00000188033
57959,48298,ENSG00000173875
10391,10056,ENSG00000104774
56667,46890,ENSG00000123154
823139,195565,ENSG00000105583
210047,119241,ENSG00000095059
1336,1328,ENSG00000268945
54848,45314,ENSG00000132004
51755,42446,ENSG00000105576
1166659,194639,ENSG00000123144
358969,143564,ENSG00000198356
98087,72614,ENSG00000095066
139169,79917,ENSG00000171223
2707667,203804,ENSG00000167815
1670,1663,ENSG00000267062
309533,136777,ENSG00000104889
3652,3525,ENSG00000132026
41418,35603,ENSG00000105613
84342,63339,ENSG00000105612
990256,182997,ENSG00000105610
87120,62217,ENSG00000105607
23201,20248,ENSG00000161860
320388,133433,ENSG00000179115
788232,176638,ENSG00000179218
4893,4597,ENSG00000267458
1147423,194841,ENSG00000179262
1633262,197706,ENSG00000179271
5157,4989,ENSG00000179284
31078,27679,ENSG00000008441
785953,180424,ENSG00000104903
135561,88880,ENSG00000104907
70527,54135,ENSG00000160877
183113,110407,ENSG00000104915
267942,117087,ENSG00000160888
57724,47900,ENSG00000104957
37598,33339,ENSG00000037757
1494496,200681,ENSG00000104979
1882,1842,ENSG00000132003
18663,16367,ENSG00000267519
10039,9547,ENSG00000132016
40517,35436,ENSG00000132024
2319,2251,ENSG00000132000
53149,44117,ENSG00000132017
23163,21416,ENSG00000132005
31830,28112,ENSG00000104998
3203,2981,ENSG00000187867
11360,10359,ENSG00000141854
2587,2555,ENSG00000188032
78630,59290,ENSG00000141858
33296,29664,ENSG00000072062
131751,84284,ENSG00000105011
10861,10361,ENSG00000267169
9662,9129,ENSG00000072071
34491,29528,ENSG00000123146
547537,150625,ENSG00000123136
183294,108567,ENSG00000123143
2044,1967,ENSG00000160951
138514,89787,ENSG00000123159
288646,129227,ENSG00000132002
299322,141017,ENSG00000099797
1392806,197873,ENSG00000099795
13711,12984,ENSG00000160961
11608,10796,ENSG00000127507
34691,30614,ENSG00000105135
8417,8101,ENSG00000270143
172534,103555,ENSG00000141867
59647,48249,ENSG00000105127
160447,100082,ENSG00000011243
50635,41470,ENSG00000011451
316955,97521,ENSG00000167460
224108,119918,ENSG00000167461
274121,135386,ENSG00000105058
62062,50140,ENSG00000072958
52671,44792,ENSG00000127527
7547,7321,ENSG00000105072
97482,71796,ENSG00000085872
1396,1378,ENSG00000269399
80276,61919,ENSG00000127526
23755,21570,ENSG00000105085
321942,144728,ENSG00000214046
5841,5534,ENSG00000072954
34375,30261,ENSG00000127511
30922,24479,ENSG00000127533
14256,13152,ENSG00000160111
74823,58291,ENSG00000131351
57678,47985,ENSG00000099331
193147,113616,ENSG00000053501
132169,89959,ENSG00000099330
238248,117807,ENSG00000160113
402878,155554,ENSG00000105393
17841,16431,ENSG00000160117
48402,40984,ENSG00000127220
751349,178113,ENSG00000130312
207457,111090,ENSG00000130311
2942,2902,ENSG00000074855
79799,61277,ENSG00000130299
2625,2547,ENSG00000130300
532653,165208,ENSG00000130303
77633,59810,ENSG00000269640
175399,106924,ENSG00000141971
4617,4494,ENSG00000130304
7546,7329,ENSG00000269439
398868,157517,ENSG00000130313
92015,67208,ENSG00000130309
3337,3238,ENSG00000130477
57118,47501,ENSG00000130479
23984,21940,ENSG00000130475
26569614,207324,ENSG00000105640
3344,3235,ENSG00000105641
640462,176027,ENSG00000007080
3887,3750,ENSG00000105642
59872,49397,ENSG00000105643
10777,10357,ENSG00000099308
2556,2529,ENSG00000105647
14091,12822,ENSG00000216490
125237,81351,ENSG00000254858
13420,12370,ENSG00000105649
75982,54779,ENSG00000130522
2558126,203177,ENSG00000130520
88840,65329,ENSG00000130517
268663,78387,ENSG00000130513
402711,145025,ENSG00000130511
306230,140982,ENSG00000105655
34484,30496,ENSG00000105656
951388,196850,ENSG00000105701
684574,184126,ENSG00000105700
7744,7513,ENSG00000268030
7288540,207313,ENSG00000221983
9355,8579,ENSG00000006016
393252,152467,ENSG00000006015
1727,1627,ENSG00000105696
6778,6623,ENSG00000167487
10335,9900,ENSG00000105662
53016,43535,ENSG00000005007
5144,4903,ENSG00000223802
987775,197247,ENSG00000105669
209443,117097,ENSG00000105671
21284,18294,ENSG00000051128
127413,85988,ENSG00000064607
103241,72752,ENSG00000105676
81787,60731,ENSG00000181035
93979,68462,ENSG00000064545
166537,96578,ENSG00000254901
288282,130300,ENSG00000064490
148069,94518,ENSG00000184162
45867,39490,ENSG00000105705
22523,20734,ENSG00000129933
117175,78995,ENSG00000167491
4047,3962,ENSG00000178093
253405,132664,ENSG00000186010
21742,19867,ENSG00000250067
4792,4668,ENSG00000160161
10997,10471,ENSG00000105717
4598,4518,ENSG00000064547
5199,5090,ENSG00000089639
42829,36847,ENSG00000105726
23223,21364,ENSG00000181896
8774,8476,ENSG00000105708
6974,6765,ENSG00000266904
27190,24784,ENSG00000256771
2028,1870,ENSG00000267268
30385,27523,ENSG00000213988
18500,17057,ENSG00000267383
3569,3511,ENSG00000160229
1307,1268,ENSG00000105750
39994,34961,ENSG00000118620
121888,84923,ENSG00000160352
50406,42502,ENSG00000196705
23691,21658,ENSG00000182141
42332,36779,ENSG00000196268
43545,37501,ENSG00000197013
37795,33099,ENSG00000197020
12387,11656,ENSG00000183850
27221,24415,ENSG00000196081
52212,43804,ENSG00000167232
2953,2866,ENSG00000269416
30771,27377,ENSG00000197372
39117,34027,ENSG00000196172
294912,143612,ENSG00000205246
23361,21345,ENSG00000213967
20854,19442,ENSG00000268362
27996,25466,ENSG00000213096
99385,69843,ENSG00000261824
3701,3621,ENSG00000261770
53092,44108,ENSG00000267575
3819,3714,ENSG00000267243
1306,1260,ENSG00000266893
983394,183423,ENSG00000266976
1308591,199006,ENSG00000169021
235613,126085,ENSG00000105171
30617,26833,ENSG00000166289
70541,55804,ENSG00000131943
109607,69407,ENSG00000105173
287696,128609,ENSG00000105176
34677,31195,ENSG00000168813
5265,5078,ENSG00000267213
15645,14774,ENSG00000178904
1381929,196445,ENSG00000105185
69336,54505,ENSG00000105186
2917,2883,ENSG00000186326
16813,15525,ENSG00000267475
55658,43372,ENSG00000213965
43251,37274,ENSG00000121289
67734,53997,ENSG00000131944
6786,6562,ENSG00000131941
49351,41400,ENSG00000076650
1400,1381,ENSG00000130881
219062,113296,ENSG00000153879
95951,71556,ENSG00000124299
12871,11920,ENSG00000153885
389659,160682,ENSG00000257103
34615,30408,ENSG00000166398
227260,123622,ENSG00000105220
111129,76446,ENSG00000126249
441707,164509,ENSG00000126261
1781,1768,ENSG00000142279
23751,21868,ENSG00000197841
29137,26051,ENSG00000153896
37748,32504,ENSG00000271109
19326,17792,ENSG00000168661
5564,5441,ENSG00000180884
122107,83345,ENSG00000089351
4414,4243,ENSG00000105711
3839,3665,ENSG00000105707
1551,1521,ENSG00000153902
9377,8787,ENSG00000266964
1518260,202679,ENSG00000089327
169747,97324,ENSG00000105699
232746,126619,ENSG00000105698
28139,19637,ENSG00000105697
6897,6498,ENSG00000105695
3105,2970,ENSG00000012124
120522,67969,ENSG00000161249
41865,36176,ENSG00000236144
1408768,192964,ENSG00000105677
45375,39171,ENSG00000249115
459793,165368,ENSG00000126254
7694,7274,ENSG00000105672
2753497,206109,ENSG00000126267
3368,3014,ENSG00000226510
43414,37297,ENSG00000272333
1706,1693,ENSG00000126246
53667,44695,ENSG00000161265
132592,89769,ENSG00000205155
3895,3811,ENSG00000267796
39475,34505,ENSG00000167595
10056,9598,ENSG00000004777
3401,3303,ENSG00000105290
6757,6495,ENSG00000167604
1438,1245,ENSG00000011600
1446,1411,ENSG00000126243
155048,98860,ENSG00000205138
1470,1446,ENSG00000181392
65438,53048,ENSG00000239382
12451,11817,ENSG00000267698
19938,18495,ENSG00000161277
40368,34461,ENSG00000075702
654291,173704,ENSG00000105258
285729,129928,ENSG00000105254
225686,119434,ENSG00000126247
6171,6004,ENSG00000196357
224225,120802,ENSG00000167635
19218,14397,ENSG00000232677
10234,9717,ENSG00000142065
53016,44187,ENSG00000186017
1998,1963,ENSG00000267309
57177,46528,ENSG00000254004
37546,32640,ENSG00000186020
56472,45694,ENSG00000233527
1805,1756,ENSG00000161298
1256,1250,ENSG00000197808
21872,19476,ENSG00000225975
30679,27485,ENSG00000189042
12845,12091,ENSG00000267041
1766,1708,ENSG00000267260
12121,11520,ENSG00000197863
8416,8105,ENSG00000251247
23234,21010,ENSG00000197050
9039,8579,ENSG00000196967
5595,5452,ENSG00000245680
11267,10719,ENSG00000188283
4183,4026,ENSG00000267470
1617,1598,ENSG00000171817
3542,3493,ENSG00000180479
6013,5840,ENSG00000120784
2478,2455,ENSG00000105738
16825,15652,ENSG00000011332
1606,1584,ENSG00000167642
248179,109133,ENSG00000167641
2515,2444,ENSG00000167644
145494,93983,ENSG00000167645
1220,1208,ENSG00000099338
731272,179399,ENSG00000099341
81560,64209,ENSG00000130244
1996,1958,ENSG00000196218
6136,5874,ENSG00000104814
1673368,203703,ENSG00000178982
172374,102457,ENSG00000130402
2017,1972,ENSG00000182472
4151,4018,ENSG00000267892
363872,157170,ENSG00000104823
56138,46870,ENSG00000104824
2752,2672,ENSG00000187994
81231,63374,ENSG00000068903
95795,66578,ENSG00000104825
11173,10731,ENSG00000104835
1194421,185813,ENSG00000128626
70283,55130,ENSG00000269190
17362,15451,ENSG00000161243
32806,29141,ENSG00000130669
5575,5404,ENSG00000128011
21049,16197,ENSG00000130755
66729,53660,ENSG00000179134
35197,31040,ENSG00000006712
60818,49959,ENSG00000063322
22538,18472,ENSG00000128016
3872,3770,ENSG00000090924
13403691,207286,ENSG00000105193
90297,68762,ENSG00000196235
273442,124179,ENSG00000105197
42345,35841,ENSG00000090932
22306,20591,ENSG00000176401
22512,20564,ENSG00000176396
5564,5446,ENSG00000105204
753890,185598,ENSG00000105202
245716,120590,ENSG00000013275
4725,4598,ENSG00000187187
3823,3750,ENSG00000128000
20672,19174,ENSG00000197782
4417,4349,ENSG00000130758
51973,43462,ENSG00000105221
20921,19235,ENSG00000160392
128144,88843,ENSG00000105223
3875,3733,ENSG00000105227
30629,22380,ENSG00000197019
51390,42801,ENSG00000167565
2744923,203708,ENSG00000090013
3096,3014,ENSG00000160460
87718,67882,ENSG00000160410
56619,46689,ENSG00000090006
18006,16654,ENSG00000105245
15125,14365,ENSG00000123815
6561,6397,ENSG00000086544
25545,23212,ENSG00000188493
275858,130577,ENSG00000077312
30146,26805,ENSG00000167578
153203,94628,ENSG00000269858
2490,2448,ENSG00000167600
9912,8650,ENSG00000167601
183584,109123,ENSG00000105323
283399,129169,ENSG00000105329
22472,20863,ENSG00000142039
8255,7925,ENSG00000142046
13791,12985,ENSG00000123810
158802,94245,ENSG00000077348
3696,3552,ENSG00000177191
125564,87802,ENSG00000105341
20172404,207322,ENSG00000105372
74673,59363,ENSG00000076928
129280,84387,ENSG00000105404
18584,17368,ENSG00000105732
2786,2550,ENSG00000028277
94455,69330,ENSG00000160570
19597,18371,ENSG00000167625
74861,57061,ENSG00000105723
3969,3766,ENSG00000204957
29373,25958,ENSG00000105722
20999,19401,ENSG00000079432
457815,153760,ENSG00000079462
3806,3729,ENSG00000188368
8023,7738,ENSG00000105429
1357,1324,ENSG00000105427
5640,5495,ENSG00000213904
3396,3302,ENSG00000124466
15030,14206,ENSG00000176531
46635,40158,ENSG00000105755
45540,39619,ENSG00000073050
9443,9002,ENSG00000167378
72549,56819,ENSG00000124444
226707,122307,ENSG00000131116
4061,3993,ENSG00000105767
22289,18928,ENSG00000011422
21902,20147,ENSG00000105771
22695,20544,ENSG00000104783
9845,9492,ENSG00000167637
4146,4090,ENSG00000124459
2059,2037,ENSG00000159882
2076,2034,ENSG00000159885
24219,22405,ENSG00000267680
1160,1154,ENSG00000186019
2718,2669,ENSG00000256294
17505,16296,ENSG00000167380
8004,7743,ENSG00000131115
8049,7787,ENSG00000167384
4053,3769,ENSG00000069399
6750,6466,ENSG00000187244
39755,34012,ENSG00000130202
878619,175863,ENSG00000130204
188794,73480,ENSG00000130203
588827,147942,ENSG00000130208
71751,56205,ENSG00000104853
23061,18642,ENSG00000104856
57579,47641,ENSG00000104859
24627,21953,ENSG00000170684
156960,96471,ENSG00000142252
19441,18116,ENSG00000007047
18371,17263,ENSG00000104866
207633,118385,ENSG00000007255
19199,17719,ENSG00000189114
6694,6399,ENSG00000130201
6861,6388,ENSG00000104892
26761,24312,ENSG00000104884
14123,13259,ENSG00000104881
143034,84714,ENSG00000117877
172198,105017,ENSG00000012061
16828,14542,ENSG00000125744
19153,17514,ENSG00000213889
139436,90226,ENSG00000125753
56209,46870,ENSG00000125741
25919,23730,ENSG00000125746
12010,10103,ENSG00000267757
8748,8330,ENSG00000010310
1027676,198500,ENSG00000125743
2107,2085,ENSG00000011478
12603,12052,ENSG00000177051
1132,1118,ENSG00000237452
18183,16595,ENSG00000259605
10305,9875,ENSG00000177045
11161,10683,ENSG00000104936
40651,34754,ENSG00000185800
48583,41579,ENSG00000125755
14079,13044,ENSG00000170608
25732,23401,ENSG00000170604
22090,20370,ENSG00000176182
13482,12774,ENSG00000104983
31219,16569,ENSG00000268621
64776,51252,ENSG00000011485
39745,34904,ENSG00000169515
8754,8452,ENSG00000182013
5297,5139,ENSG00000230510
584211,169015,ENSG00000160014
4301,4104,ENSG00000197380
77256,57716,ENSG00000105287
43770,37702,ENSG00000090372
6802,6641,ENSG00000181027
250564,128517,ENSG00000105281
752546,187070,ENSG00000042753
34488,30457,ENSG00000160007
15986,14433,ENSG00000130751
457968,152627,ENSG00000130748
26588,23975,ENSG00000130749
146579,90133,ENSG00000142230
58640,41349,ENSG00000105327
27669,25068,ENSG00000105321
102674,66985,ENSG00000257704
35141,30882,ENSG00000134815
29252,25813,ENSG00000118162
5062,4974,ENSG00000268061
101587,74778,ENSG00000105402
5155,5051,ENSG00000063169
8908,8255,ENSG00000024422
1739805,203483,ENSG00000105373
313208,136285,ENSG00000178980
1420,1327,ENSG00000105499
43502,36914,ENSG00000105486
5546,5416,ENSG00000185453
41019,35544,ENSG00000105483
9404,8745,ENSG00000268001
857721,176840,ENSG00000142227
13921,13188,ENSG00000161558
268431,132593,ENSG00000105438
8201,7864,ENSG00000105464
92233,64510,ENSG00000105447
4753,4622,ENSG00000182324
2108,2084,ENSG00000269423
65398,51494,ENSG00000105443
2684,2643,ENSG00000142235
1623,1580,ENSG00000088002
13656084,207301,ENSG00000063177
11180,10600,ENSG00000063176
17820,15834,ENSG00000105516
18182,16530,ENSG00000063180
6157,5995,ENSG00000176909
1518,1496,ENSG00000105538
2266,2210,ENSG00000174951
81391,62579,ENSG00000105552
66809,53549,ENSG00000105559
217905,112318,ENSG00000087074
102068,74890,ENSG00000104805
6126,5968,ENSG00000104808
318652,143574,ENSG00000087088
37445910,207224,ENSG00000087086
5653,5507,ENSG00000104812
251852,122423,ENSG00000183207
325724,136562,ENSG00000104852
21010,19542,ENSG00000104863
14477,13601,ENSG00000221916
67114,51804,ENSG00000177380
5918,5671,ENSG00000130528
47558,39605,ENSG00000130529
2358,2224,ENSG00000104894
14524,13648,ENSG00000074219
1371,1362,ENSG00000104901
1130,1106,ENSG00000142538
3207,3129,ENSG00000104888
158191,97674,ENSG00000104872
19069,17694,ENSG00000161618
15916,14158,ENSG00000090554
26691892,207312,ENSG00000142541
5954759,207262,ENSG00000142534
16536,15362,ENSG00000142552
309123,141698,ENSG00000142546
7105,6810,ENSG00000126460
9099,8758,ENSG00000126464
29941,25675,ENSG00000126458
44971,38623,ENSG00000126461
117604,81014,ENSG00000126456
369797,141824,ENSG00000126453
312419,128197,ENSG00000126457
1757,1732,ENSG00000224420
1857,1736,ENSG00000169169
97433,72249,ENSG00000196961
15766,14912,ENSG00000010361
51059,43290,ENSG00000104973
2523,2491,ENSG00000268006
166585,105652,ENSG00000104960
74497,59445,ENSG00000039650
103477,73648,ENSG00000204673
15004,14133,ENSG00000104946
110581,77730,ENSG00000213024
84605,44510,ENSG00000169136
70601,57118,ENSG00000105053
25119,22597,ENSG00000142528
9976,9438,ENSG00000131398
112092,80631,ENSG00000131408
3016,2944,ENSG00000131400
29030,26097,ENSG00000062822
3906,3823,ENSG00000142530
51540,42907,ENSG00000161671
117084,79425,ENSG00000161677
1754,1661,ENSG00000131409
1780,1762,ENSG00000213023
51504,42808,ENSG00000235034
43983,37191,ENSG00000105472
448997,155180,ENSG00000167747
100162,60339,ENSG00000167748
9676,9125,ENSG00000167759
64718,49183,ENSG00000142544
91651,65144,ENSG00000105383
15389,14508,ENSG00000186806
509244,171495,ENSG00000105379
8284,7959,ENSG00000160318
1480,1356,ENSG00000105374
1940,1914,ENSG00000262874
12689,12039,ENSG00000105497
1835,1816,ENSG00000167765
1193,1150,ENSG00000187474
6094,5962,ENSG00000161551
4573,4474,ENSG00000198093
3286,3248,ENSG00000176024
1426,1415,ENSG00000197619
13562,12877,ENSG00000142556
4612,4520,ENSG00000256087
6660,6426,ENSG00000197608
11130,10684,ENSG00000204611
147174,97348,ENSG00000105568
53000,45151,ENSG00000196214
59615,48636,ENSG00000198464
4895,4625,ENSG00000167555
11584,11080,ENSG00000198482
27563,24898,ENSG00000167562
59619,49654,ENSG00000167766
26875,24516,ENSG00000213020
29132,26227,ENSG00000189190
18505,17314,ENSG00000198538
16813,15818,ENSG00000204604
19395,18061,ENSG00000182986
31741,28733,ENSG00000180257
20035,18701,ENSG00000170949
10149,9735,ENSG00000197937
3209,3148,ENSG00000197497
8219,7942,ENSG00000213799
8810,8504,ENSG00000203326
10009,9656,ENSG00000196417
5994,5851,ENSG00000198346
16483,15234,ENSG00000179820
262950,129840,ENSG00000170906
32899,28969,ENSG00000105619
201941,108535,ENSG00000105618
49494,42211,ENSG00000088038
66325,53124,ENSG00000105617
4205,4051,ENSG00000167608
125297,79071,ENSG00000125505
171117,107221,ENSG00000170892
12228973,207297,ENSG00000170889
5346,5240,ENSG00000226696
41108,34950,ENSG00000167615
11893,11326,ENSG00000022556
1883,1867,ENSG00000267265
2529,2401,ENSG00000088053
59618,47225,ENSG00000160439
23147,21281,ENSG00000131037
19721,18222,ENSG00000125503
440702,146603,ENSG00000105048
169786,86449,ENSG00000129991
85353,56667,ENSG00000167646
31064,27237,ENSG00000129990
11695,11107,ENSG00000080031
3820,3721,ENSG00000267649
2339,2314,ENSG00000180089
6832,6661,ENSG00000105063
149646,93690,ENSG00000133265
2025,1985,ENSG00000160469
75120,59680,ENSG00000133247
3310,3239,ENSG00000160471
4975,4846,ENSG00000233493
27171177,207323,ENSG00000108107
3441652,188482,ENSG00000108106
1324,1306,ENSG00000187902
1353644,192120,ENSG00000063241
16244,15289,ENSG00000197483
139264,91516,ENSG00000090971
52127,42984,ENSG00000218891
16104,15136,ENSG00000179943
107831,77734,ENSG00000171443
29364,26567,ENSG00000261221
6195,6040,ENSG00000179922
243580,126907,ENSG00000213015
232527,121131,ENSG00000171425
58571,47568,ENSG00000173581
143617,91491,ENSG00000063244
260043,131039,ENSG00000063245
77631,54749,ENSG00000142409
63959,51489,ENSG00000167685
17203,16085,ENSG00000131848
1119,1107,ENSG00000267549
2065,2030,ENSG00000018869
18771,17341,ENSG00000198440
1672,1662,ENSG00000127903
2483,2458,ENSG00000268568
5188,4995,ENSG00000083844
5766,5642,ENSG00000204524
6318,6184,ENSG00000268713
3781,3684,ENSG00000267871
6813,6633,ENSG00000197714
45462,38581,ENSG00000268205
6549,6409,ENSG00000178229
6083,5937,ENSG00000131845
2984,2939,ENSG00000152433
84616,64016,ENSG00000256060
3077,3034,ENSG00000188785
9215,8938,ENSG00000186272
15913,14648,ENSG00000186230
3010,2961,ENSG00000197128
6878,6584,ENSG00000105136
5306,5207,ENSG00000152439
12729,12063,ENSG00000251369
5892,5748,ENSG00000083817
18822,15771,ENSG00000183647
12692,11939,ENSG00000213762
11132,10509,ENSG00000121417
18675,17331,ENSG00000204519
11994,11447,ENSG00000152443
24794,22808,ENSG00000083828
13966,13380,ENSG00000178935
22535,20472,ENSG00000269343
3957,3889,ENSG00000204514
29852,26931,ENSG00000198466
1663,1656,ENSG00000173480
17614,16604,ENSG00000166704
3921,3854,ENSG00000181894
63601,52047,ENSG00000171606
85331,64208,ENSG00000198131
33846,30072,ENSG00000268516
512409,158847,ENSG00000267216
6068,5931,ENSG00000182318
60801,47306,ENSG00000121410
6871,6598,ENSG00000268895
4064,3993,ENSG00000174586
6404,6201,ENSG00000152475
24725737,207322,ENSG00000083845
40710,34784,ENSG00000171574
3433,3371,ENSG00000232098
2636,2600,ENSG00000269473
9540,9166,ENSG00000249471
47835,39370,ENSG00000083812
6135,5944,ENSG00000083838
1718,1698,ENSG00000269106
374530,139878,ENSG00000083807
25936,23543,ENSG00000119574
274664,131483,ENSG00000130726
603296,182476,ENSG00000130724
197860,97477,ENSG00000130725
7454,7164,ENSG00000267858
20349,18826,ENSG00000099326
164486,78671,ENSG00000269600
1591,1204,ENSG00000099715
290445,139655,ENSG00000100181
10187,9756,ENSG00000172967
8210,7946,ENSG00000237438
1831,1806,ENSG00000273203
12243,11716,ENSG00000177663
74287,55247,ENSG00000069998
5829,5589,ENSG00000099954
153013,98215,ENSG00000131100
107215,77695,ENSG00000099968
250261,120614,ENSG00000015475
22707,20879,ENSG00000243156
2955,2887,ENSG00000225335
44561,38350,ENSG00000215193
6731,6411,ENSG00000184979
30784,27343,ENSG00000183628
49022,41279,ENSG00000070413
87355,66937,ENSG00000100056
68352,51573,ENSG00000260924
442957,159128,ENSG00000100075
7255,7043,ENSG00000070371
61609,49498,ENSG00000100084
315832,144779,ENSG00000242259
830984,189097,ENSG00000185608
2363,2326,ENSG00000185065
756312,183451,ENSG00000070010
143724,84564,ENSG00000093009
25936,22447,ENSG00000184702
42719,34285,ENSG00000184058
121723,76388,ENSG00000185838
98095,71484,ENSG00000215012
113745,81104,ENSG00000184470
333658,138082,ENSG00000093010
25951,23336,ENSG00000099889
117237,81739,ENSG00000183597
80446,61951,ENSG00000128191
150106,90221,ENSG00000099899
4989240,203877,ENSG00000099901
25413,22823,ENSG00000099904
3246,3165,ENSG00000236499
1311,1237,ENSG00000040608
476927,164184,ENSG00000128185
6149,5884,ENSG00000273139
13957,12945,ENSG00000206176
66962,53504,ENSG00000185252
1924,1867,ENSG00000244486
13758,12973,ENSG00000099910
138479,91915,ENSG00000099917
77477,60065,ENSG00000241973
948242,193123,ENSG00000099940
162949,98526,ENSG00000099942
28575,25249,ENSG00000099949
24243,21355,ENSG00000272829
612818,168485,ENSG00000184436
14006,13174,ENSG00000230513
3337,3231,ENSG00000099957
236109,119677,ENSG00000169635
24366,21844,ENSG00000206140
2130880,202435,ENSG00000185651
2465305,198121,ENSG00000161179
13817,12703,ENSG00000161180
3731738,200503,ENSG00000128228
172027,105504,ENSG00000100023
14554,13117,ENSG00000100027
339623,150260,ENSG00000100030
97791,69766,ENSG00000100034
1102,1093,ENSG00000224086
60538,49832,ENSG00000100038
29151,25826,ENSG00000272216
111909,77657,ENSG00000198477
40957,27121,ENSG00000169548
749293,185657,ENSG00000185686
13036,12347,ENSG00000186716
2429,2396,ENSG00000187792
3266,3132,ENSG00000128218
2118754,198764,ENSG00000250479
1755,1729,ENSG00000099953
202147,113414,ENSG00000099956
21473,17081,ENSG00000099958
1378,1367,ENSG00000272973
22458,20155,ENSG00000133460
1022235,171879,ENSG00000240972
7980,7736,ENSG00000218537
2508,2461,ENSG00000273295
537461,166812,ENSG00000099977
2745,2717,ENSG00000272955
168076,107059,ENSG00000184674
75793,59110,ENSG00000099991
16503,15455,ENSG00000100014
55398,46403,ENSG00000138867
440263,157834,ENSG00000100028
3319,3242,ENSG00000178026
1211,1198,ENSG00000244752
3867,3790,ENSG00000100068
2653,2614,ENSG00000272942
8914,8547,ENSG00000100077
14867,13778,ENSG00000133454
68298,55480,ENSG00000100099
136819,80707,ENSG00000100104
29358,26133,ENSG00000100109
16129,15071,ENSG00000261188
20237,18767,ENSG00000260065
176388,101800,ENSG00000128294
1140,1126,ENSG00000100122
3364,3179,ENSG00000196431
2529,2450,ENSG00000225783
9370,9046,ENSG00000244625
125015,86012,ENSG00000180957
13889,13196,ENSG00000100154
46872,39309,ENSG00000183765
46710,39170,ENSG00000100209
42283,36634,ENSG00000159873
209384,111956,ENSG00000100219
5503,5377,ENSG00000226471
10452,9996,ENSG00000183579
4145,4063,ENSG00000177993
12569,11858,ENSG00000183762
15351,14395,ENSG00000186998
68962,55163,ENSG00000100263
319864,148215,ENSG00000182944
59942,47914,ENSG00000185340
44856,38253,ENSG00000100280
4250,4148,ENSG00000225465
53319,39077,ENSG00000100285
71998,57282,ENSG00000100296
61820,51082,ENSG00000184117
45928,39178,ENSG00000186575
71961,57265,ENSG00000100319
1039417,193751,ENSG00000184076
125519,87792,ENSG00000100325
12471,11965,ENSG00000100330
3663,3606,ENSG00000239282
16808,15790,ENSG00000099992
126593,86400,ENSG00000099995
7152,6841,ENSG00000187860
1963,1947,ENSG00000099999
14552,13718,ENSG00000242114
11841,11091,ENSG00000214491
1189,1166,ENSG00000128242
140308,88983,ENSG00000100029
4151,4033,ENSG00000185339
12553,11862,ENSG00000100036
8565,8107,ENSG00000167065
61624,49396,ENSG00000184792
11080,10552,ENSG00000235989
25598,23335,ENSG00000133422
103874,75512,ENSG00000253352
49985,41260,ENSG00000183963
41544,29663,ENSG00000198832
1232,1188,ENSG00000185133
17404,16078,ENSG00000138942
23016,20884,ENSG00000182541
5994,5331,ENSG00000100100
7769,7515,ENSG00000100105
1578,1542,ENSG00000213888
144681,93249,ENSG00000185721
34217,30424,ENSG00000184708
19180,17926,ENSG00000198089
92510,68929,ENSG00000241878
67733,54398,ENSG00000183530
10367,9947,ENSG00000100150
872670,190451,ENSG00000128245
152334,96406,ENSG00000100220
225707,126704,ENSG00000100225
3120,3065,ENSG00000227895
2315,2296,ENSG00000233080
107115,78666,ENSG00000100281
15862,14816,ENSG00000100284
113966,77665,ENSG00000100297
7943,7270,ENSG00000221963
26972,24402,ENSG00000100320
4262,4083,ENSG00000128284
53564,42812,ENSG00000100336
35459,30958,ENSG00000128335
30085,26277,ENSG00000100342
74500,57763,ENSG00000100345
882243,191046,ENSG00000100348
31577,28171,ENSG00000100350
629754,182053,ENSG00000100353
26251,23835,ENSG00000128311
508859,169866,ENSG00000128309
2462,2399,ENSG00000100379
3624,3505,ENSG00000133466
236086,119120,ENSG00000128340
3875,3791,ENSG00000100065
212989,112354,ENSG00000128283
104611,76402,ENSG00000100083
35152,30559,ENSG00000100092
930986,149131,ENSG00000100097
153605,95864,ENSG00000100101
15698,14731,ENSG00000100106
187318,109812,ENSG00000100116
72184,57494,ENSG00000100124
1245316,197403,ENSG00000100129
9566,9025,ENSG00000100139
1396,1381,ENSG00000128346
957668,184618,ENSG00000100142
14708,13917,ENSG00000100151
3388,3293,ENSG00000184381
13941,11591,ENSG00000185022
18829,17525,ENSG00000198792
56289,45966,ENSG00000213923
48830,39807,ENSG00000100196
287700,139697,ENSG00000100201
12035,11384,ENSG00000100206
5609,5410,ENSG00000184949
46897,39725,ENSG00000100211
3163,3134,ENSG00000228274
1039441,186801,ENSG00000100216
48974,41338,ENSG00000100221
28839,25930,ENSG00000100226
20929,18796,ENSG00000100242
2298,2268,ENSG00000272669
17613,16396,ENSG00000100246
8955,8297,ENSG00000221890
88868,63291,ENSG00000183741
65663,49651,ENSG00000179750
195549,111688,ENSG00000244509
3448,3393,ENSG00000243811
5497,5358,ENSG00000128394
15975,14809,ENSG00000239713
13610,12948,ENSG00000100307
2522,2321,ENSG00000100311
18727791,207263,ENSG00000100316
83748,60503,ENSG00000100321
17961,16912,ENSG00000100324
24246,21730,ENSG00000128268
126107,85409,ENSG00000100335
890791,177021,ENSG00000128272
1143208,189085,ENSG00000187051
83803,59327,ENSG00000100351
106515,74799,ENSG00000100354
361626,149088,ENSG00000239900
39740,34953,ENSG00000100359
4816,4708,ENSG00000229999
10763,10332,ENSG00000196588
95920,71604,ENSG00000100372
1127225,200078,ENSG00000100380
88347,67762,ENSG00000196236
494910,163770,ENSG00000100387
29921,26882,ENSG00000100393
29542,26474,ENSG00000100395
69103,53467,ENSG00000100401
46829,39119,ENSG00000100403
2548,2519,ENSG00000167074
40615,34774,ENSG00000183864
157602,99603,ENSG00000100410
247909,129575,ENSG00000100412
270983,115971,ENSG00000100413
75139,59007,ENSG00000100417
214502,106824,ENSG00000100418
378121,151441,ENSG00000196419
1762574,201000,ENSG00000100138
24401,21961,ENSG00000184208
5350,5206,ENSG00000100147
5523,5293,ENSG00000184068
48151,40766,ENSG00000198911
2174,2148,ENSG00000260655
1394,1379,ENSG00000159958
256193,119091,ENSG00000100162
28729,26049,ENSG00000198951
692534,185818,ENSG00000183172
520118,170062,ENSG00000184983
31951,28585,ENSG00000100207
4298,4178,ENSG00000233903
7118,6735,ENSG00000229891
294057,122941,ENSG00000189306
42035,36065,ENSG00000183569
49958,42681,ENSG00000100227
2222,2053,ENSG00000270022
143793,96815,ENSG00000100243
6959,6824,ENSG00000249222
2189,2089,ENSG00000128274
66273,52200,ENSG00000242247
76069,60130,ENSG00000100266
3024,2972,ENSG00000100271
4372,3968,ENSG00000100290
79971,59302,ENSG00000100294
546034,168978,ENSG00000100300
157534,95739,ENSG00000100304
1993,1981,ENSG00000130540
128015,87174,ENSG00000100347
76443,59095,ENSG00000188677
7525,7291,ENSG00000188636
73256,57366,ENSG00000186654
1280,1275,ENSG00000248405
22535,20572,ENSG00000241484
10055,9427,ENSG00000226328
97203,71145,ENSG00000093000
16328,15218,ENSG00000100364
312682,136852,ENSG00000100376
70832,56043,ENSG00000130638
5713,5549,ENSG00000273145
17784,16055,ENSG00000197182
22273,20029,ENSG00000186951
30092,27096,ENSG00000205643
24309,22365,ENSG00000075234
85729,55225,ENSG00000075218
89636,65132,ENSG00000100416
1240,1223,ENSG00000075275
8908,8512,ENSG00000075240
16509,15260,ENSG00000100422
101982,67573,ENSG00000260708
21583,20018,ENSG00000054611
15996,15099,ENSG00000224271
22640,20821,ENSG00000188511
28226,25559,ENSG00000212939
11514,11017,ENSG00000100425
30386,27282,ENSG00000100426
22689,20863,ENSG00000182858
1179,1173,ENSG00000273192
112208,70395,ENSG00000184164
103307,71274,ENSG00000198355
4835,4602,ENSG00000073150
183727,106226,ENSG00000170638
2908,2851,ENSG00000273253
10669,10258,ENSG00000073169
11553,11068,ENSG00000128159
42810,37265,ENSG00000100429
71330,54174,ENSG00000188130
6070,5839,ENSG00000185386
8999,8592,ENSG00000196576
12814,12065,ENSG00000205593
43345,37728,ENSG00000100239
22971,20882,ENSG00000100241
8825,8073,ENSG00000128165
41883,36431,ENSG00000100258
112548,78585,ENSG00000025770
115878,80146,ENSG00000130489
3134,3081,ENSG00000272821
46187,38507,ENSG00000025708
1466,1454,ENSG00000100288
8956,8538,ENSG00000205559
10998,10551,ENSG00000100299
25014,22952,ENSG00000079974
11464,11014,ENSG00000166157
8216,7951,ENSG00000271308
3207,3115,ENSG00000224905
3544,3391,ENSG00000185272
37112,32024,ENSG00000155304
194598,98159,ENSG00000155307
1218,1191,ENSG00000223662
16563,14040,ENSG00000232884
1826,1726,ENSG00000226751
3144,3038,ENSG00000235609
58375,46119,ENSG00000180530
41053,35597,ENSG00000155313
1377,1347,ENSG00000154639
92067,68351,ENSG00000154640
20735,19121,ENSG00000154642
2613,2259,ENSG00000154646
16708,15527,ENSG00000224141
4561,4433,ENSG00000230233
15646,13685,ENSG00000233236
63058,48862,ENSG00000154654
65216,51959,ENSG00000154719
1967165,201909,ENSG00000154723
31617,28181,ENSG00000154727
42871,37451,ENSG00000156239
111966,79457,ENSG00000198862
26478,23500,ENSG00000156253
1665,1639,ENSG00000273254
329935,146650,ENSG00000156256
766303,189734,ENSG00000156261
90255,67373,ENSG00000156273
10618,10050,ENSG00000234509
2672522,205896,ENSG00000142168
1413,1400,ENSG00000273271
80880,63504,ENSG00000156304
157850,99137,ENSG00000159055
57396,46210,ENSG00000142207
81894,61668,ENSG00000256073
2423,2370,ENSG00000242220
211554,115480,ENSG00000159079
11880,11377,ENSG00000159082
3318,3268,ENSG00000238197
90867,66325,ENSG00000159086
5016,4822,ENSG00000205930
1157,1150,ENSG00000205929
50126,42601,ENSG00000159110
78858,61844,ENSG00000243646
149149,95648,ENSG00000142166
138768,93197,ENSG00000159128
156909,99144,ENSG00000142188
1741,1712,ENSG00000177692
303878,140736,ENSG00000159131
399876,156163,ENSG00000159140
107863,78131,ENSG00000159147
1527,1518,ENSG00000249209
76402,59973,ENSG00000205758
31459,27071,ENSG00000205726
1885968,204730,ENSG00000241837
51629,42545,ENSG00000237945
662177,178646,ENSG00000243927
298093,136594,ENSG00000205670
38842,33502,ENSG00000159200
91429,66557,ENSG00000159216
45958,39207,ENSG00000185917
117075,80491,ENSG00000159228
3773,3661,ENSG00000142197
9845,6208,ENSG00000273199
51509,43398,ENSG00000159256
56997,46376,ENSG00000159259
2217,1867,ENSG00000233818
24201,22080,ENSG00000159267
179650,108468,ENSG00000185808
304783,139662,ENSG00000182670
1329,1318,ENSG00000242553
88132,67334,ENSG00000157538
6561,6254,ENSG00000272948
1674,1591,ENSG00000273210
42781,36706,ENSG00000157540
28391,25288,ENSG00000184029
373386,156527,ENSG00000198054
1787,1728,ENSG00000233316
67199,52345,ENSG00000157557
572499,164658,ENSG00000183527
99327,73688,ENSG00000185658
7804,7463,ENSG00000272991
2486985,204319,ENSG00000205581
106623,76702,ENSG00000182093
10348,9694,ENSG00000157578
12650,11724,ENSG00000185437
7985,7722,ENSG00000141956
19563,18207,ENSG00000157617
20871,18584,ENSG00000173276
2072,2031,ENSG00000160185
1482,1435,ENSG00000160188
15416,14298,ENSG00000160190
3075,2837,ENSG00000160191
110556,68658,ENSG00000160193
304525,140371,ENSG00000160194
34128,29849,ENSG00000160199
197799,108920,ENSG00000160200
1468520,195243,ENSG00000160201
3267,3199,ENSG00000142178
4950,4810,ENSG00000160207
169801,98291,ENSG00000160208
243479,121789,ENSG00000160209
1249323,198105,ENSG00000160213
265416,117001,ENSG00000160214
60520,49176,ENSG00000160216
87487,65635,ENSG00000160218
49080,40656,ENSG00000241945
216753,121373,ENSG00000160221
2149,1914,ENSG00000160223
93283,67571,ENSG00000141959
66484,52420,ENSG00000160226
12273,11433,ENSG00000182912
255980,129040,ENSG00000184787
3993,3921,ENSG00000236519
986075,194023,ENSG00000184900
223480,120350,ENSG00000183255
7257,6988,ENSG00000183250
372602,141020,ENSG00000160256
11792,11012,ENSG00000197381
14579,13500,ENSG00000186866
14374,13566,ENSG00000223768
118622,79418,ENSG00000182871
62716,48406,ENSG00000173638
3503,3376,ENSG00000233922
3795,3616,ENSG00000142156
1580,1397,ENSG00000142173
1822,1796,ENSG00000160282
411203,154546,ENSG00000160284
31566,27341,ENSG00000160285
66080,53043,ENSG00000215424
68782,55011,ENSG00000160294
3421,3378,ENSG00000239415
69577,54924,ENSG00000182362
58475,46204,ENSG00000160298
63393,50450,ENSG00000160299
37970,33485,ENSG00000160305
187629,110604,ENSG00000160310
10483167,206008,ENSG00000198888
15890514,206506,ENSG00000198763
28080545,206777,ENSG00000198804
26976259,206604,ENSG00000198712
49442,40088,ENSG00000228253
6146493,203288,ENSG00000198899
29264395,206513,ENSG00000198938
1652993,195336,ENSG00000198840
1003767,165860,ENSG00000212907
19930007,206646,ENSG00000198886
3749696,203744,ENSG00000198786
537096,149643,ENSG00000198695
15380895,206127,ENSG00000198727
46172,38002,ENSG00000215750
6117,5943,ENSG00000215689
43665,36415,ENSG00000215781
201108,113584,ENSG00000220023
11583,10902,ENSG00000215615
2285,2264,ENSG00000215699
