"method","sim_label","subset","TN","FN","FP","TP","Precision","Recall","secs"
"fishash_refit0","moi_0.100000_iter_1","full",3981048,4396,88,14468,0.993954383072273,0.76696352841391,0.171597003936768
"fishash_refit0","moi_0.100000_iter_1","nonzero",272913,2824,88,14468,0.993954383072273,0.836687485542447,0.171597003936768
"fishash_refit10","moi_0.100000_iter_1","full",3981048,4366,88,14498,0.993966817496229,0.768553859202714,1.57982492446899
"fishash_refit10","moi_0.100000_iter_1","nonzero",272913,2794,88,14498,0.993966817496229,0.838422391857506,1.57982492446899
"fishash+_poisson","moi_0.100000_iter_1","full",3980843,4391,293,14473,0.980157117702831,0.767228583545377,0.633258104324341
"fishash+_poisson","moi_0.100000_iter_1","nonzero",272708,2819,293,14473,0.980157117702831,0.836976636594957,0.633258104324341
"fishash_poisson_rawd","moi_0.100000_iter_1","full",3981061,4480,75,14384,0.994812919289024,0.762510602205259,0.128827095031738
"fishash_poisson_rawd","moi_0.100000_iter_1","nonzero",272926,2908,75,14384,0.994812919289024,0.831829747860282,0.128827095031738
"fishash+_contingency","moi_0.100000_iter_1","full",3980802,4323,334,14541,0.977546218487395,0.770833333333333,0.470083951950073
"fishash+_contingency","moi_0.100000_iter_1","nonzero",272667,2751,334,14541,0.977546218487395,0.840909090909091,0.470083951950073
"fishash_refit0","moi_0.100000_iter_2","full",3980988,4564,100,14348,0.993078626799557,0.758671742808799,0.180088996887207
"fishash_refit0","moi_0.100000_iter_2","nonzero",284262,2949,100,14348,0.993078626799557,0.829508007168873,0.180088996887207
"fishash_refit10","moi_0.100000_iter_2","full",3980978,4558,110,14354,0.992394911504425,0.758989001692047,2.03900599479675
"fishash_refit10","moi_0.100000_iter_2","nonzero",284252,2943,110,14354,0.992394911504425,0.82985488813089,2.03900599479675
"fishash+_poisson","moi_0.100000_iter_2","full",3980717,4538,371,14374,0.974838928450322,0.760046531302876,0.495053052902222
"fishash+_poisson","moi_0.100000_iter_2","nonzero",283991,2923,371,14374,0.974838928450322,0.831011158004278,0.495053052902222
"fishash_poisson_rawd","moi_0.100000_iter_2","full",3980984,4625,104,14287,0.992773261065944,0.75544627749577,0.199506044387817
"fishash_poisson_rawd","moi_0.100000_iter_2","nonzero",284258,3010,104,14287,0.992773261065944,0.825981384055038,0.199506044387817
"fishash+_contingency","moi_0.100000_iter_2","full",3980694,4505,394,14407,0.973380177015067,0.761791455160745,0.931666135787964
"fishash+_contingency","moi_0.100000_iter_2","nonzero",283968,2890,394,14407,0.973380177015067,0.832919003295369,0.931666135787964
"fishash_refit0","moi_0.100000_iter_3","full",3981086,4653,116,14145,0.991865928055536,0.752473667411427,0.16746997833252
"fishash_refit0","moi_0.100000_iter_3","nonzero",274064,3160,116,14145,0.991865928055536,0.817393816815949,0.16746997833252
"fishash_refit10","moi_0.100000_iter_3","full",3981081,4623,121,14175,0.991536094012311,0.754069581870412,2.21274280548096
"fishash_refit10","moi_0.100000_iter_3","nonzero",274059,3130,121,14175,0.991536094012311,0.819127419820861,2.21274280548096
"fishash+_poisson","moi_0.100000_iter_3","full",3980905,4648,297,14150,0.979442098705614,0.752739653154591,0.187465906143188
"fishash+_poisson","moi_0.100000_iter_3","nonzero",273883,3155,297,14150,0.979442098705614,0.817682750650101,0.187465906143188
"fishash_poisson_rawd","moi_0.100000_iter_3","full",3981095,4744,107,14054,0.992444036438105,0.747632726885839,0.262714147567749
"fishash_poisson_rawd","moi_0.100000_iter_3","nonzero",274073,3251,107,14054,0.992444036438105,0.812135221034383,0.262714147567749
"fishash+_contingency","moi_0.100000_iter_3","full",3980884,4564,318,14234,0.978147333699835,0.757208213639749,0.655815124511719
"fishash+_contingency","moi_0.100000_iter_3","nonzero",273862,3071,318,14234,0.978147333699835,0.822536839063854,0.655815124511719
"fishash_refit0","moi_0.100000_iter_4","full",3980862,4388,98,14652,0.99335593220339,0.76953781512605,0.181225061416626
"fishash_refit0","moi_0.100000_iter_4","nonzero",289016,2829,98,14652,0.99335593220339,0.838167152908872,0.181225061416626
"fishash_refit10","moi_0.100000_iter_4","full",3980864,4368,96,14672,0.993499458288191,0.770588235294118,2.46974492073059
"fishash_refit10","moi_0.100000_iter_4","nonzero",289018,2809,96,14672,0.993499458288191,0.839311252216692,2.46974492073059
"fishash+_poisson","moi_0.100000_iter_4","full",3980648,4350,312,14690,0.979202772963605,0.771533613445378,0.183581829071045
"fishash+_poisson","moi_0.100000_iter_4","nonzero",288802,2791,312,14690,0.979202772963605,0.84034094159373,0.183581829071045
"fishash_poisson_rawd","moi_0.100000_iter_4","full",3980876,4443,84,14597,0.994278318915605,0.766649159663866,0.179638862609863
"fishash_poisson_rawd","moi_0.100000_iter_4","nonzero",289030,2884,84,14597,0.994278318915605,0.835020879812368,0.179638862609863
"fishash+_contingency","moi_0.100000_iter_4","full",3980609,4331,351,14709,0.976693227091633,0.772531512605042,0.504948854446411
"fishash+_contingency","moi_0.100000_iter_4","nonzero",288763,2772,351,14709,0.976693227091633,0.841427835936159,0.504948854446411
"fishash_refit0","moi_0.100000_iter_5","full",3981011,4478,106,14405,0.992695196747295,0.7628554784727,0.174804925918579
"fishash_refit0","moi_0.100000_iter_5","nonzero",282280,2945,106,14405,0.992695196747295,0.830259365994236,0.174804925918579
"fishash_refit10","moi_0.100000_iter_5","full",3980998,4447,119,14436,0.991824115424253,0.764497166763756,2.23380708694458
"fishash_refit10","moi_0.100000_iter_5","nonzero",282267,2914,119,14436,0.991824115424253,0.832046109510087,2.23380708694458
"fishash+_poisson","moi_0.100000_iter_5","full",3980794,4433,323,14450,0.978135788262371,0.765238574379071,0.174422979354858
"fishash+_poisson","moi_0.100000_iter_5","nonzero",282063,2900,323,14450,0.978135788262371,0.832853025936599,0.174422979354858
"fishash_poisson_rawd","moi_0.100000_iter_5","full",3981010,4543,107,14340,0.992593618052191,0.759413228830165,0.174153089523315
"fishash_poisson_rawd","moi_0.100000_iter_5","nonzero",282279,3010,107,14340,0.992593618052191,0.826512968299712,0.174153089523315
"fishash+_contingency","moi_0.100000_iter_5","full",3980754,4390,363,14493,0.975565428109855,0.767515754911825,0.64343786239624
"fishash+_contingency","moi_0.100000_iter_5","nonzero",282023,2857,363,14493,0.975565428109855,0.835331412103746,0.64343786239624
"fishash_refit0","moi_0.100000_iter_6","full",3981054,4444,94,14408,0.993518135429596,0.764269043072353,0.177950143814087
"fishash_refit0","moi_0.100000_iter_6","nonzero",274275,3011,94,14408,0.993518135429596,0.827142775130605,0.177950143814087
"fishash_refit10","moi_0.100000_iter_6","full",3981047,4447,101,14405,0.993037363849442,0.764109908762996,2.172776222229
"fishash_refit10","moi_0.100000_iter_6","nonzero",274268,3014,101,14405,0.993037363849442,0.82697054940008,2.172776222229
"fishash+_poisson","moi_0.100000_iter_6","full",3980852,4437,296,14415,0.979879002107267,0.764640356460853,0.168007135391235
"fishash+_poisson","moi_0.100000_iter_6","nonzero",274073,3004,296,14415,0.979879002107267,0.827544635168494,0.168007135391235
"fishash_poisson_rawd","moi_0.100000_iter_6","full",3981056,4530,92,14322,0.993617316497849,0.759707192870783,0.176239967346191
"fishash_poisson_rawd","moi_0.100000_iter_6","nonzero",274277,3097,92,14322,0.993617316497849,0.822205637522246,0.176239967346191
"fishash+_contingency","moi_0.100000_iter_6","full",3980830,4391,318,14461,0.978482982610461,0.767080415870995,0.284923076629639
"fishash+_contingency","moi_0.100000_iter_6","nonzero",274051,2958,318,14461,0.978482982610461,0.830185429703198,0.284923076629639
"fishash_refit0","moi_0.100000_iter_7","full",3980934,4748,92,14226,0.993574521581226,0.749762833350901,0.178670167922974
"fishash_refit0","moi_0.100000_iter_7","nonzero",281963,3214,92,14226,0.993574521581226,0.815711009174312,0.178670167922974
"fishash_refit10","moi_0.100000_iter_7","full",3980922,4724,104,14250,0.992754632854953,0.751027722146095,2.01385498046875
"fishash_refit10","moi_0.100000_iter_7","nonzero",281951,3190,104,14250,0.992754632854953,0.817087155963303,2.01385498046875
"fishash+_poisson","moi_0.100000_iter_7","full",3980711,4711,315,14263,0.978392097681438,0.751712870243491,0.190112829208374
"fishash+_poisson","moi_0.100000_iter_7","nonzero",281740,3177,315,14263,0.978392097681438,0.81783256880734,0.190112829208374
"fishash_poisson_rawd","moi_0.100000_iter_7","full",3980935,4817,91,14157,0.993613138686131,0.74612627806472,0.376501083374023
"fishash_poisson_rawd","moi_0.100000_iter_7","nonzero",281964,3283,91,14157,0.993613138686131,0.811754587155963,0.376501083374023
"fishash+_contingency","moi_0.100000_iter_7","full",3980691,4661,335,14313,0.977129983615511,0.754348055233477,0.778450012207031
"fishash+_contingency","moi_0.100000_iter_7","nonzero",281720,3127,335,14313,0.977129983615511,0.820699541284404,0.778450012207031
"fishash_refit0","moi_0.100000_iter_8","full",3980950,4500,114,14436,0.992164948453608,0.762357414448669,0.178144931793213
"fishash_refit0","moi_0.100000_iter_8","nonzero",270062,3050,114,14436,0.992164948453608,0.825574745510694,0.178144931793213
"fishash_refit10","moi_0.100000_iter_8","full",3980940,4489,124,14447,0.991489945782719,0.762938318546684,1.93481206893921
"fishash_refit10","moi_0.100000_iter_8","nonzero",270052,3039,124,14447,0.991489945782719,0.826203820199016,1.93481206893921
"fishash+_poisson","moi_0.100000_iter_8","full",3980698,4492,366,14444,0.975286968264686,0.762779890156316,0.170248031616211
"fishash+_poisson","moi_0.100000_iter_8","nonzero",269810,3042,366,14444,0.975286968264686,0.826032254374929,0.170248031616211
"fishash_poisson_rawd","moi_0.100000_iter_8","full",3980953,4588,111,14348,0.992323120547756,0.757710181664554,0.173820018768311
"fishash_poisson_rawd","moi_0.100000_iter_8","nonzero",270065,3138,111,14348,0.992323120547756,0.820542148004118,0.173820018768311
"fishash+_contingency","moi_0.100000_iter_8","full",3980657,4440,407,14496,0.972690062403543,0.76552598225602,0.565943002700806
"fishash+_contingency","moi_0.100000_iter_8","nonzero",269769,2990,407,14496,0.972690062403543,0.829006061992451,0.565943002700806
"fishash_refit0","moi_0.100000_iter_9","full",3981091,4282,91,14536,0.993778628563615,0.772451907747901,0.170016050338745
"fishash_refit0","moi_0.100000_iter_9","nonzero",267917,2893,91,14536,0.993778628563615,0.834012278386597,0.170016050338745
"fishash_refit10","moi_0.100000_iter_9","full",3981079,4276,103,14542,0.992966882895186,0.772770751408226,1.34574604034424
"fishash_refit10","moi_0.100000_iter_9","nonzero",267905,2887,103,14542,0.992966882895186,0.834356532216421,1.34574604034424
"fishash+_poisson","moi_0.100000_iter_9","full",3980904,4284,278,14534,0.981231433972455,0.772345626527792,0.172491073608398
"fishash+_poisson","moi_0.100000_iter_9","nonzero",267730,2895,278,14534,0.981231433972455,0.833897527109989,0.172491073608398
"fishash_poisson_rawd","moi_0.100000_iter_9","full",3981093,4390,89,14428,0.993869256733485,0.766712721862047,0.214138031005859
"fishash_poisson_rawd","moi_0.100000_iter_9","nonzero",267919,3001,89,14428,0.993869256733485,0.827815709449768,0.214138031005859
"fishash+_contingency","moi_0.100000_iter_9","full",3980869,4220,313,14598,0.979008785460398,0.775746625571262,0.478408098220825
"fishash+_contingency","moi_0.100000_iter_9","nonzero",267695,2831,313,14598,0.979008785460398,0.837569567961444,0.478408098220825
"fishash_refit0","moi_0.100000_iter_10","full",3980972,4449,111,14468,0.992386309074696,0.764814716921288,0.173138856887817
"fishash_refit0","moi_0.100000_iter_10","nonzero",273495,3046,111,14468,0.992386309074696,0.826081991549617,0.173138856887817
"fishash_refit10","moi_0.100000_iter_10","full",3980977,4463,106,14454,0.99271978021978,0.764074641856531,1.50679397583008
"fishash_refit10","moi_0.100000_iter_10","nonzero",273500,3060,106,14454,0.99271978021978,0.825282631038027,1.50679397583008
"fishash+_poisson","moi_0.100000_iter_10","full",3980732,4429,351,14488,0.976346114967316,0.765871967013797,0.205769062042236
"fishash+_poisson","moi_0.100000_iter_10","nonzero",273255,3026,351,14488,0.976346114967316,0.827223935137604,0.205769062042236
"fishash_poisson_rawd","moi_0.100000_iter_10","full",3980987,4549,96,14368,0.993362831858407,0.759528466458741,0.217504978179932
"fishash_poisson_rawd","moi_0.100000_iter_10","nonzero",273510,3146,96,14368,0.993362831858407,0.820372273609684,0.217504978179932
"fishash+_contingency","moi_0.100000_iter_10","full",3980707,4393,376,14524,0.974765100671141,0.767775017180314,0.611743927001953
"fishash+_contingency","moi_0.100000_iter_10","nonzero",273230,2990,376,14524,0.974765100671141,0.82927943359598,0.611743927001953
"fishash_refit0","moi_0.300000_iter_1","full",3979128,5726,109,15037,0.992803380430477,0.724220969994702,0.170192956924438
"fishash_refit0","moi_0.300000_iter_1","nonzero",280927,3883,109,15037,0.992803380430477,0.794767441860465,0.170192956924438
"fishash_refit10","moi_0.300000_iter_1","full",3979117,5733,120,15030,0.992079207920792,0.723883831816212,1.51124310493469
"fishash_refit10","moi_0.300000_iter_1","nonzero",280916,3890,120,15030,0.992079207920792,0.794397463002114,1.51124310493469
"fishash+_poisson","moi_0.300000_iter_1","full",3978911,5611,326,15152,0.978937847267089,0.729759668641333,0.211751937866211
"fishash+_poisson","moi_0.300000_iter_1","nonzero",280710,3768,326,15152,0.978937847267089,0.800845665961945,0.211751937866211
"fishash_poisson_rawd","moi_0.300000_iter_1","full",3979133,5847,104,14916,0.993075898801598,0.718393295766508,0.17021918296814
"fishash_poisson_rawd","moi_0.300000_iter_1","nonzero",280932,4004,104,14916,0.993075898801598,0.788372093023256,0.17021918296814
"fishash+_contingency","moi_0.300000_iter_1","full",3978890,5575,347,15188,0.977663340843257,0.731493522130713,0.548553943634033
"fishash+_contingency","moi_0.300000_iter_1","nonzero",280689,3732,347,15188,0.977663340843257,0.802748414376321,0.548553943634033
"fishash_refit0","moi_0.300000_iter_2","full",3979161,5366,98,15375,0.993666386608932,0.741285376789933,0.182276010513306
"fishash_refit0","moi_0.300000_iter_2","nonzero",275497,3633,98,15375,0.993666386608932,0.80886994949495,0.182276010513306
"fishash_refit10","moi_0.300000_iter_2","full",3979155,5344,104,15397,0.993290755435133,0.742346077816884,1.41403412818909
"fishash_refit10","moi_0.300000_iter_2","nonzero",275491,3611,104,15397,0.993290755435133,0.810027356902357,1.41403412818909
"fishash+_poisson","moi_0.300000_iter_2","full",3978977,5222,282,15519,0.982153028289349,0.748228147148161,0.215935945510864
"fishash+_poisson","moi_0.300000_iter_2","nonzero",275313,3489,282,15519,0.982153028289349,0.816445707070707,0.215935945510864
"fishash_poisson_rawd","moi_0.300000_iter_2","full",3979168,5435,91,15306,0.994089757745015,0.737958632659949,0.171509981155396
"fishash_poisson_rawd","moi_0.300000_iter_2","nonzero",275504,3702,91,15306,0.994089757745015,0.805239898989899,0.171509981155396
"fishash+_contingency","moi_0.300000_iter_2","full",3978940,5166,319,15575,0.979929533157166,0.750928113398583,0.417593002319336
"fishash+_contingency","moi_0.300000_iter_2","nonzero",275276,3433,319,15575,0.979929533157166,0.819391835016835,0.417593002319336
"fishash_refit0","moi_0.300000_iter_3","full",3979138,5865,96,14901,0.993598719743949,0.71756717711644,0.179174900054932
"fishash_refit0","moi_0.300000_iter_3","nonzero",286249,3967,96,14901,0.993598719743949,0.789749841000636,0.179174900054932
"fishash_refit10","moi_0.300000_iter_3","full",3979120,5842,114,14924,0.992419204681474,0.718674756814023,1.45217299461365
"fishash_refit10","moi_0.300000_iter_3","nonzero",286231,3944,114,14924,0.992419204681474,0.790968836124656,1.45217299461365
"fishash+_poisson","moi_0.300000_iter_3","full",3978918,5732,316,15034,0.979413680781759,0.723971877106809,0.217469215393066
"fishash+_poisson","moi_0.300000_iter_3","nonzero",286029,3834,316,15034,0.979413680781759,0.796798812804749,0.217469215393066
"fishash_poisson_rawd","moi_0.300000_iter_3","full",3979129,5944,105,14822,0.992965766731426,0.713762881633439,0.176269054412842
"fishash_poisson_rawd","moi_0.300000_iter_3","nonzero",286240,4046,105,14822,0.992965766731426,0.785562857748569,0.176269054412842
"fishash+_contingency","moi_0.300000_iter_3","full",3978894,5679,340,15087,0.9779607182213,0.726524125975152,0.86749005317688
"fishash+_contingency","moi_0.300000_iter_3","nonzero",286005,3781,340,15087,0.9779607182213,0.799607801568794,0.86749005317688
"fishash_refit0","moi_0.300000_iter_4","full",3979090,5897,78,14935,0.994804502764271,0.716925883256528,0.182050943374634
"fishash_refit0","moi_0.300000_iter_4","nonzero",278132,4046,78,14935,0.994804502764271,0.786839471049997,0.182050943374634
"fishash_refit10","moi_0.300000_iter_4","full",3979079,5884,89,14948,0.994081266210015,0.717549923195084,1.44391298294067
"fishash_refit10","moi_0.300000_iter_4","nonzero",278121,4033,89,14948,0.994081266210015,0.787524366471735,1.44391298294067
"fishash+_poisson","moi_0.300000_iter_4","full",3978891,5769,277,15063,0.981942633637549,0.723070276497696,0.164630889892578
"fishash+_poisson","moi_0.300000_iter_4","nonzero",277933,3918,277,15063,0.981942633637549,0.793583056740952,0.164630889892578
"fishash_poisson_rawd","moi_0.300000_iter_4","full",3979090,5995,78,14837,0.994770365403956,0.71222158218126,0.174520969390869
"fishash_poisson_rawd","moi_0.300000_iter_4","nonzero",278132,4144,78,14837,0.994770365403956,0.781676413255361,0.174520969390869
"fishash+_contingency","moi_0.300000_iter_4","full",3978859,5717,309,15115,0.979966286307054,0.72556643625192,0.64855694770813
"fishash+_contingency","moi_0.300000_iter_4","nonzero",277901,3866,309,15115,0.979966286307054,0.796322638427902,0.64855694770813
"fishash_refit0","moi_0.300000_iter_5","full",3979257,5424,80,15239,0.994777727005679,0.737501814838116,0.174823045730591
"fishash_refit0","moi_0.300000_iter_5","nonzero",275961,3677,80,15239,0.994777727005679,0.805614294776908,0.174823045730591
"fishash_refit10","moi_0.300000_iter_5","full",3979233,5425,104,15238,0.99322122278712,0.737453419155011,1.45240592956543
"fishash_refit10","moi_0.300000_iter_5","nonzero",275937,3678,104,15238,0.99322122278712,0.805561429477691,1.45240592956543
"fishash+_poisson","moi_0.300000_iter_5","full",3979041,5294,296,15369,0.981104372805618,0.743793253641775,0.168597936630249
"fishash+_poisson","moi_0.300000_iter_5","nonzero",275745,3547,296,15369,0.981104372805618,0.812486783675196,0.168597936630249
"fishash_poisson_rawd","moi_0.300000_iter_5","full",3979250,5527,87,15136,0.994284963542009,0.732517059478294,0.172936916351318
"fishash_poisson_rawd","moi_0.300000_iter_5","nonzero",275954,3780,87,15136,0.994284963542009,0.800169168957496,0.172936916351318
"fishash+_contingency","moi_0.300000_iter_5","full",3979012,5254,325,15409,0.97934409558917,0.745729080965978,0.361891984939575
"fishash+_contingency","moi_0.300000_iter_5","nonzero",275716,3507,325,15409,0.97934409558917,0.814601395643899,0.361891984939575
"fishash_refit0","moi_0.300000_iter_6","full",3978867,5495,101,15537,0.993541373577184,0.738731456827691,0.176590919494629
"fishash_refit0","moi_0.300000_iter_6","nonzero",277096,3663,101,15537,0.993541373577184,0.80921875,0.176590919494629
"fishash_refit10","moi_0.300000_iter_6","full",3978861,5428,107,15604,0.993189485074152,0.741917078737162,1.56147885322571
"fishash_refit10","moi_0.300000_iter_6","nonzero",277090,3596,107,15604,0.993189485074152,0.812708333333333,1.56147885322571
"fishash+_poisson","moi_0.300000_iter_6","full",3978678,5323,290,15709,0.981873867116695,0.746909471281856,0.171560049057007
"fishash+_poisson","moi_0.300000_iter_6","nonzero",276907,3491,290,15709,0.981873867116695,0.818177083333333,0.171560049057007
"fishash_poisson_rawd","moi_0.300000_iter_6","full",3978872,5516,96,15516,0.993850883935434,0.737732978318752,0.169992923736572
"fishash_poisson_rawd","moi_0.300000_iter_6","nonzero",277101,3684,96,15516,0.993850883935434,0.808125,0.169992923736572
"fishash+_contingency","moi_0.300000_iter_6","full",3978644,5262,324,15770,0.979868273890891,0.749809813617345,0.669274806976318
"fishash+_contingency","moi_0.300000_iter_6","nonzero",276873,3430,324,15770,0.979868273890891,0.821354166666667,0.669274806976318
"fishash_refit0","moi_0.300000_iter_7","full",3979066,5563,108,15263,0.99297378179689,0.732881974455008,0.16112494468689
"fishash_refit0","moi_0.300000_iter_7","nonzero",269860,3767,108,15263,0.99297378179689,0.802049395691014,0.16112494468689
"fishash_refit10","moi_0.300000_iter_7","full",3979066,5539,108,15287,0.99298473530367,0.734034380101796,0.821235179901123
"fishash_refit10","moi_0.300000_iter_7","nonzero",269860,3743,108,15287,0.99298473530367,0.8033105622701,0.821235179901123
"fishash+_poisson","moi_0.300000_iter_7","full",3978861,5451,313,15375,0.980048444671086,0.738259867473351,0.624966144561768
"fishash+_poisson","moi_0.300000_iter_7","nonzero",269655,3655,313,15375,0.980048444671086,0.807934839726747,0.624966144561768
"fishash_poisson_rawd","moi_0.300000_iter_7","full",3979074,5660,100,15166,0.993449495611162,0.728224334965908,0.124566078186035
"fishash_poisson_rawd","moi_0.300000_iter_7","nonzero",269868,3864,100,15166,0.993449495611162,0.79695218076721,0.124566078186035
"fishash+_contingency","moi_0.300000_iter_7","full",3978830,5367,344,15459,0.978231981269379,0.742293287237107,0.425575017929077
"fishash+_contingency","moi_0.300000_iter_7","nonzero",269624,3571,344,15459,0.978231981269379,0.812348922753547,0.425575017929077
"fishash_refit0","moi_0.300000_iter_8","full",3979166,5326,93,15415,0.994003095176683,0.743213924111663,0.165663003921509
"fishash_refit0","moi_0.300000_iter_8","nonzero",280609,3587,93,15415,0.994003095176683,0.811230396800337,0.165663003921509
"fishash_refit10","moi_0.300000_iter_8","full",3979166,5291,93,15450,0.99401659911214,0.744901403018177,1.62734794616699
"fishash_refit10","moi_0.300000_iter_8","nonzero",280609,3552,93,15450,0.99401659911214,0.813072308178087,1.62734794616699
"fishash+_poisson","moi_0.300000_iter_8","full",3978967,5181,292,15560,0.981579611405501,0.750204908152934,0.17283296585083
"fishash+_poisson","moi_0.300000_iter_8","nonzero",280410,3442,292,15560,0.981579611405501,0.818861172508157,0.17283296585083
"fishash_poisson_rawd","moi_0.300000_iter_8","full",3979175,5390,84,15351,0.994557823129252,0.740128248396895,0.176382064819336
"fishash_poisson_rawd","moi_0.300000_iter_8","nonzero",280618,3651,84,15351,0.994557823129252,0.807862330281023,0.176382064819336
"fishash+_contingency","moi_0.300000_iter_8","full",3978925,5124,334,15617,0.9790608739264,0.752953088086399,0.837687015533447
"fishash+_contingency","moi_0.300000_iter_8","nonzero",280368,3385,334,15617,0.9790608739264,0.821860856751921,0.837687015533447
"fishash_refit0","moi_0.300000_iter_9","full",3979029,5529,109,15333,0.992941328843414,0.734972677595628,0.167031049728394
"fishash_refit0","moi_0.300000_iter_9","nonzero",275452,3766,109,15333,0.992941328843414,0.802816901408451,0.167031049728394
"fishash_refit10","moi_0.300000_iter_9","full",3979021,5508,117,15354,0.992437463641652,0.735979292493529,1.47759699821472
"fishash_refit10","moi_0.300000_iter_9","nonzero",275444,3745,117,15354,0.992437463641652,0.803916435415467,1.47759699821472
"fishash+_poisson","moi_0.300000_iter_9","full",3978843,5382,295,15480,0.981299524564184,0.742018981880932,0.168929100036621
"fishash+_poisson","moi_0.300000_iter_9","nonzero",275266,3619,295,15480,0.981299524564184,0.810513639457563,0.168929100036621
"fishash_poisson_rawd","moi_0.300000_iter_9","full",3979039,5601,99,15261,0.9935546875,0.731521426517112,0.171159029006958
"fishash_poisson_rawd","moi_0.300000_iter_9","nonzero",275462,3838,99,15261,0.9935546875,0.799047070527253,0.171159029006958
"fishash+_contingency","moi_0.300000_iter_9","full",3978806,5327,332,15535,0.979076069830466,0.744655354232576,0.285099029541016
"fishash+_contingency","moi_0.300000_iter_9","nonzero",275229,3564,332,15535,0.979076069830466,0.8133933713807,0.285099029541016
"fishash_refit0","moi_0.300000_iter_10","full",3979051,5659,106,15184,0.993067364290386,0.72849397879384,0.165927886962891
"fishash_refit0","moi_0.300000_iter_10","nonzero",282737,3856,106,15184,0.993067364290386,0.797478991596639,0.165927886962891
"fishash_refit10","moi_0.300000_iter_10","full",3979032,5652,125,15191,0.991838600156699,0.728829822962146,1.2617039680481
"fishash_refit10","moi_0.300000_iter_10","nonzero",282718,3849,125,15191,0.991838600156699,0.797846638655462,1.2617039680481
"fishash+_poisson","moi_0.300000_iter_10","full",3978823,5494,334,15349,0.978703054262577,0.736410305618193,0.375720024108887
"fishash+_poisson","moi_0.300000_iter_10","nonzero",282509,3691,334,15349,0.978703054262577,0.806144957983193,0.375720024108887
"fishash_poisson_rawd","moi_0.300000_iter_10","full",3979043,5738,114,15105,0.99250936329588,0.724703737465816,0.176395893096924
"fishash_poisson_rawd","moi_0.300000_iter_10","nonzero",282729,3935,114,15105,0.99250936329588,0.793329831932773,0.176395893096924
"fishash+_contingency","moi_0.300000_iter_10","full",3978797,5464,360,15379,0.97712688226698,0.737849637768076,0.767713069915771
"fishash+_contingency","moi_0.300000_iter_10","nonzero",282483,3661,360,15379,0.97712688226698,0.807720588235294,0.767713069915771
"fishash_refit0","moi_0.500000_iter_1","full",3977168,6695,78,16059,0.995166387804425,0.705766019161466,0.170620918273926
"fishash_refit0","moi_0.500000_iter_1","nonzero",287093,4554,78,16059,0.995166387804425,0.779071459758405,0.170620918273926
"fishash_refit10","moi_0.500000_iter_1","full",3977166,6664,80,16090,0.995052566481138,0.70712841698163,1.6741738319397
"fishash_refit10","moi_0.500000_iter_1","nonzero",287091,4523,80,16090,0.995052566481138,0.780575365060884,1.6741738319397
"fishash+_poisson","moi_0.500000_iter_1","full",3976991,6448,255,16306,0.984602379083389,0.716621253405995,0.175764083862305
"fishash+_poisson","moi_0.500000_iter_1","nonzero",286916,4307,255,16306,0.984602379083389,0.791054189103964,0.175764083862305
"fishash_poisson_rawd","moi_0.500000_iter_1","full",3977180,6753,66,16001,0.99589220140661,0.703217016788257,0.389540910720825
"fishash_poisson_rawd","moi_0.500000_iter_1","nonzero",287105,4612,66,16001,0.99589220140661,0.776257701450541,0.389540910720825
"fishash+_contingency","moi_0.500000_iter_1","full",3976975,6389,271,16365,0.983710026448666,0.719214204095983,0.660604000091553
"fishash+_contingency","moi_0.500000_iter_1","nonzero",286900,4248,271,16365,0.983710026448666,0.793916460486101,0.660604000091553
"fishash_refit0","moi_0.500000_iter_2","full",3977095,6564,97,16244,0.994064010770455,0.71220624342336,0.16886305809021
"fishash_refit0","moi_0.500000_iter_2","nonzero",277114,4355,97,16244,0.994064010770455,0.788581969998544,0.16886305809021
"fishash_refit10","moi_0.500000_iter_2","full",3977090,6523,102,16285,0.99377555379264,0.714003858295335,1.44196200370789
"fishash_refit10","moi_0.500000_iter_2","nonzero",277109,4314,102,16285,0.99377555379264,0.79057235788145,1.44196200370789
"fishash+_poisson","moi_0.500000_iter_2","full",3976914,6317,278,16491,0.983421790208122,0.723035776920379,0.252104997634888
"fishash+_poisson","moi_0.500000_iter_2","nonzero",276933,4108,278,16491,0.983421790208122,0.80057284334191,0.252104997634888
"fishash_poisson_rawd","moi_0.500000_iter_2","full",3977100,6639,92,16169,0.994342291371994,0.708917923535602,0.180480003356934
"fishash_poisson_rawd","moi_0.500000_iter_2","nonzero",277119,4430,92,16169,0.994342291371994,0.784941016554202,0.180480003356934
"fishash+_contingency","moi_0.500000_iter_2","full",3976888,6231,304,16577,0.981991588176056,0.726806383725009,0.546669960021973
"fishash+_contingency","moi_0.500000_iter_2","nonzero",276907,4022,304,16577,0.981991588176056,0.804747803291422,0.546669960021973
"fishash_refit0","moi_0.500000_iter_3","full",3977157,6634,96,16113,0.99407736442717,0.708357145997274,0.167374134063721
"fishash_refit0","moi_0.500000_iter_3","nonzero",269098,4532,96,16113,0.99407736442717,0.780479534996367,0.167374134063721
"fishash_refit10","moi_0.500000_iter_3","full",3977153,6642,100,16105,0.993829065103363,0.708005451268299,1.4277229309082
"fishash_refit10","moi_0.500000_iter_3","nonzero",269094,4540,100,16105,0.993829065103363,0.780092031969,1.4277229309082
"fishash+_poisson","moi_0.500000_iter_3","full",3976951,6421,302,16326,0.981837863844118,0.71772101815624,0.20980715751648
"fishash+_poisson","moi_0.500000_iter_3","nonzero",268892,4319,302,16326,0.981837863844118,0.790796803100024,0.20980715751648
"fishash_poisson_rawd","moi_0.500000_iter_3","full",3977162,6753,91,15994,0.994342555175629,0.703125686903768,0.173632144927979
"fishash_poisson_rawd","moi_0.500000_iter_3","nonzero",269103,4651,91,15994,0.994342555175629,0.774715427464277,0.173632144927979
"fishash+_contingency","moi_0.500000_iter_3","full",3976922,6357,331,16390,0.980204533221697,0.720534575988042,0.844206094741821
"fishash+_contingency","moi_0.500000_iter_3","nonzero",268863,4255,331,16390,0.980204533221697,0.793896827318963,0.844206094741821
"fishash_refit0","moi_0.500000_iter_4","full",3977090,6654,89,16167,0.994525098425197,0.708426449322992,0.165798902511597
"fishash_refit0","moi_0.500000_iter_4","nonzero",279476,4541,89,16167,0.994525098425197,0.780712768012362,0.165798902511597
"fishash_refit10","moi_0.500000_iter_4","full",3977093,6678,86,16143,0.994700844167848,0.707374786380965,1.5880138874054
"fishash_refit10","moi_0.500000_iter_4","nonzero",279479,4565,86,16143,0.994700844167848,0.779553795634537,1.5880138874054
"fishash+_poisson","moi_0.500000_iter_4","full",3976896,6462,283,16359,0.982994832351881,0.716839752859209,0.213343858718872
"fishash+_poisson","moi_0.500000_iter_4","nonzero",279282,4349,283,16359,0.982994832351881,0.789984547034962,0.213343858718872
"fishash_poisson_rawd","moi_0.500000_iter_4","full",3977105,6790,74,16031,0.995405153678982,0.702467025984839,0.177847862243652
"fishash_poisson_rawd","moi_0.500000_iter_4","nonzero",279491,4677,74,16031,0.995405153678982,0.774145257871354,0.177847862243652
"fishash+_contingency","moi_0.500000_iter_4","full",3976876,6397,303,16424,0.981885574221319,0.719688006660532,0.573955059051514
"fishash+_contingency","moi_0.500000_iter_4","nonzero",279262,4284,303,16424,0.981885574221319,0.793123430558238,0.573955059051514
"fishash_refit0","moi_0.500000_iter_5","full",3977039,6343,82,16536,0.99506559152726,0.722758861838367,0.164139986038208
"fishash_refit0","moi_0.500000_iter_5","nonzero",272125,4275,82,16536,0.99506559152726,0.794579789534381,0.164139986038208
"fishash_refit10","moi_0.500000_iter_5","full",3977030,6339,91,16540,0.994528290541759,0.722933694654487,1.21607494354248
"fishash_refit10","moi_0.500000_iter_5","nonzero",272116,4271,91,16540,0.994528290541759,0.794771995579261,1.21607494354248
"fishash+_poisson","moi_0.500000_iter_5","full",3976846,6087,275,16792,0.983887033456378,0.73394816207002,0.421661853790283
"fishash+_poisson","moi_0.500000_iter_5","nonzero",271932,4019,275,16792,0.983887033456378,0.806880976406708,0.421661853790283
"fishash_poisson_rawd","moi_0.500000_iter_5","full",3977039,6435,82,16444,0.995038121747549,0.718737707067617,0.17550802230835
"fishash_poisson_rawd","moi_0.500000_iter_5","nonzero",272125,4367,82,16444,0.995038121747549,0.790159050502138,0.17550802230835
"fishash+_contingency","moi_0.500000_iter_5","full",3976803,6028,318,16851,0.981478245675345,0.736526946107784,0.347090005874634
"fishash+_contingency","moi_0.500000_iter_5","nonzero",271889,3960,318,16851,0.981478245675345,0.80971601556869,0.347090005874634
"fishash_refit0","moi_0.500000_iter_6","full",3977088,6659,76,16177,0.995323940195656,0.708399019092661,0.169188022613525
"fishash_refit0","moi_0.500000_iter_6","nonzero",269676,4603,76,16177,0.995323940195656,0.778488931665063,0.169188022613525
"fishash_refit10","moi_0.500000_iter_6","full",3977077,6633,87,16203,0.994659300184162,0.709537572254335,1.44569897651672
"fishash_refit10","moi_0.500000_iter_6","nonzero",269665,4577,87,16203,0.994659300184162,0.779740134744947,1.44569897651672
"fishash+_poisson","moi_0.500000_iter_6","full",3976900,6377,264,16459,0.984213358847097,0.720747941846208,0.21300196647644
"fishash+_poisson","moi_0.500000_iter_6","nonzero",269488,4321,264,16459,0.984213358847097,0.792059672762271,0.21300196647644
"fishash_poisson_rawd","moi_0.500000_iter_6","full",3977090,6745,74,16091,0.9954222084751,0.704633035557891,0.181698083877563
"fishash_poisson_rawd","moi_0.500000_iter_6","nonzero",269678,4689,74,16091,0.9954222084751,0.774350336862368,0.181698083877563
"fishash+_contingency","moi_0.500000_iter_6","full",3976870,6311,294,16525,0.98251976930852,0.723638115256612,0.277024984359741
"fishash+_contingency","moi_0.500000_iter_6","nonzero",269458,4255,294,16525,0.98251976930852,0.795235803657363,0.277024984359741
"fishash_refit0","moi_0.500000_iter_7","full",3977027,6612,111,16250,0.993215573620194,0.710786457877701,0.167263031005859
"fishash_refit0","moi_0.500000_iter_7","nonzero",273649,4479,111,16250,0.993215573620194,0.783925900911766,0.167263031005859
"fishash_refit10","moi_0.500000_iter_7","full",3977023,6605,115,16257,0.99297581236257,0.711092642813402,1.44946312904358
"fishash_refit10","moi_0.500000_iter_7","nonzero",273645,4472,115,16257,0.99297581236257,0.784263592069082,1.44946312904358
"fishash+_poisson","moi_0.500000_iter_7","full",3976841,6373,297,16489,0.982306684141547,0.721240486396641,0.166916131973267
"fishash+_poisson","moi_0.500000_iter_7","nonzero",273463,4240,297,16489,0.982306684141547,0.795455641854407,0.166916131973267
"fishash_poisson_rawd","moi_0.500000_iter_7","full",3977033,6726,105,16136,0.99353488085709,0.705800017496282,0.182287216186523
"fishash_poisson_rawd","moi_0.500000_iter_7","nonzero",273655,4593,105,16136,0.99353488085709,0.778426359206908,0.182287216186523
"fishash+_contingency","moi_0.500000_iter_7","full",3976798,6316,340,16546,0.979864976903944,0.72373370658735,0.35587215423584
"fishash+_contingency","moi_0.500000_iter_7","nonzero",273420,4183,340,16546,0.979864976903944,0.798205412706836,0.35587215423584
"fishash_refit0","moi_0.500000_iter_8","full",3977180,6620,85,16115,0.994753086419753,0.708819001539477,0.174921035766602
"fishash_refit0","moi_0.500000_iter_8","nonzero",280732,4419,85,16115,0.994753086419753,0.7847959481835,0.174921035766602
"fishash_refit10","moi_0.500000_iter_8","full",3977173,6601,92,16134,0.994330087513867,0.709654717396085,1.25730490684509
"fishash_refit10","moi_0.500000_iter_8","nonzero",280725,4400,92,16134,0.994330087513867,0.785721242816792,1.25730490684509
"fishash+_poisson","moi_0.500000_iter_8","full",3976999,6350,266,16385,0.984024983484475,0.720694963712338,0.383585929870605
"fishash+_poisson","moi_0.500000_iter_8","nonzero",280551,4149,266,16385,0.984024983484475,0.797944871919743,0.383585929870605
"fishash_poisson_rawd","moi_0.500000_iter_8","full",3977181,6682,84,16053,0.994794571481688,0.706091928744227,0.182897806167603
"fishash_poisson_rawd","moi_0.500000_iter_8","nonzero",280733,4481,84,16053,0.994794571481688,0.781776565695919,0.182897806167603
"fishash+_contingency","moi_0.500000_iter_8","full",3976971,6310,294,16425,0.982415216221066,0.722454365515725,0.850454092025757
"fishash+_contingency","moi_0.500000_iter_8","nonzero",280523,4109,294,16425,0.982415216221066,0.799892860621408,0.850454092025757
"fishash_refit0","moi_0.500000_iter_9","full",3977091,6501,76,16332,0.995368113115553,0.715280515044015,0.159946918487549
"fishash_refit0","moi_0.500000_iter_9","nonzero",271655,4411,76,16332,0.995368113115553,0.787349949380514,0.159946918487549
"fishash_refit10","moi_0.500000_iter_9","full",3977090,6525,77,16308,0.995300579798596,0.714229404808829,1.43665409088135
"fishash_refit10","moi_0.500000_iter_9","nonzero",271654,4435,77,16308,0.995300579798596,0.786192932555561,1.43665409088135
"fishash+_poisson","moi_0.500000_iter_9","full",3976943,6295,224,16538,0.986636439565684,0.724302544562694,0.171475887298584
"fishash+_poisson","moi_0.500000_iter_9","nonzero",271507,4205,224,16538,0.986636439565684,0.79728101046136,0.171475887298584
"fishash_poisson_rawd","moi_0.500000_iter_9","full",3977099,6632,68,16201,0.995820271682341,0.709543205010292,0.177210807800293
"fishash_poisson_rawd","moi_0.500000_iter_9","nonzero",271663,4542,68,16201,0.995820271682341,0.781034565877646,0.177210807800293
"fishash+_contingency","moi_0.500000_iter_9","full",3976914,6247,253,16586,0.984975354831047,0.726404765033066,0.547321081161499
"fishash+_contingency","moi_0.500000_iter_9","nonzero",271478,4157,253,16586,0.984975354831047,0.799595044111266,0.547321081161499
"fishash_refit0","moi_0.500000_iter_10","full",3977028,6839,101,16032,0.993739540073142,0.700975033885707,0.171941041946411
"fishash_refit0","moi_0.500000_iter_10","nonzero",279526,4634,101,16032,0.993739540073142,0.775766960224523,0.171941041946411
"fishash_refit10","moi_0.500000_iter_10","full",3977025,6792,104,16079,0.993573503058765,0.703030038039439,1.44118404388428
"fishash_refit10","moi_0.500000_iter_10","nonzero",279523,4587,104,16079,0.993573503058765,0.778041227136359,1.44118404388428
"fishash+_poisson","moi_0.500000_iter_10","full",3976851,6595,278,16276,0.983206475776247,0.711643566088059,0.218875169754028
"fishash+_poisson","moi_0.500000_iter_10","nonzero",279349,4390,278,16276,0.983206475776247,0.78757379270299,0.218875169754028
"fishash_poisson_rawd","moi_0.500000_iter_10","full",3977045,6918,84,15953,0.994762112614579,0.697520877967732,0.177466869354248
"fishash_poisson_rawd","moi_0.500000_iter_10","nonzero",279543,4713,84,15953,0.994762112614579,0.771944256266331,0.177466869354248
"fishash+_contingency","moi_0.500000_iter_10","full",3976818,6508,311,16363,0.981348206789013,0.715447509947095,0.637535810470581
"fishash+_contingency","moi_0.500000_iter_10","nonzero",279316,4303,311,16363,0.981348206789013,0.791783605922772,0.637535810470581
"fishash_refit0","moi_1.000000_iter_1","full",3971556,10188,68,18188,0.996275197195443,0.640964195094446,0.176971912384033
"fishash_refit0","moi_1.000000_iter_1","nonzero",270948,7019,68,18188,0.996275197195443,0.721545602412028,0.176971912384033
"fishash_refit10","moi_1.000000_iter_1","full",3971544,10169,80,18207,0.99562530759556,0.641633775021145,1.46122002601624
"fishash_refit10","moi_1.000000_iter_1","nonzero",270936,7000,80,18207,0.99562530759556,0.722299361288531,1.46122002601624
"fishash+_poisson","moi_1.000000_iter_1","full",3971389,9611,235,18765,0.987631578947368,0.66129828023682,0.211594104766846
"fishash+_poisson","moi_1.000000_iter_1","nonzero",270781,6442,235,18765,0.987631578947368,0.744436069345817,0.211594104766846
"fishash_poisson_rawd","moi_1.000000_iter_1","full",3971557,10314,67,18062,0.99630426388659,0.636523822948971,0.169278144836426
"fishash_poisson_rawd","moi_1.000000_iter_1","nonzero",270949,7145,67,18062,0.99630426388659,0.716546990915222,0.169278144836426
"fishash+_contingency","moi_1.000000_iter_1","full",3971364,9517,260,18859,0.986400962393431,0.664610938821539,0.511512994766235
"fishash+_contingency","moi_1.000000_iter_1","nonzero",270756,6348,260,18859,0.986400962393431,0.748165192208514,0.511512994766235
"fishash_refit0","moi_1.000000_iter_2","full",3971860,10181,93,17866,0.994821537947547,0.637002174920669,0.169452905654907
"fishash_refit0","moi_1.000000_iter_2","nonzero",268921,6900,93,17866,0.994821537947547,0.721392231284826,0.169452905654907
"fishash_refit10","moi_1.000000_iter_2","full",3971867,10141,86,17906,0.995220097821254,0.638428352408457,1.46690797805786
"fishash_refit10","moi_1.000000_iter_2","nonzero",268928,6860,86,17906,0.995220097821254,0.723007348784624,1.46690797805786
"fishash+_poisson","moi_1.000000_iter_2","full",3971722,9659,231,18388,0.987593318652989,0.655613791136307,0.215579032897949
"fishash+_poisson","moi_1.000000_iter_2","nonzero",268783,6378,231,18388,0.987593318652989,0.742469514657191,0.215579032897949
"fishash_poisson_rawd","moi_1.000000_iter_2","full",3971877,10289,76,17758,0.995738477066278,0.63315149570364,0.173038005828857
"fishash_poisson_rawd","moi_1.000000_iter_2","nonzero",268938,7008,76,17758,0.995738477066278,0.717031414035371,0.173038005828857
"fishash+_contingency","moi_1.000000_iter_2","full",3971703,9541,250,18506,0.986670931968437,0.659821014725283,0.596334934234619
"fishash+_contingency","moi_1.000000_iter_2","nonzero",268764,6260,250,18506,0.986670931968437,0.747234111281596,0.596334934234619
"fishash_refit0","moi_1.000000_iter_3","full",3971668,10456,82,17794,0.995412844036697,0.62987610619469,0.171547174453735
"fishash_refit0","moi_1.000000_iter_3","nonzero",273320,7123,82,17794,0.995412844036697,0.714130914636594,0.171547174453735
"fishash_refit10","moi_1.000000_iter_3","full",3971667,10445,83,17805,0.995360017889088,0.630265486725664,1.23303580284119
"fishash_refit10","moi_1.000000_iter_3","nonzero",273319,7112,83,17805,0.995360017889088,0.714572380302605,1.23303580284119
"fishash+_poisson","moi_1.000000_iter_3","full",3971512,9919,238,18331,0.987182939307448,0.648884955752212,0.174448013305664
"fishash+_poisson","moi_1.000000_iter_3","nonzero",273164,6586,238,18331,0.987182939307448,0.735682465786411,0.174448013305664
"fishash_poisson_rawd","moi_1.000000_iter_3","full",3971680,10602,70,17648,0.996049215487075,0.62470796460177,0.192682981491089
"fishash_poisson_rawd","moi_1.000000_iter_3","nonzero",273332,7269,70,17648,0.996049215487075,0.708271461251355,0.192682981491089
"fishash+_contingency","moi_1.000000_iter_3","full",3971485,9816,265,18434,0.985828119150757,0.652530973451327,1.25311708450317
"fishash+_contingency","moi_1.000000_iter_3","nonzero",273137,6483,265,18434,0.985828119150757,0.73981618974997,1.25311708450317
"fishash_refit0","moi_1.000000_iter_4","full",3971697,9870,87,18346,0.995280203981989,0.650198468953785,0.185557842254639
"fishash_refit0","moi_1.000000_iter_4","nonzero",269747,6722,87,18346,0.995280203981989,0.731849369714377,0.185557842254639
"fishash_refit10","moi_1.000000_iter_4","full",3971706,9847,78,18369,0.995771670190275,0.651013609299688,1.47895789146423
"fishash_refit10","moi_1.000000_iter_4","nonzero",269756,6699,78,18369,0.995771670190275,0.732766874102441,1.47895789146423
"fishash+_poisson","moi_1.000000_iter_4","full",3971544,9342,240,18874,0.987443758501622,0.66891125602495,0.171300888061523
"fishash+_poisson","moi_1.000000_iter_4","nonzero",269594,6194,240,18874,0.987443758501622,0.752912079144726,0.171300888061523
"fishash_poisson_rawd","moi_1.000000_iter_4","full",3971717,9962,67,18254,0.996342994378036,0.646937907570173,0.179579973220825
"fishash_poisson_rawd","moi_1.000000_iter_4","nonzero",269767,6814,67,18254,0.996342994378036,0.728179352162119,0.179579973220825
"fishash+_contingency","moi_1.000000_iter_4","full",3971520,9240,264,18976,0.986278586278586,0.672526226254607,0.467360019683838
"fishash+_contingency","moi_1.000000_iter_4","nonzero",269570,6092,264,18976,0.986278586278586,0.756981011648317,0.467360019683838
"fishash_refit0","moi_1.000000_iter_5","full",3971677,10174,90,18059,0.995041049093614,0.639641554209613,0.170471906661987
"fishash_refit0","moi_1.000000_iter_5","nonzero",270551,6999,90,18059,0.995041049093614,0.720688003831112,0.170471906661987
"fishash_refit10","moi_1.000000_iter_5","full",3971676,10158,91,18075,0.994990641858417,0.640208266921687,1.86799001693726
"fishash_refit10","moi_1.000000_iter_5","nonzero",270550,6983,91,18075,0.994990641858417,0.721326522467875,1.86799001693726
"fishash+_poisson","moi_1.000000_iter_5","full",3971527,9608,240,18625,0.987278028094355,0.659689016399249,0.176314830780029
"fishash+_poisson","moi_1.000000_iter_5","nonzero",270401,6433,240,18625,0.987278028094355,0.743275600606593,0.176314830780029
"fishash_poisson_rawd","moi_1.000000_iter_5","full",3971687,10297,80,17936,0.995559502664298,0.63528495023554,0.17415189743042
"fishash_poisson_rawd","moi_1.000000_iter_5","nonzero",270561,7122,80,17936,0.995559502664298,0.715779391810998,0.17415189743042
"fishash+_contingency","moi_1.000000_iter_5","full",3971501,9505,266,18728,0.985995577550805,0.663337229483229,0.524742126464844
"fishash+_contingency","moi_1.000000_iter_5","nonzero",270375,6330,266,18728,0.985995577550805,0.747386064330753,0.524742126464844
"fishash_refit0","moi_1.000000_iter_6","full",3971359,10542,101,17998,0.994419581192331,0.63062368605466,0.177860975265503
"fishash_refit0","moi_1.000000_iter_6","nonzero",277475,7294,101,17998,0.994419581192331,0.711608413727661,0.177860975265503
"fishash_refit10","moi_1.000000_iter_6","full",3971364,10573,96,17967,0.994685268227869,0.629537491240364,1.40327715873718
"fishash_refit10","moi_1.000000_iter_6","nonzero",277480,7325,96,17967,0.994685268227869,0.710382729716907,1.40327715873718
"fishash+_poisson","moi_1.000000_iter_6","full",3971183,10023,277,18517,0.985261253591572,0.648808689558514,0.2206130027771
"fishash+_poisson","moi_1.000000_iter_6","nonzero",277299,6775,277,18517,0.985261253591572,0.732128736359323,0.2206130027771
"fishash_poisson_rawd","moi_1.000000_iter_6","full",3971372,10707,88,17833,0.99508955973439,0.624842326559215,0.233289957046509
"fishash_poisson_rawd","moi_1.000000_iter_6","nonzero",277488,7459,88,17833,0.99508955973439,0.705084611734936,0.233289957046509
"fishash+_contingency","moi_1.000000_iter_6","full",3971156,9953,304,18587,0.983907680906252,0.651261387526279,0.543622016906738
"fishash+_contingency","moi_1.000000_iter_6","nonzero",277272,6705,304,18587,0.983907680906252,0.734896409931994,0.543622016906738
"fishash_refit0","moi_1.000000_iter_7","full",3971681,10100,88,18131,0.995169877600307,0.642237256916156,0.184742212295532
"fishash_refit0","moi_1.000000_iter_7","nonzero",269169,6963,88,18131,0.995169877600307,0.722523312345581,0.184742212295532
"fishash_refit10","moi_1.000000_iter_7","full",3971675,10121,94,18110,0.994836299714349,0.641493393786972,1.64279103279114
"fishash_refit10","moi_1.000000_iter_7","nonzero",269163,6984,94,18110,0.994836299714349,0.721686458914482,1.64279103279114
"fishash+_poisson","moi_1.000000_iter_7","full",3971535,9580,234,18651,0.987609213661636,0.660656724876908,0.173749923706055
"fishash+_poisson","moi_1.000000_iter_7","nonzero",269023,6443,234,18651,0.987609213661636,0.743245397306129,0.173749923706055
"fishash_poisson_rawd","moi_1.000000_iter_7","full",3971690,10250,79,17981,0.99562569213732,0.636923948850554,0.228741884231567
"fishash_poisson_rawd","moi_1.000000_iter_7","nonzero",269178,7113,79,17981,0.99562569213732,0.71654578783773,0.228741884231567
"fishash+_contingency","moi_1.000000_iter_7","full",3971509,9494,260,18737,0.986313628467653,0.663703021501187,0.718244075775146
"fishash+_contingency","moi_1.000000_iter_7","nonzero",268997,6357,260,18737,0.986313628467653,0.746672511357297,0.718244075775146
"fishash_refit0","moi_1.000000_iter_8","full",3971488,9955,81,18476,0.995635070323867,0.649854032570082,0.17780590057373
"fishash_refit0","moi_1.000000_iter_8","nonzero",268188,6733,81,18476,0.995635070323867,0.732912848585823,0.17780590057373
"fishash_refit10","moi_1.000000_iter_8","full",3971488,9920,81,18511,0.995643287435456,0.651085083183849,1.67422318458557
"fishash_refit10","moi_1.000000_iter_8","nonzero",268188,6698,81,18511,0.995643287435456,0.734301241620056,1.67422318458557
"fishash+_poisson","moi_1.000000_iter_8","full",3971353,9383,216,19048,0.988787375415282,0.669972916886497,0.248984098434448
"fishash+_poisson","moi_1.000000_iter_8","nonzero",268053,6161,216,19048,0.988787375415282,0.755603157602444,0.248984098434448
"fishash_poisson_rawd","moi_1.000000_iter_8","full",3971503,10052,66,18379,0.996421794524261,0.646442263726214,0.178650856018066
"fishash_poisson_rawd","moi_1.000000_iter_8","nonzero",268203,6830,66,18379,0.996421794524261,0.729065016462375,0.178650856018066
"fishash+_contingency","moi_1.000000_iter_8","full",3971331,9281,238,19150,0.987724365586961,0.67356055010376,0.647294998168945
"fishash+_contingency","moi_1.000000_iter_8","nonzero",268031,6059,238,19150,0.987724365586961,0.759649331587925,0.647294998168945
"fishash_refit0","moi_1.000000_iter_9","full",3971694,10077,92,18137,0.994953096714027,0.642836889487489,0.186531066894531
"fishash_refit0","moi_1.000000_iter_9","nonzero",268449,6890,92,18137,0.994953096714027,0.724697326886962,0.186531066894531
"fishash_refit10","moi_1.000000_iter_9","full",3971688,10111,98,18103,0.994615680457118,0.641631813993053,1.73435091972351
"fishash_refit10","moi_1.000000_iter_9","nonzero",268443,6924,98,18103,0.994615680457118,0.72333879410237,1.73435091972351
"fishash+_poisson","moi_1.000000_iter_9","full",3971549,9555,237,18659,0.98745766299746,0.661338342666761,0.45569896697998
"fishash+_poisson","moi_1.000000_iter_9","nonzero",268304,6368,237,18659,0.98745766299746,0.74555480081512,0.45569896697998
"fishash_poisson_rawd","moi_1.000000_iter_9","full",3971700,10228,86,17986,0.995241257193448,0.63748493655632,0.228757858276367
"fishash_poisson_rawd","moi_1.000000_iter_9","nonzero",268455,7041,86,17986,0.995241257193448,0.718663843049506,0.228757858276367
"fishash+_contingency","moi_1.000000_iter_9","full",3971521,9470,265,18744,0.986059235099164,0.66435103140285,0.796364068984985
"fishash+_contingency","moi_1.000000_iter_9","nonzero",268276,6283,265,18744,0.986059235099164,0.748951132776601,0.796364068984985
"fishash_refit0","moi_1.000000_iter_10","full",3971478,10231,71,18220,0.996118309551145,0.640399282977751,0.186042070388794
"fishash_refit0","moi_1.000000_iter_10","nonzero",268218,7093,71,18220,0.996118309551145,0.719788251096275,0.186042070388794
"fishash_refit10","moi_1.000000_iter_10","full",3971463,10229,86,18222,0.995302599956303,0.640469579276651,1.88204908370972
"fishash_refit10","moi_1.000000_iter_10","nonzero",268203,7091,86,18222,0.995302599956303,0.719867261881247,1.88204908370972
"fishash+_poisson","moi_1.000000_iter_10","full",3971318,9685,231,18766,0.987840185292415,0.659590172577414,0.176532030105591
"fishash+_poisson","moi_1.000000_iter_10","nonzero",268058,6547,231,18766,0.987840185292415,0.741358195393671,0.176532030105591
"fishash_poisson_rawd","moi_1.000000_iter_10","full",3971474,10379,75,18072,0.995867085468673,0.635197356859161,0.178526878356934
"fishash_poisson_rawd","moi_1.000000_iter_10","nonzero",268214,7241,75,18072,0.995867085468673,0.713941453008336,0.178526878356934
"fishash+_contingency","moi_1.000000_iter_10","full",3971294,9590,255,18861,0.986660389202762,0.662929246775157,0.664515972137451
"fishash+_contingency","moi_1.000000_iter_10","nonzero",268034,6452,255,18861,0.986660389202762,0.745111207679848,0.664515972137451
"fishash_refit0","moi_2.000000_iter_1","full",3958708,20288,62,20942,0.9970481812988,0.507931118117875,0.185777902603149
"fishash_refit0","moi_2.000000_iter_1","nonzero",260787,13498,62,20942,0.9970481812988,0.608072009291521,0.185777902603149
"fishash_refit10","moi_2.000000_iter_1","full",3958711,20307,59,20923,0.9971880659613,0.507470288624788,1.88451504707336
"fishash_refit10","moi_2.000000_iter_1","nonzero",260790,13517,59,20923,0.9971880659613,0.607520325203252,1.88451504707336
"fishash+_poisson","moi_2.000000_iter_1","full",3958613,19080,157,22150,0.992961850540189,0.537230172204705,0.220483064651489
"fishash+_poisson","moi_2.000000_iter_1","nonzero",260692,12290,157,22150,0.992961850540189,0.6431475029036,0.220483064651489
"fishash_poisson_rawd","moi_2.000000_iter_1","full",3958725,20536,45,20694,0.997830175032547,0.50191608052389,0.42432713508606
"fishash_poisson_rawd","moi_2.000000_iter_1","nonzero",260804,13746,45,20694,0.997830175032547,0.600871080139373,0.42432713508606
"fishash+_contingency","moi_2.000000_iter_1","full",3958590,18898,180,22332,0.992004264392324,0.541644433664807,0.432029008865356
"fishash+_contingency","moi_2.000000_iter_1","nonzero",260669,12108,180,22332,0.992004264392324,0.648432055749129,0.432029008865356
"fishash_refit0","moi_2.000000_iter_2","full",3958644,20074,80,21202,0.996240954797481,0.5136641147398,0.17727780342102
"fishash_refit0","moi_2.000000_iter_2","nonzero",251831,13370,80,21202,0.996240954797481,0.61327085502719,0.17727780342102
"fishash_refit10","moi_2.000000_iter_2","full",3958655,20110,69,21166,0.996750647515894,0.512791937203217,1.34895801544189
"fishash_refit10","moi_2.000000_iter_2","nonzero",251842,13406,69,21166,0.996750647515894,0.612229549924795,1.34895801544189
"fishash+_poisson","moi_2.000000_iter_2","full",3958560,18925,164,22351,0.992715967133022,0.541501114449075,0.486385107040405
"fishash+_poisson","moi_2.000000_iter_2","nonzero",251747,12221,164,22351,0.992715967133022,0.64650584287863,0.486385107040405
"fishash_poisson_rawd","moi_2.000000_iter_2","full",3958666,20341,58,20935,0.997237174296194,0.50719546467681,0.170861005783081
"fishash_poisson_rawd","moi_2.000000_iter_2","nonzero",251853,13637,58,20935,0.997237174296194,0.605547842184427,0.170861005783081
"fishash+_contingency","moi_2.000000_iter_2","full",3958533,18736,191,22540,0.991597378030003,0.546080046516135,0.639945030212402
"fishash+_contingency","moi_2.000000_iter_2","nonzero",251720,12032,191,22540,0.991597378030003,0.651972694666204,0.639945030212402
"fishash_refit0","moi_2.000000_iter_3","full",3958468,20260,75,21197,0.996474238435502,0.511300865957498,0.174118995666504
"fishash_refit0","moi_2.000000_iter_3","nonzero",254765,13617,75,21197,0.996474238435502,0.608864250014362,0.174118995666504
"fishash_refit10","moi_2.000000_iter_3","full",3958467,20277,76,21180,0.996424538953707,0.510890802518272,1.43964982032776
"fishash_refit10","moi_2.000000_iter_3","nonzero",254764,13634,76,21180,0.996424538953707,0.608375940713506,1.43964982032776
"fishash+_poisson","moi_2.000000_iter_3","full",3958380,19056,163,22401,0.992776103527743,0.540343006006223,0.440371990203857
"fishash+_poisson","moi_2.000000_iter_3","nonzero",254677,12413,163,22401,0.992776103527743,0.643448038145574,0.440371990203857
"fishash_poisson_rawd","moi_2.000000_iter_3","full",3958483,20509,60,20948,0.997143945163747,0.505294642641773,0.175068855285645
"fishash_poisson_rawd","moi_2.000000_iter_3","nonzero",254780,13866,60,20948,0.997143945163747,0.601711954960648,0.175068855285645
"fishash+_contingency","moi_2.000000_iter_3","full",3958358,18868,185,22589,0.991876701501712,0.544877825216489,0.653784036636353
"fishash+_contingency","moi_2.000000_iter_3","nonzero",254655,12225,185,22589,0.991876701501712,0.64884816453151,0.653784036636353
"fishash_refit0","moi_2.000000_iter_4","full",3958634,20073,56,21237,0.997370027708637,0.514088598402324,0.176070213317871
"fishash_refit0","moi_2.000000_iter_4","nonzero",255328,13465,56,21237,0.997370027708637,0.611982018327474,0.176070213317871
"fishash_refit10","moi_2.000000_iter_4","full",3958630,20084,60,21226,0.997181245889317,0.513822319051077,1.42509508132935
"fishash_refit10","moi_2.000000_iter_4","nonzero",255324,13476,60,21226,0.997181245889317,0.611665033715636,1.42509508132935
"fishash+_poisson","moi_2.000000_iter_4","full",3958537,18951,153,22359,0.993203624733475,0.541249092229484,0.44408106803894
"fishash+_poisson","moi_2.000000_iter_4","nonzero",255231,12343,153,22359,0.993203624733475,0.644314448734943,0.44408106803894
"fishash_poisson_rawd","moi_2.000000_iter_4","full",3958640,20302,50,21008,0.997625605470605,0.508545146453643,0.22146201133728
"fishash_poisson_rawd","moi_2.000000_iter_4","nonzero",255334,13694,50,21008,0.997625605470605,0.605382975044666,0.22146201133728
"fishash+_contingency","moi_2.000000_iter_4","full",3958512,18751,178,22559,0.992171350661917,0.546090534979424,0.647665977478027
"fishash+_contingency","moi_2.000000_iter_4","nonzero",255206,12143,178,22559,0.992171350661917,0.650077805313815,0.647665977478027
"fishash_refit0","moi_2.000000_iter_5","full",3958659,20499,60,20782,0.997121197581806,0.503427727041496,0.183695077896118
"fishash_refit0","moi_2.000000_iter_5","nonzero",253104,13911,60,20782,0.997121197581806,0.599025740062837,0.183695077896118
"fishash_refit10","moi_2.000000_iter_5","full",3958659,20494,60,20787,0.997121888041445,0.503548848138369,1.62102198600769
"fishash_refit10","moi_2.000000_iter_5","nonzero",253104,13906,60,20787,0.997121888041445,0.599169861355317,1.62102198600769
"fishash+_poisson","moi_2.000000_iter_5","full",3958562,19320,157,21961,0.992901709015282,0.531988081684068,0.168933868408203
"fishash+_poisson","moi_2.000000_iter_5","nonzero",253007,12732,157,21961,0.992901709015282,0.633009540829562,0.168933868408203
"fishash_poisson_rawd","moi_2.000000_iter_5","full",3958663,20744,56,20537,0.997280629340067,0.497492793294736,0.175420999526978
"fishash_poisson_rawd","moi_2.000000_iter_5","nonzero",253108,14156,56,20537,0.997280629340067,0.591963796731329,0.175420999526978
"fishash+_contingency","moi_2.000000_iter_5","full",3958550,19132,169,22149,0.992427636885026,0.536542234926479,0.875834941864014
"fishash+_contingency","moi_2.000000_iter_5","nonzero",252995,12544,169,22149,0.992427636885026,0.638428501426801,0.875834941864014
"fishash_refit0","moi_2.000000_iter_6","full",3958577,20487,64,20872,0.996943064577761,0.504654367852221,0.172950983047485
"fishash_refit0","moi_2.000000_iter_6","nonzero",244634,13478,64,20872,0.996943064577761,0.607627365356623,0.172950983047485
"fishash_refit10","moi_2.000000_iter_6","full",3958575,20479,66,20880,0.996849040389573,0.504847796126599,1.58857083320618
"fishash_refit10","moi_2.000000_iter_6","nonzero",244632,13470,66,20880,0.996849040389573,0.607860262008734,1.58857083320618
"fishash+_poisson","moi_2.000000_iter_6","full",3958479,19299,162,22060,0.992709927099271,0.533378466597355,0.429561853408813
"fishash+_poisson","moi_2.000000_iter_6","nonzero",244536,12290,162,22060,0.992709927099271,0.642212518195051,0.429561853408813
"fishash_poisson_rawd","moi_2.000000_iter_6","full",3958583,20719,58,20640,0.997197796888588,0.499044947895259,0.211437940597534
"fishash_poisson_rawd","moi_2.000000_iter_6","nonzero",244640,13710,58,20640,0.997197796888588,0.600873362445415,0.211437940597534
"fishash+_contingency","moi_2.000000_iter_6","full",3958470,19094,171,22265,0.992378320556249,0.538335066128291,0.440086841583252
"fishash+_contingency","moi_2.000000_iter_6","nonzero",244527,12085,171,22265,0.992378320556249,0.648180494905386,0.440086841583252
"fishash_refit0","moi_2.000000_iter_7","full",3958442,21136,75,20347,0.996327489961806,0.490490080273847,0.179780960083008
"fishash_refit0","moi_2.000000_iter_7","nonzero",257347,14322,75,20347,0.996327489961806,0.58689318988145,0.179780960083008
"fishash_refit10","moi_2.000000_iter_7","full",3958449,21207,68,20276,0.996657491152182,0.488778535785744,1.59706091880798
"fishash_refit10","moi_2.000000_iter_7","nonzero",257354,14393,68,20276,0.996657491152182,0.584845250800427,1.59706091880798
"fishash+_poisson","moi_2.000000_iter_7","full",3958327,19970,190,21513,0.991245449937797,0.518597979895379,0.306075096130371
"fishash+_poisson","moi_2.000000_iter_7","nonzero",257232,13156,190,21513,0.991245449937797,0.620525541550088,0.306075096130371
"fishash_poisson_rawd","moi_2.000000_iter_7","full",3958458,21455,59,20028,0.997062776920396,0.482800183207579,0.228861093521118
"fishash_poisson_rawd","moi_2.000000_iter_7","nonzero",257363,14641,59,20028,0.997062776920396,0.57769188612305,0.228861093521118
"fishash+_contingency","moi_2.000000_iter_7","full",3958315,19828,202,21655,0.990758109530128,0.522021068871586,0.693311929702759
"fishash+_contingency","moi_2.000000_iter_7","nonzero",257220,13014,202,21655,0.990758109530128,0.624621419712135,0.693311929702759
"fishash_refit0","moi_2.000000_iter_8","full",3958997,20017,82,20904,0.996092633184027,0.51083795606168,0.167141914367676
"fishash_refit0","moi_2.000000_iter_8","nonzero",252335,13699,82,20904,0.996092633184027,0.604109470277144,0.167141914367676
"fishash_refit10","moi_2.000000_iter_8","full",3959007,19964,72,20957,0.996576156735936,0.512133134576379,1.26087808609009
"fishash_refit10","moi_2.000000_iter_8","nonzero",252345,13646,72,20957,0.996576156735936,0.605641129381846,1.26087808609009
"fishash+_poisson","moi_2.000000_iter_8","full",3958903,18728,176,22193,0.992131968349054,0.54233767503238,0.353558778762817
"fishash+_poisson","moi_2.000000_iter_8","nonzero",252241,12410,176,22193,0.992131968349054,0.64136057567263,0.353558778762817
"fishash_poisson_rawd","moi_2.000000_iter_8","full",3959020,20193,59,20728,0.997161687593207,0.50653698589966,0.177497148513794
"fishash_poisson_rawd","moi_2.000000_iter_8","nonzero",252358,13875,59,20728,0.997161687593207,0.599023206080398,0.177497148513794
"fishash+_contingency","moi_2.000000_iter_8","full",3958891,18525,188,22396,0.991675522493801,0.547298453116982,0.674026966094971
"fishash+_contingency","moi_2.000000_iter_8","nonzero",252229,12207,188,22396,0.991675522493801,0.647227119035922,0.674026966094971
"fishash_refit0","moi_2.000000_iter_9","full",3958713,19969,75,21243,0.996481846327048,0.515456663107833,0.17454981803894
"fishash_refit0","moi_2.000000_iter_9","nonzero",255704,13255,75,21243,0.996481846327048,0.615774827526233,0.17454981803894
"fishash_refit10","moi_2.000000_iter_9","full",3958720,19961,68,21251,0.996810356958582,0.515650781325827,1.60794997215271
"fishash_refit10","moi_2.000000_iter_9","nonzero",255711,13247,68,21251,0.996810356958582,0.616006725027538,1.60794997215271
"fishash+_poisson","moi_2.000000_iter_9","full",3958627,18764,161,22448,0.992878942014242,0.544695719693293,0.224448919296265
"fishash+_poisson","moi_2.000000_iter_9","nonzero",255618,12050,161,22448,0.992878942014242,0.650704388660212,0.224448919296265
"fishash_poisson_rawd","moi_2.000000_iter_9","full",3958733,20176,55,21036,0.997392252619601,0.510433854217218,0.226639986038208
"fishash_poisson_rawd","moi_2.000000_iter_9","nonzero",255724,13462,55,21036,0.997392252619601,0.609774479679981,0.226639986038208
"fishash+_contingency","moi_2.000000_iter_9","full",3958602,18568,186,22644,0.99185282522996,0.549451616034165,0.666533946990967
"fishash+_contingency","moi_2.000000_iter_9","nonzero",255593,11854,186,22644,0.99185282522996,0.656385877442171,0.666533946990967
"fishash_refit0","moi_2.000000_iter_10","full",3959067,20196,75,20662,0.99638327626947,0.505702677566205,0.175715923309326
"fishash_refit0","moi_2.000000_iter_10","nonzero",253491,13817,75,20662,0.99638327626947,0.599263319701848,0.175715923309326
"fishash_refit10","moi_2.000000_iter_10","full",3959070,20176,72,20682,0.996530789245447,0.50619217778648,1.47904896736145
"fishash_refit10","moi_2.000000_iter_10","nonzero",253494,13797,72,20682,0.996530789245447,0.599843382928739,1.47904896736145
"fishash+_poisson","moi_2.000000_iter_10","full",3958965,18928,177,21930,0.991993486226082,0.536736991531646,0.180895090103149
"fishash+_poisson","moi_2.000000_iter_10","nonzero",253389,12549,177,21930,0.991993486226082,0.636039328286783,0.180895090103149
"fishash_poisson_rawd","moi_2.000000_iter_10","full",3959079,20381,63,20477,0.996932814021422,0.50117480052866,0.218319177627563
"fishash_poisson_rawd","moi_2.000000_iter_10","nonzero",253503,14002,63,20477,0.996932814021422,0.593897734853099,0.218319177627563
"fishash+_contingency","moi_2.000000_iter_10","full",3958949,18722,193,22136,0.991356531864392,0.54177884380048,0.725718021392822
"fishash+_contingency","moi_2.000000_iter_10","nonzero",253373,12343,193,22136,0.991356531864392,0.642013979523768,0.725718021392822
"fishash_refit0","moi_3.000000_iter_1","full",3944517,33825,67,21591,0.996906454889648,0.38961671719359,0.182736158370972
"fishash_refit0","moi_3.000000_iter_1","nonzero",242937,22667,67,21591,0.996906454889648,0.487844005603507,0.182736158370972
"fishash_refit10","moi_3.000000_iter_1","full",3944518,33887,66,21529,0.996943736976152,0.388497906741735,1.5253598690033
"fishash_refit10","moi_3.000000_iter_1","nonzero",242938,22729,66,21529,0.996943736976152,0.486443128925844,1.5253598690033
"fishash+_poisson","moi_3.000000_iter_1","full",3944459,32119,125,23297,0.994663137221416,0.420402049949473,0.271435976028442
"fishash+_poisson","moi_3.000000_iter_1","nonzero",242879,20961,125,23297,0.994663137221416,0.526390709024357,0.271435976028442
"fishash_poisson_rawd","moi_3.000000_iter_1","full",3944529,34236,55,21180,0.997409936425712,0.382200086617583,0.223823070526123
"fishash_poisson_rawd","moi_3.000000_iter_1","nonzero",242949,23078,55,21180,0.997409936425712,0.47855754891771,0.223823070526123
"fishash+_contingency","moi_3.000000_iter_1","full",3944442,31796,142,23620,0.994024072047807,0.426230691497041,0.655664920806885
"fishash+_contingency","moi_3.000000_iter_1","nonzero",242862,20638,142,23620,0.994024072047807,0.533688824619278,0.655664920806885
"fishash_refit0","moi_3.000000_iter_2","full",3943939,33464,57,22540,0.99747754126654,0.402471252053425,0.169674873352051
"fishash_refit0","moi_3.000000_iter_2","nonzero",239016,21948,57,22540,0.99747754126654,0.506653479590002,0.169674873352051
"fishash_refit10","moi_3.000000_iter_2","full",3943939,33527,57,22477,0.997470489038786,0.401346332404828,1.70513391494751
"fishash_refit10","moi_3.000000_iter_2","nonzero",239016,22011,57,22477,0.997470489038786,0.505237367379968,1.70513391494751
"fishash+_poisson","moi_3.000000_iter_2","full",3943863,31776,133,24228,0.994540454004351,0.432611956288837,0.490216016769409
"fishash+_poisson","moi_3.000000_iter_2","nonzero",238940,20260,133,24228,0.994540454004351,0.544596295630282,0.490216016769409
"fishash_poisson_rawd","moi_3.000000_iter_2","full",3943944,33860,52,22144,0.997657235537935,0.395400328547961,0.218281030654907
"fishash_poisson_rawd","moi_3.000000_iter_2","nonzero",239021,22344,52,22144,0.997657235537935,0.497752202841216,0.218281030654907
"fishash+_contingency","moi_3.000000_iter_2","full",3943849,31416,147,24588,0.994057004244997,0.439040068566531,0.439612865447998
"fishash+_contingency","moi_3.000000_iter_2","nonzero",238926,19900,147,24588,0.994057004244997,0.552688365401906,0.439612865447998
"fishash_refit0","moi_3.000000_iter_3","full",3944077,33562,74,22287,0.996690666785922,0.399058174721123,0.207528829574585
"fishash_refit0","moi_3.000000_iter_3","nonzero",245701,22062,74,22287,0.996690666785922,0.502536697558006,0.207528829574585
"fishash_refit10","moi_3.000000_iter_3","full",3944077,33573,74,22276,0.99668903803132,0.398861215062042,1.63319706916809
"fishash_refit10","moi_3.000000_iter_3","nonzero",245701,22073,74,22276,0.99668903803132,0.50228866490789,1.63319706916809
"fishash+_poisson","moi_3.000000_iter_3","full",3943998,31763,153,24086,0.99368785841,0.4312700316926,0.317745923995972
"fishash+_poisson","moi_3.000000_iter_3","nonzero",245622,20263,153,24086,0.99368785841,0.543101310063361,0.317745923995972
"fishash_poisson_rawd","moi_3.000000_iter_3","full",3944083,33864,68,21985,0.996916519294427,0.393650736808179,0.22728419303894
"fishash_poisson_rawd","moi_3.000000_iter_3","nonzero",245707,22364,68,21985,0.996916519294427,0.495727073891181,0.22728419303894
"fishash+_contingency","moi_3.000000_iter_3","full",3943992,31423,159,24426,0.99353264185479,0.43735787570055,0.663268089294434
"fishash+_contingency","moi_3.000000_iter_3","nonzero",245616,19923,159,24426,0.99353264185479,0.550767773794223,0.663268089294434
"fishash_refit0","moi_3.000000_iter_4","full",3944148,33998,62,21792,0.997162990756841,0.390607635777021,0.188035011291504
"fishash_refit0","moi_3.000000_iter_4","nonzero",245160,22536,62,21792,0.997162990756841,0.491608012994044,0.188035011291504
"fishash_refit10","moi_3.000000_iter_4","full",3944143,34109,67,21681,0.996919256943167,0.388618031905359,1.65784001350403
"fishash_refit10","moi_3.000000_iter_4","nonzero",245155,22647,67,21681,0.996919256943167,0.489103952355171,1.65784001350403
"fishash+_poisson","moi_3.000000_iter_4","full",3944057,32358,153,23432,0.993512825948696,0.420003584871841,0.224487066268921
"fishash+_poisson","moi_3.000000_iter_4","nonzero",245069,20896,153,23432,0.993512825948696,0.528604944955784,0.224487066268921
"fishash_poisson_rawd","moi_3.000000_iter_4","full",3944154,34427,56,21363,0.997385498856156,0.382918085678437,0.275314092636108
"fishash_poisson_rawd","moi_3.000000_iter_4","nonzero",245166,22965,56,21363,0.997385498856156,0.48193015701137,0.275314092636108
"fishash+_contingency","moi_3.000000_iter_4","full",3944044,32067,166,23723,0.99305119511072,0.425219573400251,0.665644884109497
"fishash+_contingency","moi_3.000000_iter_4","nonzero",245056,20605,166,23723,0.99305119511072,0.535169644468507,0.665644884109497
"fishash_refit0","moi_3.000000_iter_5","full",3944154,33451,71,22324,0.996829649475329,0.40025100851636,0.186139106750488
"fishash_refit0","moi_3.000000_iter_5","nonzero",243212,21841,71,22324,0.996829649475329,0.505468130872863,0.186139106750488
"fishash_refit10","moi_3.000000_iter_5","full",3944150,33446,75,22329,0.996652383502946,0.40034065441506,1.606693983078
"fishash_refit10","moi_3.000000_iter_5","nonzero",243208,21836,75,22329,0.996652383502946,0.505581342692177,1.606693983078
"fishash+_poisson","moi_3.000000_iter_5","full",3944068,31613,157,24162,0.993544142440067,0.43320484087853,0.225059032440186
"fishash+_poisson","moi_3.000000_iter_5","nonzero",243126,20003,157,24162,0.993544142440067,0.547084795652666,0.225059032440186
"fishash_poisson_rawd","moi_3.000000_iter_5","full",3944162,33759,63,22016,0.997146609900811,0.394728821156432,0.229521989822388
"fishash_poisson_rawd","moi_3.000000_iter_5","nonzero",243220,22149,63,22016,0.997146609900811,0.498494282803125,0.229521989822388
"fishash+_contingency","moi_3.000000_iter_5","full",3944048,31344,177,24431,0.99280721716515,0.438027790228597,0.752866983413696
"fishash+_contingency","moi_3.000000_iter_5","nonzero",243106,19734,177,24431,0.99280721716515,0.553175591531756,0.752866983413696
"fishash_refit0","moi_3.000000_iter_6","full",3943760,34146,60,22034,0.99728433058749,0.392203631185475,0.184223890304565
"fishash_refit0","moi_3.000000_iter_6","nonzero",235980,22519,60,22034,0.99728433058749,0.494557044419007,0.184223890304565
"fishash_refit10","moi_3.000000_iter_6","full",3943756,34205,64,21975,0.997096056989882,0.391153435386258,1.76425886154175
"fishash_refit10","moi_3.000000_iter_6","nonzero",235976,22578,64,21975,0.997096056989882,0.493232778937445,1.76425886154175
"fishash+_poisson","moi_3.000000_iter_6","full",3943694,32416,126,23764,0.994725826705735,0.422997508009968,0.274093151092529
"fishash+_poisson","moi_3.000000_iter_6","nonzero",235914,20789,126,23764,0.994725826705735,0.533387201759702,0.274093151092529
"fishash_poisson_rawd","moi_3.000000_iter_6","full",3943773,34567,47,21613,0.997830101569714,0.384709861160555,0.226261138916016
"fishash_poisson_rawd","moi_3.000000_iter_6","nonzero",235993,22940,47,21613,0.997830101569714,0.485107624626849,0.226261138916016
"fishash+_contingency","moi_3.000000_iter_6","full",3943670,32088,150,24092,0.993812391716855,0.428835884656461,0.658833026885986
"fishash+_contingency","moi_3.000000_iter_6","nonzero",235890,20461,150,24092,0.993812391716855,0.540749220030077,0.658833026885986
"fishash_refit0","moi_3.000000_iter_7","full",3944097,33382,53,22468,0.997646640912926,0.402291853178156,0.18905520439148
"fishash_refit0","moi_3.000000_iter_7","nonzero",240090,21671,53,22468,0.997646640912926,0.509028296970933,0.18905520439148
"fishash_refit10","moi_3.000000_iter_7","full",3944095,33425,55,22425,0.997553380782918,0.401521933751119,1.41404795646667
"fishash_refit10","moi_3.000000_iter_7","nonzero",240088,21714,55,22425,0.997553380782918,0.508054101814722,1.41404795646667
"fishash+_poisson","moi_3.000000_iter_7","full",3944015,31551,135,24299,0.994474912007858,0.435076096687556,0.437518119812012
"fishash+_poisson","moi_3.000000_iter_7","nonzero",240008,19840,135,24299,0.994474912007858,0.550510886064478,0.437518119812012
"fishash_poisson_rawd","moi_3.000000_iter_7","full",3944105,33739,45,22111,0.997968947463441,0.395899731423456,0.226422071456909
"fishash_poisson_rawd","moi_3.000000_iter_7","nonzero",240098,22028,45,22111,0.997968947463441,0.50094021160425,0.226422071456909
"fishash+_contingency","moi_3.000000_iter_7","full",3943996,31267,154,24583,0.99377450782229,0.440161145926589,0.445650815963745
"fishash+_contingency","moi_3.000000_iter_7","nonzero",239989,19556,154,24583,0.99377450782229,0.556945105235733,0.445650815963745
"fishash_refit0","moi_3.000000_iter_8","full",3944215,33150,62,22573,0.997260879169428,0.40509304954866,0.17673921585083
"fishash_refit0","moi_3.000000_iter_8","nonzero",242228,21567,62,22573,0.997260879169428,0.511395559583145,0.17673921585083
"fishash_refit10","moi_3.000000_iter_8","full",3944220,33187,57,22536,0.997477094675342,0.404429050840766,1.63689398765564
"fishash_refit10","moi_3.000000_iter_8","nonzero",242233,21604,57,22536,0.997477094675342,0.510557317625736,1.63689398765564
"fishash+_poisson","moi_3.000000_iter_8","full",3944143,31341,134,24382,0.994534181758851,0.43755720259139,0.42554783821106
"fishash+_poisson","moi_3.000000_iter_8","nonzero",242156,19758,134,24382,0.994534181758851,0.552378794743996,0.42554783821106
"fishash_poisson_rawd","moi_3.000000_iter_8","full",3944237,33456,40,22267,0.998206840901959,0.399601600775263,0.220052003860474
"fishash_poisson_rawd","moi_3.000000_iter_8","nonzero",242250,21873,40,22267,0.998206840901959,0.504463072043498,0.220052003860474
"fishash+_contingency","moi_3.000000_iter_8","full",3944129,31059,148,24664,0.994035144285023,0.442617949500206,0.450506210327148
"fishash+_contingency","moi_3.000000_iter_8","nonzero",242142,19476,148,24664,0.994035144285023,0.55876755777073,0.450506210327148
"fishash_refit0","moi_3.000000_iter_9","full",3944154,33522,58,22266,0.9974018993012,0.399118089911809,0.169610977172852
"fishash_refit0","moi_3.000000_iter_9","nonzero",235819,21875,58,22266,0.9974018993012,0.504428988921864,0.169610977172852
"fishash_refit10","moi_3.000000_iter_9","full",3944165,33552,47,22236,0.997890768747476,0.398580339858034,1.6186420917511
"fishash_refit10","moi_3.000000_iter_9","nonzero",235830,21905,47,22236,0.997890768747476,0.5037493486781,1.6186420917511
"fishash+_poisson","moi_3.000000_iter_9","full",3944088,31750,124,24038,0.994867974505422,0.430881193088119,0.434959888458252
"fishash+_poisson","moi_3.000000_iter_9","nonzero",235753,20103,124,24038,0.994867974505422,0.544573072653542,0.434959888458252
"fishash_poisson_rawd","moi_3.000000_iter_9","full",3944169,33897,43,21891,0.99803957326525,0.392396214239621,0.217483997344971
"fishash_poisson_rawd","moi_3.000000_iter_9","nonzero",235834,22250,43,21891,0.99803957326525,0.49593348587481,0.217483997344971
"fishash+_contingency","moi_3.000000_iter_9","full",3944075,31416,137,24372,0.994410216655106,0.436868143686814,0.440621852874756
"fishash+_contingency","moi_3.000000_iter_9","nonzero",235740,19769,137,24372,0.994410216655106,0.552139734034118,0.440621852874756
"fishash_refit0","moi_3.000000_iter_10","full",3943955,33936,51,22058,0.997693247093944,0.393935064471193,0.177016973495483
"fishash_refit0","moi_3.000000_iter_10","nonzero",245445,22224,51,22058,0.997693247093944,0.498125649248001,0.177016973495483
"fishash_refit10","moi_3.000000_iter_10","full",3943950,33977,56,22017,0.99746296380193,0.393202843161767,1.62177395820618
"fishash_refit10","moi_3.000000_iter_10","nonzero",245440,22265,56,22017,0.99746296380193,0.497199765141593,1.62177395820618
"fishash+_poisson","moi_3.000000_iter_10","full",3943877,32187,129,23807,0.994610628342246,0.425170553987927,0.225071907043457
"fishash+_poisson","moi_3.000000_iter_10","nonzero",245367,20475,129,23807,0.994610628342246,0.537622510275055,0.225071907043457
"fishash_poisson_rawd","moi_3.000000_iter_10","full",3943958,34309,48,21685,0.997791377168362,0.387273636461049,0.220556974411011
"fishash_poisson_rawd","moi_3.000000_iter_10","nonzero",245448,22597,48,21685,0.997791377168362,0.489702362133598,0.220556974411011
"fishash+_contingency","moi_3.000000_iter_10","full",3943855,31869,151,24125,0.993779864887131,0.430849733900061,0.93999195098877
"fishash+_contingency","moi_3.000000_iter_10","nonzero",245345,20157,151,24125,0.993779864887131,0.54480375773452,0.93999195098877
"fishash_refit0","moi_5.000000_iter_1","full",3911720,65156,59,23065,0.99744853831517,0.261445687534714,0.182293176651001
"fishash_refit0","moi_5.000000_iter_1","nonzero",213912,38957,59,23065,0.99744853831517,0.371884170133179,0.182293176651001
"fishash_refit10","moi_5.000000_iter_1","full",3911713,65132,66,23089,0.997149643705463,0.261717731605853,1.59696817398071
"fishash_refit10","moi_5.000000_iter_1","nonzero",213905,38933,66,23089,0.997149643705463,0.372271129599174,1.59696817398071
"fishash+_poisson","moi_5.000000_iter_1","full",3911667,62600,112,25621,0.9956476120157,0.290418381111073,0.473196029663086
"fishash+_poisson","moi_5.000000_iter_1","nonzero",213859,36401,112,25621,0.9956476120157,0.413095353261746,0.473196029663086
"fishash_poisson_rawd","moi_5.000000_iter_1","full",3911718,65607,61,22614,0.997309812568908,0.256333526031217,0.219717025756836
"fishash_poisson_rawd","moi_5.000000_iter_1","nonzero",213910,39408,61,22614,0.997309812568908,0.364612556834672,0.219717025756836
"fishash+_contingency","moi_5.000000_iter_1","full",3911651,62110,128,26111,0.995121765311178,0.295972614230172,0.752569913864136
"fishash+_contingency","moi_5.000000_iter_1","nonzero",213843,35911,128,26111,0.995121765311178,0.420995775692496,0.752569913864136
"fishash_refit0","moi_5.000000_iter_2","full",3911620,65974,31,22375,0.998616442024458,0.253256969518614,0.175655841827393
"fishash_refit0","moi_5.000000_iter_2","nonzero",217202,39523,31,22375,0.998616442024458,0.361481792626579,0.175655841827393
"fishash_refit10","moi_5.000000_iter_2","full",3911615,65963,36,22386,0.998394434037998,0.253381475738265,1.98671102523804
"fishash_refit10","moi_5.000000_iter_2","nonzero",217197,39512,36,22386,0.998394434037998,0.361659504345859,1.98671102523804
"fishash+_poisson","moi_5.000000_iter_2","full",3911580,63414,71,24935,0.997160681436455,0.282232962455715,0.264885187149048
"fishash+_poisson","moi_5.000000_iter_2","nonzero",217162,36963,71,24935,0.997160681436455,0.402840156386313,0.264885187149048
"fishash_poisson_rawd","moi_5.000000_iter_2","full",3911622,66433,29,21916,0.998678514467988,0.248061664534969,0.271795988082886
"fishash_poisson_rawd","moi_5.000000_iter_2","nonzero",217204,39982,29,21916,0.998678514467988,0.354066367249346,0.271795988082886
"fishash+_contingency","moi_5.000000_iter_2","full",3911565,62913,86,25436,0.996630358122404,0.287903654823484,0.662446975708008
"fishash+_contingency","moi_5.000000_iter_2","nonzero",217147,36462,86,25436,0.996630358122404,0.41093411741898,0.662446975708008
"fishash_refit0","moi_5.000000_iter_3","full",3911489,65916,49,22546,0.997831378623589,0.254866496348715,0.175979852676392
"fishash_refit0","moi_5.000000_iter_3","nonzero",214455,39282,49,22546,0.997831378623589,0.364656789803972,0.175979852676392
"fishash_refit10","moi_5.000000_iter_3","full",3911488,65944,50,22518,0.997784473590925,0.254549976260993,1.60040402412415
"fishash_refit10","moi_5.000000_iter_3","nonzero",214454,39310,50,22518,0.997784473590925,0.364203920553794,1.60040402412415
"fishash+_poisson","moi_5.000000_iter_3","full",3911445,63413,93,25049,0.996301010261713,0.283161131333228,0.556204080581665
"fishash+_poisson","moi_5.000000_iter_3","nonzero",214411,36779,93,25049,0.996301010261713,0.405140065989519,0.556204080581665
"fishash_poisson_rawd","moi_5.000000_iter_3","full",3911494,66453,44,22009,0.998004806602276,0.248796093237774,0.230385065078735
"fishash_poisson_rawd","moi_5.000000_iter_3","nonzero",214460,39819,44,22009,0.998004806602276,0.355971404541632,0.230385065078735
"fishash+_contingency","moi_5.000000_iter_3","full",3911426,62898,112,25564,0.995637949836423,0.28898284008953,0.44635796546936
"fishash+_contingency","moi_5.000000_iter_3","nonzero",214392,36264,112,25564,0.995637949836423,0.413469625412434,0.44635796546936
"fishash_refit0","moi_5.000000_iter_4","full",3911914,64956,50,23080,0.997838305231301,0.262165477759099,0.175257921218872
"fishash_refit0","moi_5.000000_iter_4","nonzero",218303,38599,50,23080,0.997838305231301,0.374195431184033,0.175257921218872
"fishash_refit10","moi_5.000000_iter_4","full",3911914,64940,50,23096,0.997839799533397,0.262347221591167,1.39945411682129
"fishash_refit10","moi_5.000000_iter_4","nonzero",218303,38583,50,23096,0.997839799533397,0.374454838761977,1.39945411682129
"fishash+_poisson","moi_5.000000_iter_4","full",3911866,62412,98,25624,0.996190031879325,0.291062747058022,0.475355863571167
"fishash+_poisson","moi_5.000000_iter_4","nonzero",218255,36055,98,25624,0.996190031879325,0.415441236077109,0.475355863571167
"fishash_poisson_rawd","moi_5.000000_iter_4","full",3911918,65397,46,22639,0.997972228344721,0.257156163387705,0.218893051147461
"fishash_poisson_rawd","moi_5.000000_iter_4","nonzero",218307,39040,46,22639,0.997972228344721,0.367045509816956,0.218893051147461
"fishash+_contingency","moi_5.000000_iter_4","full",3911855,61982,109,26054,0.995833811107289,0.295947112544868,0.682265043258667
"fishash+_contingency","moi_5.000000_iter_4","nonzero",218244,35625,109,26054,0.995833811107289,0.42241281473435,0.682265043258667
"fishash_refit0","moi_5.000000_iter_5","full",3911547,65670,51,22732,0.99776148882939,0.257143503540644,0.182426929473877
"fishash_refit0","moi_5.000000_iter_5","nonzero",224671,39601,51,22732,0.99776148882939,0.364686442173488,0.182426929473877
"fishash_refit10","moi_5.000000_iter_5","full",3911542,65686,56,22716,0.997540839627613,0.256962512160358,1.62455081939697
"fishash_refit10","moi_5.000000_iter_5","nonzero",224666,39617,56,22716,0.997540839627613,0.364429756308857,1.62455081939697
"fishash+_poisson","moi_5.000000_iter_5","full",3911506,63131,92,25271,0.996372668848322,0.285864573199701,0.227649927139282
"fishash+_poisson","moi_5.000000_iter_5","nonzero",224630,37062,92,25271,0.996372668848322,0.405419280317007,0.227649927139282
"fishash_poisson_rawd","moi_5.000000_iter_5","full",3911550,66132,48,22270,0.997849269647818,0.2519173774349,0.233337879180908
"fishash_poisson_rawd","moi_5.000000_iter_5","nonzero",224674,40063,48,22270,0.997849269647818,0.357274637832288,0.233337879180908
"fishash+_contingency","moi_5.000000_iter_5","full",3911493,62657,105,25745,0.995938104448743,0.29122644284066,0.703096151351929
"fishash+_contingency","moi_5.000000_iter_5","nonzero",224617,36588,105,25745,0.995938104448743,0.413023599056679,0.703096151351929
"fishash_refit0","moi_5.000000_iter_6","full",3911218,66944,53,21785,0.997573037823977,0.245522884288113,0.170195817947388
"fishash_refit0","moi_5.000000_iter_6","nonzero",222514,39833,53,21785,0.997573037823977,0.353549287545847,0.170195817947388
"fishash_refit10","moi_5.000000_iter_6","full",3911209,66972,62,21757,0.997158439891837,0.245207316660844,1.63062787055969
"fishash_refit10","moi_5.000000_iter_6","nonzero",222505,39861,62,21757,0.997158439891837,0.353094874874225,1.63062787055969
"fishash+_poisson","moi_5.000000_iter_6","full",3911170,64555,101,24174,0.995839340885685,0.272447565057647,0.270755052566528
"fishash+_poisson","moi_5.000000_iter_6","nonzero",222466,37444,101,24174,0.995839340885685,0.392320425849589,0.270755052566528
"fishash_poisson_rawd","moi_5.000000_iter_6","full",3911221,67423,50,21306,0.997658737591309,0.240124423807323,0.238723039627075
"fishash_poisson_rawd","moi_5.000000_iter_6","nonzero",222517,40312,50,21306,0.997658737591309,0.345775585056315,0.238723039627075
"fishash+_contingency","moi_5.000000_iter_6","full",3911149,64106,122,24623,0.995069711052738,0.277507917366363,0.708492994308472
"fishash+_contingency","moi_5.000000_iter_6","nonzero",222445,36995,122,24623,0.995069711052738,0.399607257619527,0.708492994308472
"fishash_refit0","moi_5.000000_iter_7","full",3911924,65081,49,22946,0.997869101978691,0.260670021697888,0.184077978134155
"fishash_refit0","moi_5.000000_iter_7","nonzero",225629,38292,49,22946,0.997869101978691,0.374701982429211,0.184077978134155
"fishash_refit10","moi_5.000000_iter_7","full",3911928,65061,45,22966,0.99804441354135,0.260897224715144,1.62271809577942
"fishash_refit10","moi_5.000000_iter_7","nonzero",225633,38272,45,22966,0.99804441354135,0.375028577027336,1.62271809577942
"fishash+_poisson","moi_5.000000_iter_7","full",3911871,62638,102,25389,0.995998587736848,0.288422870255717,0.287539005279541
"fishash+_poisson","moi_5.000000_iter_7","nonzero",225576,35849,102,25389,0.995998587736848,0.414595512590222,0.287539005279541
"fishash_poisson_rawd","moi_5.000000_iter_7","full",3911933,65491,40,22536,0.998228206945429,0.256012359844139,0.234988927841187
"fishash_poisson_rawd","moi_5.000000_iter_7","nonzero",225638,38702,40,22536,0.998228206945429,0.368006793167641,0.234988927841187
"fishash+_contingency","moi_5.000000_iter_7","full",3911855,62171,118,25856,0.995456995456996,0.293728060708646,0.904790878295898
"fishash+_contingency","moi_5.000000_iter_7","nonzero",225560,35382,118,25856,0.995456995456996,0.422221496456449,0.904790878295898
"fishash_refit0","moi_5.000000_iter_8","full",3911397,65596,36,22971,0.998435258834268,0.259362968148407,0.180739164352417
"fishash_refit0","moi_5.000000_iter_8","nonzero",219294,39598,36,22971,0.998435258834268,0.367130687720756,0.180739164352417
"fishash_refit10","moi_5.000000_iter_8","full",3911393,65573,40,22994,0.998263436658852,0.259622658552282,1.47288799285889
"fishash_refit10","moi_5.000000_iter_8","nonzero",219290,39575,40,22994,0.998263436658852,0.367498281896786,1.47288799285889
"fishash+_poisson","moi_5.000000_iter_8","full",3911356,63070,77,25497,0.996989129584735,0.287883749026161,0.274178981781006
"fishash+_poisson","moi_5.000000_iter_8","nonzero",219253,37072,77,25497,0.996989129584735,0.407502117662101,0.274178981781006
"fishash_poisson_rawd","moi_5.000000_iter_8","full",3911400,66048,33,22519,0.998536715147215,0.254259487167907,0.463150978088379
"fishash_poisson_rawd","moi_5.000000_iter_8","nonzero",219297,40050,33,22519,0.998536715147215,0.359906663043999,0.463150978088379
"fishash+_contingency","moi_5.000000_iter_8","full",3911342,62582,91,25985,0.996510200951066,0.293393701943162,0.749795913696289
"fishash+_contingency","moi_5.000000_iter_8","nonzero",219239,36584,91,25985,0.996510200951066,0.415301507136122,0.749795913696289
"fishash_refit0","moi_5.000000_iter_9","full",3911769,65670,60,22501,0.997340543415629,0.25519728708986,0.199136972427368
"fishash_refit0","moi_5.000000_iter_9","nonzero",219438,39581,60,22501,0.997340543415629,0.362439998711382,0.199136972427368
"fishash_refit10","moi_5.000000_iter_9","full",3911771,65650,58,22521,0.997431241419018,0.255424119041408,1.4758768081665
"fishash_refit10","moi_5.000000_iter_9","nonzero",219440,39561,58,22521,0.997431241419018,0.362762153281144,1.4758768081665
"fishash+_poisson","moi_5.000000_iter_9","full",3911729,63213,100,24958,0.996009258520233,0.283063592337617,0.554903984069824
"fishash+_poisson","moi_5.000000_iter_9","nonzero",219398,37124,100,24958,0.996009258520233,0.402016687606714,0.554903984069824
"fishash_poisson_rawd","moi_5.000000_iter_9","full",3911777,66127,52,22044,0.997646632874728,0.250014176996972,0.224666833877563
"fishash_poisson_rawd","moi_5.000000_iter_9","nonzero",219446,40038,52,22044,0.997646632874728,0.355078766792307,0.224666833877563
"fishash+_contingency","moi_5.000000_iter_9","full",3911721,62782,108,25389,0.99576420755383,0.287951820893491,0.454975843429565
"fishash+_contingency","moi_5.000000_iter_9","nonzero",219390,36693,108,25389,0.99576420755383,0.408959118585097,0.454975843429565
"fishash_refit0","moi_5.000000_iter_10","full",3911070,67244,53,21633,0.997556026929816,0.243403805258953,0.196238040924072
"fishash_refit0","moi_5.000000_iter_10","nonzero",219125,40653,53,21633,0.997556026929816,0.34731721414122,0.196238040924072
"fishash_refit10","moi_5.000000_iter_10","full",3911069,67278,54,21599,0.997506119244447,0.243021254092735,1.9322521686554
"fishash_refit10","moi_5.000000_iter_10","nonzero",219124,40687,54,21599,0.997506119244447,0.346771345085573,1.9322521686554
"fishash+_poisson","moi_5.000000_iter_10","full",3911016,64952,107,23925,0.995547603195739,0.269192254464035,0.3161301612854
"fishash+_poisson","moi_5.000000_iter_10","nonzero",219071,38361,107,23925,0.995547603195739,0.384115210480686,0.3161301612854
"fishash_poisson_rawd","moi_5.000000_iter_10","full",3911075,67740,48,21137,0.997734245928723,0.237823058834119,0.276653051376343
"fishash_poisson_rawd","moi_5.000000_iter_10","nonzero",219130,41149,48,21137,0.997734245928723,0.33935394791767,0.276653051376343
"fishash+_contingency","moi_5.000000_iter_10","full",3911011,64449,112,24428,0.995436022819886,0.27485176142309,1.00799918174744
"fishash+_contingency","moi_5.000000_iter_10","nonzero",219066,37858,112,24428,0.995436022819886,0.39219086150981,1.00799918174744
"fishash_refit0","moi_10.000000_iter_1","full",3828462,152464,36,19038,0.998112614029569,0.111007451808142,0.189081907272339
"fishash_refit0","moi_10.000000_iter_1","nonzero",198159,76418,36,19038,0.998112614029569,0.199442675159236,0.189081907272339
"fishash_refit10","moi_10.000000_iter_1","full",3828458,152329,40,19173,0.997918076302504,0.111794614640063,1.68280386924744
"fishash_refit10","moi_10.000000_iter_1","nonzero",198155,76283,40,19173,0.997918076302504,0.200856939322829,1.68280386924744
"fishash+_poisson","moi_10.000000_iter_1","full",3828443,149950,55,21552,0.997454528624983,0.125666172989236,0.38186502456665
"fishash+_poisson","moi_10.000000_iter_1","nonzero",198140,73904,55,21552,0.997454528624983,0.225779416694603,0.38186502456665
"fishash_poisson_rawd","moi_10.000000_iter_1","full",3828466,152936,32,18566,0.998279384880095,0.108255297314317,0.446752071380615
"fishash_poisson_rawd","moi_10.000000_iter_1","nonzero",198163,76890,32,18566,0.998279384880095,0.194497988602078,0.446752071380615
"fishash+_contingency","moi_10.000000_iter_1","full",3828437,149378,61,22124,0.997250394410638,0.129001411062262,0.77540111541748
"fishash+_contingency","moi_10.000000_iter_1","nonzero",198134,73332,61,22124,0.997250394410638,0.231771706335903,0.77540111541748
"fishash_refit0","moi_10.000000_iter_2","full",3829663,152566,31,17740,0.998255584941759,0.104165443378389,0.19455099105835
"fishash_refit0","moi_10.000000_iter_2","nonzero",190909,77756,31,17740,0.998255584941759,0.185766943118036,0.19455099105835
"fishash_refit10","moi_10.000000_iter_2","full",3829656,152427,38,17879,0.997879109225875,0.104981621316924,1.679114818573
"fishash_refit10","moi_10.000000_iter_2","nonzero",190902,77617,38,17879,0.997879109225875,0.18722250146603,1.679114818573
"fishash+_poisson","moi_10.000000_iter_2","full",3829641,150189,53,20117,0.997372335151215,0.118122673305697,0.328011035919189
"fishash+_poisson","moi_10.000000_iter_2","nonzero",190887,75379,53,20117,0.997372335151215,0.210658038033007,0.328011035919189
"fishash_poisson_rawd","moi_10.000000_iter_2","full",3829664,152984,30,17322,0.998271092669433,0.101711037779057,0.229938983917236
"fishash_poisson_rawd","moi_10.000000_iter_2","nonzero",190910,78174,30,17322,0.998271092669433,0.181389796431264,0.229938983917236
"fishash+_contingency","moi_10.000000_iter_2","full",3829637,149568,57,20738,0.997258956479923,0.121769051002313,1.01981091499329
"fishash+_contingency","moi_10.000000_iter_2","nonzero",190883,74758,57,20738,0.997258956479923,0.217160928206417,1.01981091499329
"fishash_refit0","moi_10.000000_iter_3","full",3828750,153103,37,18110,0.997961095497878,0.10577467832466,0.190553903579712
"fishash_refit0","moi_10.000000_iter_3","nonzero",203063,76340,37,18110,0.997961095497878,0.191741662255161,0.190553903579712
"fishash_refit10","moi_10.000000_iter_3","full",3828743,152960,44,18253,0.997595234191398,0.106609895276644,1.68382906913757
"fishash_refit10","moi_10.000000_iter_3","nonzero",203056,76197,44,18253,0.997595234191398,0.193255690841715,1.68382906913757
"fishash+_poisson","moi_10.000000_iter_3","full",3828727,150665,60,20548,0.99708850931677,0.120014251254286,0.926932096481323
"fishash+_poisson","moi_10.000000_iter_3","nonzero",203040,73902,60,20548,0.99708850931677,0.217554261514029,0.926932096481323
"fishash_poisson_rawd","moi_10.000000_iter_3","full",3828750,153496,37,17717,0.997915962599978,0.103479291876201,0.245074987411499
"fishash_poisson_rawd","moi_10.000000_iter_3","nonzero",203063,76733,37,17717,0.997915962599978,0.187580730545262,0.245074987411499
"fishash+_contingency","moi_10.000000_iter_3","full",3828720,150133,67,21080,0.99683170189625,0.123121491942785,1.23534202575684
"fishash+_contingency","moi_10.000000_iter_3","nonzero",203033,73370,67,21080,0.99683170189625,0.223186871360508,1.23534202575684
"fishash_refit0","moi_10.000000_iter_4","full",3828886,153023,33,18058,0.998175888563374,0.105552340704111,0.189478874206543
"fishash_refit0","moi_10.000000_iter_4","nonzero",200246,76765,33,18058,0.998175888563374,0.190439028505742,0.189478874206543
"fishash_refit10","moi_10.000000_iter_4","full",3828879,152895,40,18186,0.997805333040711,0.106300524313045,2.08905482292175
"fishash_refit10","moi_10.000000_iter_4","nonzero",200239,76637,40,18186,0.997805333040711,0.191788911972834,2.08905482292175
"fishash+_poisson","moi_10.000000_iter_4","full",3828856,150693,63,20388,0.99691946604078,0.119171620460484,0.514257907867432
"fishash+_poisson","moi_10.000000_iter_4","nonzero",200216,74435,63,20388,0.99691946604078,0.215011125992639,0.514257907867432
"fishash_poisson_rawd","moi_10.000000_iter_4","full",3828883,153507,36,17574,0.997955706984668,0.10272327143283,0.285237073898315
"fishash_poisson_rawd","moi_10.000000_iter_4","nonzero",200243,77249,36,17574,0.997955706984668,0.185334781645803,0.285237073898315
"fishash+_contingency","moi_10.000000_iter_4","full",3828848,150092,71,20989,0.996628679962013,0.122684576311806,0.777306795120239
"fishash+_contingency","moi_10.000000_iter_4","nonzero",200208,73834,71,20989,0.996628679962013,0.221349250709216,0.777306795120239
"fishash_refit0","moi_10.000000_iter_5","full",3828569,153200,26,18205,0.998573857714881,0.106210437268458,0.195602178573608
"fishash_refit0","moi_10.000000_iter_5","nonzero",194362,77512,26,18205,0.998573857714881,0.190196098916598,0.195602178573608
"fishash_refit10","moi_10.000000_iter_5","full",3828564,153064,31,18341,0.998312649684302,0.107003879700125,1.70117115974426
"fishash_refit10","moi_10.000000_iter_5","nonzero",194357,77376,31,18341,0.998312649684302,0.191616954146076,1.70117115974426
"fishash+_poisson","moi_10.000000_iter_5","full",3828550,150862,45,20543,0.997814260734408,0.11985064613051,0.493427038192749
"fishash+_poisson","moi_10.000000_iter_5","nonzero",194343,75174,45,20543,0.997814260734408,0.214622271905722,0.493427038192749
"fishash_poisson_rawd","moi_10.000000_iter_5","full",3828570,153652,25,17753,0.998593767577905,0.103573408010268,0.242164134979248
"fishash_poisson_rawd","moi_10.000000_iter_5","nonzero",194363,77964,25,17753,0.998593767577905,0.185473844771566,0.242164134979248
"fishash+_contingency","moi_10.000000_iter_5","full",3828542,150238,53,21167,0.997502356267672,0.123491146699338,1.40869998931885
"fishash+_contingency","moi_10.000000_iter_5","nonzero",194335,74550,53,21167,0.997502356267672,0.221141490017447,1.40869998931885
"fishash_refit0","moi_10.000000_iter_6","full",3827785,154520,30,17665,0.998304605820853,0.102593141098237,0.181901931762695
"fishash_refit0","moi_10.000000_iter_6","nonzero",199579,77334,30,17665,0.998304605820853,0.185949325782377,0.181901931762695
"fishash_refit10","moi_10.000000_iter_6","full",3827785,154339,30,17846,0.998321772208548,0.103644336033917,2.11133599281311
"fishash_refit10","moi_10.000000_iter_6","nonzero",199579,77153,30,17846,0.998321772208548,0.187854608995884,2.11133599281311
"fishash+_poisson","moi_10.000000_iter_6","full",3827764,152211,51,19974,0.997453183520599,0.116003136161687,0.576333045959473
"fishash+_poisson","moi_10.000000_iter_6","nonzero",199558,75025,51,19974,0.997453183520599,0.21025484478784,0.576333045959473
"fishash_poisson_rawd","moi_10.000000_iter_6","full",3827792,154915,23,17270,0.998669982073671,0.100299096901588,0.233388900756836
"fishash_poisson_rawd","moi_10.000000_iter_6","nonzero",199586,77729,23,17270,0.998669982073671,0.181791387277761,0.233388900756836
"fishash+_contingency","moi_10.000000_iter_6","full",3827757,151614,58,20571,0.997188424063212,0.119470337137381,0.762257099151611
"fishash+_contingency","moi_10.000000_iter_6","nonzero",199551,74428,58,20571,0.997188424063212,0.216539121464436,0.762257099151611
"fishash_refit0","moi_10.000000_iter_7","full",3829740,152195,33,18032,0.998173263216164,0.105929141675527,0.179149866104126
"fishash_refit0","moi_10.000000_iter_7","nonzero",193712,75955,33,18032,0.998173263216164,0.19185632055497,0.179149866104126
"fishash_refit10","moi_10.000000_iter_7","full",3829733,152119,40,18108,0.997795900374697,0.106375604340087,2.15095210075378
"fishash_refit10","moi_10.000000_iter_7","nonzero",193705,75879,40,18108,0.997795900374697,0.192664943024035,2.15095210075378
"fishash+_poisson","moi_10.000000_iter_7","full",3829729,149775,44,20452,0.997853239656518,0.120145452836507,0.280505895614624
"fishash+_poisson","moi_10.000000_iter_7","nonzero",193701,73535,44,20452,0.997853239656518,0.217604562333089,0.280505895614624
"fishash_poisson_rawd","moi_10.000000_iter_7","full",3829743,152746,30,17481,0.998286791159842,0.10269228735747,0.498997926712036
"fishash_poisson_rawd","moi_10.000000_iter_7","nonzero",193715,76506,30,17481,0.998286791159842,0.18599380765425,0.498997926712036
"fishash+_contingency","moi_10.000000_iter_7","full",3829725,149147,48,21080,0.997728133282847,0.123834644327868,0.87293004989624
"fishash+_contingency","moi_10.000000_iter_7","nonzero",193697,72907,48,21080,0.997728133282847,0.224286337472204,0.87293004989624
"fishash_refit0","moi_10.000000_iter_8","full",3828419,153941,25,17615,0.998582766439909,0.102677842803516,0.206860780715942
"fishash_refit0","moi_10.000000_iter_8","nonzero",193920,77715,25,17615,0.998582766439909,0.184779188083499,0.206860780715942
"fishash_refit10","moi_10.000000_iter_8","full",3828419,153808,25,17748,0.998593371968717,0.103453099862436,1.91727089881897
"fishash_refit10","moi_10.000000_iter_8","nonzero",193920,77582,25,17748,0.998593371968717,0.186174341760201,1.91727089881897
"fishash+_poisson","moi_10.000000_iter_8","full",3828405,151649,39,19907,0.998044720746014,0.116037911818881,0.303897142410278
"fishash+_poisson","moi_10.000000_iter_8","nonzero",193906,75423,39,19907,0.998044720746014,0.208821986782755,0.303897142410278
"fishash_poisson_rawd","moi_10.000000_iter_8","full",3828422,154392,22,17164,0.998719888281159,0.100048963603721,0.408215045928955
"fishash_poisson_rawd","moi_10.000000_iter_8","nonzero",193923,78166,22,17164,0.998719888281159,0.180048253435435,0.408215045928955
"fishash+_contingency","moi_10.000000_iter_8","full",3828399,151026,45,20530,0.997812879708384,0.119669379094873,1.22117590904236
"fishash+_contingency","moi_10.000000_iter_8","nonzero",193900,74800,45,20530,0.997812879708384,0.21535718032099,1.22117590904236
"fishash_refit0","moi_10.000000_iter_9","full",3827062,154581,34,18323,0.998147845508525,0.105972100124925,0.206041097640991
"fishash_refit0","moi_10.000000_iter_9","nonzero",202591,76792,34,18323,0.998147845508525,0.192640487830521,0.206041097640991
"fishash_refit10","moi_10.000000_iter_9","full",3827059,154351,37,18553,0.998009682625067,0.107302318049322,2.12250304222107
"fishash_refit10","moi_10.000000_iter_9","nonzero",202588,76562,37,18553,0.998009682625067,0.195058613257635,2.12250304222107
"fishash+_poisson","moi_10.000000_iter_9","full",3827047,152097,49,20807,0.99765055619486,0.120338453708416,0.502558946609497
"fishash+_poisson","moi_10.000000_iter_9","nonzero",202576,74308,49,20807,0.99765055619486,0.218756242443358,0.502558946609497
"fishash_poisson_rawd","moi_10.000000_iter_9","full",3827065,154941,31,17963,0.998277203512282,0.103890019895433,0.258342981338501
"fishash_poisson_rawd","moi_10.000000_iter_9","nonzero",202594,77152,31,17963,0.998277203512282,0.188855595857646,0.258342981338501
"fishash+_contingency","moi_10.000000_iter_9","full",3827041,151490,55,21414,0.997438166658904,0.123849072317587,0.820142030715942
"fishash+_contingency","moi_10.000000_iter_9","nonzero",202570,73701,55,21414,0.997438166658904,0.225137990853178,0.820142030715942
"fishash_refit0","moi_10.000000_iter_10","full",3827931,153799,26,18244,0.998576902025178,0.106043256627704,0.196095943450928
"fishash_refit0","moi_10.000000_iter_10","nonzero",201867,75851,26,18244,0.998576902025178,0.19388915457782,0.196095943450928
"fishash_refit10","moi_10.000000_iter_10","full",3827928,153626,29,18417,0.998427843434891,0.107048819190551,1.7461621761322
"fishash_refit10","moi_10.000000_iter_10","nonzero",201864,75678,29,18417,0.998427843434891,0.195727721983102,1.7461621761322
"fishash+_poisson","moi_10.000000_iter_10","full",3827916,151388,41,20655,0.998018940858137,0.120057195003575,0.508095026016235
"fishash+_poisson","moi_10.000000_iter_10","nonzero",201852,73440,41,20655,0.998018940858137,0.219512195121951,0.508095026016235
"fishash_poisson_rawd","moi_10.000000_iter_10","full",3827937,154189,20,17854,0.998881056282869,0.103776381486024,0.452841997146606
"fishash_poisson_rawd","moi_10.000000_iter_10","nonzero",201873,76241,20,17854,0.998881056282869,0.189744407247994,0.452841997146606
"fishash+_contingency","moi_10.000000_iter_10","full",3827907,150839,50,21204,0.997647501646749,0.123248257703016,1.30114817619324
"fishash+_contingency","moi_10.000000_iter_10","nonzero",201843,72891,50,21204,0.997647501646749,0.225346724055476,1.30114817619324
