"model","id","chemistry","regime","purity","mu_level","mu_pert","moi_level","moi","method","jaccard","precision","recall","fdr_pooled","recall_pooled","n_pred","n_true","model_chem"
"A","A__mix0hr_Cropseq__pur90__muweak__moilow","CROP-seq","mix0hr_Cropseq",0.9,"weak",5,"low",1,"thresh3",0.687904133467315,0.989930285763619,0.693140114371377,0.00652741514360313,0.68868778280543,1532,2210,"A CROP-seq"
"A","A__mix0hr_Cropseq__pur90__muweak__moilow","CROP-seq","mix0hr_Cropseq",0.9,"weak",5,"low",1,"thresh10",0.27351482462611,1,0.27351482462611,0,0.270588235294118,598,2210,"A CROP-seq"
"A","A__mix0hr_Cropseq__pur90__muweak__moilow","CROP-seq","mix0hr_Cropseq",0.9,"weak",5,"low",1,"thresh20",0.108840041850816,1,0.108840041850816,0,0.109502262443439,242,2210,"A CROP-seq"
"A","A__mix0hr_Cropseq__pur90__muweak__moilow","CROP-seq","mix0hr_Cropseq",0.9,"weak",5,"low",1,"ambient",0.601030858735911,0.705036101734603,0.829440993065303,0.264802631578947,0.809049773755656,2432,2210,"A CROP-seq"
"A","A__mix0hr_Cropseq__pur90__muweak__moilow","CROP-seq","mix0hr_Cropseq",0.9,"weak",5,"low",1,"otsu",0.365089331445014,0.436653829778303,0.926995864747562,0.714968845094914,0.890045248868778,6901,2210,"A CROP-seq"
"A","A__mix0hr_Cropseq__pur90__muweak__moilow","CROP-seq","mix0hr_Cropseq",0.9,"weak",5,"low",1,"valley",0.505200162296375,0.983439951693694,0.513455313126918,0.0153321976149915,0.523076923076923,1174,2210,"A CROP-seq"
"A","A__mix0hr_Cropseq__pur90__muweak__moilow","CROP-seq","mix0hr_Cropseq",0.9,"weak",5,"low",1,"fishash",0.671365584045608,0.987994086523498,0.677122727219285,0.00805369127516779,0.668778280542986,1490,2210,"A CROP-seq"
"A","A__mix0hr_Cropseq__pur90__muweak__moilow","CROP-seq","mix0hr_Cropseq",0.9,"weak",5,"low",1,"depth_fix",0.707631133964734,0.983470054076115,0.717342206550354,0.0107458912768647,0.70814479638009,1582,2210,"A CROP-seq"
"A","A__mix0hr_Cropseq__pur90__muweak__moilow","CROP-seq","mix0hr_Cropseq",0.9,"weak",5,"low",1,"sceptre",0.668139298115363,0.991941055577419,0.671629890917581,0.00610583446404342,0.66289592760181,1474,2210,"A CROP-seq"
"A","A__mix0hr_Cropseq__pur90__muweak__moihigh","CROP-seq","mix0hr_Cropseq",0.9,"weak",5,"high",5,"thresh3",0.681197406270627,0.998301950257732,0.682087200246689,0.00118827567995775,0.682946646203846,7574,11077,"A CROP-seq"
"A","A__mix0hr_Cropseq__pur90__muweak__moihigh","CROP-seq","mix0hr_Cropseq",0.9,"weak",5,"high",5,"thresh10",0.279395057969887,1,0.279395057969887,0,0.277421684571635,3073,11077,"A CROP-seq"
"A","A__mix0hr_Cropseq__pur90__muweak__moihigh","CROP-seq","mix0hr_Cropseq",0.9,"weak",5,"high",5,"thresh20",0.112154093628366,1,0.112154093628366,0,0.108783966778008,1205,11077,"A CROP-seq"
"A","A__mix0hr_Cropseq__pur90__muweak__moihigh","CROP-seq","mix0hr_Cropseq",0.9,"weak",5,"high",5,"ambient",0.714104578751849,0.945313099061952,0.751340624607269,0.0317594493418669,0.723842195540309,8281,11077,"A CROP-seq"
"A","A__mix0hr_Cropseq__pur90__muweak__moihigh","CROP-seq","mix0hr_Cropseq",0.9,"weak",5,"high",5,"otsu",0.720460462824916,0.961342785607665,0.756407092657733,0.0507271269895798,0.748397580572357,8733,11077,"A CROP-seq"
"A","A__mix0hr_Cropseq__pur90__muweak__moihigh","CROP-seq","mix0hr_Cropseq",0.9,"weak",5,"high",5,"valley",0.562243305310894,0.997617930430529,0.563608057340672,0.00179357573781184,0.552676717522795,6133,11077,"A CROP-seq"
"A","A__mix0hr_Cropseq__pur90__muweak__moihigh","CROP-seq","mix0hr_Cropseq",0.9,"weak",5,"high",5,"fishash",0.582261566936415,0.998248923341947,0.583212006200996,0.000988467874794069,0.547440642773314,6070,11077,"A CROP-seq"
"A","A__mix0hr_Cropseq__pur90__muweak__moihigh","CROP-seq","mix0hr_Cropseq",0.9,"weak",5,"high",5,"depth_fix",0.701351566942002,0.995609668815078,0.703635906208564,0.00247331424108305,0.691793806987452,7682,11077,"A CROP-seq"
"A","A__mix0hr_Cropseq__pur90__muweak__moihigh","CROP-seq","mix0hr_Cropseq",0.9,"weak",5,"high",5,"sceptre",0.612883608548368,0.997447850132467,0.614033979589292,0.00183066361556064,0.590683398031958,6555,11077,"A CROP-seq"
"A","A__mix0hr_Cropseq__pur90__mumod__moilow","CROP-seq","mix0hr_Cropseq",0.9,"mod",15,"low",1,"thresh3",0.85430738043103,0.994342373406635,0.85893700146683,0.00453309156844968,0.850503485670023,2206,2582,"A CROP-seq"
"A","A__mix0hr_Cropseq__pur90__mumod__moilow","CROP-seq","mix0hr_Cropseq",0.9,"mod",15,"low",1,"thresh10",0.550711885457809,1,0.550711885457809,0,0.542215336948102,1400,2582,"A CROP-seq"
"A","A__mix0hr_Cropseq__pur90__mumod__moilow","CROP-seq","mix0hr_Cropseq",0.9,"mod",15,"low",1,"thresh20",0.358316768296826,1,0.358316768296826,0,0.35437645236251,915,2582,"A CROP-seq"
"A","A__mix0hr_Cropseq__pur90__mumod__moilow","CROP-seq","mix0hr_Cropseq",0.9,"mod",15,"low",1,"ambient",0.662547477015566,0.721808593411638,0.911027422833084,0.251700680272109,0.894655305964369,3087,2582,"A CROP-seq"
"A","A__mix0hr_Cropseq__pur90__mumod__moilow","CROP-seq","mix0hr_Cropseq",0.9,"mod",15,"low",1,"otsu",0.726883082076944,0.901034637043817,0.825367971810165,0.278489781780395,0.806738962044926,2887,2582,"A CROP-seq"
"A","A__mix0hr_Cropseq__pur90__mumod__moilow","CROP-seq","mix0hr_Cropseq",0.9,"mod",15,"low",1,"valley",0.737112826104886,0.991708941811029,0.744244451011052,0.0083030617540218,0.74012393493416,1927,2582,"A CROP-seq"
"A","A__mix0hr_Cropseq__pur90__mumod__moilow","CROP-seq","mix0hr_Cropseq",0.9,"mod",15,"low",1,"fishash",0.820707901935515,0.990237113617377,0.827831392367986,0.0070555032925682,0.817583268783888,2126,2582,"A CROP-seq"
"A","A__mix0hr_Cropseq__pur90__mumod__moilow","CROP-seq","mix0hr_Cropseq",0.9,"mod",15,"low",1,"depth_fix",0.869766386942341,0.98584973664885,0.881277543279832,0.0105587329520458,0.871030209140201,2273,2582,"A CROP-seq"
"A","A__mix0hr_Cropseq__pur90__mumod__moilow","CROP-seq","mix0hr_Cropseq",0.9,"mod",15,"low",1,"sceptre",0.820758134319411,0.982801015075396,0.835046728166911,0.0212471131639723,0.820681642137878,2165,2582,"A CROP-seq"
"A","A__mix0hr_Cropseq__pur90__mumod__moihigh","CROP-seq","mix0hr_Cropseq",0.9,"mod",15,"high",5,"thresh3",0.839821602044927,0.998926687769732,0.840604946813925,0.000928763815361753,0.840128084973446,10767,12804,"A CROP-seq"
"A","A__mix0hr_Cropseq__pur90__mumod__moihigh","CROP-seq","mix0hr_Cropseq",0.9,"mod",15,"high",5,"thresh10",0.533614009604922,1,0.533614009604922,0,0.534989065916901,6850,12804,"A CROP-seq"
"A","A__mix0hr_Cropseq__pur90__mumod__moihigh","CROP-seq","mix0hr_Cropseq",0.9,"mod",15,"high",5,"thresh20",0.329876071581735,1,0.329876071581735,0,0.334192439862543,4279,12804,"A CROP-seq"
"A","A__mix0hr_Cropseq__pur90__mumod__moihigh","CROP-seq","mix0hr_Cropseq",0.9,"mod",15,"high",5,"ambient",0.808098656990014,0.963772168833484,0.838426009631434,0.0166444740346205,0.80748203686348,10514,12804,"A CROP-seq"
"A","A__mix0hr_Cropseq__pur90__mumod__moihigh","CROP-seq","mix0hr_Cropseq",0.9,"mod",15,"high",5,"otsu",0.774132074603324,0.982122609861466,0.791852753341408,0.0158528231725218,0.785457669478288,10219,12804,"A CROP-seq"
"A","A__mix0hr_Cropseq__pur90__mumod__moihigh","CROP-seq","mix0hr_Cropseq",0.9,"mod",15,"high",5,"valley",0.73598704086049,0.99647273258154,0.738778135609478,0.0032616450922434,0.763745704467354,9811,12804,"A CROP-seq"
"A","A__mix0hr_Cropseq__pur90__mumod__moihigh","CROP-seq","mix0hr_Cropseq",0.9,"mod",15,"high",5,"fishash",0.726501675992735,0.997949218813671,0.728033271072241,0.000570060426405199,0.684629803186504,8771,12804,"A CROP-seq"
"A","A__mix0hr_Cropseq__pur90__mumod__moihigh","CROP-seq","mix0hr_Cropseq",0.9,"mod",15,"high",5,"depth_fix",0.85851563807672,0.996089994770648,0.861496048377428,0.00272578593494458,0.857232114964074,11006,12804,"A CROP-seq"
"A","A__mix0hr_Cropseq__pur90__mumod__moihigh","CROP-seq","mix0hr_Cropseq",0.9,"mod",15,"high",5,"sceptre",0.73548699930811,0.998966237187511,0.736159806757151,0.000665409781523788,0.70376444860981,9017,12804,"A CROP-seq"
"A","A__mix0hr_Cropseq__pur90__mustrong__moilow","CROP-seq","mix0hr_Cropseq",0.9,"strong",50,"low",1,"thresh3",0.933066475311755,0.991144149664613,0.939811876339384,0.00396510705789056,0.941176470588235,2522,2669,"A CROP-seq"
"A","A__mix0hr_Cropseq__pur90__mustrong__moilow","CROP-seq","mix0hr_Cropseq",0.9,"strong",50,"low",1,"thresh10",0.787350256564443,1,0.787350256564443,0,0.779692768827276,2081,2669,"A CROP-seq"
"A","A__mix0hr_Cropseq__pur90__mustrong__moilow","CROP-seq","mix0hr_Cropseq",0.9,"strong",50,"low",1,"thresh20",0.62498762896197,1,0.62498762896197,0,0.61521168977145,1642,2669,"A CROP-seq"
"A","A__mix0hr_Cropseq__pur90__mustrong__moilow","CROP-seq","mix0hr_Cropseq",0.9,"strong",50,"low",1,"ambient",0.67560793117385,0.703703969685542,0.958946276810504,0.269397173348716,0.949044585987261,3467,2669,"A CROP-seq"
"A","A__mix0hr_Cropseq__pur90__mustrong__moilow","CROP-seq","mix0hr_Cropseq",0.9,"strong",50,"low",1,"otsu",0.852140292284198,0.980586727688787,0.871500933016464,0.0561015561015561,0.863619333083552,2442,2669,"A CROP-seq"
"A","A__mix0hr_Cropseq__pur90__mustrong__moilow","CROP-seq","mix0hr_Cropseq",0.9,"strong",50,"low",1,"valley",0.814990462824503,0.996063380433843,0.818530394484898,0.00273348519362187,0.82015736230798,2195,2669,"A CROP-seq"
"A","A__mix0hr_Cropseq__pur90__mustrong__moilow","CROP-seq","mix0hr_Cropseq",0.9,"strong",50,"low",1,"fishash",0.908365849416477,0.993345735907095,0.913836773691438,0.0044953003677973,0.912701386286999,2447,2669,"A CROP-seq"
"A","A__mix0hr_Cropseq__pur90__mustrong__moilow","CROP-seq","mix0hr_Cropseq",0.9,"strong",50,"low",1,"depth_fix",0.93875624869514,0.983097810452726,0.953158008483839,0.0104854368932039,0.954664668415137,2575,2669,"A CROP-seq"
"A","A__mix0hr_Cropseq__pur90__mustrong__moilow","CROP-seq","mix0hr_Cropseq",0.9,"strong",50,"low",1,"sceptre",0.902311199125551,0.987868779427171,0.913226790813098,0.00903490759753593,0.904083926564256,2435,2669,"A CROP-seq"
"A","A__mix0hr_Cropseq__pur90__mustrong__moihigh","CROP-seq","mix0hr_Cropseq",0.9,"strong",50,"high",5,"thresh3",0.933491554662824,0.999189288142338,0.934189318987908,0.000783576241968343,0.935720575286175,12762,13628,"A CROP-seq"
"A","A__mix0hr_Cropseq__pur90__mustrong__moihigh","CROP-seq","mix0hr_Cropseq",0.9,"strong",50,"high",5,"thresh10",0.771568877091875,1,0.771568877091875,0,0.775242148517758,10565,13628,"A CROP-seq"
"A","A__mix0hr_Cropseq__pur90__mustrong__moihigh","CROP-seq","mix0hr_Cropseq",0.9,"strong",50,"high",5,"thresh20",0.624029811536333,1,0.624029811536333,0,0.625110067508072,8519,13628,"A CROP-seq"
"A","A__mix0hr_Cropseq__pur90__mustrong__moihigh","CROP-seq","mix0hr_Cropseq",0.9,"strong",50,"high",5,"ambient",0.877282703532258,0.988493917248163,0.887533106881355,0.00516861548890019,0.861535074845906,11802,13628,"A CROP-seq"
"A","A__mix0hr_Cropseq__pur90__mustrong__moihigh","CROP-seq","mix0hr_Cropseq",0.9,"strong",50,"high",5,"otsu",0.84570566542365,1,0.84570566542365,0,0.849354270619313,11575,13628,"A CROP-seq"
"A","A__mix0hr_Cropseq__pur90__mustrong__moihigh","CROP-seq","mix0hr_Cropseq",0.9,"strong",50,"high",5,"valley",0.871337098774206,0.998977969085423,0.872249707552056,0.00106304685583449,0.896389785735251,12229,13628,"A CROP-seq"
"A","A__mix0hr_Cropseq__pur90__mustrong__moihigh","CROP-seq","mix0hr_Cropseq",0.9,"strong",50,"high",5,"fishash",0.863764506588556,0.999206464631007,0.864394667720145,0.00035987404408457,0.815306721455826,11115,13628,"A CROP-seq"
"A","A__mix0hr_Cropseq__pur90__mustrong__moihigh","CROP-seq","mix0hr_Cropseq",0.9,"strong",50,"high",5,"depth_fix",0.944902953485594,0.995987109593618,0.948475084671407,0.00285626061448201,0.947828001174053,12954,13628,"A CROP-seq"
"A","A__mix0hr_Cropseq__pur90__mustrong__moihigh","CROP-seq","mix0hr_Cropseq",0.9,"strong",50,"high",5,"sceptre",0.814896833092575,0.997845321360251,0.816714569831612,0.00093976130062964,0.780085118872909,10641,13628,"A CROP-seq"
"A","A__mix0hr_Cropseq__pur99__muweak__moilow","CROP-seq","mix0hr_Cropseq",0.99,"weak",5,"low",1,"thresh3",0.677413185186533,0.999195906432749,0.677845250107428,0.00134589502018843,0.671493212669683,1486,2210,"A CROP-seq"
"A","A__mix0hr_Cropseq__pur99__muweak__moilow","CROP-seq","mix0hr_Cropseq",0.99,"weak",5,"low",1,"thresh10",0.295120400763188,1,0.295120400763188,0,0.277828054298643,614,2210,"A CROP-seq"
"A","A__mix0hr_Cropseq__pur99__muweak__moilow","CROP-seq","mix0hr_Cropseq",0.99,"weak",5,"low",1,"thresh20",0.119999997711934,1,0.119999997711934,0,0.10814479638009,239,2210,"A CROP-seq"
"A","A__mix0hr_Cropseq__pur99__muweak__moilow","CROP-seq","mix0hr_Cropseq",0.99,"weak",5,"low",1,"ambient",0.621356298917856,0.744451738450238,0.811115355601309,0.234884732492388,0.795927601809955,2299,2210,"A CROP-seq"
"A","A__mix0hr_Cropseq__pur99__muweak__moilow","CROP-seq","mix0hr_Cropseq",0.99,"weak",5,"low",1,"otsu",0.396809481791264,0.489532153031855,0.906241666292332,0.699984430951269,0.871945701357466,6423,2210,"A CROP-seq"
"A","A__mix0hr_Cropseq__pur99__muweak__moilow","CROP-seq","mix0hr_Cropseq",0.99,"weak",5,"low",1,"valley",0.53863590509488,0.991706548561387,0.543882191261147,0.0138211382113821,0.548868778280543,1230,2210,"A CROP-seq"
"A","A__mix0hr_Cropseq__pur99__muweak__moilow","CROP-seq","mix0hr_Cropseq",0.99,"weak",5,"low",1,"fishash",0.657289213751384,0.994404337492573,0.659732519413405,0.00486787204450626,0.647511312217195,1438,2210,"A CROP-seq"
"A","A__mix0hr_Cropseq__pur99__muweak__moilow","CROP-seq","mix0hr_Cropseq",0.99,"weak",5,"low",1,"depth_fix",0.699337337353926,0.987459107522037,0.705719018499489,0.006426735218509,0.699547511312217,1556,2210,"A CROP-seq"
"A","A__mix0hr_Cropseq__pur99__muweak__moilow","CROP-seq","mix0hr_Cropseq",0.99,"weak",5,"low",1,"sceptre",0.656195452793913,0.993569376315119,0.659168830965487,0.00696378830083565,0.645248868778281,1436,2210,"A CROP-seq"
"A","A__mix0hr_Cropseq__pur99__muweak__moihigh","CROP-seq","mix0hr_Cropseq",0.99,"weak",5,"high",5,"thresh3",0.679973965627285,0.999440559440559,0.680274529404593,0.000272479564032698,0.681400315721051,7340,10769,"A CROP-seq"
"A","A__mix0hr_Cropseq__pur99__muweak__moihigh","CROP-seq","mix0hr_Cropseq",0.99,"weak",5,"high",5,"thresh10",0.270222475346636,1,0.270222475346636,0,0.26975578048101,2905,10769,"A CROP-seq"
"A","A__mix0hr_Cropseq__pur99__muweak__moihigh","CROP-seq","mix0hr_Cropseq",0.99,"weak",5,"high",5,"thresh20",0.106884735629438,1,0.106884735629438,0,0.105859411273099,1140,10769,"A CROP-seq"
"A","A__mix0hr_Cropseq__pur99__muweak__moihigh","CROP-seq","mix0hr_Cropseq",0.99,"weak",5,"high",5,"ambient",0.70855471173917,0.932781355816228,0.760261263860102,0.0376244928070823,0.726808431609249,8133,10769,"A CROP-seq"
"A","A__mix0hr_Cropseq__pur99__muweak__moihigh","CROP-seq","mix0hr_Cropseq",0.99,"weak",5,"high",5,"otsu",0.725115643289401,0.943647094870957,0.779016404830143,0.0651660101294316,0.771287956170489,8885,10769,"A CROP-seq"
"A","A__mix0hr_Cropseq__pur99__muweak__moihigh","CROP-seq","mix0hr_Cropseq",0.99,"weak",5,"high",5,"valley",0.541434234354366,0.997880785738652,0.542709424419924,0.0020979020979021,0.530039929427059,5720,10769,"A CROP-seq"
"A","A__mix0hr_Cropseq__pur99__muweak__moihigh","CROP-seq","mix0hr_Cropseq",0.99,"weak",5,"high",5,"fishash",0.579491151613663,0.997690886699507,0.581218701195864,0.000686224052153028,0.540904447952456,5829,10769,"A CROP-seq"
"A","A__mix0hr_Cropseq__pur99__muweak__moihigh","CROP-seq","mix0hr_Cropseq",0.99,"weak",5,"high",5,"depth_fix",0.700300298833787,0.993954474168991,0.704489017540834,0.00228065468204991,0.690593369857926,7454,10769,"A CROP-seq"
"A","A__mix0hr_Cropseq__pur99__muweak__moihigh","CROP-seq","mix0hr_Cropseq",0.99,"weak",5,"high",5,"sceptre",0.612078103293783,0.997738328060651,0.613249850724784,0.00142157637024167,0.587055436902219,6331,10769,"A CROP-seq"
"A","A__mix0hr_Cropseq__pur99__mumod__moilow","CROP-seq","mix0hr_Cropseq",0.99,"mod",15,"low",1,"thresh3",0.838872915736085,0.996228956228956,0.840835065974098,0.000963855421686747,0.841656516443362,2075,2463,"A CROP-seq"
"A","A__mix0hr_Cropseq__pur99__mumod__moilow","CROP-seq","mix0hr_Cropseq",0.99,"mod",15,"low",1,"thresh10",0.559910068186427,1,0.559910068186427,0,0.558668290702395,1376,2463,"A CROP-seq"
"A","A__mix0hr_Cropseq__pur99__mumod__moilow","CROP-seq","mix0hr_Cropseq",0.99,"mod",15,"low",1,"thresh20",0.356139237755934,1,0.356139237755934,0,0.346325619163622,853,2463,"A CROP-seq"
"A","A__mix0hr_Cropseq__pur99__mumod__moilow","CROP-seq","mix0hr_Cropseq",0.99,"mod",15,"low",1,"ambient",0.641485806368813,0.697720351669991,0.921192353027135,0.298516882297255,0.902557856272838,3169,2463,"A CROP-seq"
"A","A__mix0hr_Cropseq__pur99__mumod__moilow","CROP-seq","mix0hr_Cropseq",0.99,"mod",15,"low",1,"otsu",0.661941928719854,0.836555102960626,0.823623056322453,0.412537313432836,0.799025578562728,3350,2463,"A CROP-seq"
"A","A__mix0hr_Cropseq__pur99__mumod__moilow","CROP-seq","mix0hr_Cropseq",0.99,"mod",15,"low",1,"valley",0.702923457232723,0.99826226179319,0.70441806257935,0.00173711638679792,0.69995939910678,1727,2463,"A CROP-seq"
"A","A__mix0hr_Cropseq__pur99__mumod__moilow","CROP-seq","mix0hr_Cropseq",0.99,"mod",15,"low",1,"fishash",0.808369057299327,0.991895226477895,0.813331754141993,0.00347912524850895,0.814047909053999,2012,2463,"A CROP-seq"
"A","A__mix0hr_Cropseq__pur99__mumod__moilow","CROP-seq","mix0hr_Cropseq",0.99,"mod",15,"low",1,"depth_fix",0.849207121095164,0.989184378851252,0.856488879866735,0.00564705882352941,0.857896873731222,2125,2463,"A CROP-seq"
"A","A__mix0hr_Cropseq__pur99__mumod__moilow","CROP-seq","mix0hr_Cropseq",0.99,"mod",15,"low",1,"sceptre",0.809193230342707,0.993490558263286,0.81426685631884,0.0045135406218656,0.805927730410069,1994,2463,"A CROP-seq"
"A","A__mix0hr_Cropseq__pur99__mumod__moihigh","CROP-seq","mix0hr_Cropseq",0.99,"mod",15,"high",5,"thresh3",0.842937661159719,0.99990990990991,0.842999382627568,9.46163307786924e-05,0.843281200127673,10569,12532,"A CROP-seq"
"A","A__mix0hr_Cropseq__pur99__mumod__moihigh","CROP-seq","mix0hr_Cropseq",0.99,"mod",15,"high",5,"thresh10",0.53100105513481,1,0.53100105513481,0,0.52768911586339,6613,12532,"A CROP-seq"
"A","A__mix0hr_Cropseq__pur99__mumod__moihigh","CROP-seq","mix0hr_Cropseq",0.99,"mod",15,"high",5,"thresh20",0.331421397034559,1,0.331421397034559,0,0.327002872646026,4098,12532,"A CROP-seq"
"A","A__mix0hr_Cropseq__pur99__mumod__moihigh","CROP-seq","mix0hr_Cropseq",0.99,"mod",15,"high",5,"ambient",0.812898583932928,0.969404148190645,0.83744409030682,0.0142536366298936,0.805697414618576,10243,12532,"A CROP-seq"
"A","A__mix0hr_Cropseq__pur99__mumod__moihigh","CROP-seq","mix0hr_Cropseq",0.99,"mod",15,"high",5,"otsu",0.78378679400891,0.990662251655629,0.79312454235328,0.0140648379052369,0.788700925630386,10025,12532,"A CROP-seq"
"A","A__mix0hr_Cropseq__pur99__mumod__moihigh","CROP-seq","mix0hr_Cropseq",0.99,"mod",15,"high",5,"valley",0.731773589571052,0.999002747845646,0.732604656045798,0.00156119900083264,0.765480370252154,9608,12532,"A CROP-seq"
"A","A__mix0hr_Cropseq__pur99__mumod__moihigh","CROP-seq","mix0hr_Cropseq",0.99,"mod",15,"high",5,"fishash",0.735863735342112,0.999549643438448,0.736146656121203,0.000351000351000351,0.681774656878391,8547,12532,"A CROP-seq"
"A","A__mix0hr_Cropseq__pur99__mumod__moihigh","CROP-seq","mix0hr_Cropseq",0.99,"mod",15,"high",5,"depth_fix",0.861321187725723,0.997223356781284,0.863480477970877,0.00185459940652819,0.858921161825726,10784,12532,"A CROP-seq"
"A","A__mix0hr_Cropseq__pur99__mumod__moihigh","CROP-seq","mix0hr_Cropseq",0.99,"mod",15,"high",5,"sceptre",0.741645745665605,0.998912803811652,0.74243244048064,0.00079078174423859,0.705793169486116,8852,12532,"A CROP-seq"
"A","A__mix0hr_Cropseq__pur99__mustrong__moilow","CROP-seq","mix0hr_Cropseq",0.99,"strong",50,"low",1,"thresh3",0.946881254540215,0.999044444444444,0.947806040865002,0.000785237534354142,0.94050258684405,2547,2706,"A CROP-seq"
"A","A__mix0hr_Cropseq__pur99__mustrong__moilow","CROP-seq","mix0hr_Cropseq",0.99,"strong",50,"low",1,"thresh10",0.783125094461118,1,0.783125094461118,0,0.779009608277901,2108,2706,"A CROP-seq"
"A","A__mix0hr_Cropseq__pur99__mustrong__moilow","CROP-seq","mix0hr_Cropseq",0.99,"strong",50,"low",1,"thresh20",0.636265690191575,1,0.636265690191575,0,0.626016260162602,1694,2706,"A CROP-seq"
"A","A__mix0hr_Cropseq__pur99__mustrong__moilow","CROP-seq","mix0hr_Cropseq",0.99,"strong",50,"low",1,"ambient",0.679388170315499,0.707122831634811,0.961972613530692,0.276493799323563,0.948632668144863,3548,2706,"A CROP-seq"
"A","A__mix0hr_Cropseq__pur99__mustrong__moilow","CROP-seq","mix0hr_Cropseq",0.99,"strong",50,"low",1,"otsu",0.829474827680772,0.971356215213358,0.858118612467414,0.11676875957121,0.852549889135255,2612,2706,"A CROP-seq"
"A","A__mix0hr_Cropseq__pur99__mustrong__moilow","CROP-seq","mix0hr_Cropseq",0.99,"strong",50,"low",1,"valley",0.848239428511067,0.998322368421053,0.849843530678249,0.00130605137135394,0.847745750184775,2297,2706,"A CROP-seq"
"A","A__mix0hr_Cropseq__pur99__mustrong__moilow","CROP-seq","mix0hr_Cropseq",0.99,"strong",50,"low",1,"fishash",0.92232292240576,0.997213269917217,0.924782016771185,0.00242620299231702,0.911677753141168,2473,2706,"A CROP-seq"
"A","A__mix0hr_Cropseq__pur99__mustrong__moilow","CROP-seq","mix0hr_Cropseq",0.99,"strong",50,"low",1,"depth_fix",0.946782631261841,0.991455831808149,0.954702608040462,0.00734157650695518,0.949371766444937,2588,2706,"A CROP-seq"
"A","A__mix0hr_Cropseq__pur99__mustrong__moilow","CROP-seq","mix0hr_Cropseq",0.99,"strong",50,"low",1,"sceptre",0.889640779500943,0.969837065335353,0.918242174296784,0.0461117624071903,0.902069475240207,2559,2706,"A CROP-seq"
"A","A__mix0hr_Cropseq__pur99__mustrong__moihigh","CROP-seq","mix0hr_Cropseq",0.99,"strong",50,"high",5,"thresh3",0.938824550931789,0.999769626769627,0.939041258548496,0.000158390749980201,0.937894658643489,12627,13461,"A CROP-seq"
"A","A__mix0hr_Cropseq__pur99__mustrong__moihigh","CROP-seq","mix0hr_Cropseq",0.99,"strong",50,"high",5,"thresh10",0.780697224254912,1,0.780697224254912,0,0.779585469133051,10494,13461,"A CROP-seq"
"A","A__mix0hr_Cropseq__pur99__mustrong__moihigh","CROP-seq","mix0hr_Cropseq",0.99,"strong",50,"high",5,"thresh20",0.627887618898983,1,0.627887618898983,0,0.627145085803432,8442,13461,"A CROP-seq"
"A","A__mix0hr_Cropseq__pur99__mustrong__moihigh","CROP-seq","mix0hr_Cropseq",0.99,"strong",50,"high",5,"ambient",0.88093266145155,0.990675277196136,0.889302888434024,0.00470045295273908,0.865166035212837,11701,13461,"A CROP-seq"
"A","A__mix0hr_Cropseq__pur99__mustrong__moihigh","CROP-seq","mix0hr_Cropseq",0.99,"strong",50,"high",5,"otsu",0.854631785683891,1,0.854631785683891,0,0.852759824678701,11479,13461,"A CROP-seq"
"A","A__mix0hr_Cropseq__pur99__mustrong__moihigh","CROP-seq","mix0hr_Cropseq",0.99,"strong",50,"high",5,"valley",0.889961674111458,0.999589017747654,0.890344859036483,0.000411421048300831,0.902458955501077,12153,13461,"A CROP-seq"
"A","A__mix0hr_Cropseq__pur99__mustrong__moihigh","CROP-seq","mix0hr_Cropseq",0.99,"strong",50,"high",5,"fishash",0.861438033729965,0.999717412935323,0.861685028041513,0.000184246890833717,0.806255107347151,10855,13461,"A CROP-seq"
"A","A__mix0hr_Cropseq__pur99__mustrong__moihigh","CROP-seq","mix0hr_Cropseq",0.99,"strong",50,"high",5,"depth_fix",0.944996371796032,0.995876190234491,0.948772316733326,0.0022704141548579,0.946735012257633,12773,13461,"A CROP-seq"
"A","A__mix0hr_Cropseq__pur99__mustrong__moihigh","CROP-seq","mix0hr_Cropseq",0.99,"strong",50,"high",5,"sceptre",0.817830795140628,0.99983606557377,0.817951519486705,9.47687642153146e-05,0.78381992422554,10552,13461,"A CROP-seq"
"A","A__mix72hr_Cropseq__pur90__muweak__moilow","CROP-seq","mix72hr_Cropseq",0.9,"weak",5,"low",1,"thresh3",0.669770402838535,0.984088248390604,0.677030081738124,0.0130671506352087,0.68043043043043,2755,3996,"A CROP-seq"
"A","A__mix72hr_Cropseq__pur90__muweak__moilow","CROP-seq","mix72hr_Cropseq",0.9,"weak",5,"low",1,"thresh10",0.274397688023501,0.99959595959596,0.274437648063461,0.000914913083257091,0.273273273273273,1093,3996,"A CROP-seq"
"A","A__mix72hr_Cropseq__pur90__muweak__moilow","CROP-seq","mix72hr_Cropseq",0.9,"weak",5,"low",1,"thresh20",0.0974444520254914,1,0.0974444520254914,0,0.0998498498498498,399,3996,"A CROP-seq"
"A","A__mix72hr_Cropseq__pur90__muweak__moilow","CROP-seq","mix72hr_Cropseq",0.9,"weak",5,"low",1,"ambient",0.643122980797021,0.789422674363053,0.778305773586019,0.150643659271432,0.776026026026026,3651,3996,"A CROP-seq"
"A","A__mix72hr_Cropseq__pur90__muweak__moilow","CROP-seq","mix72hr_Cropseq",0.9,"weak",5,"low",1,"otsu",0.293586327376098,0.334549779957465,0.956325868682484,0.76933719029053,0.917917917917918,15902,3996,"A CROP-seq"
"A","A__mix72hr_Cropseq__pur90__muweak__moilow","CROP-seq","mix72hr_Cropseq",0.9,"weak",5,"low",1,"valley",0.501619442512728,0.992847240167415,0.504759395582842,0.00725689404934688,0.513513513513513,2067,3996,"A CROP-seq"
"A","A__mix72hr_Cropseq__pur90__muweak__moilow","CROP-seq","mix72hr_Cropseq",0.9,"weak",5,"low",1,"fishash",0.64222945694785,0.986258308372026,0.648260758967405,0.0107485604606526,0.644894894894895,2605,3996,"A CROP-seq"
"A","A__mix72hr_Cropseq__pur90__muweak__moilow","CROP-seq","mix72hr_Cropseq",0.9,"weak",5,"low",1,"depth_fix",0.675712921603074,0.981218733928564,0.68592458773793,0.0139935414424112,0.687687687687688,2787,3996,"A CROP-seq"
"A","A__mix72hr_Cropseq__pur90__muweak__moilow","CROP-seq","mix72hr_Cropseq",0.9,"weak",5,"low",1,"sceptre",0.643974648871527,0.9903048526394,0.648422767740343,0.00881901840490797,0.646896896896897,2608,3996,"A CROP-seq"
"A","A__mix72hr_Cropseq__pur90__muweak__moihigh","CROP-seq","mix72hr_Cropseq",0.9,"weak",5,"high",5,"thresh3",0.684771836237007,0.995253866304586,0.68703598753927,0.00272934040940106,0.686283716804925,13190,19167,"A CROP-seq"
"A","A__mix72hr_Cropseq__pur90__muweak__moihigh","CROP-seq","mix72hr_Cropseq",0.9,"weak",5,"high",5,"thresh10",0.266680702996352,0.99962962962963,0.266709818337897,0.00019739439399921,0.264256273803934,5066,19167,"A CROP-seq"
"A","A__mix72hr_Cropseq__pur90__muweak__moihigh","CROP-seq","mix72hr_Cropseq",0.9,"weak",5,"high",5,"thresh20",0.10281480575665,1,0.10281480575665,0,0.100641727969948,1929,19167,"A CROP-seq"
"A","A__mix72hr_Cropseq__pur90__muweak__moihigh","CROP-seq","mix72hr_Cropseq",0.9,"weak",5,"high",5,"ambient",0.703392953413194,0.934396169880945,0.750396822075114,0.0347034561228844,0.708196379193405,14062,19167,"A CROP-seq"
"A","A__mix72hr_Cropseq__pur90__muweak__moihigh","CROP-seq","mix72hr_Cropseq",0.9,"weak",5,"high",5,"otsu",0.70096147522253,0.874614970663209,0.820911296375316,0.151745152354571,0.798820890071477,18050,19167,"A CROP-seq"
"A","A__mix72hr_Cropseq__pur90__muweak__moihigh","CROP-seq","mix72hr_Cropseq",0.9,"weak",5,"high",5,"valley",0.496975058691136,0.99764513408292,0.497856379346789,0.00235621720038556,0.485991547973079,9337,19167,"A CROP-seq"
"A","A__mix72hr_Cropseq__pur90__muweak__moihigh","CROP-seq","mix72hr_Cropseq",0.9,"weak",5,"high",5,"fishash",0.573563106702865,0.996438212799927,0.574905825599829,0.00224215246636771,0.533990713204988,10258,19167,"A CROP-seq"
"A","A__mix72hr_Cropseq__pur90__muweak__moihigh","CROP-seq","mix72hr_Cropseq",0.9,"weak",5,"high",5,"depth_fix",0.695923545360436,0.991910220870609,0.700225901544874,0.0036410528711219,0.685292429696875,13183,19167,"A CROP-seq"
"A","A__mix72hr_Cropseq__pur90__muweak__moihigh","CROP-seq","mix72hr_Cropseq",0.9,"weak",5,"high",5,"sceptre",0.604529097242623,0.994555432822052,0.606802299660349,0.00333483551149166,0.576929096885272,11095,19167,"A CROP-seq"
"A","A__mix72hr_Cropseq__pur90__mumod__moilow","CROP-seq","mix72hr_Cropseq",0.9,"mod",15,"low",1,"thresh3",0.83815173120813,0.985915906564775,0.848531937376479,0.00965301330550483,0.853225443919982,3833,4449,"A CROP-seq"
"A","A__mix72hr_Cropseq__pur90__mumod__moilow","CROP-seq","mix72hr_Cropseq",0.9,"mod",15,"low",1,"thresh10",0.547006185282493,0.999375,0.547178599075597,0.000405844155844156,0.553607552258935,2464,4449,"A CROP-seq"
"A","A__mix72hr_Cropseq__pur90__mumod__moilow","CROP-seq","mix72hr_Cropseq",0.9,"mod",15,"low",1,"thresh20",0.334423048979425,1,0.334423048979425,0,0.338053495167453,1504,4449,"A CROP-seq"
"A","A__mix72hr_Cropseq__pur90__mumod__moilow","CROP-seq","mix72hr_Cropseq",0.9,"mod",15,"low",1,"ambient",0.725467557869714,0.79816022636646,0.89723316161956,0.174111780594224,0.893459204315577,4813,4449,"A CROP-seq"
"A","A__mix72hr_Cropseq__pur90__mumod__moilow","CROP-seq","mix72hr_Cropseq",0.9,"mod",15,"low",1,"otsu",0.654876237695573,0.806530666750955,0.847079900363507,0.490518683770218,0.821308159136885,7172,4449,"A CROP-seq"
"A","A__mix72hr_Cropseq__pur90__mumod__moilow","CROP-seq","mix72hr_Cropseq",0.9,"mod",15,"low",1,"valley",0.690441032746428,0.994460958417662,0.694810265055082,0.00737652341244387,0.695661946504833,3118,4449,"A CROP-seq"
"A","A__mix72hr_Cropseq__pur90__mumod__moilow","CROP-seq","mix72hr_Cropseq",0.9,"mod",15,"low",1,"fishash",0.811959724787025,0.991573864995853,0.818249677393191,0.00623644251626898,0.823780624859519,3688,4449,"A CROP-seq"
"A","A__mix72hr_Cropseq__pur90__mumod__moilow","CROP-seq","mix72hr_Cropseq",0.9,"mod",15,"low",1,"depth_fix",0.847196379897166,0.98351634871474,0.859852730530045,0.0120698510529019,0.864688694088559,3894,4449,"A CROP-seq"
"A","A__mix72hr_Cropseq__pur90__mumod__moilow","CROP-seq","mix72hr_Cropseq",0.9,"mod",15,"low",1,"sceptre",0.813138602620313,0.991144412483584,0.81926472793488,0.00708639956391387,0.81883569341425,3669,4449,"A CROP-seq"
"A","A__mix72hr_Cropseq__pur90__mumod__moihigh","CROP-seq","mix72hr_Cropseq",0.9,"mod",15,"high",5,"thresh3",0.85073193164111,0.99703900474528,0.852929662996717,0.00186696538112765,0.84896329567624,18747,22041,"A CROP-seq"
"A","A__mix72hr_Cropseq__pur90__mumod__moihigh","CROP-seq","mix72hr_Cropseq",0.9,"mod",15,"high",5,"thresh10",0.54074282107796,0.999932432432432,0.540764154488693,8.38082467314784e-05,0.541309377977406,11932,22041,"A CROP-seq"
"A","A__mix72hr_Cropseq__pur90__mumod__moihigh","CROP-seq","mix72hr_Cropseq",0.9,"mod",15,"high",5,"thresh20",0.332478052654461,1,0.332478052654461,0,0.334739803094233,7378,22041,"A CROP-seq"
"A","A__mix72hr_Cropseq__pur90__mumod__moihigh","CROP-seq","mix72hr_Cropseq",0.9,"mod",15,"high",5,"ambient",0.809406668697027,0.968703901690796,0.835908284530501,0.0138412198278287,0.795199854816025,17773,22041,"A CROP-seq"
"A","A__mix72hr_Cropseq__pur90__mumod__moihigh","CROP-seq","mix72hr_Cropseq",0.9,"mod",15,"high",5,"otsu",0.800322430072207,0.998377659888137,0.801478452824091,0.00102963047706212,0.792341545301937,17482,22041,"A CROP-seq"
"A","A__mix72hr_Cropseq__pur90__mumod__moihigh","CROP-seq","mix72hr_Cropseq",0.9,"mod",15,"high",5,"valley",0.754728008899805,0.998007835589654,0.756213686129134,0.00228003507746273,0.774284288371671,17105,22041,"A CROP-seq"
"A","A__mix72hr_Cropseq__pur90__mumod__moihigh","CROP-seq","mix72hr_Cropseq",0.9,"mod",15,"high",5,"fishash",0.75235101146656,0.998419420392715,0.753388181159233,0.00104753175330627,0.692255342316592,15274,22041,"A CROP-seq"
"A","A__mix72hr_Cropseq__pur90__mumod__moihigh","CROP-seq","mix72hr_Cropseq",0.9,"mod",15,"high",5,"depth_fix",0.863031368739923,0.993187368736531,0.868465184478687,0.00316072275193594,0.858536364048818,18983,22041,"A CROP-seq"
"A","A__mix72hr_Cropseq__pur90__mumod__moihigh","CROP-seq","mix72hr_Cropseq",0.9,"mod",15,"high",5,"sceptre",0.743428248447003,0.99833611307454,0.744505866820648,0.00117195129891269,0.696021051676421,15359,22041,"A CROP-seq"
"A","A__mix72hr_Cropseq__pur90__mustrong__moilow","CROP-seq","mix72hr_Cropseq",0.9,"strong",50,"low",1,"thresh3",0.932617451726583,0.985819053465281,0.945402865588734,0.00824604412747939,0.942996397541852,4487,4719,"A CROP-seq"
"A","A__mix72hr_Cropseq__pur90__mustrong__moilow","CROP-seq","mix72hr_Cropseq",0.9,"strong",50,"low",1,"thresh10",0.792947173724129,0.999375,0.793341910566234,0.000267809319764328,0.791057427421064,3734,4719,"A CROP-seq"
"A","A__mix72hr_Cropseq__pur90__mustrong__moilow","CROP-seq","mix72hr_Cropseq",0.9,"strong",50,"low",1,"thresh20",0.64433040312183,1,0.64433040312183,0,0.642297096842551,3031,4719,"A CROP-seq"
"A","A__mix72hr_Cropseq__pur90__mustrong__moilow","CROP-seq","mix72hr_Cropseq",0.9,"strong",50,"low",1,"ambient",0.713460063461834,0.74755823382846,0.954216380497727,0.235284022653166,0.944267853358762,5827,4719,"A CROP-seq"
"A","A__mix72hr_Cropseq__pur90__mustrong__moilow","CROP-seq","mix72hr_Cropseq",0.9,"strong",50,"low",1,"otsu",0.816172180018295,0.942145759673085,0.873859237682671,0.213502596653203,0.866497139224412,5199,4719,"A CROP-seq"
"A","A__mix72hr_Cropseq__pur90__mustrong__moilow","CROP-seq","mix72hr_Cropseq",0.9,"strong",50,"low",1,"valley",0.830536172051505,0.997402552588311,0.832878307608779,0.00199401794616152,0.848484848484849,4012,4719,"A CROP-seq"
"A","A__mix72hr_Cropseq__pur90__mustrong__moilow","CROP-seq","mix72hr_Cropseq",0.9,"strong",50,"low",1,"fishash",0.911823073519115,0.992246309228348,0.918661797338817,0.00483759502418798,0.915448188175461,4341,4719,"A CROP-seq"
"A","A__mix72hr_Cropseq__pur90__mustrong__moilow","CROP-seq","mix72hr_Cropseq",0.9,"strong",50,"low",1,"depth_fix",0.934915623866688,0.981826561764135,0.951631690686976,0.0119126406353408,0.949141767323585,4533,4719,"A CROP-seq"
"A","A__mix72hr_Cropseq__pur90__mustrong__moilow","CROP-seq","mix72hr_Cropseq",0.9,"strong",50,"low",1,"sceptre",0.904141217949634,0.985137816634601,0.916752914588313,0.00792171481826654,0.90230981140072,4292,4719,"A CROP-seq"
"A","A__mix72hr_Cropseq__pur90__mustrong__moihigh","CROP-seq","mix72hr_Cropseq",0.9,"strong",50,"high",5,"thresh3",0.934514826610155,0.997278773135302,0.936772196897382,0.00164609053497942,0.938814120479856,21870,23257,"A CROP-seq"
"A","A__mix72hr_Cropseq__pur90__mustrong__moihigh","CROP-seq","mix72hr_Cropseq",0.9,"strong",50,"high",5,"thresh10",0.781698407752223,0.999957627118644,0.781724606191465,5.49028220050511e-05,0.783119060927893,18214,23257,"A CROP-seq"
"A","A__mix72hr_Cropseq__pur90__mustrong__moihigh","CROP-seq","mix72hr_Cropseq",0.9,"strong",50,"high",5,"thresh20",0.636211841184826,1,0.636211841184826,0,0.636023562798297,14792,23257,"A CROP-seq"
"A","A__mix72hr_Cropseq__pur90__mustrong__moihigh","CROP-seq","mix72hr_Cropseq",0.9,"strong",50,"high",5,"ambient",0.863728331459042,0.976754934521236,0.884164321280101,0.00730652616929271,0.858752203637615,20119,23257,"A CROP-seq"
"A","A__mix72hr_Cropseq__pur90__mustrong__moihigh","CROP-seq","mix72hr_Cropseq",0.9,"strong",50,"high",5,"otsu",0.85419626832917,0.999488681506287,0.8545982551038,0.000200571629143058,0.857333276002924,19943,23257,"A CROP-seq"
"A","A__mix72hr_Cropseq__pur90__mustrong__moihigh","CROP-seq","mix72hr_Cropseq",0.9,"strong",50,"high",5,"valley",0.884113161640264,0.99845060729644,0.885521684298028,0.00155213771694652,0.912757449370082,21261,23257,"A CROP-seq"
"A","A__mix72hr_Cropseq__pur90__mustrong__moihigh","CROP-seq","mix72hr_Cropseq",0.9,"strong",50,"high",5,"fishash",0.853573150787935,0.998588151011671,0.854639658927477,0.000587167716451372,0.80504794255493,18734,23257,"A CROP-seq"
"A","A__mix72hr_Cropseq__pur90__mustrong__moihigh","CROP-seq","mix72hr_Cropseq",0.9,"strong",50,"high",5,"depth_fix",0.938243164863972,0.993919713048064,0.943370503372946,0.00317532320254026,0.944876811282625,22045,23257,"A CROP-seq"
"A","A__mix72hr_Cropseq__pur90__mustrong__moihigh","CROP-seq","mix72hr_Cropseq",0.9,"strong",50,"high",5,"sceptre",0.814788022642234,0.998532942452918,0.815897810137144,0.000606829591217521,0.778948273638044,18127,23257,"A CROP-seq"
"A","A__mix72hr_Cropseq__pur99__muweak__moilow","CROP-seq","mix72hr_Cropseq",0.99,"weak",5,"low",1,"thresh3",0.691627283131172,0.992438103417153,0.695146677686431,0.00495238095238095,0.692103868574457,2625,3774,"A CROP-seq"
"A","A__mix72hr_Cropseq__pur99__muweak__moilow","CROP-seq","mix72hr_Cropseq",0.99,"weak",5,"low",1,"thresh10",0.27861141453666,1,0.27861141453666,0,0.280074191838898,1057,3774,"A CROP-seq"
"A","A__mix72hr_Cropseq__pur99__muweak__moilow","CROP-seq","mix72hr_Cropseq",0.99,"weak",5,"low",1,"thresh20",0.107064922221959,1,0.107064922221959,0,0.104398516163222,394,3774,"A CROP-seq"
"A","A__mix72hr_Cropseq__pur99__muweak__moilow","CROP-seq","mix72hr_Cropseq",0.99,"weak",5,"low",1,"ambient",0.691235211998992,0.838840191715426,0.80272421418975,0.125036689169357,0.789878113407525,3407,3774,"A CROP-seq"
"A","A__mix72hr_Cropseq__pur99__muweak__moilow","CROP-seq","mix72hr_Cropseq",0.99,"weak",5,"low",1,"otsu",0.26378944844573,0.301617310621483,0.961844433104678,0.783797064062404,0.932697403285639,16281,3774,"A CROP-seq"
"A","A__mix72hr_Cropseq__pur99__muweak__moilow","CROP-seq","mix72hr_Cropseq",0.99,"weak",5,"low",1,"valley",0.530046862047773,0.995190295477625,0.532380042901606,0.00443131462333826,0.53577106518283,2031,3774,"A CROP-seq"
"A","A__mix72hr_Cropseq__pur99__muweak__moilow","CROP-seq","mix72hr_Cropseq",0.99,"weak",5,"low",1,"fishash",0.660338807049929,0.991222151179312,0.664474506562174,0.00561122244488978,0.657392686804452,2495,3774,"A CROP-seq"
"A","A__mix72hr_Cropseq__pur99__muweak__moilow","CROP-seq","mix72hr_Cropseq",0.99,"weak",5,"low",1,"depth_fix",0.698775299514108,0.98668548093105,0.70545120874927,0.0093984962406015,0.698198198198198,2660,3774,"A CROP-seq"
"A","A__mix72hr_Cropseq__pur99__muweak__moilow","CROP-seq","mix72hr_Cropseq",0.99,"weak",5,"low",1,"sceptre",0.659252808195859,0.990892115446994,0.663176081822927,0.00602893890675241,0.655272919978802,2488,3774,"A CROP-seq"
"A","A__mix72hr_Cropseq__pur99__muweak__moihigh","CROP-seq","mix72hr_Cropseq",0.99,"weak",5,"high",5,"thresh3",0.688526178567585,0.998677998462824,0.689122456417141,0.00100324124093224,0.685900492767446,12958,18873,"A CROP-seq"
"A","A__mix72hr_Cropseq__pur99__muweak__moihigh","CROP-seq","mix72hr_Cropseq",0.99,"weak",5,"high",5,"thresh10",0.267454696507325,1,0.267454696507325,0,0.265246648651513,5006,18873,"A CROP-seq"
"A","A__mix72hr_Cropseq__pur99__muweak__moihigh","CROP-seq","mix72hr_Cropseq",0.99,"weak",5,"high",5,"thresh20",0.105892848678377,1,0.105892848678377,0,0.104646849997351,1975,18873,"A CROP-seq"
"A","A__mix72hr_Cropseq__pur99__muweak__moihigh","CROP-seq","mix72hr_Cropseq",0.99,"weak",5,"high",5,"ambient",0.718135295624601,0.958246205654854,0.746541102817022,0.0236588522939738,0.719387484766598,13906,18873,"A CROP-seq"
"A","A__mix72hr_Cropseq__pur99__muweak__moihigh","CROP-seq","mix72hr_Cropseq",0.99,"weak",5,"high",5,"otsu",0.73084478572729,0.92558516985058,0.800831985251627,0.0892277543021618,0.788004026916759,16329,18873,"A CROP-seq"
"A","A__mix72hr_Cropseq__pur99__muweak__moihigh","CROP-seq","mix72hr_Cropseq",0.99,"weak",5,"high",5,"valley",0.535669155506447,0.998649823390784,0.536306343436039,0.00120300751879699,0.527896995708155,9975,18873,"A CROP-seq"
"A","A__mix72hr_Cropseq__pur99__muweak__moihigh","CROP-seq","mix72hr_Cropseq",0.99,"weak",5,"high",5,"fishash",0.573143659165783,0.998393067357418,0.573764919756617,0.000976467141880676,0.542097175859694,10241,18873,"A CROP-seq"
"A","A__mix72hr_Cropseq__pur99__muweak__moihigh","CROP-seq","mix72hr_Cropseq",0.99,"weak",5,"high",5,"depth_fix",0.698748344799666,0.994825895335535,0.701420226477031,0.00267747858017136,0.690775181476183,13072,18873,"A CROP-seq"
"A","A__mix72hr_Cropseq__pur99__muweak__moihigh","CROP-seq","mix72hr_Cropseq",0.99,"weak",5,"high",5,"sceptre",0.61100512200826,0.998434005025829,0.611620611012838,0.00116780452748832,0.589148519048376,11132,18873,"A CROP-seq"
"A","A__mix72hr_Cropseq__pur99__mumod__moilow","CROP-seq","mix72hr_Cropseq",0.99,"mod",15,"low",1,"thresh3",0.84722316303171,0.996917364385131,0.849311248046304,0.00326441784548422,0.843462246777164,3676,4344,"A CROP-seq"
"A","A__mix72hr_Cropseq__pur99__mumod__moilow","CROP-seq","mix72hr_Cropseq",0.99,"mod",15,"low",1,"thresh10",0.550516000607032,1,0.550516000607032,0,0.542357274401473,2356,4344,"A CROP-seq"
"A","A__mix72hr_Cropseq__pur99__mumod__moilow","CROP-seq","mix72hr_Cropseq",0.99,"mod",15,"low",1,"thresh20",0.337617122612056,1,0.337617122612056,0,0.330570902394107,1436,4344,"A CROP-seq"
"A","A__mix72hr_Cropseq__pur99__mumod__moilow","CROP-seq","mix72hr_Cropseq",0.99,"mod",15,"low",1,"ambient",0.717763308562446,0.79462281433263,0.900152342804283,0.166229794670162,0.878683241252302,4578,4344,"A CROP-seq"
"A","A__mix72hr_Cropseq__pur99__mumod__moilow","CROP-seq","mix72hr_Cropseq",0.99,"mod",15,"low",1,"otsu",0.631722630433024,0.781440054544791,0.849618540833517,0.516247951938831,0.81560773480663,7324,4344,"A CROP-seq"
"A","A__mix72hr_Cropseq__pur99__mumod__moilow","CROP-seq","mix72hr_Cropseq",0.99,"mod",15,"low",1,"valley",0.724393338100511,0.996852285635131,0.726805929362979,0.00407907122685911,0.730662983425414,3187,4344,"A CROP-seq"
"A","A__mix72hr_Cropseq__pur99__mumod__moilow","CROP-seq","mix72hr_Cropseq",0.99,"mod",15,"low",1,"fishash",0.81510754071755,0.993253907299493,0.819332223329266,0.0053717839977382,0.809852670349908,3537,4344,"A CROP-seq"
"A","A__mix72hr_Cropseq__pur99__mumod__moilow","CROP-seq","mix72hr_Cropseq",0.99,"mod",15,"low",1,"depth_fix",0.852458792232201,0.988079475318015,0.860754799594587,0.0082954241370083,0.853130755064457,3737,4344,"A CROP-seq"
"A","A__mix72hr_Cropseq__pur99__mumod__moilow","CROP-seq","mix72hr_Cropseq",0.99,"mod",15,"low",1,"sceptre",0.808517273903372,0.988055860472884,0.817153966649532,0.0149253731343284,0.80524861878453,3551,4344,"A CROP-seq"
"A","A__mix72hr_Cropseq__pur99__mumod__moihigh","CROP-seq","mix72hr_Cropseq",0.99,"mod",15,"high",5,"thresh3",0.840433826721922,0.999234692914165,0.840982146286493,0.000664893617021277,0.843000701098387,18048,21395,"A CROP-seq"
"A","A__mix72hr_Cropseq__pur99__mumod__moihigh","CROP-seq","mix72hr_Cropseq",0.99,"mod",15,"high",5,"thresh10",0.532123948358987,1,0.532123948358987,0,0.535919607384903,11466,21395,"A CROP-seq"
"A","A__mix72hr_Cropseq__pur99__mumod__moihigh","CROP-seq","mix72hr_Cropseq",0.99,"mod",15,"high",5,"thresh20",0.326510880753557,1,0.326510880753557,0,0.329703201682636,7054,21395,"A CROP-seq"
"A","A__mix72hr_Cropseq__pur99__mumod__moihigh","CROP-seq","mix72hr_Cropseq",0.99,"mod",15,"high",5,"ambient",0.79869449312901,0.965872011293557,0.826072433828587,0.01583448913546,0.795980369245151,17304,21395,"A CROP-seq"
"A","A__mix72hr_Cropseq__pur99__mumod__moihigh","CROP-seq","mix72hr_Cropseq",0.99,"mod",15,"high",5,"otsu",0.773891663270257,0.982418736572863,0.791344446267516,0.0230693241908304,0.785791072680533,17209,21395,"A CROP-seq"
"A","A__mix72hr_Cropseq__pur99__mumod__moihigh","CROP-seq","mix72hr_Cropseq",0.99,"mod",15,"high",5,"valley",0.713456978601584,0.998045282093142,0.715002961017903,0.00226928895612708,0.739799018462257,15864,21395,"A CROP-seq"
"A","A__mix72hr_Cropseq__pur99__mumod__moihigh","CROP-seq","mix72hr_Cropseq",0.99,"mod",15,"high",5,"fishash",0.71894237464815,0.99918019602885,0.719443684656084,0.000479320734045467,0.682262210796915,14604,21395,"A CROP-seq"
"A","A__mix72hr_Cropseq__pur99__mumod__moihigh","CROP-seq","mix72hr_Cropseq",0.99,"mod",15,"high",5,"depth_fix",0.853061874342645,0.996721232234093,0.855479451187017,0.00240174672489083,0.854218275297967,18320,21395,"A CROP-seq"
"A","A__mix72hr_Cropseq__pur99__mumod__moihigh","CROP-seq","mix72hr_Cropseq",0.99,"mod",15,"high",5,"sceptre",0.729738891492361,0.999187037857294,0.730225464129383,0.00053226879574185,0.70212666510867,15030,21395,"A CROP-seq"
"A","A__mix72hr_Cropseq__pur99__mustrong__moilow","CROP-seq","mix72hr_Cropseq",0.99,"strong",50,"low",1,"thresh3",0.943625366118032,0.996468818542311,0.946678238760624,0.00300369685767098,0.943581893724032,4328,4573,"A CROP-seq"
"A","A__mix72hr_Cropseq__pur99__mustrong__moilow","CROP-seq","mix72hr_Cropseq",0.99,"strong",50,"low",1,"thresh10",0.777177174424675,1,0.777177174424675,0,0.77432757489613,3541,4573,"A CROP-seq"
"A","A__mix72hr_Cropseq__pur99__mustrong__moilow","CROP-seq","mix72hr_Cropseq",0.99,"strong",50,"low",1,"thresh20",0.619781988179512,1,0.619781988179512,0,0.618412420730374,2828,4573,"A CROP-seq"
"A","A__mix72hr_Cropseq__pur99__mustrong__moilow","CROP-seq","mix72hr_Cropseq",0.99,"strong",50,"low",1,"ambient",0.757982205910981,0.79824034967839,0.949757231678598,0.181645087585682,0.939864421605073,5252,4573,"A CROP-seq"
"A","A__mix72hr_Cropseq__pur99__mustrong__moilow","CROP-seq","mix72hr_Cropseq",0.99,"strong",50,"low",1,"otsu",0.827203639794331,0.962093893307129,0.865109746487203,0.129003558718861,0.856330636343757,4496,4573,"A CROP-seq"
"A","A__mix72hr_Cropseq__pur99__mustrong__moilow","CROP-seq","mix72hr_Cropseq",0.99,"strong",50,"low",1,"valley",0.804033078254054,0.999487012987013,0.804501809440639,0.00054333061668025,0.804504701508856,3681,4573,"A CROP-seq"
"A","A__mix72hr_Cropseq__pur99__mustrong__moilow","CROP-seq","mix72hr_Cropseq",0.99,"strong",50,"low",1,"fishash",0.909062890540658,0.99360920093827,0.914192129401889,0.00407478427612656,0.908593920839711,4172,4573,"A CROP-seq"
"A","A__mix72hr_Cropseq__pur99__mustrong__moilow","CROP-seq","mix72hr_Cropseq",0.99,"strong",50,"low",1,"depth_fix",0.939142724146511,0.986808948597838,0.951022129099768,0.00868770004572474,0.9481740651651,4374,4573,"A CROP-seq"
"A","A__mix72hr_Cropseq__pur99__mustrong__moilow","CROP-seq","mix72hr_Cropseq",0.99,"strong",50,"low",1,"sceptre",0.903338039122267,0.990860482611568,0.910736910990981,0.00842764266795088,0.900502952110212,4153,4573,"A CROP-seq"
"A","A__mix72hr_Cropseq__pur99__mustrong__moihigh","CROP-seq","mix72hr_Cropseq",0.99,"strong",50,"high",5,"thresh3",0.938222391591273,0.999235593858983,0.938902017893197,0.000559231988069718,0.938391528835215,21458,22854,"A CROP-seq"
"A","A__mix72hr_Cropseq__pur99__mustrong__moihigh","CROP-seq","mix72hr_Cropseq",0.99,"strong",50,"high",5,"thresh10",0.78676965161518,1,0.78676965161518,0,0.78647063971296,17974,22854,"A CROP-seq"
"A","A__mix72hr_Cropseq__pur99__mustrong__moihigh","CROP-seq","mix72hr_Cropseq",0.99,"strong",50,"high",5,"thresh20",0.642976946029704,1,0.642976946029704,0,0.6421632974534,14676,22854,"A CROP-seq"
"A","A__mix72hr_Cropseq__pur99__mustrong__moihigh","CROP-seq","mix72hr_Cropseq",0.99,"strong",50,"high",5,"ambient",0.875619710049087,0.991650210938768,0.882831897464929,0.00392689925993052,0.865712785508007,19863,22854,"A CROP-seq"
"A","A__mix72hr_Cropseq__pur99__mustrong__moihigh","CROP-seq","mix72hr_Cropseq",0.99,"strong",50,"high",5,"otsu",0.859694885844411,1,0.859694885844411,0,0.859280651089525,19638,22854,"A CROP-seq"
"A","A__mix72hr_Cropseq__pur99__mustrong__moihigh","CROP-seq","mix72hr_Cropseq",0.99,"strong",50,"high",5,"valley",0.903035295127745,0.999214254658243,0.903762747964697,0.00067001675041876,0.913669379539687,20895,22854,"A CROP-seq"
"A","A__mix72hr_Cropseq__pur99__mustrong__moihigh","CROP-seq","mix72hr_Cropseq",0.99,"strong",50,"high",5,"fishash",0.848330633231668,0.999345516683208,0.848880574264318,0.000378235262333171,0.80948630436685,18507,22854,"A CROP-seq"
"A","A__mix72hr_Cropseq__pur99__mustrong__moihigh","CROP-seq","mix72hr_Cropseq",0.99,"strong",50,"high",5,"depth_fix",0.944700676223378,0.996828077446184,0.947579519454692,0.00244442394613043,0.946398879845979,21682,22854,"A CROP-seq"
"A","A__mix72hr_Cropseq__pur99__mustrong__moihigh","CROP-seq","mix72hr_Cropseq",0.99,"strong",50,"high",5,"sceptre",0.818020450820396,0.999211558562359,0.818634801051527,0.000441549839938183,0.792421457950468,18118,22854,"A CROP-seq"
"A","A__mix0hr_DirectCapture__pur90__muweak__moilow","direct-capture","mix0hr_DirectCapture",0.9,"weak",30,"low",1,"thresh3",0.678605413683274,0.782739580915435,0.836416387162108,0.192610837438424,0.838363171355499,2030,1955,"A direct-capture"
"A","A__mix0hr_DirectCapture__pur90__muweak__moilow","direct-capture","mix0hr_DirectCapture",0.9,"weak",30,"low",1,"thresh10",0.565497739212497,0.816569830588042,0.64793707558163,0.154957321076822,0.658312020460358,1523,1955,"A direct-capture"
"A","A__mix0hr_DirectCapture__pur90__muweak__moilow","direct-capture","mix0hr_DirectCapture",0.9,"weak",30,"low",1,"thresh20",0.519935335254643,0.893320643533416,0.562092431905472,0.0949675324675325,0.570332480818414,1232,1955,"A direct-capture"
"A","A__mix0hr_DirectCapture__pur90__muweak__moilow","direct-capture","mix0hr_DirectCapture",0.9,"weak",30,"low",1,"ambient",0.640323235263914,0.664906258911197,0.960208406827976,0.345435318998943,0.949872122762148,2837,1955,"A direct-capture"
"A","A__mix0hr_DirectCapture__pur90__muweak__moilow","direct-capture","mix0hr_DirectCapture",0.9,"weak",30,"low",1,"otsu",0.562788832042388,0.829645857465509,0.657885663731132,0.167750325097529,0.654731457800512,1538,1955,"A direct-capture"
"A","A__mix0hr_DirectCapture__pur90__muweak__moilow","direct-capture","mix0hr_DirectCapture",0.9,"weak",30,"low",1,"valley",0.565542838440648,0.803463258575571,0.687629798988797,0.188007495315428,0.664961636828645,1601,1955,"A direct-capture"
"A","A__mix0hr_DirectCapture__pur90__muweak__moilow","direct-capture","mix0hr_DirectCapture",0.9,"weak",30,"low",1,"fishash",0.736766073487167,0.846730633796252,0.849343094269479,0.126187961985216,0.846547314578005,1894,1955,"A direct-capture"
"A","A__mix0hr_DirectCapture__pur90__muweak__moilow","direct-capture","mix0hr_DirectCapture",0.9,"weak",30,"low",1,"depth_fix",0.719089322601467,0.794046649708084,0.885882021899977,0.180825818699573,0.882864450127877,2107,1955,"A direct-capture"
"A","A__mix0hr_DirectCapture__pur90__muweak__moilow","direct-capture","mix0hr_DirectCapture",0.9,"weak",30,"low",1,"sceptre",0.659903748790717,0.796269870708337,0.809518578069138,0.211528822055138,0.80460358056266,1995,1955,"A direct-capture"
"A","A__mix0hr_DirectCapture__pur90__muweak__moihigh","direct-capture","mix0hr_DirectCapture",0.9,"weak",30,"high",5,"thresh3",0.787627191096246,0.938480291839811,0.831789519675496,0.0428072547031655,0.828894741976393,8877,10251,"A direct-capture"
"A","A__mix0hr_DirectCapture__pur90__muweak__moihigh","direct-capture","mix0hr_DirectCapture",0.9,"weak",30,"high",5,"thresh10",0.639328316933257,0.950240425552447,0.661130093612112,0.0333524191239622,0.658764998536728,6986,10251,"A direct-capture"
"A","A__mix0hr_DirectCapture__pur90__muweak__moihigh","direct-capture","mix0hr_DirectCapture",0.9,"weak",30,"high",5,"thresh20",0.557468889637526,0.973002437317399,0.566422626471854,0.0197144799456152,0.56267681201834,5884,10251,"A direct-capture"
"A","A__mix0hr_DirectCapture__pur90__muweak__moihigh","direct-capture","mix0hr_DirectCapture",0.9,"weak",30,"high",5,"ambient",0.825291494005874,0.945320645739566,0.872331023366333,0.0364308933976012,0.838552336357429,8921,10251,"A direct-capture"
"A","A__mix0hr_DirectCapture__pur90__muweak__moihigh","direct-capture","mix0hr_DirectCapture",0.9,"weak",30,"high",5,"otsu",0.611838404623704,0.95588568427333,0.63133251759841,0.0298507462686567,0.62140278997171,6566,10251,"A direct-capture"
"A","A__mix0hr_DirectCapture__pur90__muweak__moihigh","direct-capture","mix0hr_DirectCapture",0.9,"weak",30,"high",5,"valley",0.658218762357447,0.94565076605926,0.692162827590339,0.0419014593266869,0.646863720612623,6921,10251,"A direct-capture"
"A","A__mix0hr_DirectCapture__pur90__muweak__moihigh","direct-capture","mix0hr_DirectCapture",0.9,"weak",30,"high",5,"fishash",0.810883492956584,0.945126562174505,0.854149634974961,0.0386428982173663,0.815432640717979,8695,10251,"A direct-capture"
"A","A__mix0hr_DirectCapture__pur90__muweak__moihigh","direct-capture","mix0hr_DirectCapture",0.9,"weak",30,"high",5,"depth_fix",0.822283936065256,0.94093685834751,0.867908154289067,0.0408651233561569,0.860891620329724,9201,10251,"A direct-capture"
"A","A__mix0hr_DirectCapture__pur90__muweak__moihigh","direct-capture","mix0hr_DirectCapture",0.9,"weak",30,"high",5,"sceptre",0.699805363799352,0.958962523414086,0.7260935814306,0.0271716755866612,0.691542288557214,7287,10251,"A direct-capture"
"A","A__mix0hr_DirectCapture__pur90__mumod__moilow","direct-capture","mix0hr_DirectCapture",0.9,"mod",100,"low",1,"thresh3",0.733427471733453,0.816467229006239,0.883010846597007,0.16374269005848,0.885840707964602,2394,2260,"A direct-capture"
"A","A__mix0hr_DirectCapture__pur90__mumod__moilow","direct-capture","mix0hr_DirectCapture",0.9,"mod",100,"low",1,"thresh10",0.654072956310183,0.857210651617534,0.73740478519613,0.126715945089757,0.731858407079646,1894,2260,"A direct-capture"
"A","A__mix0hr_DirectCapture__pur90__mumod__moilow","direct-capture","mix0hr_DirectCapture",0.9,"mod",100,"low",1,"thresh20",0.61765708787131,0.917418744267469,0.65478558123064,0.0753164556962025,0.64646017699115,1580,2260,"A direct-capture"
"A","A__mix0hr_DirectCapture__pur90__mumod__moilow","direct-capture","mix0hr_DirectCapture",0.9,"mod",100,"low",1,"ambient",0.659988708045255,0.682117977804967,0.966769414621275,0.321316614420063,0.957964601769911,3190,2260,"A direct-capture"
"A","A__mix0hr_DirectCapture__pur90__mumod__moilow","direct-capture","mix0hr_DirectCapture",0.9,"mod",100,"low",1,"otsu",0.62068126052701,0.885515563427477,0.688453803111889,0.112790697674419,0.675221238938053,1720,2260,"A direct-capture"
"A","A__mix0hr_DirectCapture__pur90__mumod__moilow","direct-capture","mix0hr_DirectCapture",0.9,"mod",100,"low",1,"valley",0.660083809833805,0.851018759330275,0.764575321086752,0.146739130434783,0.764159292035398,2024,2260,"A direct-capture"
"A","A__mix0hr_DirectCapture__pur90__mumod__moilow","direct-capture","mix0hr_DirectCapture",0.9,"mod",100,"low",1,"fishash",0.789550282064434,0.872438160596069,0.895298513744083,0.109836788707543,0.892920353982301,2267,2260,"A direct-capture"
"A","A__mix0hr_DirectCapture__pur90__mumod__moilow","direct-capture","mix0hr_DirectCapture",0.9,"mod",100,"low",1,"depth_fix",0.770305795095178,0.825435779678139,0.922438385082527,0.155681358673676,0.923893805309735,2473,2260,"A direct-capture"
"A","A__mix0hr_DirectCapture__pur90__mumod__moilow","direct-capture","mix0hr_DirectCapture",0.9,"mod",100,"low",1,"sceptre",0.704076671310944,0.840689436869645,0.834126584190737,0.166365280289331,0.815929203539823,2212,2260,"A direct-capture"
"A","A__mix0hr_DirectCapture__pur90__mumod__moihigh","direct-capture","mix0hr_DirectCapture",0.9,"mod",100,"high",5,"thresh3",0.850577173643047,0.955489344688072,0.885507929861172,0.0359650787625735,0.885007404826204,10538,11479,"A direct-capture"
"A","A__mix0hr_DirectCapture__pur90__mumod__moihigh","direct-capture","mix0hr_DirectCapture",0.9,"mod",100,"high",5,"thresh10",0.714560542350239,0.967969562578698,0.732239018138616,0.0266155276615528,0.729593170136771,8604,11479,"A direct-capture"
"A","A__mix0hr_DirectCapture__pur90__mumod__moihigh","direct-capture","mix0hr_DirectCapture",0.9,"mod",100,"high",5,"thresh20",0.640944205062476,0.981242199676728,0.649063416208126,0.0151013379255531,0.647704503876644,7549,11479,"A direct-capture"
"A","A__mix0hr_DirectCapture__pur90__mumod__moihigh","direct-capture","mix0hr_DirectCapture",0.9,"mod",100,"high",5,"ambient",0.867404321651558,0.977319546458042,0.886876646039113,0.0153815421494207,0.858785608502483,10012,11479,"A direct-capture"
"A","A__mix0hr_DirectCapture__pur90__mumod__moihigh","direct-capture","mix0hr_DirectCapture",0.9,"mod",100,"high",5,"otsu",0.641526529802354,0.979257951538736,0.650911722314487,0.0167086593290015,0.645962191828557,7541,11479,"A direct-capture"
"A","A__mix0hr_DirectCapture__pur90__mumod__moihigh","direct-capture","mix0hr_DirectCapture",0.9,"mod",100,"high",5,"valley",0.686305172645253,0.9652799789456,0.709875023835292,0.0323518261089347,0.667044167610419,7913,11479,"A direct-capture"
"A","A__mix0hr_DirectCapture__pur90__mumod__moihigh","direct-capture","mix0hr_DirectCapture",0.9,"mod",100,"high",5,"fishash",0.87696832213728,0.957606960429494,0.913637730670305,0.0357624831309042,0.87141737085112,10374,11479,"A direct-capture"
"A","A__mix0hr_DirectCapture__pur90__mumod__moihigh","direct-capture","mix0hr_DirectCapture",0.9,"mod",100,"high",5,"depth_fix",0.87836886891863,0.956297243957686,0.914752946149007,0.0347215809400683,0.910619391933095,10829,11479,"A direct-capture"
"A","A__mix0hr_DirectCapture__pur90__mumod__moihigh","direct-capture","mix0hr_DirectCapture",0.9,"mod",100,"high",5,"sceptre",0.753602515616053,0.986060467418937,0.764088989318606,0.00996204933586338,0.727241048871853,8432,11479,"A direct-capture"
"A","A__mix0hr_DirectCapture__pur90__mustrong__moilow","direct-capture","mix0hr_DirectCapture",0.9,"strong",400,"low",1,"thresh3",0.794120979236147,0.82739018241202,0.95434314919373,0.143906020558003,0.951836734693878,2724,2450,"A direct-capture"
"A","A__mix0hr_DirectCapture__pur90__mustrong__moilow","direct-capture","mix0hr_DirectCapture",0.9,"strong",400,"low",1,"thresh10",0.760819498496931,0.878833798968512,0.852312432940502,0.103373702422145,0.846122448979592,2312,2450,"A direct-capture"
"A","A__mix0hr_DirectCapture__pur90__mustrong__moilow","direct-capture","mix0hr_DirectCapture",0.9,"strong",400,"low",1,"thresh20",0.734927429893459,0.931216271946611,0.778540554559069,0.0585898709036743,0.773877551020408,2014,2450,"A direct-capture"
"A","A__mix0hr_DirectCapture__pur90__mustrong__moilow","direct-capture","mix0hr_DirectCapture",0.9,"strong",400,"low",1,"ambient",0.706567486891883,0.731500066033342,0.962919431387904,0.249760153501759,0.957551020408163,3127,2450,"A direct-capture"
"A","A__mix0hr_DirectCapture__pur90__mustrong__moilow","direct-capture","mix0hr_DirectCapture",0.9,"strong",400,"low",1,"otsu",0.704329196042674,0.926692890431923,0.757590686840029,0.0612770339855819,0.744081632653061,1942,2450,"A direct-capture"
"A","A__mix0hr_DirectCapture__pur90__mustrong__moilow","direct-capture","mix0hr_DirectCapture",0.9,"strong",400,"low",1,"valley",0.722879578042171,0.858534631872972,0.849284653735493,0.129953131657435,0.833469387755102,2347,2450,"A direct-capture"
"A","A__mix0hr_DirectCapture__pur90__mustrong__moilow","direct-capture","mix0hr_DirectCapture",0.9,"strong",400,"low",1,"fishash",0.833827085035046,0.87658843316248,0.948712631318887,0.0940574576938213,0.939591836734694,2541,2450,"A direct-capture"
"A","A__mix0hr_DirectCapture__pur90__mustrong__moilow","direct-capture","mix0hr_DirectCapture",0.9,"strong",400,"low",1,"depth_fix",0.808897172521517,0.829636236956959,0.971210894852673,0.139391745112238,0.970204081632653,2762,2450,"A direct-capture"
"A","A__mix0hr_DirectCapture__pur90__mustrong__moilow","direct-capture","mix0hr_DirectCapture",0.9,"strong",400,"low",1,"sceptre",0.792879085849227,0.875901606139345,0.906120726997392,0.122736418511066,0.889795918367347,2485,2450,"A direct-capture"
"A","A__mix0hr_DirectCapture__pur90__mustrong__moihigh","direct-capture","mix0hr_DirectCapture",0.9,"strong",400,"high",5,"thresh3",0.917511752650591,0.958633607567752,0.955928813769117,0.0305636743215031,0.955473251028807,11975,12150,"A direct-capture"
"A","A__mix0hr_DirectCapture__pur90__mustrong__moihigh","direct-capture","mix0hr_DirectCapture",0.9,"strong",400,"high",5,"thresh10",0.829178665199954,0.971649529637418,0.85000916740814,0.0210227272727273,0.850864197530864,10560,12150,"A direct-capture"
"A","A__mix0hr_DirectCapture__pur90__mustrong__moihigh","direct-capture","mix0hr_DirectCapture",0.9,"strong",400,"high",5,"thresh20",0.758753418716817,0.982966984444107,0.768473875999759,0.0118130998839785,0.771111111111111,9481,12150,"A direct-capture"
"A","A__mix0hr_DirectCapture__pur90__mustrong__moihigh","direct-capture","mix0hr_DirectCapture",0.9,"strong",400,"high",5,"ambient",0.908828949024281,0.988096274605708,0.920111830929304,0.00436641499135814,0.90082304526749,10993,12150,"A direct-capture"
"A","A__mix0hr_DirectCapture__pur90__mustrong__moihigh","direct-capture","mix0hr_DirectCapture",0.9,"strong",400,"high",5,"otsu",0.714059390059549,0.98751542502946,0.721541939448696,0.00805262560961778,0.719835390946502,8817,12150,"A direct-capture"
"A","A__mix0hr_DirectCapture__pur90__mustrong__moihigh","direct-capture","mix0hr_DirectCapture",0.9,"strong",400,"high",5,"valley",0.809426743054093,0.969494826886635,0.835600103534455,0.0247118577847236,0.821810699588477,10238,12150,"A direct-capture"
"A","A__mix0hr_DirectCapture__pur90__mustrong__moihigh","direct-capture","mix0hr_DirectCapture",0.9,"strong",400,"high",5,"fishash",0.923644860486096,0.961343811689369,0.961122729004344,0.0293718166383701,0.941069958847737,11780,12150,"A direct-capture"
"A","A__mix0hr_DirectCapture__pur90__mustrong__moihigh","direct-capture","mix0hr_DirectCapture",0.9,"strong",400,"high",5,"depth_fix",0.935230552032303,0.959940437463369,0.973632935333439,0.0298127463863338,0.972263374485597,12176,12150,"A direct-capture"
"A","A__mix0hr_DirectCapture__pur90__mustrong__moihigh","direct-capture","mix0hr_DirectCapture",0.9,"strong",400,"high",5,"sceptre",0.809948760288222,0.992975738947657,0.816259503771303,0.00349724459516744,0.773909465020576,9436,12150,"A direct-capture"
"A","A__mix0hr_DirectCapture__pur99__muweak__moilow","direct-capture","mix0hr_DirectCapture",0.99,"weak",30,"low",1,"thresh3",0.785889760235872,0.975224378706425,0.802682134031695,0.023121387283237,0.814675950723085,1557,1867,"A direct-capture"
"A","A__mix0hr_DirectCapture__pur99__muweak__moilow","direct-capture","mix0hr_DirectCapture",0.99,"weak",30,"low",1,"thresh10",0.629441184964479,0.987319444444444,0.633727381519709,0.0107438016528926,0.641135511515801,1210,1867,"A direct-capture"
"A","A__mix0hr_DirectCapture__pur99__muweak__moilow","direct-capture","mix0hr_DirectCapture",0.99,"weak",30,"low",1,"thresh20",0.536705448117746,0.984390350877193,0.539233909382578,0.00958772770853308,0.553294054633101,1043,1867,"A direct-capture"
"A","A__mix0hr_DirectCapture__pur99__muweak__moilow","direct-capture","mix0hr_DirectCapture",0.99,"weak",30,"low",1,"ambient",0.669840146771015,0.699063516118554,0.959800872868754,0.286875253961804,0.94001071237279,2461,1867,"A direct-capture"
"A","A__mix0hr_DirectCapture__pur99__muweak__moilow","direct-capture","mix0hr_DirectCapture",0.99,"weak",30,"low",1,"otsu",0.597064825611501,0.980022625637177,0.610304114508426,0.0388841927303466,0.608998393144081,1183,1867,"A direct-capture"
"A","A__mix0hr_DirectCapture__pur99__muweak__moilow","direct-capture","mix0hr_DirectCapture",0.99,"weak",30,"low",1,"valley",0.613898905423332,0.9787127843764,0.625417239089391,0.0229202037351443,0.616497054097483,1178,1867,"A direct-capture"
"A","A__mix0hr_DirectCapture__pur99__muweak__moilow","direct-capture","mix0hr_DirectCapture",0.99,"weak",30,"low",1,"fishash",0.819618570840453,0.980240092967038,0.833446432527494,0.0157828282828283,0.835029459025174,1584,1867,"A direct-capture"
"A","A__mix0hr_DirectCapture__pur99__muweak__moilow","direct-capture","mix0hr_DirectCapture",0.99,"weak",30,"low",1,"depth_fix",0.839671612069251,0.975271342933824,0.857989187485152,0.0205686630369026,0.867166577396893,1653,1867,"A direct-capture"
"A","A__mix0hr_DirectCapture__pur99__muweak__moilow","direct-capture","mix0hr_DirectCapture",0.99,"weak",30,"low",1,"sceptre",0.729101323254202,0.946507073386914,0.776311515513512,0.0720203951561504,0.779860739153723,1569,1867,"A direct-capture"
"A","A__mix0hr_DirectCapture__pur99__muweak__moihigh","direct-capture","mix0hr_DirectCapture",0.99,"weak",30,"high",5,"thresh3",0.815213113733691,0.995112926315014,0.818526306001949,0.00465056194290143,0.822042035634269,7741,9373,"A direct-capture"
"A","A__mix0hr_DirectCapture__pur99__muweak__moihigh","direct-capture","mix0hr_DirectCapture",0.99,"weak",30,"high",5,"thresh10",0.641977727015167,0.997681788107912,0.642934570819027,0.00214698596201486,0.644617518403926,6055,9373,"A direct-capture"
"A","A__mix0hr_DirectCapture__pur99__muweak__moihigh","direct-capture","mix0hr_DirectCapture",0.99,"weak",30,"high",5,"thresh20",0.555674733420298,0.997770390636125,0.556340154152033,0.0019047619047619,0.559052597887549,5250,9373,"A direct-capture"
"A","A__mix0hr_DirectCapture__pur99__muweak__moihigh","direct-capture","mix0hr_DirectCapture",0.99,"weak",30,"high",5,"ambient",0.858541582296396,0.984718366124486,0.87130159577111,0.0104218362282878,0.850954870372346,8060,9373,"A direct-capture"
"A","A__mix0hr_DirectCapture__pur99__muweak__moihigh","direct-capture","mix0hr_DirectCapture",0.99,"weak",30,"high",5,"otsu",0.596174287874933,0.997896406199204,0.596894585537468,0.00178062678062678,0.598100928198016,5616,9373,"A direct-capture"
"A","A__mix0hr_DirectCapture__pur99__muweak__moihigh","direct-capture","mix0hr_DirectCapture",0.99,"weak",30,"high",5,"valley",0.632817228764719,0.997490286887651,0.634341461809827,0.00295033601049008,0.648991784914115,6101,9373,"A direct-capture"
"A","A__mix0hr_DirectCapture__pur99__muweak__moihigh","direct-capture","mix0hr_DirectCapture",0.99,"weak",30,"high",5,"fishash",0.841415710833609,0.996120534159341,0.844323094211685,0.0032133676092545,0.827376506988157,7780,9373,"A direct-capture"
"A","A__mix0hr_DirectCapture__pur99__muweak__moihigh","direct-capture","mix0hr_DirectCapture",0.99,"weak",30,"high",5,"depth_fix",0.854744046108704,0.994893236483355,0.858423539107697,0.00434944699888157,0.854795689747146,8047,9373,"A direct-capture"
"A","A__mix0hr_DirectCapture__pur99__muweak__moihigh","direct-capture","mix0hr_DirectCapture",0.99,"weak",30,"high",5,"sceptre",0.711195129582376,0.991824939859337,0.718111503364185,0.00640439158279963,0.695188306838792,6558,9373,"A direct-capture"
"A","A__mix0hr_DirectCapture__pur99__mumod__moilow","direct-capture","mix0hr_DirectCapture",0.99,"mod",100,"low",1,"thresh3",0.845750322534637,0.968101494751814,0.867705020033884,0.0201196302338227,0.878595806923452,1839,2051,"A direct-capture"
"A","A__mix0hr_DirectCapture__pur99__mumod__moilow","direct-capture","mix0hr_DirectCapture",0.99,"mod",100,"low",1,"thresh10",0.720757835836866,0.988280852289473,0.725974597055047,0.00863787375415282,0.727450024378352,1505,2051,"A direct-capture"
"A","A__mix0hr_DirectCapture__pur99__mumod__moilow","direct-capture","mix0hr_DirectCapture",0.99,"mod",100,"low",1,"thresh20",0.63127051498988,0.98880266453253,0.634264105364969,0.00758725341426404,0.637737688932228,1318,2051,"A direct-capture"
"A","A__mix0hr_DirectCapture__pur99__mumod__moilow","direct-capture","mix0hr_DirectCapture",0.99,"mod",100,"low",1,"ambient",0.705290448403944,0.730438021703744,0.967572384783856,0.258588146470366,0.957581667479278,2649,2051,"A direct-capture"
"A","A__mix0hr_DirectCapture__pur99__mumod__moilow","direct-capture","mix0hr_DirectCapture",0.99,"mod",100,"low",1,"otsu",0.63485728396959,0.985803160672761,0.646551779165882,0.045156591405681,0.639200390053632,1373,2051,"A direct-capture"
"A","A__mix0hr_DirectCapture__pur99__mumod__moilow","direct-capture","mix0hr_DirectCapture",0.99,"mod",100,"low",1,"valley",0.691477409170149,0.979988698170516,0.703917723215775,0.0143051771117166,0.705509507557289,1468,2051,"A direct-capture"
"A","A__mix0hr_DirectCapture__pur99__mumod__moilow","direct-capture","mix0hr_DirectCapture",0.99,"mod",100,"low",1,"fishash",0.867100846859243,0.973070428674432,0.886521209589936,0.015667206915181,0.888347147732813,1851,2051,"A direct-capture"
"A","A__mix0hr_DirectCapture__pur99__mumod__moilow","direct-capture","mix0hr_DirectCapture",0.99,"mod",100,"low",1,"depth_fix",0.89491081191726,0.971391579490154,0.914720100063797,0.0182007280291212,0.920526572403706,1923,2051,"A direct-capture"
"A","A__mix0hr_DirectCapture__pur99__mumod__moilow","direct-capture","mix0hr_DirectCapture",0.99,"mod",100,"low",1,"sceptre",0.775021568930852,0.925554807148385,0.838209797175597,0.0919723551302499,0.832764505119454,1881,2051,"A direct-capture"
"A","A__mix0hr_DirectCapture__pur99__mumod__moihigh","direct-capture","mix0hr_DirectCapture",0.99,"mod",100,"high",5,"thresh3",0.884959469789246,0.99546499919333,0.888451163399981,0.00359674177509785,0.890180512238919,9453,10581,"A direct-capture"
"A","A__mix0hr_DirectCapture__pur99__mumod__moihigh","direct-capture","mix0hr_DirectCapture",0.99,"mod",100,"high",5,"thresh10",0.729882090977056,0.997933480004771,0.730933609479839,0.00154559505409583,0.732633966543805,7764,10581,"A direct-capture"
"A","A__mix0hr_DirectCapture__pur99__mumod__moihigh","direct-capture","mix0hr_DirectCapture",0.99,"mod",100,"high",5,"thresh20",0.65056548616422,0.998141382246053,0.651314620001143,0.00130851991858098,0.649182496928457,6878,10581,"A direct-capture"
"A","A__mix0hr_DirectCapture__pur99__mumod__moihigh","direct-capture","mix0hr_DirectCapture",0.99,"mod",100,"high",5,"ambient",0.883172355618205,0.994841248376195,0.88769375156816,0.00358228397742076,0.867498346092052,9212,10581,"A direct-capture"
"A","A__mix0hr_DirectCapture__pur99__mumod__moihigh","direct-capture","mix0hr_DirectCapture",0.99,"mod",100,"high",5,"otsu",0.638720101671597,0.998647012251968,0.639274601400616,0.000889152341434499,0.63717985067574,6748,10581,"A direct-capture"
"A","A__mix0hr_DirectCapture__pur99__mumod__moihigh","direct-capture","mix0hr_DirectCapture",0.99,"mod",100,"high",5,"valley",0.718912999583409,0.997276164756168,0.720773655353094,0.00208577760396298,0.723466591059446,7671,10581,"A direct-capture"
"A","A__mix0hr_DirectCapture__pur99__mumod__moihigh","direct-capture","mix0hr_DirectCapture",0.99,"mod",100,"high",5,"fishash",0.907849824639225,0.996458572122815,0.910986846699464,0.00297904032343866,0.885644079009545,9399,10581,"A direct-capture"
"A","A__mix0hr_DirectCapture__pur99__mumod__moihigh","direct-capture","mix0hr_DirectCapture",0.99,"mod",100,"high",5,"depth_fix",0.916185868670467,0.994858818296789,0.920537874265272,0.00379681888147768,0.917493620640771,9745,10581,"A direct-capture"
"A","A__mix0hr_DirectCapture__pur99__mumod__moihigh","direct-capture","mix0hr_DirectCapture",0.99,"mod",100,"high",5,"sceptre",0.761943967700511,0.995926028993134,0.765551131099621,0.00283176728021624,0.732161421415745,7769,10581,"A direct-capture"
"A","A__mix0hr_DirectCapture__pur99__mustrong__moilow","direct-capture","mix0hr_DirectCapture",0.99,"strong",400,"low",1,"thresh3",0.932406557502144,0.976401553016005,0.952857799276264,0.0168381665107577,0.958941605839416,2138,2192,"A direct-capture"
"A","A__mix0hr_DirectCapture__pur99__mustrong__moilow","direct-capture","mix0hr_DirectCapture",0.99,"strong",400,"low",1,"thresh10",0.836076265541246,0.991880250683269,0.842089583018637,0.0064,0.849908759124088,1875,2192,"A direct-capture"
"A","A__mix0hr_DirectCapture__pur99__mustrong__moilow","direct-capture","mix0hr_DirectCapture",0.99,"strong",400,"low",1,"thresh20",0.756269738468953,0.993336567224513,0.760690592057975,0.00533175355450237,0.765967153284672,1688,2192,"A direct-capture"
"A","A__mix0hr_DirectCapture__pur99__mustrong__moilow","direct-capture","mix0hr_DirectCapture",0.99,"strong",400,"low",1,"ambient",0.77474525661817,0.793414901411097,0.977186234082772,0.196381454956653,0.972627737226277,2653,2192,"A direct-capture"
"A","A__mix0hr_DirectCapture__pur99__mustrong__moilow","direct-capture","mix0hr_DirectCapture",0.99,"strong",400,"low",1,"otsu",0.717763480533794,0.99818954248366,0.718954672674986,0.00189753320683112,0.719890510948905,1581,2192,"A direct-capture"
"A","A__mix0hr_DirectCapture__pur99__mustrong__moilow","direct-capture","mix0hr_DirectCapture",0.99,"strong",400,"low",1,"valley",0.799262448271202,0.988717604505917,0.808479349514419,0.00956130483689539,0.803375912408759,1778,2192,"A direct-capture"
"A","A__mix0hr_DirectCapture__pur99__mustrong__moilow","direct-capture","mix0hr_DirectCapture",0.99,"strong",400,"low",1,"fishash",0.922235801518759,0.955416217934694,0.964804886058628,0.0327641901245962,0.956204379562044,2167,2192,"A direct-capture"
"A","A__mix0hr_DirectCapture__pur99__mustrong__moilow","direct-capture","mix0hr_DirectCapture",0.99,"strong",400,"low",1,"depth_fix",0.949181345383581,0.977841137378996,0.969447937205676,0.015668202764977,0.974452554744526,2170,2192,"A direct-capture"
"A","A__mix0hr_DirectCapture__pur99__mustrong__moilow","direct-capture","mix0hr_DirectCapture",0.99,"strong",400,"low",1,"sceptre",0.85735794237445,0.962009494802773,0.892970295245537,0.0364532019704433,0.892335766423358,2030,2192,"A direct-capture"
"A","A__mix0hr_DirectCapture__pur99__mustrong__moihigh","direct-capture","mix0hr_DirectCapture",0.99,"strong",400,"high",5,"thresh3",0.952442567736109,0.995402931232939,0.956689221495417,0.00315194215259108,0.95812171433663,10787,11223,"A direct-capture"
"A","A__mix0hr_DirectCapture__pur99__mustrong__moihigh","direct-capture","mix0hr_DirectCapture",0.99,"strong",400,"high",5,"thresh10",0.84887688587314,0.997983381301603,0.850372762498157,0.00124701236620596,0.856366390448187,9623,11223,"A direct-capture"
"A","A__mix0hr_DirectCapture__pur99__mustrong__moihigh","direct-capture","mix0hr_DirectCapture",0.99,"strong",400,"high",5,"thresh20",0.767441247214926,0.998674685527403,0.76829419758997,0.0010365081193136,0.772877127327809,8683,11223,"A direct-capture"
"A","A__mix0hr_DirectCapture__pur99__mustrong__moihigh","direct-capture","mix0hr_DirectCapture",0.99,"strong",400,"high",5,"ambient",0.907893038546158,0.993784036813302,0.913406379582834,0.00237859266600595,0.896908135079747,10090,11223,"A direct-capture"
"A","A__mix0hr_DirectCapture__pur99__mustrong__moihigh","direct-capture","mix0hr_DirectCapture",0.99,"strong",400,"high",5,"otsu",0.708476044858693,0.999332070707071,0.708873166652539,0.000374018202219175,0.714425732869999,8021,11223,"A direct-capture"
"A","A__mix0hr_DirectCapture__pur99__mustrong__moihigh","direct-capture","mix0hr_DirectCapture",0.99,"strong",400,"high",5,"valley",0.828619675621013,0.997064618824848,0.831094208614976,0.00168990283058724,0.842199055511004,9468,11223,"A direct-capture"
"A","A__mix0hr_DirectCapture__pur99__mustrong__moihigh","direct-capture","mix0hr_DirectCapture",0.99,"strong",400,"high",5,"fishash",0.946036286655821,0.995506719162392,0.950107644558458,0.00249783840906907,0.925153702218658,10409,11223,"A direct-capture"
"A","A__mix0hr_DirectCapture__pur99__mustrong__moihigh","direct-capture","mix0hr_DirectCapture",0.99,"strong",400,"high",5,"depth_fix",0.96568328405893,0.994580052172378,0.970554521921244,0.00319488817891374,0.973001871157445,10955,11223,"A direct-capture"
"A","A__mix0hr_DirectCapture__pur99__mustrong__moihigh","direct-capture","mix0hr_DirectCapture",0.99,"strong",400,"high",5,"sceptre",0.807038144173417,0.998373517004133,0.808467517483771,0.000919434547753132,0.774570079301435,8701,11223,"A direct-capture"
"A","A__mix72hr_DirectCapture__pur90__muweak__moilow","direct-capture","mix72hr_DirectCapture",0.9,"weak",30,"low",1,"thresh3",0.725061518511798,0.886223546753434,0.80153547445647,0.101088646967341,0.817538896746818,1286,1414,"A direct-capture"
"A","A__mix72hr_DirectCapture__pur90__muweak__moilow","direct-capture","mix72hr_DirectCapture",0.9,"weak",30,"low",1,"thresh10",0.589448773233701,0.926679775058972,0.619550710129772,0.0695020746887967,0.634370579915134,964,1414,"A direct-capture"
"A","A__mix72hr_DirectCapture__pur90__muweak__moilow","direct-capture","mix72hr_DirectCapture",0.9,"weak",30,"low",1,"thresh20",0.517550671272123,0.932808107425454,0.538555513763294,0.062953995157385,0.547383309759547,826,1414,"A direct-capture"
"A","A__mix72hr_DirectCapture__pur90__muweak__moilow","direct-capture","mix72hr_DirectCapture",0.9,"weak",30,"low",1,"ambient",0.680138393165829,0.718901933740497,0.945856152315563,0.287257019438445,0.933521923620934,1852,1414,"A direct-capture"
"A","A__mix72hr_DirectCapture__pur90__muweak__moilow","direct-capture","mix72hr_DirectCapture",0.9,"weak",30,"low",1,"otsu",0.561855344835649,0.903425505050505,0.614593251707611,0.137373737373737,0.603960396039604,990,1414,"A direct-capture"
"A","A__mix72hr_DirectCapture__pur90__muweak__moilow","direct-capture","mix72hr_DirectCapture",0.9,"weak",30,"low",1,"valley",0.590345603513353,0.932199576445933,0.627747613000187,0.0692864529472596,0.636492220650636,967,1414,"A direct-capture"
"A","A__mix72hr_DirectCapture__pur90__muweak__moilow","direct-capture","mix72hr_DirectCapture",0.9,"weak",30,"low",1,"fishash",0.758087270105295,0.913418681290781,0.818371456517252,0.0735177865612648,0.828854314002829,1265,1414,"A direct-capture"
"A","A__mix72hr_DirectCapture__pur90__muweak__moilow","direct-capture","mix72hr_DirectCapture",0.9,"weak",30,"low",1,"depth_fix",0.766468188944387,0.881396225662203,0.849481188689055,0.0936802973977695,0.862093352192362,1345,1414,"A direct-capture"
"A","A__mix72hr_DirectCapture__pur90__muweak__moilow","direct-capture","mix72hr_DirectCapture",0.9,"weak",30,"low",1,"sceptre",0.682869542984778,0.877033791788256,0.774424895518288,0.154779969650986,0.787835926449788,1318,1414,"A direct-capture"
"A","A__mix72hr_DirectCapture__pur90__muweak__moihigh","direct-capture","mix72hr_DirectCapture",0.9,"weak",30,"high",5,"thresh3",0.801386101035347,0.963421055767579,0.825684581878838,0.0218776916451335,0.828905109489051,5805,6850,"A direct-capture"
"A","A__mix72hr_DirectCapture__pur90__muweak__moihigh","direct-capture","mix72hr_DirectCapture",0.9,"weak",30,"high",5,"thresh10",0.651678276502757,0.97622373758813,0.662261454816245,0.0143665650848933,0.661021897810219,4594,6850,"A direct-capture"
"A","A__mix72hr_DirectCapture__pur90__muweak__moihigh","direct-capture","mix72hr_DirectCapture",0.9,"weak",30,"high",5,"thresh20",0.56459271634197,0.978785019926306,0.571123628990093,0.0132180986273513,0.566715328467153,3934,6850,"A direct-capture"
"A","A__mix72hr_DirectCapture__pur90__muweak__moihigh","direct-capture","mix72hr_DirectCapture",0.9,"weak",30,"high",5,"ambient",0.834617220384293,0.960145822856418,0.868680009941795,0.0216912387730893,0.842773722627737,5901,6850,"A direct-capture"
"A","A__mix72hr_DirectCapture__pur90__muweak__moihigh","direct-capture","mix72hr_DirectCapture",0.9,"weak",30,"high",5,"otsu",0.602005250354135,0.980313487604091,0.609033277830937,0.0130455407969639,0.607445255474453,4216,6850,"A direct-capture"
"A","A__mix72hr_DirectCapture__pur90__muweak__moihigh","direct-capture","mix72hr_DirectCapture",0.9,"weak",30,"high",5,"valley",0.646148381665344,0.973046442069067,0.661011286014122,0.0177220661335639,0.663503649635036,4627,6850,"A direct-capture"
"A","A__mix72hr_DirectCapture__pur90__muweak__moihigh","direct-capture","mix72hr_DirectCapture",0.9,"weak",30,"high",5,"fishash",0.858856408992801,0.972330847312332,0.880605113411894,0.0181299311734094,0.853868613138686,5957,6850,"A direct-capture"
"A","A__mix72hr_DirectCapture__pur90__muweak__moihigh","direct-capture","mix72hr_DirectCapture",0.9,"weak",30,"high",5,"depth_fix",0.838834789939689,0.964618119009931,0.86491116096434,0.0208920577018737,0.862043795620438,6031,6850,"A direct-capture"
"A","A__mix72hr_DirectCapture__pur90__muweak__moihigh","direct-capture","mix72hr_DirectCapture",0.9,"weak",30,"high",5,"sceptre",0.705882667895468,0.975238044997629,0.722898801132298,0.0158796489761805,0.687591240875912,4786,6850,"A direct-capture"
"A","A__mix72hr_DirectCapture__pur90__mumod__moilow","direct-capture","mix72hr_DirectCapture",0.9,"mod",100,"low",1,"thresh3",0.791507892343161,0.888664227004111,0.885184734560811,0.0848126232741617,0.874921433060968,1521,1591,"A direct-capture"
"A","A__mix72hr_DirectCapture__pur90__mumod__moilow","direct-capture","mix72hr_DirectCapture",0.9,"mod",100,"low",1,"thresh10",0.6606480112688,0.916498806808017,0.70897573484012,0.0556492411467116,0.703959773727216,1186,1591,"A direct-capture"
"A","A__mix72hr_DirectCapture__pur90__mumod__moilow","direct-capture","mix72hr_DirectCapture",0.9,"mod",100,"low",1,"thresh20",0.600680351710626,0.923661536893432,0.637884869058807,0.0485714285714286,0.627906976744186,1050,1591,"A direct-capture"
"A","A__mix72hr_DirectCapture__pur90__mumod__moilow","direct-capture","mix72hr_DirectCapture",0.9,"mod",100,"low",1,"ambient",0.666629388888227,0.700090461953597,0.954327828270698,0.295486935866983,0.932118164676304,2105,1591,"A direct-capture"
"A","A__mix72hr_DirectCapture__pur90__mumod__moilow","direct-capture","mix72hr_DirectCapture",0.9,"mod",100,"low",1,"otsu",0.597730640720553,0.922822430462395,0.64021718716554,0.05,0.620993086109365,1040,1591,"A direct-capture"
"A","A__mix72hr_DirectCapture__pur90__mumod__moilow","direct-capture","mix72hr_DirectCapture",0.9,"mod",100,"low",1,"valley",0.676558317419349,0.91099455654483,0.737889285283307,0.0632279534109817,0.707730986800754,1202,1591,"A direct-capture"
"A","A__mix72hr_DirectCapture__pur90__mumod__moilow","direct-capture","mix72hr_DirectCapture",0.9,"mod",100,"low",1,"fishash",0.823480257740495,0.912811933427445,0.899222073574182,0.0582329317269076,0.884349465744815,1494,1591,"A direct-capture"
"A","A__mix72hr_DirectCapture__pur90__mumod__moilow","direct-capture","mix72hr_DirectCapture",0.9,"mod",100,"low",1,"depth_fix",0.823517516652475,0.892861027578815,0.917807150219775,0.0796178343949045,0.908233815210559,1570,1591,"A direct-capture"
"A","A__mix72hr_DirectCapture__pur90__mumod__moilow","direct-capture","mix72hr_DirectCapture",0.9,"mod",100,"low",1,"sceptre",0.69934170168134,0.860394946878369,0.823303855839802,0.165256994144437,0.806411062225016,1537,1591,"A direct-capture"
"A","A__mix72hr_DirectCapture__pur90__mumod__moihigh","direct-capture","mix72hr_DirectCapture",0.9,"mod",100,"high",5,"thresh3",0.86045271452036,0.974303261171126,0.881255993370027,0.0179759377211606,0.881799694966955,7065,7868,"A direct-capture"
"A","A__mix72hr_DirectCapture__pur90__mumod__moihigh","direct-capture","mix72hr_DirectCapture",0.9,"mod",100,"high",5,"thresh10",0.71715608495566,0.985857809193283,0.725357901153344,0.0112768910478834,0.724326385358414,5764,7868,"A direct-capture"
"A","A__mix72hr_DirectCapture__pur90__mumod__moihigh","direct-capture","mix72hr_DirectCapture",0.9,"mod",100,"high",5,"thresh20",0.637289762157185,0.987323999351129,0.643101099694298,0.00982511298879937,0.640442297915607,5089,7868,"A direct-capture"
"A","A__mix72hr_DirectCapture__pur90__mumod__moihigh","direct-capture","mix72hr_DirectCapture",0.9,"mod",100,"high",5,"ambient",0.867188744263164,0.978626127564054,0.886385728170359,0.0114575779550399,0.866293848500254,6895,7868,"A direct-capture"
"A","A__mix72hr_DirectCapture__pur90__mumod__moihigh","direct-capture","mix72hr_DirectCapture",0.9,"mod",100,"high",5,"otsu",0.630451490609845,0.988371412443947,0.635784597812082,0.0091743119266055,0.631418403660397,5014,7868,"A direct-capture"
"A","A__mix72hr_DirectCapture__pur90__mumod__moihigh","direct-capture","mix72hr_DirectCapture",0.9,"mod",100,"high",5,"valley",0.661637819987125,0.983797652783196,0.671059237710893,0.0117105010558648,0.654295882053889,5209,7868,"A direct-capture"
"A","A__mix72hr_DirectCapture__pur90__mumod__moihigh","direct-capture","mix72hr_DirectCapture",0.9,"mod",100,"high",5,"fishash",0.894297933014028,0.978152436466609,0.913677931797251,0.0147413182140326,0.883451957295374,7055,7868,"A direct-capture"
"A","A__mix72hr_DirectCapture__pur90__mumod__moihigh","direct-capture","mix72hr_DirectCapture",0.9,"mod",100,"high",5,"depth_fix",0.889180876339452,0.973210462869206,0.911762723739673,0.0174139585904292,0.910777834265379,7293,7868,"A direct-capture"
"A","A__mix72hr_DirectCapture__pur90__mumod__moihigh","direct-capture","mix72hr_DirectCapture",0.9,"mod",100,"high",5,"sceptre",0.756385241586512,0.9880642847053,0.765983947025012,0.00829015544041451,0.729791560752415,5790,7868,"A direct-capture"
"A","A__mix72hr_DirectCapture__pur90__mustrong__moilow","direct-capture","mix72hr_DirectCapture",0.9,"strong",400,"low",1,"thresh3",0.867602656994164,0.90966139260075,0.951134117228412,0.0730140186915888,0.946332737030411,1712,1677,"A direct-capture"
"A","A__mix72hr_DirectCapture__pur90__mustrong__moilow","direct-capture","mix72hr_DirectCapture",0.9,"strong",400,"low",1,"thresh10",0.814053129725201,0.942262566279212,0.860387133484223,0.0429530201342282,0.850327966607036,1490,1677,"A direct-capture"
"A","A__mix72hr_DirectCapture__pur90__mustrong__moilow","direct-capture","mix72hr_DirectCapture",0.9,"strong",400,"low",1,"thresh20",0.741103179662314,0.941199271286404,0.774110386870562,0.0375657400450789,0.76386404293381,1331,1677,"A direct-capture"
"A","A__mix72hr_DirectCapture__pur90__mustrong__moilow","direct-capture","mix72hr_DirectCapture",0.9,"strong",400,"low",1,"ambient",0.713712990407542,0.735583693622615,0.97205476598435,0.269977426636569,0.964221824686941,2215,1677,"A direct-capture"
"A","A__mix72hr_DirectCapture__pur90__mustrong__moilow","direct-capture","mix72hr_DirectCapture",0.9,"strong",400,"low",1,"otsu",0.71173429168681,0.953491911805975,0.745127703979423,0.0751533742331288,0.719141323792487,1304,1677,"A direct-capture"
"A","A__mix72hr_DirectCapture__pur90__mustrong__moilow","direct-capture","mix72hr_DirectCapture",0.9,"strong",400,"low",1,"valley",0.762225679599669,0.956040613759349,0.797266661093667,0.0371720116618076,0.787716159809183,1372,1677,"A direct-capture"
"A","A__mix72hr_DirectCapture__pur90__mustrong__moilow","direct-capture","mix72hr_DirectCapture",0.9,"strong",400,"low",1,"fishash",0.846077767184306,0.875592110592873,0.96574388626995,0.103312745648512,0.952295766249255,1781,1677,"A direct-capture"
"A","A__mix72hr_DirectCapture__pur90__mustrong__moilow","direct-capture","mix72hr_DirectCapture",0.9,"strong",400,"low",1,"depth_fix",0.88465421773527,0.91029864961381,0.970112376777027,0.070487106017192,0.967203339296363,1745,1677,"A direct-capture"
"A","A__mix72hr_DirectCapture__pur90__mustrong__moilow","direct-capture","mix72hr_DirectCapture",0.9,"strong",400,"low",1,"sceptre",0.825347847151086,0.919576361746373,0.89851435244944,0.0987878787878788,0.88670244484198,1650,1677,"A direct-capture"
"A","A__mix72hr_DirectCapture__pur90__mustrong__moihigh","direct-capture","mix72hr_DirectCapture",0.9,"strong",400,"high",5,"thresh3",0.931823419768959,0.977837327593417,0.951083871625458,0.0153319817536746,0.951162790697674,7892,8170,"A direct-capture"
"A","A__mix72hr_DirectCapture__pur90__mustrong__moihigh","direct-capture","mix72hr_DirectCapture",0.9,"strong",400,"high",5,"thresh10",0.838212218751649,0.985448601139153,0.848198473541453,0.00888888888888889,0.846144430844553,6975,8170,"A direct-capture"
"A","A__mix72hr_DirectCapture__pur90__mustrong__moihigh","direct-capture","mix72hr_DirectCapture",0.9,"strong",400,"high",5,"thresh20",0.764666924978912,0.987826052533788,0.7714067189624,0.00760215394361736,0.766952264381885,6314,8170,"A direct-capture"
"A","A__mix72hr_DirectCapture__pur90__mustrong__moihigh","direct-capture","mix72hr_DirectCapture",0.9,"strong",400,"high",5,"ambient",0.898011718860704,0.981165353408781,0.916319176192061,0.00542814493146967,0.897062423500612,7369,8170,"A direct-capture"
"A","A__mix72hr_DirectCapture__pur90__mustrong__moihigh","direct-capture","mix72hr_DirectCapture",0.9,"strong",400,"high",5,"otsu",0.697732803093531,0.980328111592701,0.712634547132927,0.0153321976149915,0.707466340269278,5870,8170,"A direct-capture"
"A","A__mix72hr_DirectCapture__pur90__mustrong__moihigh","direct-capture","mix72hr_DirectCapture",0.9,"strong",400,"high",5,"valley",0.801165824435647,0.988153194483186,0.809461393814745,0.00824135393671818,0.82484700122399,6795,8170,"A direct-capture"
"A","A__mix72hr_DirectCapture__pur90__mustrong__moihigh","direct-capture","mix72hr_DirectCapture",0.9,"strong",400,"high",5,"fishash",0.932864027994083,0.979741102813135,0.951331469974322,0.0138634580172639,0.922888616891065,7646,8170,"A direct-capture"
"A","A__mix72hr_DirectCapture__pur90__mustrong__moihigh","direct-capture","mix72hr_DirectCapture",0.9,"strong",400,"high",5,"depth_fix",0.942561536814673,0.971852707496685,0.968446079686137,0.0153156518490848,0.967931456548348,8031,8170,"A direct-capture"
"A","A__mix72hr_DirectCapture__pur90__mustrong__moihigh","direct-capture","mix72hr_DirectCapture",0.9,"strong",400,"high",5,"sceptre",0.791699141966372,0.994025979855499,0.795782616908906,0.00256287041486465,0.76217870257038,6243,8170,"A direct-capture"
"A","A__mix72hr_DirectCapture__pur99__muweak__moilow","direct-capture","mix72hr_DirectCapture",0.99,"weak",30,"low",1,"thresh3",0.794408782306381,0.923585839409801,0.852782424445576,0.07166392092257,0.832963784183296,1214,1353,"A direct-capture"
"A","A__mix72hr_DirectCapture__pur99__muweak__moilow","direct-capture","mix72hr_DirectCapture",0.99,"weak",30,"low",1,"thresh10",0.639133303271144,0.957151917300852,0.659906957445544,0.0445168295331162,0.650406504065041,921,1353,"A direct-capture"
"A","A__mix72hr_DirectCapture__pur99__muweak__moilow","direct-capture","mix72hr_DirectCapture",0.99,"weak",30,"low",1,"thresh20",0.551537659054203,0.963972008713542,0.564873958734658,0.0359897172236504,0.554323725055432,778,1353,"A direct-capture"
"A","A__mix72hr_DirectCapture__pur99__muweak__moilow","direct-capture","mix72hr_DirectCapture",0.99,"weak",30,"low",1,"ambient",0.68498989460573,0.71688931791498,0.956460375369761,0.296111111111111,0.936437546193644,1800,1353,"A direct-capture"
"A","A__mix72hr_DirectCapture__pur99__muweak__moilow","direct-capture","mix72hr_DirectCapture",0.99,"weak",30,"low",1,"otsu",0.588082186303079,0.944586848327663,0.624248966946992,0.118971061093248,0.607538802660754,933,1353,"A direct-capture"
"A","A__mix72hr_DirectCapture__pur99__muweak__moilow","direct-capture","mix72hr_DirectCapture",0.99,"weak",30,"low",1,"valley",0.656114311249996,0.938870767064717,0.693983550229995,0.0621181262729124,0.680709534368071,982,1353,"A direct-capture"
"A","A__mix72hr_DirectCapture__pur99__muweak__moilow","direct-capture","mix72hr_DirectCapture",0.99,"weak",30,"low",1,"fishash",0.833327826382178,0.961189546629604,0.863088109209421,0.038917089678511,0.839615668883962,1182,1353,"A direct-capture"
"A","A__mix72hr_DirectCapture__pur99__muweak__moilow","direct-capture","mix72hr_DirectCapture",0.99,"weak",30,"low",1,"depth_fix",0.834057260834702,0.927220913220708,0.894611445899263,0.065251572327044,0.878787878787879,1272,1353,"A direct-capture"
"A","A__mix72hr_DirectCapture__pur99__muweak__moilow","direct-capture","mix72hr_DirectCapture",0.99,"weak",30,"low",1,"sceptre",0.743096214973868,0.909542414273017,0.818199702847241,0.149920255183413,0.787878787878788,1254,1353,"A direct-capture"
"A","A__mix72hr_DirectCapture__pur99__muweak__moihigh","direct-capture","mix72hr_DirectCapture",0.99,"weak",30,"high",5,"thresh3",0.823016445909852,0.980991177588625,0.836580034984132,0.0148541114058355,0.834731795025472,5655,6674,"A direct-capture"
"A","A__mix72hr_DirectCapture__pur99__muweak__moihigh","direct-capture","mix72hr_DirectCapture",0.99,"weak",30,"high",5,"thresh10",0.651736436958398,0.988198389827537,0.656791663707153,0.00924047780031553,0.658675456997303,4437,6674,"A direct-capture"
"A","A__mix72hr_DirectCapture__pur99__muweak__moihigh","direct-capture","mix72hr_DirectCapture",0.99,"weak",30,"high",5,"thresh20",0.563850021587985,0.98995069986705,0.566814681948966,0.00758963622088459,0.568175007491759,3821,6674,"A direct-capture"
"A","A__mix72hr_DirectCapture__pur99__muweak__moihigh","direct-capture","mix72hr_DirectCapture",0.99,"weak",30,"high",5,"ambient",0.844919437925772,0.969518772118534,0.871861495774221,0.0196761274595159,0.843572070722206,5743,6674,"A direct-capture"
"A","A__mix72hr_DirectCapture__pur99__muweak__moihigh","direct-capture","mix72hr_DirectCapture",0.99,"weak",30,"high",5,"otsu",0.600344876239464,0.989719481760466,0.604505008130697,0.00818452380952381,0.599190890020977,4032,6674,"A direct-capture"
"A","A__mix72hr_DirectCapture__pur99__muweak__moihigh","direct-capture","mix72hr_DirectCapture",0.99,"weak",30,"high",5,"valley",0.649748498675465,0.987122313391842,0.656655897356754,0.0104569220277336,0.652232544201378,4399,6674,"A direct-capture"
"A","A__mix72hr_DirectCapture__pur99__muweak__moihigh","direct-capture","mix72hr_DirectCapture",0.99,"weak",30,"high",5,"fishash",0.863266287244738,0.982328225200923,0.877518514069757,0.0140405616224649,0.852262511237639,5769,6674,"A direct-capture"
"A","A__mix72hr_DirectCapture__pur99__muweak__moihigh","direct-capture","mix72hr_DirectCapture",0.99,"weak",30,"high",5,"depth_fix",0.859576912128463,0.979998258194903,0.875281343848358,0.0149152542372881,0.870842073718909,5900,6674,"A direct-capture"
"A","A__mix72hr_DirectCapture__pur99__muweak__moihigh","direct-capture","mix72hr_DirectCapture",0.99,"weak",30,"high",5,"sceptre",0.725335975157392,0.989697837338049,0.732063816889035,0.00776495278069255,0.708420737189092,4765,6674,"A direct-capture"
"A","A__mix72hr_DirectCapture__pur99__mumod__moilow","direct-capture","mix72hr_DirectCapture",0.99,"mod",100,"low",1,"thresh3",0.8380196332046,0.922703054476446,0.903949837771549,0.0681470137825421,0.889619883040936,1306,1368,"A direct-capture"
"A","A__mix72hr_DirectCapture__pur99__mumod__moilow","direct-capture","mix72hr_DirectCapture",0.99,"mod",100,"low",1,"thresh10",0.713294406978217,0.946436208399444,0.737378007959304,0.040604343720491,0.742690058479532,1059,1368,"A direct-capture"
"A","A__mix72hr_DirectCapture__pur99__mumod__moilow","direct-capture","mix72hr_DirectCapture",0.99,"mod",100,"low",1,"thresh20",0.61433121086604,0.956159973584216,0.629668625303205,0.0332963374028857,0.636695906432749,901,1368,"A direct-capture"
"A","A__mix72hr_DirectCapture__pur99__mumod__moilow","direct-capture","mix72hr_DirectCapture",0.99,"mod",100,"low",1,"ambient",0.670858964746029,0.697459399398364,0.963028639363696,0.333845366103431,0.951023391812866,1953,1368,"A direct-capture"
"A","A__mix72hr_DirectCapture__pur99__mumod__moilow","direct-capture","mix72hr_DirectCapture",0.99,"mod",100,"low",1,"otsu",0.627350144680129,0.93456961096973,0.67567302875891,0.171374764595104,0.64327485380117,1062,1368,"A direct-capture"
"A","A__mix72hr_DirectCapture__pur99__mumod__moilow","direct-capture","mix72hr_DirectCapture",0.99,"mod",100,"low",1,"valley",0.735642822973346,0.944122557749081,0.778903172633383,0.0506329113924051,0.767543859649123,1106,1368,"A direct-capture"
"A","A__mix72hr_DirectCapture__pur99__mumod__moilow","direct-capture","mix72hr_DirectCapture",0.99,"mod",100,"low",1,"fishash",0.861676328905608,0.949522936910011,0.905489147824549,0.041699449252557,0.890350877192982,1271,1368,"A direct-capture"
"A","A__mix72hr_DirectCapture__pur99__mumod__moilow","direct-capture","mix72hr_DirectCapture",0.99,"mod",100,"low",1,"depth_fix",0.868204732637866,0.92400033845546,0.935894813461129,0.0649446494464945,0.926169590643275,1355,1368,"A direct-capture"
"A","A__mix72hr_DirectCapture__pur99__mumod__moilow","direct-capture","mix72hr_DirectCapture",0.99,"mod",100,"low",1,"sceptre",0.777232801794835,0.907915017493147,0.856549357844416,0.123561013046815,0.834795321637427,1303,1368,"A direct-capture"
"A","A__mix72hr_DirectCapture__pur99__mumod__moihigh","direct-capture","mix72hr_DirectCapture",0.99,"mod",100,"high",5,"thresh3",0.864137497567508,0.974625155233382,0.88440910864528,0.0126833740831296,0.884462696783025,6544,7305,"A direct-capture"
"A","A__mix72hr_DirectCapture__pur99__mumod__moihigh","direct-capture","mix72hr_DirectCapture",0.99,"mod",100,"high",5,"thresh10",0.722519251374972,0.979473256252631,0.73437056082269,0.00722757598220904,0.733333333333333,5396,7305,"A direct-capture"
"A","A__mix72hr_DirectCapture__pur99__mumod__moihigh","direct-capture","mix72hr_DirectCapture",0.99,"mod",100,"high",5,"thresh20",0.63930929012885,0.980647536270563,0.648906636341603,0.00546448087431694,0.647775496235455,4758,7305,"A direct-capture"
"A","A__mix72hr_DirectCapture__pur99__mumod__moihigh","direct-capture","mix72hr_DirectCapture",0.99,"mod",100,"high",5,"ambient",0.857357388009871,0.972585539868041,0.881804382477874,0.0110660847880299,0.868583162217659,6416,7305,"A direct-capture"
"A","A__mix72hr_DirectCapture__pur99__mumod__moihigh","direct-capture","mix72hr_DirectCapture",0.99,"mod",100,"high",5,"otsu",0.619603762305605,0.980784371440355,0.628710975488446,0.0171232876712329,0.62861054072553,4672,7305,"A direct-capture"
"A","A__mix72hr_DirectCapture__pur99__mumod__moihigh","direct-capture","mix72hr_DirectCapture",0.99,"mod",100,"high",5,"valley",0.666402295690963,0.978646677953019,0.678403991926627,0.00849514563106796,0.671047227926078,4944,7305,"A direct-capture"
"A","A__mix72hr_DirectCapture__pur99__mumod__moihigh","direct-capture","mix72hr_DirectCapture",0.99,"mod",100,"high",5,"fishash",0.882436876859124,0.9775700037368,0.90130340970514,0.0101961995983315,0.877070499657769,6473,7305,"A direct-capture"
"A","A__mix72hr_DirectCapture__pur99__mumod__moihigh","direct-capture","mix72hr_DirectCapture",0.99,"mod",100,"high",5,"depth_fix",0.890320724557526,0.974301565238108,0.911757255933236,0.0126000592943967,0.911841204654346,6746,7305,"A direct-capture"
"A","A__mix72hr_DirectCapture__pur99__mumod__moihigh","direct-capture","mix72hr_DirectCapture",0.99,"mod",100,"high",5,"sceptre",0.744033756540941,0.976406254051178,0.763733245072986,0.0103035878564857,0.736344969199179,5435,7305,"A direct-capture"
"A","A__mix72hr_DirectCapture__pur99__mustrong__moilow","direct-capture","mix72hr_DirectCapture",0.99,"strong",400,"low",1,"thresh3",0.883244485553505,0.925641238387101,0.952345536159159,0.0575916230366492,0.951751487111699,1528,1513,"A direct-capture"
"A","A__mix72hr_DirectCapture__pur99__mustrong__moilow","direct-capture","mix72hr_DirectCapture",0.99,"strong",400,"low",1,"thresh10",0.815551906902486,0.96008254652194,0.845023877464651,0.0316503391107762,0.849306014540648,1327,1513,"A direct-capture"
"A","A__mix72hr_DirectCapture__pur99__mustrong__moilow","direct-capture","mix72hr_DirectCapture",0.99,"strong",400,"low",1,"thresh20",0.752166132860464,0.969580916884882,0.77020282230264,0.02418682235196,0.773298083278255,1199,1513,"A direct-capture"
"A","A__mix72hr_DirectCapture__pur99__mustrong__moilow","direct-capture","mix72hr_DirectCapture",0.99,"strong",400,"low",1,"ambient",0.718665492844294,0.736685526387472,0.976663375027278,0.2435367114788,0.966953073364177,1934,1513,"A direct-capture"
"A","A__mix72hr_DirectCapture__pur99__mustrong__moilow","direct-capture","mix72hr_DirectCapture",0.99,"strong",400,"low",1,"otsu",0.706901973191334,0.969307128112162,0.72784268031912,0.0280948200175593,0.731658955717118,1139,1513,"A direct-capture"
"A","A__mix72hr_DirectCapture__pur99__mustrong__moilow","direct-capture","mix72hr_DirectCapture",0.99,"strong",400,"low",1,"valley",0.782132563117168,0.95343607290577,0.822484265898152,0.0377062058130401,0.80964970257766,1273,1513,"A direct-capture"
"A","A__mix72hr_DirectCapture__pur99__mustrong__moilow","direct-capture","mix72hr_DirectCapture",0.99,"strong",400,"low",1,"fishash",0.885377133286031,0.922488962204048,0.956622637803596,0.0569913850231942,0.940515532055519,1509,1513,"A direct-capture"
"A","A__mix72hr_DirectCapture__pur99__mustrong__moilow","direct-capture","mix72hr_DirectCapture",0.99,"strong",400,"low",1,"depth_fix",0.894478656443659,0.924139360300419,0.96538749006778,0.0580645161290323,0.964970257766028,1550,1513,"A direct-capture"
"A","A__mix72hr_DirectCapture__pur99__mustrong__moilow","direct-capture","mix72hr_DirectCapture",0.99,"strong",400,"low",1,"sceptre",0.782210039383116,0.885215090815521,0.888206559669857,0.149807938540333,0.877726371447455,1562,1513,"A direct-capture"
"A","A__mix72hr_DirectCapture__pur99__mustrong__moihigh","direct-capture","mix72hr_DirectCapture",0.99,"strong",400,"high",5,"thresh3",0.930910297021562,0.978587782565609,0.94994828438231,0.0112986840356241,0.954568788501027,7523,7792,"A direct-capture"
"A","A__mix72hr_DirectCapture__pur99__mustrong__moihigh","direct-capture","mix72hr_DirectCapture",0.99,"strong",400,"high",5,"thresh10",0.825591325386128,0.987508974732017,0.833492853700344,0.00603682463024449,0.845225872689938,6626,7792,"A direct-capture"
"A","A__mix72hr_DirectCapture__pur99__mustrong__moihigh","direct-capture","mix72hr_DirectCapture",0.99,"strong",400,"high",5,"thresh20",0.750747480679215,0.989293741812128,0.756588514342035,0.00484382829463838,0.764630390143737,5987,7792,"A direct-capture"
"A","A__mix72hr_DirectCapture__pur99__mustrong__moihigh","direct-capture","mix72hr_DirectCapture",0.99,"strong",400,"high",5,"ambient",0.897783692290183,0.981498840919635,0.914884760084982,0.00662728713441867,0.884881930184805,6941,7792,"A direct-capture"
"A","A__mix72hr_DirectCapture__pur99__mustrong__moihigh","direct-capture","mix72hr_DirectCapture",0.99,"strong",400,"high",5,"otsu",0.699686827997627,0.994056275310015,0.702750332929131,0.00309484798834881,0.702772073921971,5493,7792,"A direct-capture"
"A","A__mix72hr_DirectCapture__pur99__mustrong__moihigh","direct-capture","mix72hr_DirectCapture",0.99,"strong",400,"high",5,"valley",0.775247011518101,0.988410182839272,0.783223033498522,0.00738552437223043,0.776180698151951,6093,7792,"A direct-capture"
"A","A__mix72hr_DirectCapture__pur99__mustrong__moihigh","direct-capture","mix72hr_DirectCapture",0.99,"strong",400,"high",5,"fishash",0.936850683231018,0.97759316221663,0.958242647175732,0.0121262229571448,0.920046201232033,7257,7792,"A direct-capture"
"A","A__mix72hr_DirectCapture__pur99__mustrong__moihigh","direct-capture","mix72hr_DirectCapture",0.99,"strong",400,"high",5,"depth_fix",0.948491901143541,0.977172080872392,0.970056186508194,0.0117539506334073,0.971124229979466,7657,7792,"A direct-capture"
"A","A__mix72hr_DirectCapture__pur99__mustrong__moihigh","direct-capture","mix72hr_DirectCapture",0.99,"strong",400,"high",5,"sceptre",0.767639225326469,0.991299893193417,0.775591194003098,0.00624783061437001,0.734856262833676,5762,7792,"A direct-capture"
"A","A__mix0hr_Cropseq__pur90__muweak__moivhigh","CROP-seq","mix0hr_Cropseq",0.9,"weak",5,"vhigh",15,"thresh3",0.680348824359717,0.999309273291895,0.680697285768654,0.000261494879058618,0.678849397768637,22945,33791,"A CROP-seq"
"A","A__mix0hr_Cropseq__pur90__muweak__moivhigh","CROP-seq","mix0hr_Cropseq",0.9,"weak",5,"vhigh",15,"thresh10",0.27118359490794,1,0.27118359490794,0,0.272439406942677,9206,33791,"A CROP-seq"
"A","A__mix0hr_Cropseq__pur90__muweak__moivhigh","CROP-seq","mix0hr_Cropseq",0.9,"weak",5,"vhigh",15,"thresh20",0.107730371622752,1,0.107730371622752,0,0.108076114941848,3652,33791,"A CROP-seq"
"A","A__mix0hr_Cropseq__pur90__muweak__moivhigh","CROP-seq","mix0hr_Cropseq",0.9,"weak",5,"vhigh",15,"ambient",0.607694878367044,0.991183641494451,0.613814026979983,0.00305905532223778,0.569027255778166,19287,33791,"A CROP-seq"
"A","A__mix0hr_Cropseq__pur90__muweak__moivhigh","CROP-seq","mix0hr_Cropseq",0.9,"weak",5,"vhigh",15,"otsu",0.727159742321013,0.988827422084514,0.737053383826207,0.00629264904180117,0.719688674499127,24473,33791,"A CROP-seq"
"A","A__mix0hr_Cropseq__pur90__muweak__moivhigh","CROP-seq","mix0hr_Cropseq",0.9,"weak",5,"vhigh",15,"valley",0.487263092980756,0.998716941712735,0.487924056142452,0.0015155342258146,0.467935249030807,15836,33791,"A CROP-seq"
"A","A__mix0hr_Cropseq__pur90__muweak__moivhigh","CROP-seq","mix0hr_Cropseq",0.9,"weak",5,"vhigh",15,"fishash",0.467066551718684,0.999060772530107,0.467486763906238,0.000443557329784875,0.400136130922435,13527,33791,"A CROP-seq"
"A","A__mix0hr_Cropseq__pur90__muweak__moivhigh","CROP-seq","mix0hr_Cropseq",0.9,"weak",5,"vhigh",15,"depth_fix",0.648740674392687,0.997956339312374,0.649904189048392,0.000666984278227727,0.620757006303454,20990,33791,"A CROP-seq"
"A","A__mix0hr_Cropseq__pur90__muweak__moivhigh","CROP-seq","mix0hr_Cropseq",0.9,"weak",5,"vhigh",15,"sceptre",0.481051314559524,0.999033028057222,0.481427379146877,0.000473837406078657,0.436980261016247,14773,33791,"A CROP-seq"
"A","A__mix0hr_Cropseq__pur90__mumod__moivhigh","CROP-seq","mix0hr_Cropseq",0.9,"mod",15,"vhigh",15,"thresh3",0.838132663871594,0.999759731366512,0.838302537705067,0.000245368666421298,0.83766350576928,32604,38913,"A CROP-seq"
"A","A__mix0hr_Cropseq__pur90__mumod__moivhigh","CROP-seq","mix0hr_Cropseq",0.9,"mod",15,"vhigh",15,"thresh10",0.52918689755385,1,0.52918689755385,0,0.530157016935214,20630,38913,"A CROP-seq"
"A","A__mix0hr_Cropseq__pur90__mumod__moivhigh","CROP-seq","mix0hr_Cropseq",0.9,"mod",15,"vhigh",15,"thresh20",0.326356843515756,1,0.326356843515756,0,0.32816796443348,12770,38913,"A CROP-seq"
"A","A__mix0hr_Cropseq__pur90__mumod__moivhigh","CROP-seq","mix0hr_Cropseq",0.9,"mod",15,"vhigh",15,"ambient",0.698110718126328,0.99884000172363,0.698879782974183,0.000624512099921936,0.657980623442037,25620,38913,"A CROP-seq"
"A","A__mix0hr_Cropseq__pur90__mumod__moivhigh","CROP-seq","mix0hr_Cropseq",0.9,"mod",15,"vhigh",15,"otsu",0.779194193959938,0.999909375319592,0.779249765116332,9.92917190706295e-05,0.776372934494899,30214,38913,"A CROP-seq"
"A","A__mix0hr_Cropseq__pur90__mumod__moivhigh","CROP-seq","mix0hr_Cropseq",0.9,"mod",15,"vhigh",15,"valley",0.832865221872549,0.998703218147266,0.833934278106598,0.00131217577052182,0.841029989977642,32770,38913,"A CROP-seq"
"A","A__mix0hr_Cropseq__pur90__mumod__moivhigh","CROP-seq","mix0hr_Cropseq",0.9,"mod",15,"vhigh",15,"fishash",0.650667945688897,0.99979517613497,0.65080696344756,0.000136961285609934,0.562819623262149,21904,38913,"A CROP-seq"
"A","A__mix0hr_Cropseq__pur90__mumod__moivhigh","CROP-seq","mix0hr_Cropseq",0.9,"mod",15,"vhigh",15,"depth_fix",0.831945542824655,0.998731653537469,0.832906465365933,0.000785422557335847,0.817336108755429,31830,38913,"A CROP-seq"
"A","A__mix0hr_Cropseq__pur90__mumod__moivhigh","CROP-seq","mix0hr_Cropseq",0.9,"mod",15,"vhigh",15,"sceptre",0.573108727534314,0.999800277057827,0.573182170777151,0.000197882655585238,0.519363708786267,20214,38913,"A CROP-seq"
"A","A__mix0hr_Cropseq__pur90__mustrong__moivhigh","CROP-seq","mix0hr_Cropseq",0.9,"strong",50,"vhigh",15,"thresh3",0.936606674441388,0.999780366876805,0.93679781051869,0.000208051596796005,0.936972946624421,38452,41030,"A CROP-seq"
"A","A__mix0hr_Cropseq__pur90__mustrong__moivhigh","CROP-seq","mix0hr_Cropseq",0.9,"strong",50,"vhigh",15,"thresh10",0.771152922630906,1,0.771152922630906,0,0.772702900316841,31704,41030,"A CROP-seq"
"A","A__mix0hr_Cropseq__pur90__mustrong__moivhigh","CROP-seq","mix0hr_Cropseq",0.9,"strong",50,"vhigh",15,"thresh20",0.621987643314712,1,0.621987643314712,0,0.623275651961979,25573,41030,"A CROP-seq"
"A","A__mix0hr_Cropseq__pur90__mustrong__moivhigh","CROP-seq","mix0hr_Cropseq",0.9,"strong",50,"vhigh",15,"ambient",0.769010841254412,0.99964789793614,0.769290968245805,9.97937595635686e-05,0.732610285157202,30062,41030,"A CROP-seq"
"A","A__mix0hr_Cropseq__pur90__mustrong__moivhigh","CROP-seq","mix0hr_Cropseq",0.9,"strong",50,"vhigh",15,"otsu",0.846144665033369,1,0.846144665033369,0,0.845454545454545,34689,41030,"A CROP-seq"
"A","A__mix0hr_Cropseq__pur90__mustrong__moivhigh","CROP-seq","mix0hr_Cropseq",0.9,"strong",50,"vhigh",15,"valley",0.923420991444573,0.999714490583044,0.923677423041062,0.000261903514745168,0.930343650987083,38182,41030,"A CROP-seq"
"A","A__mix0hr_Cropseq__pur90__mustrong__moivhigh","CROP-seq","mix0hr_Cropseq",0.9,"strong",50,"vhigh",15,"fishash",0.813801213920026,0.999659270194335,0.814093909222981,0.000167280026764804,0.72836948574214,29890,41030,"A CROP-seq"
"A","A__mix0hr_Cropseq__pur90__mustrong__moivhigh","CROP-seq","mix0hr_Cropseq",0.9,"strong",50,"vhigh",15,"depth_fix",0.939015970914596,0.998487770042567,0.940376161248871,0.000832574476388708,0.935973677796734,38435,41030,"A CROP-seq"
"A","A__mix0hr_Cropseq__pur90__mustrong__moivhigh","CROP-seq","mix0hr_Cropseq",0.9,"strong",50,"vhigh",15,"sceptre",0.633819058850305,1,0.633819058850305,0,0.573360955398489,23525,41030,"A CROP-seq"
"A","A__mix0hr_Cropseq__pur99__muweak__moivhigh","CROP-seq","mix0hr_Cropseq",0.99,"weak",5,"vhigh",15,"thresh3",0.681118990421181,0.999926895978018,0.681149418157002,8.9078923926599e-05,0.682474540203678,22452,32895,"A CROP-seq"
"A","A__mix0hr_Cropseq__pur99__muweak__moivhigh","CROP-seq","mix0hr_Cropseq",0.99,"weak",5,"vhigh",15,"thresh10",0.274180385047546,1,0.274180385047546,0,0.274935400516796,9044,32895,"A CROP-seq"
"A","A__mix0hr_Cropseq__pur99__muweak__moivhigh","CROP-seq","mix0hr_Cropseq",0.99,"weak",5,"vhigh",15,"thresh20",0.111021905970439,1,0.111021905970439,0,0.108679130566955,3575,32895,"A CROP-seq"
"A","A__mix0hr_Cropseq__pur99__muweak__moivhigh","CROP-seq","mix0hr_Cropseq",0.99,"weak",5,"vhigh",15,"ambient",0.609049955793846,0.99366546612111,0.612682811283078,0.00258022899532333,0.5640674874601,18603,32895,"A CROP-seq"
"A","A__mix0hr_Cropseq__pur99__muweak__moivhigh","CROP-seq","mix0hr_Cropseq",0.99,"weak",5,"vhigh",15,"otsu",0.737730384033301,0.997394839367342,0.739436467338983,0.00190491966208382,0.732694938440492,24148,32895,"A CROP-seq"
"A","A__mix0hr_Cropseq__pur99__muweak__moivhigh","CROP-seq","mix0hr_Cropseq",0.99,"weak",5,"vhigh",15,"valley",0.479618701441476,0.999324247370812,0.479950678244153,0.000753631131816936,0.443380452956376,14596,32895,"A CROP-seq"
"A","A__mix0hr_Cropseq__pur99__muweak__moivhigh","CROP-seq","mix0hr_Cropseq",0.99,"weak",5,"vhigh",15,"fishash",0.471866293468552,0.99972700729927,0.471970544874447,0.000153362472203052,0.396382428940568,13041,32895,"A CROP-seq"
"A","A__mix0hr_Cropseq__pur99__muweak__moivhigh","CROP-seq","mix0hr_Cropseq",0.99,"weak",5,"vhigh",15,"depth_fix",0.649497396147333,0.999055676297241,0.649974698427958,0.000489236790606654,0.621067031463748,20440,32895,"A CROP-seq"
"A","A__mix0hr_Cropseq__pur99__muweak__moivhigh","CROP-seq","mix0hr_Cropseq",0.99,"weak",5,"vhigh",15,"sceptre",0.482219243840735,0.999686796699175,0.482309771232366,0.000140984068800226,0.431190150478796,14186,32895,"A CROP-seq"
"A","A__mix0hr_Cropseq__pur99__mumod__moivhigh","CROP-seq","mix0hr_Cropseq",0.99,"mod",15,"vhigh",15,"thresh3",0.835826541427306,0.999894134078212,0.835899199559706,6.29504894400554e-05,0.837414661148747,31771,37937,"A CROP-seq"
"A","A__mix0hr_Cropseq__pur99__mumod__moivhigh","CROP-seq","mix0hr_Cropseq",0.99,"mod",15,"vhigh",15,"thresh10",0.530551324951895,1,0.530551324951895,0,0.530801064923426,20137,37937,"A CROP-seq"
"A","A__mix0hr_Cropseq__pur99__mumod__moivhigh","CROP-seq","mix0hr_Cropseq",0.99,"mod",15,"vhigh",15,"thresh20",0.32797521786167,1,0.32797521786167,0,0.327938424229644,12441,37937,"A CROP-seq"
"A","A__mix0hr_Cropseq__pur99__mumod__moivhigh","CROP-seq","mix0hr_Cropseq",0.99,"mod",15,"vhigh",15,"ambient",0.699721597228491,0.998501720811415,0.700848738609039,0.000523539124481495,0.654189841052271,24831,37937,"A CROP-seq"
"A","A__mix0hr_Cropseq__pur99__mumod__moivhigh","CROP-seq","mix0hr_Cropseq",0.99,"mod",15,"vhigh",15,"otsu",0.780322270837147,0.99995,0.780354757450704,3.3807769025322e-05,0.779661016949153,29579,37937,"A CROP-seq"
"A","A__mix0hr_Cropseq__pur99__mumod__moivhigh","CROP-seq","mix0hr_Cropseq",0.99,"mod",15,"vhigh",15,"valley",0.83155052833927,0.99915351631994,0.83225143871931,0.000871351216779735,0.84629780952632,32134,37937,"A CROP-seq"
"A","A__mix0hr_Cropseq__pur99__mumod__moivhigh","CROP-seq","mix0hr_Cropseq",0.99,"mod",15,"vhigh",15,"fishash",0.651248859758826,0.999933774834437,0.651293407157257,4.76485443369705e-05,0.553180272557134,20987,37937,"A CROP-seq"
"A","A__mix0hr_Cropseq__pur99__mumod__moivhigh","CROP-seq","mix0hr_Cropseq",0.99,"mod",15,"vhigh",15,"depth_fix",0.828912831551194,0.999146207549402,0.829507825207479,0.000420426247534038,0.814719139626222,30921,37937,"A CROP-seq"
"A","A__mix0hr_Cropseq__pur99__mumod__moivhigh","CROP-seq","mix0hr_Cropseq",0.99,"mod",15,"vhigh",15,"sceptre",0.573696737748282,1,0.573696737748282,0,0.512639375807259,19448,37937,"A CROP-seq"
"A","A__mix0hr_Cropseq__pur99__mustrong__moivhigh","CROP-seq","mix0hr_Cropseq",0.99,"strong",50,"vhigh",15,"thresh3",0.937649437939567,0.999922257993707,0.937714667031008,5.27440069622089e-05,0.93680049413218,37919,40475,"A CROP-seq"
"A","A__mix0hr_Cropseq__pur99__mustrong__moivhigh","CROP-seq","mix0hr_Cropseq",0.99,"strong",50,"vhigh",15,"thresh10",0.779078538362358,1,0.779078538362358,0,0.777072266831377,31452,40475,"A CROP-seq"
"A","A__mix0hr_Cropseq__pur99__mustrong__moivhigh","CROP-seq","mix0hr_Cropseq",0.99,"strong",50,"vhigh",15,"thresh20",0.629146009642263,1,0.629146009642263,0,0.629079678814083,25462,40475,"A CROP-seq"
"A","A__mix0hr_Cropseq__pur99__mustrong__moivhigh","CROP-seq","mix0hr_Cropseq",0.99,"strong",50,"vhigh",15,"ambient",0.773816483153395,0.999595648604269,0.774180705869204,6.81640025902321e-05,0.724867201976529,29341,40475,"A CROP-seq"
"A","A__mix0hr_Cropseq__pur99__mustrong__moivhigh","CROP-seq","mix0hr_Cropseq",0.99,"strong",50,"vhigh",15,"otsu",0.853498666680607,1,0.853498666680607,0,0.851216800494132,34453,40475,"A CROP-seq"
"A","A__mix0hr_Cropseq__pur99__mustrong__moivhigh","CROP-seq","mix0hr_Cropseq",0.99,"strong",50,"vhigh",15,"valley",0.919431923943283,0.999877616532657,0.919539084668164,0.000106269925611052,0.929857936998147,37640,40475,"A CROP-seq"
"A","A__mix0hr_Cropseq__pur99__mustrong__moivhigh","CROP-seq","mix0hr_Cropseq",0.99,"strong",50,"vhigh",15,"fishash",0.830349837624499,0.999923425366695,0.830415095188523,6.85330500633931e-05,0.720963557751699,29183,40475,"A CROP-seq"
"A","A__mix0hr_Cropseq__pur99__mustrong__moivhigh","CROP-seq","mix0hr_Cropseq",0.99,"strong",50,"vhigh",15,"depth_fix",0.941731823426165,0.998832906815109,0.942820386560798,0.00050102842677074,0.93645460160593,37922,40475,"A CROP-seq"
"A","A__mix0hr_Cropseq__pur99__mustrong__moivhigh","CROP-seq","mix0hr_Cropseq",0.99,"strong",50,"vhigh",15,"sceptre",0.638510394000215,1,0.638510394000215,0,0.556911673872761,22541,40475,"A CROP-seq"
"A","A__mix72hr_Cropseq__pur90__muweak__moivhigh","CROP-seq","mix72hr_Cropseq",0.9,"weak",5,"vhigh",15,"thresh3",0.687035135789363,0.999084388345095,0.687476389394739,0.000732193804125533,0.685345200782698,39607,57749,"A CROP-seq"
"A","A__mix72hr_Cropseq__pur90__muweak__moivhigh","CROP-seq","mix72hr_Cropseq",0.9,"weak",5,"vhigh",15,"thresh10",0.265589704911485,0.999883720930233,0.265598031713992,6.51593145240112e-05,0.265736203224298,15347,57749,"A CROP-seq"
"A","A__mix72hr_Cropseq__pur90__muweak__moivhigh","CROP-seq","mix72hr_Cropseq",0.9,"weak",5,"vhigh",15,"thresh20",0.100234016514805,1,0.100234016514805,0,0.100936812758662,5829,57749,"A CROP-seq"
"A","A__mix72hr_Cropseq__pur90__muweak__moivhigh","CROP-seq","mix72hr_Cropseq",0.9,"weak",5,"vhigh",15,"ambient",0.606997658489713,0.997285513796704,0.608325118986755,0.00182993778211541,0.566728428197891,32788,57749,"A CROP-seq"
"A","A__mix72hr_Cropseq__pur90__muweak__moivhigh","CROP-seq","mix72hr_Cropseq",0.9,"weak",5,"vhigh",15,"otsu",0.756787988506787,0.993744992006816,0.760965390015863,0.00478148387692876,0.746073525082685,43292,57749,"A CROP-seq"
"A","A__mix72hr_Cropseq__pur90__muweak__moivhigh","CROP-seq","mix72hr_Cropseq",0.9,"weak",5,"vhigh",15,"valley",0.419845312025894,0.998433099459418,0.420532791942002,0.00184292599943295,0.365772567490346,21162,57749,"A CROP-seq"
"A","A__mix72hr_Cropseq__pur90__muweak__moivhigh","CROP-seq","mix72hr_Cropseq",0.9,"weak",5,"vhigh",15,"fishash",0.464443559045132,0.999416078576252,0.46465156172915,0.000387530141233207,0.401998303000918,23224,57749,"A CROP-seq"
"A","A__mix72hr_Cropseq__pur90__muweak__moivhigh","CROP-seq","mix72hr_Cropseq",0.9,"weak",5,"vhigh",15,"depth_fix",0.645961720920468,0.998668534635683,0.646619421027606,0.000867545406207147,0.618227155448579,35733,57749,"A CROP-seq"
"A","A__mix72hr_Cropseq__pur90__muweak__moivhigh","CROP-seq","mix72hr_Cropseq",0.9,"weak",5,"vhigh",15,"sceptre",0.487409127575252,0.999324728377465,0.487623189574068,0.000506506662510715,0.44421548425081,25666,57749,"A CROP-seq"
"A","A__mix72hr_Cropseq__pur90__mumod__moivhigh","CROP-seq","mix72hr_Cropseq",0.9,"mod",15,"vhigh",15,"thresh3",0.846522088534782,0.99937152242554,0.846968255242603,0.000498264970193078,0.848354403612911,56195,66207,"A CROP-seq"
"A","A__mix72hr_Cropseq__pur90__mumod__moivhigh","CROP-seq","mix72hr_Cropseq",0.9,"mod",15,"vhigh",15,"thresh10",0.541290526668719,0.999985337243402,0.541295113324179,2.78466208125644e-05,0.542389777515973,35911,66207,"A CROP-seq"
"A","A__mix72hr_Cropseq__pur90__mumod__moivhigh","CROP-seq","mix72hr_Cropseq",0.9,"mod",15,"vhigh",15,"thresh20",0.330857432555826,1,0.330857432555826,0,0.331475523736161,21946,66207,"A CROP-seq"
"A","A__mix72hr_Cropseq__pur90__mumod__moivhigh","CROP-seq","mix72hr_Cropseq",0.9,"mod",15,"vhigh",15,"ambient",0.70107756607741,0.998821532851324,0.701897647572391,0.000523488710852149,0.663268234476717,43936,66207,"A CROP-seq"
"A","A__mix72hr_Cropseq__pur90__mumod__moivhigh","CROP-seq","mix72hr_Cropseq",0.9,"mod",15,"vhigh",15,"otsu",0.787057268228323,0.999678548577394,0.787254969012421,0.00021078854076842,0.788043560348604,52185,66207,"A CROP-seq"
"A","A__mix72hr_Cropseq__pur90__mumod__moivhigh","CROP-seq","mix72hr_Cropseq",0.9,"mod",15,"vhigh",15,"valley",0.829538687543777,0.998008458092699,0.831137539224613,0.00221298163582175,0.844457534701769,56033,66207,"A CROP-seq"
"A","A__mix72hr_Cropseq__pur90__mumod__moivhigh","CROP-seq","mix72hr_Cropseq",0.9,"mod",15,"vhigh",15,"fishash",0.638193023762582,0.999789573047112,0.63832128150262,0.000108893910108077,0.55476007068739,36733,66207,"A CROP-seq"
"A","A__mix72hr_Cropseq__pur90__mumod__moivhigh","CROP-seq","mix72hr_Cropseq",0.9,"mod",15,"vhigh",15,"depth_fix",0.835851117431637,0.998549361396689,0.836924127483957,0.000803227514193395,0.826725270741764,54779,66207,"A CROP-seq"
"A","A__mix72hr_Cropseq__pur90__mumod__moivhigh","CROP-seq","mix72hr_Cropseq",0.9,"mod",15,"vhigh",15,"sceptre",0.577434521779522,0.999858460228871,0.57749045894907,0.000115423459818208,0.523373661395321,34655,66207,"A CROP-seq"
"A","A__mix72hr_Cropseq__pur90__mustrong__moivhigh","CROP-seq","mix72hr_Cropseq",0.9,"strong",50,"vhigh",15,"thresh3",0.939693735683192,0.999277749547706,0.940331996081588,0.000513199800757724,0.94063583158134,66251,70396,"A CROP-seq"
"A","A__mix72hr_Cropseq__pur90__mustrong__moivhigh","CROP-seq","mix72hr_Cropseq",0.9,"strong",50,"vhigh",15,"thresh10",0.784385620672352,0.999982935153584,0.784395951688712,1.80884161782794e-05,0.785314506506052,55284,70396,"A CROP-seq"
"A","A__mix72hr_Cropseq__pur90__mustrong__moivhigh","CROP-seq","mix72hr_Cropseq",0.9,"strong",50,"vhigh",15,"thresh20",0.635289206077302,1,0.635289206077302,0,0.635504858230581,44737,70396,"A CROP-seq"
"A","A__mix72hr_Cropseq__pur90__mustrong__moivhigh","CROP-seq","mix72hr_Cropseq",0.9,"strong",50,"vhigh",15,"ambient",0.770144330427115,0.999913948646773,0.770212205256289,3.90068847151522e-05,0.728322631967725,51273,70396,"A CROP-seq"
"A","A__mix72hr_Cropseq__pur90__mustrong__moivhigh","CROP-seq","mix72hr_Cropseq",0.9,"strong",50,"vhigh",15,"otsu",0.856966351535148,0.999964665508361,0.856992408057491,3.31939188740623e-05,0.85587249275527,60252,70396,"A CROP-seq"
"A","A__mix72hr_Cropseq__pur90__mustrong__moivhigh","CROP-seq","mix72hr_Cropseq",0.9,"strong",50,"vhigh",15,"valley",0.926363879327784,0.999325212437653,0.926960064538874,0.000579135868322792,0.931544405932155,65615,70396,"A CROP-seq"
"A","A__mix72hr_Cropseq__pur90__mustrong__moivhigh","CROP-seq","mix72hr_Cropseq",0.9,"strong",50,"vhigh",15,"fishash",0.80296077568186,0.999681762028181,0.80323216350866,0.000222699113252622,0.701502926302631,49394,70396,"A CROP-seq"
"A","A__mix72hr_Cropseq__pur90__mustrong__moivhigh","CROP-seq","mix72hr_Cropseq",0.9,"strong",50,"vhigh",15,"depth_fix",0.94046010863665,0.99842512599414,0.941865796048269,0.000951532269026869,0.939627251548383,66209,70396,"A CROP-seq"
"A","A__mix72hr_Cropseq__pur90__mustrong__moivhigh","CROP-seq","mix72hr_Cropseq",0.9,"strong",50,"vhigh",15,"sceptre",0.636240686434418,0.999934640522876,0.636286828138018,2.50871779433532e-05,0.566225353713279,39861,70396,"A CROP-seq"
"A","A__mix72hr_Cropseq__pur99__muweak__moivhigh","CROP-seq","mix72hr_Cropseq",0.99,"weak",5,"vhigh",15,"thresh3",0.684829057911232,0.999575935139852,0.685028499434269,0.000285011011789092,0.685109556447317,38595,56318,"A CROP-seq"
"A","A__mix72hr_Cropseq__pur99__muweak__moivhigh","CROP-seq","mix72hr_Cropseq",0.99,"weak",5,"vhigh",15,"thresh10",0.265342398723414,1,0.265342398723414,0,0.264657835860648,14905,56318,"A CROP-seq"
"A","A__mix72hr_Cropseq__pur99__muweak__moivhigh","CROP-seq","mix72hr_Cropseq",0.99,"weak",5,"vhigh",15,"thresh20",0.10178767713121,1,0.10178767713121,0,0.10101566106751,5689,56318,"A CROP-seq"
"A","A__mix72hr_Cropseq__pur99__muweak__moivhigh","CROP-seq","mix72hr_Cropseq",0.99,"weak",5,"vhigh",15,"ambient",0.606765301943042,0.99557105236271,0.609133436953447,0.00246250986582478,0.561046201924784,31675,56318,"A CROP-seq"
"A","A__mix72hr_Cropseq__pur99__muweak__moivhigh","CROP-seq","mix72hr_Cropseq",0.99,"weak",5,"vhigh",15,"otsu",0.761348399560688,0.994308306921607,0.765246049240227,0.0040425881965826,0.752423736638375,42547,56318,"A CROP-seq"
"A","A__mix72hr_Cropseq__pur99__muweak__moivhigh","CROP-seq","mix72hr_Cropseq",0.99,"weak",5,"vhigh",15,"valley",0.426978150786173,0.999021960738515,0.42740750030481,0.00108473987937693,0.408785823360205,23047,56318,"A CROP-seq"
"A","A__mix72hr_Cropseq__pur99__muweak__moivhigh","CROP-seq","mix72hr_Cropseq",0.99,"weak",5,"vhigh",15,"fishash",0.468923893340041,0.999578999930507,0.469069288114228,0.000311845680937319,0.398451649561419,22447,56318,"A CROP-seq"
"A","A__mix72hr_Cropseq__pur99__muweak__moivhigh","CROP-seq","mix72hr_Cropseq",0.99,"weak",5,"vhigh",15,"depth_fix",0.64377980353609,0.998713869099252,0.64442000697191,0.000721896566659929,0.614474945843247,34631,56318,"A CROP-seq"
"A","A__mix72hr_Cropseq__pur99__muweak__moivhigh","CROP-seq","mix72hr_Cropseq",0.99,"weak",5,"vhigh",15,"sceptre",0.485739084576657,0.999367268103549,0.485938280432904,0.000487547231138017,0.43682304059093,24613,56318,"A CROP-seq"
"A","A__mix72hr_Cropseq__pur99__mumod__moivhigh","CROP-seq","mix72hr_Cropseq",0.99,"mod",15,"vhigh",15,"thresh3",0.84525664476682,0.999688216190934,0.845478703618824,0.000202529781083718,0.845641137446663,54313,64214,"A CROP-seq"
"A","A__mix72hr_Cropseq__pur99__mumod__moivhigh","CROP-seq","mix72hr_Cropseq",0.99,"mod",15,"vhigh",15,"thresh10",0.538294184173935,1,0.538294184173935,0,0.538932320054817,34607,64214,"A CROP-seq"
"A","A__mix72hr_Cropseq__pur99__mumod__moivhigh","CROP-seq","mix72hr_Cropseq",0.99,"mod",15,"vhigh",15,"thresh20",0.328930474554458,1,0.328930474554458,0,0.33050425140935,21223,64214,"A CROP-seq"
"A","A__mix72hr_Cropseq__pur99__mumod__moivhigh","CROP-seq","mix72hr_Cropseq",0.99,"mod",15,"vhigh",15,"ambient",0.703186483987257,0.998424745460361,0.704339908469298,0.00054354247902635,0.658610271903323,42315,64214,"A CROP-seq"
"A","A__mix72hr_Cropseq__pur99__mumod__moivhigh","CROP-seq","mix72hr_Cropseq",0.99,"mod",15,"vhigh",15,"otsu",0.787044590623216,0.999869278807625,0.787124789437891,9.90530528150878e-05,0.786012396050705,50478,64214,"A CROP-seq"
"A","A__mix72hr_Cropseq__pur99__mumod__moivhigh","CROP-seq","mix72hr_Cropseq",0.99,"mod",15,"vhigh",15,"valley",0.810283643588675,0.998720198966641,0.811319263324165,0.00118139029009695,0.829476438159903,53327,64214,"A CROP-seq"
"A","A__mix72hr_Cropseq__pur99__mumod__moivhigh","CROP-seq","mix72hr_Cropseq",0.99,"mod",15,"vhigh",15,"fishash",0.650459287998999,0.999848005767437,0.650556318752994,0.000112098198021467,0.555626498894322,35683,64214,"A CROP-seq"
"A","A__mix72hr_Cropseq__pur99__mumod__moivhigh","CROP-seq","mix72hr_Cropseq",0.99,"mod",15,"vhigh",15,"depth_fix",0.833417546330045,0.997741157459444,0.835084810200401,0.000853242320819113,0.820615442115427,52740,64214,"A CROP-seq"
"A","A__mix72hr_Cropseq__pur99__mumod__moivhigh","CROP-seq","mix72hr_Cropseq",0.99,"mod",15,"vhigh",15,"sceptre",0.583028532027517,0.999947643979058,0.583057410918568,2.99186213499282e-05,0.520493973276856,33424,64214,"A CROP-seq"
"A","A__mix72hr_Cropseq__pur99__mustrong__moivhigh","CROP-seq","mix72hr_Cropseq",0.99,"strong",50,"vhigh",15,"thresh3",0.941149294212602,0.999838178597721,0.941292831340579,0.000155284325600174,0.940918589528138,64398,68431,"A CROP-seq"
"A","A__mix72hr_Cropseq__pur99__mustrong__moivhigh","CROP-seq","mix72hr_Cropseq",0.99,"strong",50,"vhigh",15,"thresh10",0.783920812287152,1,0.783920812287152,0,0.783314579649574,53603,68431,"A CROP-seq"
"A","A__mix72hr_Cropseq__pur99__mustrong__moivhigh","CROP-seq","mix72hr_Cropseq",0.99,"strong",50,"vhigh",15,"thresh20",0.632005574741495,1,0.632005574741495,0,0.632505735704578,43283,68431,"A CROP-seq"
"A","A__mix72hr_Cropseq__pur99__mustrong__moivhigh","CROP-seq","mix72hr_Cropseq",0.99,"strong",50,"vhigh",15,"ambient",0.774108572708318,0.99992700729927,0.774168616858428,2.01409869083585e-05,0.725533749324137,49650,68431,"A CROP-seq"
"A","A__mix72hr_Cropseq__pur99__mustrong__moivhigh","CROP-seq","mix72hr_Cropseq",0.99,"strong",50,"vhigh",15,"otsu",0.859008889100351,1,0.859008889100351,0,0.856629305431749,58620,68431,"A CROP-seq"
"A","A__mix72hr_Cropseq__pur99__mustrong__moivhigh","CROP-seq","mix72hr_Cropseq",0.99,"strong",50,"vhigh",15,"valley",0.931566661273457,0.999617910282083,0.931921429906734,0.000343642611683849,0.935219418099984,64020,68431,"A CROP-seq"
"A","A__mix72hr_Cropseq__pur99__mustrong__moivhigh","CROP-seq","mix72hr_Cropseq",0.99,"strong",50,"vhigh",15,"fishash",0.835904115366002,0.999923210064019,0.835972185126514,5.9494298463064e-05,0.736829799359939,50425,68431,"A CROP-seq"
"A","A__mix72hr_Cropseq__pur99__mustrong__moivhigh","CROP-seq","mix72hr_Cropseq",0.99,"strong",50,"vhigh",15,"depth_fix",0.941533971713838,0.998248130301555,0.943120933165217,0.000902063859900151,0.938741213777382,64297,68431,"A CROP-seq"
"A","A__mix72hr_Cropseq__pur99__mustrong__moivhigh","CROP-seq","mix72hr_Cropseq",0.99,"strong",50,"vhigh",15,"sceptre",0.64071150427481,1,0.64071150427481,0,0.557905043036051,38178,68431,"A CROP-seq"
"A","A__mix0hr_DirectCapture__pur90__muweak__moivhigh","direct-capture","mix0hr_DirectCapture",0.9,"weak",30,"vhigh",15,"thresh3",0.821048878580767,0.982614198199023,0.833268720294167,0.0130733944954128,0.832382241996325,26160,31017,"A direct-capture"
"A","A__mix0hr_DirectCapture__pur90__muweak__moivhigh","direct-capture","mix0hr_DirectCapture",0.9,"weak",30,"vhigh",15,"thresh10",0.652344429205972,0.987490628581183,0.657773029796847,0.0101054268085313,0.656897830222136,20583,31017,"A direct-capture"
"A","A__mix0hr_DirectCapture__pur90__muweak__moivhigh","direct-capture","mix0hr_DirectCapture",0.9,"weak",30,"vhigh",15,"thresh20",0.56352637484325,0.992387811011066,0.565976441058178,0.00600907029478458,0.565302898410549,17640,31017,"A direct-capture"
"A","A__mix0hr_DirectCapture__pur90__muweak__moivhigh","direct-capture","mix0hr_DirectCapture",0.9,"weak",30,"vhigh",15,"ambient",0.735944082638171,0.992809363536243,0.740852639337083,0.00497260463188913,0.696746945223587,21719,31017,"A direct-capture"
"A","A__mix0hr_DirectCapture__pur90__muweak__moivhigh","direct-capture","mix0hr_DirectCapture",0.9,"weak",30,"vhigh",15,"otsu",0.605715523316064,0.989600648186513,0.60970988421149,0.0081807146250066,0.605861301866718,18947,31017,"A direct-capture"
"A","A__mix0hr_DirectCapture__pur90__muweak__moivhigh","direct-capture","mix0hr_DirectCapture",0.9,"weak",30,"vhigh",15,"valley",0.532343865107487,0.987164403660864,0.538815172345146,0.00963305659420749,0.503820485540188,15779,31017,"A direct-capture"
"A","A__mix0hr_DirectCapture__pur90__muweak__moivhigh","direct-capture","mix0hr_DirectCapture",0.9,"weak",30,"vhigh",15,"fishash",0.802601840715097,0.9851857265512,0.814445023909267,0.0121946001454794,0.744301512074024,23371,31017,"A direct-capture"
"A","A__mix0hr_DirectCapture__pur90__muweak__moivhigh","direct-capture","mix0hr_DirectCapture",0.9,"weak",30,"vhigh",15,"depth_fix",0.826313481489949,0.982063381286568,0.839448549679288,0.0133564948851573,0.824031982461231,25905,31017,"A direct-capture"
"A","A__mix0hr_DirectCapture__pur90__muweak__moivhigh","direct-capture","mix0hr_DirectCapture",0.9,"weak",30,"vhigh",15,"sceptre",0.563002468493869,0.995760264401306,0.565153036496564,0.00333525752036431,0.500983331721314,15591,31017,"A direct-capture"
"A","A__mix0hr_DirectCapture__pur90__mumod__moivhigh","direct-capture","mix0hr_DirectCapture",0.9,"mod",100,"vhigh",15,"thresh3",0.873492495827118,0.985608140209036,0.884986129122676,0.0110921501706485,0.884525067512035,30472,34068,"A direct-capture"
"A","A__mix0hr_DirectCapture__pur90__mumod__moivhigh","direct-capture","mix0hr_DirectCapture",0.9,"mod",100,"vhigh",15,"thresh10",0.725866328179133,0.989348758004663,0.7316772613203,0.00807638750745972,0.731830456733592,25135,34068,"A direct-capture"
"A","A__mix0hr_DirectCapture__pur90__mumod__moivhigh","direct-capture","mix0hr_DirectCapture",0.9,"mod",100,"vhigh",15,"thresh20",0.644954532812415,0.994098625041297,0.647482823545201,0.00455755606696449,0.647528472466831,22161,34068,"A direct-capture"
"A","A__mix0hr_DirectCapture__pur90__mumod__moivhigh","direct-capture","mix0hr_DirectCapture",0.9,"mod",100,"vhigh",15,"ambient",0.766758919099645,0.997768268503297,0.768511304574099,0.00112812248186946,0.727721028531173,24820,34068,"A direct-capture"
"A","A__mix0hr_DirectCapture__pur90__mumod__moivhigh","direct-capture","mix0hr_DirectCapture",0.9,"mod",100,"vhigh",15,"otsu",0.639840841550037,0.994717320616547,0.642131628650457,0.00421303292576819,0.638282259011389,21837,34068,"A direct-capture"
"A","A__mix0hr_DirectCapture__pur90__mumod__moivhigh","direct-capture","mix0hr_DirectCapture",0.9,"mod",100,"vhigh",15,"valley",0.616437222518197,0.989692703704276,0.622413486314035,0.00832823601373924,0.618645062815545,21253,34068,"A direct-capture"
"A","A__mix0hr_DirectCapture__pur90__mumod__moivhigh","direct-capture","mix0hr_DirectCapture",0.9,"mod",100,"vhigh",15,"fishash",0.875049725200191,0.987008870561615,0.886452179138613,0.0105454927653015,0.828989080662205,28543,34068,"A direct-capture"
"A","A__mix0hr_DirectCapture__pur90__mumod__moivhigh","direct-capture","mix0hr_DirectCapture",0.9,"mod",100,"vhigh",15,"depth_fix",0.880908930831605,0.984668206168899,0.893443269110441,0.0114632944654295,0.883409651285664,30445,34068,"A direct-capture"
"A","A__mix0hr_DirectCapture__pur90__mumod__moivhigh","direct-capture","mix0hr_DirectCapture",0.9,"mod",100,"vhigh",15,"sceptre",0.600175165949504,0.99926789720679,0.600743427039998,0.000602805786935555,0.535311729482212,18248,34068,"A direct-capture"
"A","A__mix0hr_DirectCapture__pur90__mustrong__moivhigh","direct-capture","mix0hr_DirectCapture",0.9,"strong",400,"vhigh",15,"thresh3",0.940138568712904,0.987215540669371,0.951727745106507,0.0095641715823836,0.952050646848335,34922,36330,"A direct-capture"
"A","A__mix0hr_DirectCapture__pur90__mustrong__moivhigh","direct-capture","mix0hr_DirectCapture",0.9,"strong",400,"vhigh",15,"thresh10",0.838092646606801,0.991491091802591,0.844129474091226,0.00641254007837549,0.844453619598128,30877,36330,"A direct-capture"
"A","A__mix0hr_DirectCapture__pur90__mustrong__moivhigh","direct-capture","mix0hr_DirectCapture",0.9,"strong",400,"vhigh",15,"thresh20",0.760639837778946,0.995129437799121,0.763412812275953,0.00359285739948981,0.76336361134049,27833,36330,"A direct-capture"
"A","A__mix0hr_DirectCapture__pur90__mustrong__moivhigh","direct-capture","mix0hr_DirectCapture",0.9,"strong",400,"vhigh",15,"ambient",0.807560982571959,0.999608527131783,0.807879553955388,0.00014284183837446,0.770685383980182,28003,36330,"A direct-capture"
"A","A__mix0hr_DirectCapture__pur90__mustrong__moivhigh","direct-capture","mix0hr_DirectCapture",0.9,"strong",400,"vhigh",15,"otsu",0.704610078780493,0.996895314795475,0.70615864403757,0.00226314968003746,0.703826039086155,25628,36330,"A direct-capture"
"A","A__mix0hr_DirectCapture__pur90__mustrong__moivhigh","direct-capture","mix0hr_DirectCapture",0.9,"strong",400,"vhigh",15,"valley",0.788122256277087,0.991507158417505,0.795116173902254,0.00728339320436344,0.829121937792458,30343,36330,"A direct-capture"
"A","A__mix0hr_DirectCapture__pur90__mustrong__moivhigh","direct-capture","mix0hr_DirectCapture",0.9,"strong",400,"vhigh",15,"fishash",0.885298972374688,0.987790307712837,0.896890600682285,0.00983804042296881,0.814478392513075,29884,36330,"A direct-capture"
"A","A__mix0hr_DirectCapture__pur90__mustrong__moivhigh","direct-capture","mix0hr_DirectCapture",0.9,"strong",400,"vhigh",15,"depth_fix",0.948571306047608,0.987169756798417,0.960426091750457,0.00943530686126393,0.956509771538673,35081,36330,"A direct-capture"
"A","A__mix0hr_DirectCapture__pur90__mustrong__moivhigh","direct-capture","mix0hr_DirectCapture",0.9,"strong",400,"vhigh",15,"sceptre",0.624942355653616,0.999691247633074,0.625195631817721,0.000294247462115639,0.561106523534269,20391,36330,"A direct-capture"
"A","A__mix0hr_DirectCapture__pur99__muweak__moivhigh","direct-capture","mix0hr_DirectCapture",0.99,"weak",30,"vhigh",15,"thresh3",0.825478727882774,0.997414561634546,0.82722924631502,0.00140026307973013,0.829772230449193,23567,28362,"A direct-capture"
"A","A__mix0hr_DirectCapture__pur99__muweak__moivhigh","direct-capture","mix0hr_DirectCapture",0.99,"weak",30,"vhigh",15,"thresh10",0.65197626054143,0.999050014493035,0.652389406546882,0.000592130053291705,0.654608278682745,18577,28362,"A direct-capture"
"A","A__mix0hr_DirectCapture__pur99__muweak__moivhigh","direct-capture","mix0hr_DirectCapture",0.99,"weak",30,"vhigh",15,"thresh20",0.562102561822787,0.999128125781245,0.562384831969959,0.000559597090095132,0.566744235244341,16083,28362,"A direct-capture"
"A","A__mix0hr_DirectCapture__pur99__muweak__moivhigh","direct-capture","mix0hr_DirectCapture",0.99,"weak",30,"vhigh",15,"ambient",0.73734216705131,0.997456838014434,0.739400480248444,0.00106426109872289,0.694979197517806,19732,28362,"A direct-capture"
"A","A__mix0hr_DirectCapture__pur99__muweak__moivhigh","direct-capture","mix0hr_DirectCapture",0.99,"weak",30,"vhigh",15,"otsu",0.59774086836917,0.999051209550055,0.598078940645645,0.000591121357214636,0.596114519427403,16917,28362,"A direct-capture"
"A","A__mix0hr_DirectCapture__pur99__muweak__moivhigh","direct-capture","mix0hr_DirectCapture",0.99,"weak",30,"vhigh",15,"valley",0.552857970775566,0.998493084585049,0.553705835575211,0.000993443274389032,0.531838375290882,15099,28362,"A direct-capture"
"A","A__mix0hr_DirectCapture__pur99__muweak__moivhigh","direct-capture","mix0hr_DirectCapture",0.99,"weak",30,"vhigh",15,"fishash",0.819083814199332,0.998087790979134,0.820579828106201,0.00124288923944739,0.736654678795572,20919,28362,"A direct-capture"
"A","A__mix0hr_DirectCapture__pur99__muweak__moivhigh","direct-capture","mix0hr_DirectCapture",0.99,"weak",30,"vhigh",15,"depth_fix",0.83046290201903,0.996674831558977,0.832832762521917,0.00171386948883843,0.821486496015796,23339,28362,"A direct-capture"
"A","A__mix0hr_DirectCapture__pur99__muweak__moivhigh","direct-capture","mix0hr_DirectCapture",0.99,"weak",30,"vhigh",15,"sceptre",0.565398352994227,0.998981912099709,0.566010987673348,0.000844000562667042,0.500881461109936,14218,28362,"A direct-capture"
"A","A__mix0hr_DirectCapture__pur99__mumod__moivhigh","direct-capture","mix0hr_DirectCapture",0.99,"mod",100,"vhigh",15,"thresh3",0.890335596437988,0.99827080528982,0.891693220173489,0.00119664938173115,0.890901445806514,27577,30917,"A direct-capture"
"A","A__mix0hr_DirectCapture__pur99__mumod__moivhigh","direct-capture","mix0hr_DirectCapture",0.99,"mod",100,"vhigh",15,"thresh10",0.729991612530075,0.999131399454999,0.730451373362157,0.00052968439638049,0.732380243878772,22655,30917,"A direct-capture"
"A","A__mix0hr_DirectCapture__pur99__mumod__moivhigh","direct-capture","mix0hr_DirectCapture",0.99,"mod",100,"vhigh",15,"thresh20",0.641599046226078,0.99932569890501,0.641875285326351,0.000451648517087369,0.644241032441699,19927,30917,"A direct-capture"
"A","A__mix0hr_DirectCapture__pur99__mumod__moivhigh","direct-capture","mix0hr_DirectCapture",0.99,"mod",100,"vhigh",15,"ambient",0.77796245831079,0.999659008578549,0.778221472684705,0.000178229291984138,0.725781932270272,22443,30917,"A direct-capture"
"A","A__mix0hr_DirectCapture__pur99__mumod__moivhigh","direct-capture","mix0hr_DirectCapture",0.99,"mod",100,"vhigh",15,"otsu",0.626026452894197,0.999556346822584,0.626199947264741,0.00030996538719843,0.625901607529838,19357,30917,"A direct-capture"
"A","A__mix0hr_DirectCapture__pur99__mumod__moivhigh","direct-capture","mix0hr_DirectCapture",0.99,"mod",100,"vhigh",15,"valley",0.594225190637825,0.999078287599639,0.594733947253723,0.000892219842969308,0.543293333764596,16812,30917,"A direct-capture"
"A","A__mix0hr_DirectCapture__pur99__mumod__moivhigh","direct-capture","mix0hr_DirectCapture",0.99,"mod",100,"vhigh",15,"fishash",0.891774649032966,0.998556673241242,0.89302559514933,0.00106630859760673,0.818125950124527,25321,30917,"A direct-capture"
"A","A__mix0hr_DirectCapture__pur99__mumod__moivhigh","direct-capture","mix0hr_DirectCapture",0.99,"mod",100,"vhigh",15,"depth_fix",0.899100577535387,0.997315831828093,0.901271296426286,0.0016762626630712,0.886114435423877,27442,30917,"A direct-capture"
"A","A__mix0hr_DirectCapture__pur99__mumod__moivhigh","direct-capture","mix0hr_DirectCapture",0.99,"mod",100,"vhigh",15,"sceptre",0.597557575221834,0.999894784750482,0.597625322228573,0.000126446228741228,0.511530872982502,15817,30917,"A direct-capture"
"A","A__mix0hr_DirectCapture__pur99__mustrong__moivhigh","direct-capture","mix0hr_DirectCapture",0.99,"strong",400,"vhigh",15,"thresh3",0.953521423715992,0.998950805365806,0.954473351582265,0.000913500913500914,0.954555030547446,31746,33227,"A direct-capture"
"A","A__mix0hr_DirectCapture__pur99__mustrong__moivhigh","direct-capture","mix0hr_DirectCapture",0.99,"strong",400,"vhigh",15,"thresh10",0.847628822581294,0.999619393327846,0.847906968630211,0.000355012780460097,0.847443344268216,28168,33227,"A direct-capture"
"A","A__mix0hr_DirectCapture__pur99__mustrong__moivhigh","direct-capture","mix0hr_DirectCapture",0.99,"strong",400,"vhigh",15,"thresh20",0.766921899349175,0.999667954891377,0.767115445509716,0.000313848568065908,0.766906431516538,25490,33227,"A direct-capture"
"A","A__mix0hr_DirectCapture__pur99__mustrong__moivhigh","direct-capture","mix0hr_DirectCapture",0.99,"strong",400,"vhigh",15,"ambient",0.805976324879234,1,0.805976324879234,0,0.77415956902519,25723,33227,"A direct-capture"
"A","A__mix0hr_DirectCapture__pur99__mustrong__moivhigh","direct-capture","mix0hr_DirectCapture",0.99,"strong",400,"vhigh",15,"otsu",0.698426203170385,0.9999263899977,0.69846245474829,8.64192196344467e-05,0.69645168086195,23143,33227,"A direct-capture"
"A","A__mix0hr_DirectCapture__pur99__mustrong__moivhigh","direct-capture","mix0hr_DirectCapture",0.99,"strong",400,"vhigh",15,"valley",0.81324998976846,0.99949819107061,0.81367949856756,0.000479386385426654,0.815752249676468,27118,33227,"A direct-capture"
"A","A__mix0hr_DirectCapture__pur99__mustrong__moivhigh","direct-capture","mix0hr_DirectCapture",0.99,"strong",400,"vhigh",15,"fishash",0.913961727788644,0.999211333226024,0.914711413047079,0.00074839629365645,0.843861919523279,28060,33227,"A direct-capture"
"A","A__mix0hr_DirectCapture__pur99__mustrong__moivhigh","direct-capture","mix0hr_DirectCapture",0.99,"strong",400,"vhigh",15,"depth_fix",0.961639467453479,0.998762835422997,0.962783473712043,0.00103480714957667,0.958768471423842,31890,33227,"A direct-capture"
"A","A__mix0hr_DirectCapture__pur99__mustrong__moivhigh","direct-capture","mix0hr_DirectCapture",0.99,"strong",400,"vhigh",15,"sceptre",0.61643477726723,1,0.61643477726723,0,0.560477924579408,18623,33227,"A direct-capture"
"A","A__mix72hr_DirectCapture__pur90__muweak__moivhigh","direct-capture","mix72hr_DirectCapture",0.9,"weak",30,"vhigh",15,"thresh3",0.826813033820064,0.990543982872014,0.833569398645219,0.00630553167096589,0.831973507391054,17445,20836,"A direct-capture"
"A","A__mix72hr_DirectCapture__pur90__muweak__moivhigh","direct-capture","mix72hr_DirectCapture",0.9,"weak",30,"vhigh",15,"thresh10",0.64967131432361,0.994106620153138,0.652188655110173,0.00424628450106157,0.652764446150893,13659,20836,"A direct-capture"
"A","A__mix72hr_DirectCapture__pur90__muweak__moivhigh","direct-capture","mix72hr_DirectCapture",0.9,"weak",30,"vhigh",15,"thresh20",0.563531663713438,0.994329281368962,0.565436246991177,0.003981701118265,0.564263774236898,11804,20836,"A direct-capture"
"A","A__mix72hr_DirectCapture__pur90__muweak__moivhigh","direct-capture","mix72hr_DirectCapture",0.9,"weak",30,"vhigh",15,"ambient",0.737844971426296,0.994684305789786,0.741584277151917,0.00355701484369656,0.699126511806489,14619,20836,"A direct-capture"
"A","A__mix72hr_DirectCapture__pur90__muweak__moivhigh","direct-capture","mix72hr_DirectCapture",0.9,"weak",30,"vhigh",15,"otsu",0.591678880920274,0.99460027827318,0.593675750766678,0.00380998702983139,0.589796506047226,12336,20836,"A direct-capture"
"A","A__mix72hr_DirectCapture__pur90__muweak__moivhigh","direct-capture","mix72hr_DirectCapture",0.9,"weak",30,"vhigh",15,"valley",0.542134130741154,0.993682648453736,0.545069090288574,0.00446513395401862,0.502927625263966,10526,20836,"A direct-capture"
"A","A__mix72hr_DirectCapture__pur90__muweak__moivhigh","direct-capture","mix72hr_DirectCapture",0.9,"weak",30,"vhigh",15,"fishash",0.828480823038396,0.992367187557897,0.834650304387498,0.00544588155207624,0.771309272413131,16159,20836,"A direct-capture"
"A","A__mix72hr_DirectCapture__pur90__muweak__moivhigh","direct-capture","mix72hr_DirectCapture",0.9,"weak",30,"vhigh",15,"depth_fix",0.829917831796539,0.989806697527105,0.837486894630586,0.00630714037727115,0.824198502591668,17282,20836,"A direct-capture"
"A","A__mix72hr_DirectCapture__pur90__muweak__moivhigh","direct-capture","mix72hr_DirectCapture",0.9,"weak",30,"vhigh",15,"sceptre",0.566488305414483,0.994031197067604,0.570393689548298,0.00417457305502846,0.503743520829334,10540,20836,"A direct-capture"
"A","A__mix72hr_DirectCapture__pur90__mumod__moivhigh","direct-capture","mix72hr_DirectCapture",0.9,"mod",100,"vhigh",15,"thresh3",0.880279442733928,0.991729150938414,0.886769930762139,0.00547719451311134,0.88649816375027,20631,23145,"A direct-capture"
"A","A__mix72hr_DirectCapture__pur90__mumod__moivhigh","direct-capture","mix72hr_DirectCapture",0.9,"mod",100,"vhigh",15,"thresh10",0.730338194768592,0.994832712461562,0.733140921928876,0.00340495479628977,0.733462950961331,17034,23145,"A direct-capture"
"A","A__mix72hr_DirectCapture__pur90__mumod__moivhigh","direct-capture","mix72hr_DirectCapture",0.9,"mod",100,"vhigh",15,"thresh20",0.646023233025128,0.995464572101133,0.64789678223866,0.00305363781200212,0.648865845755023,15064,23145,"A direct-capture"
"A","A__mix72hr_DirectCapture__pur90__mumod__moivhigh","direct-capture","mix72hr_DirectCapture",0.9,"mod",100,"vhigh",15,"ambient",0.76790353000942,0.997140229224116,0.770084608196134,0.00147440434064638,0.73151868654137,16956,23145,"A direct-capture"
"A","A__mix72hr_DirectCapture__pur90__mumod__moivhigh","direct-capture","mix72hr_DirectCapture",0.9,"mod",100,"vhigh",15,"otsu",0.623372893120846,0.995728256143099,0.625048804457662,0.00283854887842703,0.622294232015554,14444,23145,"A direct-capture"
"A","A__mix72hr_DirectCapture__pur90__mumod__moivhigh","direct-capture","mix72hr_DirectCapture",0.9,"mod",100,"vhigh",15,"valley",0.588746631064925,0.994698836995713,0.591501435458795,0.00394198586835255,0.578613091380428,13445,23145,"A direct-capture"
"A","A__mix72hr_DirectCapture__pur90__mumod__moivhigh","direct-capture","mix72hr_DirectCapture",0.9,"mod",100,"vhigh",15,"fishash",0.86928270087101,0.993227397064245,0.87514470317838,0.00483579551493251,0.809116439835818,18818,23145,"A direct-capture"
"A","A__mix72hr_DirectCapture__pur90__mumod__moivhigh","direct-capture","mix72hr_DirectCapture",0.9,"mod",100,"vhigh",15,"depth_fix",0.888124509530862,0.991630971750692,0.894920600571174,0.00533643817008684,0.885850075610283,20613,23145,"A direct-capture"
"A","A__mix72hr_DirectCapture__pur90__mumod__moivhigh","direct-capture","mix72hr_DirectCapture",0.9,"mod",100,"vhigh",15,"sceptre",0.586331555490987,0.997764064729191,0.587906524953719,0.00176263219741481,0.513847483257723,11914,23145,"A direct-capture"
"A","A__mix72hr_DirectCapture__pur90__mustrong__moivhigh","direct-capture","mix72hr_DirectCapture",0.9,"strong",400,"vhigh",15,"thresh3",0.946856160367386,0.992842605752425,0.953404909800744,0.0049543008456479,0.953156322873624,23414,24443,"A direct-capture"
"A","A__mix72hr_DirectCapture__pur90__mustrong__moivhigh","direct-capture","mix72hr_DirectCapture",0.9,"strong",400,"vhigh",15,"thresh10",0.841215333871215,0.995345491054544,0.844476082793169,0.0029969064191802,0.843840772409279,20688,24443,"A direct-capture"
"A","A__mix72hr_DirectCapture__pur90__mustrong__moivhigh","direct-capture","mix72hr_DirectCapture",0.9,"strong",400,"vhigh",15,"thresh20",0.761751874950092,0.995925913195399,0.764125688438863,0.00257483102671387,0.760708587325615,18642,24443,"A direct-capture"
"A","A__mix72hr_DirectCapture__pur90__mustrong__moivhigh","direct-capture","mix72hr_DirectCapture",0.9,"strong",400,"vhigh",15,"ambient",0.805891628113569,0.998725474558505,0.807066143703646,0.00032244196044712,0.761035879392873,18608,24443,"A direct-capture"
"A","A__mix72hr_DirectCapture__pur90__mustrong__moivhigh","direct-capture","mix72hr_DirectCapture",0.9,"strong",400,"vhigh",15,"otsu",0.694638075894788,0.996389616857457,0.696368736360104,0.00201028794418495,0.69054535040707,16913,24443,"A direct-capture"
"A","A__mix72hr_DirectCapture__pur90__mustrong__moivhigh","direct-capture","mix72hr_DirectCapture",0.9,"strong",400,"vhigh",15,"valley",0.830595026043996,0.995721013544229,0.833848895104699,0.0032596711567039,0.8506729943133,20861,24443,"A direct-capture"
"A","A__mix72hr_DirectCapture__pur90__mustrong__moivhigh","direct-capture","mix72hr_DirectCapture",0.9,"strong",400,"vhigh",15,"fishash",0.893881898395911,0.993522186931871,0.900130976855442,0.00481819988078681,0.819662070940556,20132,24443,"A direct-capture"
"A","A__mix72hr_DirectCapture__pur90__mustrong__moivhigh","direct-capture","mix72hr_DirectCapture",0.9,"strong",400,"vhigh",15,"depth_fix",0.953802619217447,0.991519477342458,0.961676760660356,0.00534713970463419,0.958883934050648,23564,24443,"A direct-capture"
"A","A__mix72hr_DirectCapture__pur90__mustrong__moivhigh","direct-capture","mix72hr_DirectCapture",0.9,"strong",400,"vhigh",15,"sceptre",0.607053612362773,0.997834932157981,0.608843751513011,0.000758552681483729,0.53892730024956,13183,24443,"A direct-capture"
"A","A__mix72hr_DirectCapture__pur99__muweak__moivhigh","direct-capture","mix72hr_DirectCapture",0.99,"weak",30,"vhigh",15,"thresh3",0.823190585143766,0.992442155616224,0.828293716950669,0.0048358822462673,0.829328497304922,16543,19851,"A direct-capture"
"A","A__mix72hr_DirectCapture__pur99__muweak__moivhigh","direct-capture","mix72hr_DirectCapture",0.99,"weak",30,"vhigh",15,"thresh10",0.654984887864299,0.995988513248162,0.656796044813663,0.00290920226611545,0.656087854516145,13062,19851,"A direct-capture"
"A","A__mix72hr_DirectCapture__pur99__muweak__moivhigh","direct-capture","mix72hr_DirectCapture",0.99,"weak",30,"vhigh",15,"thresh20",0.567133867717584,0.99657832838932,0.568289838166907,0.00238579128744367,0.568737091330412,11317,19851,"A direct-capture"
"A","A__mix72hr_DirectCapture__pur99__muweak__moivhigh","direct-capture","mix72hr_DirectCapture",0.99,"weak",30,"vhigh",15,"ambient",0.735283345067646,0.995660852451085,0.738267951188073,0.00232203758798346,0.692609944083421,13781,19851,"A direct-capture"
"A","A__mix72hr_DirectCapture__pur99__muweak__moivhigh","direct-capture","mix72hr_DirectCapture",0.99,"weak",30,"vhigh",15,"otsu",0.586296923415082,0.996715519975965,0.587503271698619,0.00232218113012815,0.584353433076419,11627,19851,"A direct-capture"
"A","A__mix72hr_DirectCapture__pur99__muweak__moivhigh","direct-capture","mix72hr_DirectCapture",0.99,"weak",30,"vhigh",15,"valley",0.519626548813934,0.996172902399286,0.521456699795463,0.00280869655674607,0.482897587023324,9613,19851,"A direct-capture"
"A","A__mix72hr_DirectCapture__pur99__muweak__moivhigh","direct-capture","mix72hr_DirectCapture",0.99,"weak",30,"vhigh",15,"fishash",0.822420584364179,0.993841817502327,0.827308017728646,0.00478468899521531,0.754420432220039,15048,19851,"A direct-capture"
"A","A__mix72hr_DirectCapture__pur99__muweak__moivhigh","direct-capture","mix72hr_DirectCapture",0.99,"weak",30,"vhigh",15,"depth_fix",0.829709796943901,0.991912129145225,0.835330939716396,0.0052935807727411,0.823535338270112,16435,19851,"A direct-capture"
"A","A__mix72hr_DirectCapture__pur99__muweak__moivhigh","direct-capture","mix72hr_DirectCapture",0.99,"weak",30,"vhigh",15,"sceptre",0.560911139638431,0.996476552532244,0.562853679622717,0.00277178934400986,0.489345624905546,9741,19851,"A direct-capture"
"A","A__mix72hr_DirectCapture__pur99__mumod__moivhigh","direct-capture","mix72hr_DirectCapture",0.99,"mod",100,"vhigh",15,"thresh3",0.879880308506881,0.993129697842802,0.885156653835053,0.00374090396638311,0.884969045884924,19514,21968,"A direct-capture"
"A","A__mix72hr_DirectCapture__pur99__mumod__moivhigh","direct-capture","mix72hr_DirectCapture",0.99,"mod",100,"vhigh",15,"thresh10",0.72806513326946,0.99588636584087,0.730117555028624,0.00211943647924199,0.728696285506191,16042,21968,"A direct-capture"
"A","A__mix72hr_DirectCapture__pur99__mumod__moivhigh","direct-capture","mix72hr_DirectCapture",0.99,"mod",100,"vhigh",15,"thresh20",0.648736319958522,0.996861806914954,0.64988624285527,0.00168503826441059,0.647259650400583,14243,21968,"A direct-capture"
"A","A__mix72hr_DirectCapture__pur99__mumod__moivhigh","direct-capture","mix72hr_DirectCapture",0.99,"mod",100,"vhigh",15,"ambient",0.765905086449093,0.997520417233406,0.767795560406519,0.00113428697460457,0.721549526584122,15869,21968,"A direct-capture"
"A","A__mix72hr_DirectCapture__pur99__mumod__moivhigh","direct-capture","mix72hr_DirectCapture",0.99,"mod",100,"vhigh",15,"otsu",0.628437105076607,0.997513182397122,0.629310924843535,0.00146145414687614,0.622041150764749,13685,21968,"A direct-capture"
"A","A__mix72hr_DirectCapture__pur99__mumod__moivhigh","direct-capture","mix72hr_DirectCapture",0.99,"mod",100,"vhigh",15,"valley",0.525806653528668,0.996461982599046,0.527430155182643,0.00295513566759201,0.506828113619811,11167,21968,"A direct-capture"
"A","A__mix72hr_DirectCapture__pur99__mumod__moivhigh","direct-capture","mix72hr_DirectCapture",0.99,"mod",100,"vhigh",15,"fishash",0.874566572418399,0.994554513614108,0.879304645279082,0.00380803046424371,0.809768754552076,17857,21968,"A direct-capture"
"A","A__mix72hr_DirectCapture__pur99__mumod__moivhigh","direct-capture","mix72hr_DirectCapture",0.99,"mod",100,"vhigh",15,"depth_fix",0.885696869139858,0.992051647510312,0.89231494232187,0.00426537848810319,0.882010196649672,19459,21968,"A direct-capture"
"A","A__mix72hr_DirectCapture__pur99__mumod__moivhigh","direct-capture","mix72hr_DirectCapture",0.99,"mod",100,"vhigh",15,"sceptre",0.59223403403018,0.998029782007322,0.593723833604136,0.00102871838834119,0.530453386744355,11665,21968,"A direct-capture"
"A","A__mix72hr_DirectCapture__pur99__mustrong__moivhigh","direct-capture","mix72hr_DirectCapture",0.99,"strong",400,"vhigh",15,"thresh3",0.951152787013867,0.99476954426753,0.95592756054236,0.00341705866690335,0.95692006136015,22534,23468,"A direct-capture"
"A","A__mix72hr_DirectCapture__pur99__mustrong__moivhigh","direct-capture","mix72hr_DirectCapture",0.99,"strong",400,"vhigh",15,"thresh10",0.846534793245342,0.996932862262644,0.848810138485752,0.00190209230153168,0.84966763252088,19978,23468,"A direct-capture"
"A","A__mix72hr_DirectCapture__pur99__mustrong__moivhigh","direct-capture","mix72hr_DirectCapture",0.99,"strong",400,"vhigh",15,"thresh20",0.768542175740844,0.997428216272368,0.770103053976372,0.00143487858719647,0.771007329129027,18120,23468,"A direct-capture"
"A","A__mix72hr_DirectCapture__pur99__mustrong__moivhigh","direct-capture","mix72hr_DirectCapture",0.99,"strong",400,"vhigh",15,"ambient",0.806573015970741,0.999895833333333,0.806660012307737,5.57072029413403e-05,0.764871314129879,17951,23468,"A direct-capture"
"A","A__mix72hr_DirectCapture__pur99__mustrong__moivhigh","direct-capture","mix72hr_DirectCapture",0.99,"strong",400,"vhigh",15,"otsu",0.697270239260986,0.998321830243084,0.698128714492697,0.000858474368408143,0.69430714163968,16308,23468,"A direct-capture"
"A","A__mix72hr_DirectCapture__pur99__mustrong__moivhigh","direct-capture","mix72hr_DirectCapture",0.99,"strong",400,"vhigh",15,"valley",0.784169148891693,0.997161730130075,0.786282095079077,0.00193288590604027,0.792099880688597,18625,23468,"A direct-capture"
"A","A__mix72hr_DirectCapture__pur99__mustrong__moivhigh","direct-capture","mix72hr_DirectCapture",0.99,"strong",400,"vhigh",15,"fishash",0.918595703991331,0.994816073089125,0.923618028692431,0.00360992730007521,0.846812681097665,19945,23468,"A direct-capture"
"A","A__mix72hr_DirectCapture__pur99__mustrong__moivhigh","direct-capture","mix72hr_DirectCapture",0.99,"strong",400,"vhigh",15,"depth_fix",0.96065155558767,0.993730562492701,0.96656755624822,0.00386864201872774,0.965527526845066,22747,23468,"A direct-capture"
"A","A__mix72hr_DirectCapture__pur99__mustrong__moivhigh","direct-capture","mix72hr_DirectCapture",0.99,"strong",400,"vhigh",15,"sceptre",0.618751568330965,0.999138586311039,0.61947831701315,0.000467289719626168,0.546872336799045,12840,23468,"A direct-capture"
"B","B__regime__a549_crispri_perturbseq_GSE236304","a549_crispri_perturbseq_GSE236304","a549_crispri_perturbseq_GSE236304",NA,"cal",83,"low",3,"thresh3",0.731037187402066,0.74595977139312,0.97367695772167,0.431900045024764,0.970576923076923,17768,10400,"B a549_crispri_perturbseq_GSE236304"
"B","B__regime__a549_crispri_perturbseq_GSE236304","a549_crispri_perturbseq_GSE236304","a549_crispri_perturbseq_GSE236304",NA,"cal",83,"low",3,"thresh10",0.858506409876919,0.978829500366176,0.87179987886996,0.0149890590809628,0.865673076923077,9140,10400,"B a549_crispri_perturbseq_GSE236304"
"B","B__regime__a549_crispri_perturbseq_GSE236304","a549_crispri_perturbseq_GSE236304","a549_crispri_perturbseq_GSE236304",NA,"cal",83,"low",3,"thresh20",0.778916636792945,0.996864633595029,0.780065574598578,0.000870213823968175,0.772788461538462,8044,10400,"B a549_crispri_perturbseq_GSE236304"
"B","B__regime__a549_crispri_perturbseq_GSE236304","a549_crispri_perturbseq_GSE236304","a549_crispri_perturbseq_GSE236304",NA,"cal",83,"low",3,"ambient",0.752620645708846,0.771744657730373,0.959381242802099,0.239167572604442,0.942115384615385,12878,10400,"B a549_crispri_perturbseq_GSE236304"
"B","B__regime__a549_crispri_perturbseq_GSE236304","a549_crispri_perturbseq_GSE236304","a549_crispri_perturbseq_GSE236304",NA,"cal",83,"low",3,"otsu",0.692835432413763,0.70403923013988,0.988249112727616,0.767995821790272,0.982403846153846,44038,10400,"B a549_crispri_perturbseq_GSE236304"
"B","B__regime__a549_crispri_perturbseq_GSE236304","a549_crispri_perturbseq_GSE236304","a549_crispri_perturbseq_GSE236304",NA,"cal",83,"low",3,"valley",0.881684379694856,0.98981528673315,0.888367966825027,0.00514193893947509,0.892980769230769,9335,10400,"B a549_crispri_perturbseq_GSE236304"
"B","B__regime__a549_crispri_perturbseq_GSE236304","a549_crispri_perturbseq_GSE236304","a549_crispri_perturbseq_GSE236304",NA,"cal",83,"low",3,"fishash",0.868801875991028,0.981261772375184,0.877538793539759,0.00714524952551077,0.855096153846154,8957,10400,"B a549_crispri_perturbseq_GSE236304"
"B","B__regime__a549_crispri_perturbseq_GSE236304","a549_crispri_perturbseq_GSE236304","a549_crispri_perturbseq_GSE236304",NA,"cal",83,"low",3,"depth_fix",0.880785615218926,0.91337254135213,0.956865386404171,0.0501110360142899,0.945961538461538,10357,10400,"B a549_crispri_perturbseq_GSE236304"
"B","B__regime__a549_crispri_perturbseq_GSE236304","a549_crispri_perturbseq_GSE236304","a549_crispri_perturbseq_GSE236304",NA,"cal",83,"low",3,"sceptre",0.897481716070686,0.957979252072975,0.929204152264238,0.0216418686921236,0.904134615384615,9611,10400,"B a549_crispri_perturbseq_GSE236304"
"B","B__regime__cd8_tcell_perturbcite_GSE279498","cd8_tcell_perturbcite_GSE279498","cd8_tcell_perturbcite_GSE279498",NA,"cal",8,"low",1,"thresh3",0.59058688161922,0.729777298210917,0.798778165669764,0.642530804374914,0.804612028669367,7223,3209,"B cd8_tcell_perturbcite_GSE279498"
"B","B__regime__cd8_tcell_perturbcite_GSE279498","cd8_tcell_perturbcite_GSE279498","cd8_tcell_perturbcite_GSE279498",NA,"cal",8,"low",1,"thresh10",0.388622184393087,0.912640296857065,0.403203924918649,0.164948453608247,0.403864132128389,1552,3209,"B cd8_tcell_perturbcite_GSE279498"
"B","B__regime__cd8_tcell_perturbcite_GSE279498","cd8_tcell_perturbcite_GSE279498","cd8_tcell_perturbcite_GSE279498",NA,"cal",8,"low",1,"thresh20",0.240874487558337,0.951073137388927,0.242079500647578,0.047741935483871,0.229978186350888,775,3209,"B cd8_tcell_perturbcite_GSE279498"
"B","B__regime__cd8_tcell_perturbcite_GSE279498","cd8_tcell_perturbcite_GSE279498","cd8_tcell_perturbcite_GSE279498",NA,"cal",8,"low",1,"ambient",0.517070309760661,0.547393703201813,0.903097725789568,0.673960612691466,0.882206294795887,8683,3209,"B cd8_tcell_perturbcite_GSE279498"
"B","B__regime__cd8_tcell_perturbcite_GSE279498","cd8_tcell_perturbcite_GSE279498","cd8_tcell_perturbcite_GSE279498",NA,"cal",8,"low",1,"otsu",0.44205516433901,0.483978405332539,0.955913443718896,0.903401532906822,0.950451854160175,31574,3209,"B cd8_tcell_perturbcite_GSE279498"
"B","B__regime__cd8_tcell_perturbcite_GSE279498","cd8_tcell_perturbcite_GSE279498","cd8_tcell_perturbcite_GSE279498",NA,"cal",8,"low",1,"valley",0.602377981650329,0.913143016530055,0.619819003344544,0.0447479981158738,0.631972577126831,2123,3209,"B cd8_tcell_perturbcite_GSE279498"
"B","B__regime__cd8_tcell_perturbcite_GSE279498","cd8_tcell_perturbcite_GSE279498","cd8_tcell_perturbcite_GSE279498",NA,"cal",8,"low",1,"fishash",0.658592287727806,0.794655019115899,0.77144611459471,0.255241567912489,0.763789342474291,3291,3209,"B cd8_tcell_perturbcite_GSE279498"
"B","B__regime__cd8_tcell_perturbcite_GSE279498","cd8_tcell_perturbcite_GSE279498","cd8_tcell_perturbcite_GSE279498",NA,"cal",8,"low",1,"depth_fix",0.650321277636779,0.754453673443312,0.805713033335742,0.35010111223458,0.801184169523216,3956,3209,"B cd8_tcell_perturbcite_GSE279498"
"B","B__regime__cd8_tcell_perturbcite_GSE279498","cd8_tcell_perturbcite_GSE279498","cd8_tcell_perturbcite_GSE279498",NA,"cal",8,"low",1,"sceptre",0.619332261573428,0.781408655137941,0.757875470132944,0.404223968565815,0.755998753505765,4072,3209,"B cd8_tcell_perturbcite_GSE279498"
"B","B__regime__dctap_k562_highmoi_GSE303901","dctap_k562_highmoi_GSE303901","dctap_k562_highmoi_GSE303901",NA,"cal",195,"high",9,"thresh3",0.725430688399985,0.730474832879131,0.99356967353091,0.418946577786123,0.985823059033419,53255,31389,"B dctap_k562_highmoi_GSE303901"
"B","B__regime__dctap_k562_highmoi_GSE303901","dctap_k562_highmoi_GSE303901","dctap_k562_highmoi_GSE303901",NA,"cal",195,"high",9,"thresh10",0.891789623285702,0.921473566639696,0.967790036435225,0.105742360046876,0.948102838574023,33279,31389,"B dctap_k562_highmoi_GSE303901"
"B","B__regime__dctap_k562_highmoi_GSE303901","dctap_k562_highmoi_GSE303901","dctap_k562_highmoi_GSE303901",NA,"cal",195,"high",9,"thresh20",0.913472517519503,0.973973233703236,0.936903225262013,0.0262443131662932,0.913727739016853,29454,31389,"B dctap_k562_highmoi_GSE303901"
"B","B__regime__dctap_k562_highmoi_GSE303901","dctap_k562_highmoi_GSE303901","dctap_k562_highmoi_GSE303901",NA,"cal",195,"high",9,"ambient",0.882115051709015,0.913474546422483,0.966097941298679,0.0793820260001256,0.934021472490363,31846,31389,"B dctap_k562_highmoi_GSE303901"
"B","B__regime__dctap_k562_highmoi_GSE303901","dctap_k562_highmoi_GSE303901","dctap_k562_highmoi_GSE303901",NA,"cal",195,"high",9,"otsu",0.873703469692959,0.885940362925456,0.98709672681391,0.260751785971137,0.982414221542579,41714,31389,"B dctap_k562_highmoi_GSE303901"
"B","B__regime__dctap_k562_highmoi_GSE303901","dctap_k562_highmoi_GSE303901","dctap_k562_highmoi_GSE303901",NA,"cal",195,"high",9,"valley",0.933120644745003,0.993522133767475,0.938843884935151,0.00383525095881274,0.951607250947784,29985,31389,"B dctap_k562_highmoi_GSE303901"
"B","B__regime__dctap_k562_highmoi_GSE303901","dctap_k562_highmoi_GSE303901","dctap_k562_highmoi_GSE303901",NA,"cal",195,"high",9,"fishash",0.901585250463588,0.989744258518862,0.908234726565349,0.00310257177033493,0.849628850871324,26752,31389,"B dctap_k562_highmoi_GSE303901"
"B","B__regime__dctap_k562_highmoi_GSE303901","dctap_k562_highmoi_GSE303901","dctap_k562_highmoi_GSE303901",NA,"cal",195,"high",9,"depth_fix",0.816829443338173,0.823951886272682,0.989766076706172,0.205721824154789,0.978240784988372,38659,31389,"B dctap_k562_highmoi_GSE303901"
"B","B__regime__dctap_k562_highmoi_GSE303901","dctap_k562_highmoi_GSE303901","dctap_k562_highmoi_GSE303901",NA,"cal",195,"high",9,"sceptre",0.87615064510283,0.9565229109277,0.914973892923337,0.0248889541499945,0.84625187167479,27241,31389,"B dctap_k562_highmoi_GSE303901"
"B","B__regime__dctap_k562_lowmoi_GSE303901","dctap_k562_lowmoi_GSE303901","dctap_k562_lowmoi_GSE303901",NA,"cal",518,"low",1,"thresh3",0.675683651815004,0.680542285623579,0.992658899801972,0.515088013411568,0.994555873925501,7158,3490,"B dctap_k562_lowmoi_GSE303901"
"B","B__regime__dctap_k562_lowmoi_GSE303901","dctap_k562_lowmoi_GSE303901","dctap_k562_lowmoi_GSE303901",NA,"cal",518,"low",1,"thresh10",0.938202403505159,0.977404926031619,0.960643638518878,0.0197044334975369,0.969340974212034,3451,3490,"B dctap_k562_lowmoi_GSE303901"
"B","B__regime__dctap_k562_lowmoi_GSE303901","dctap_k562_lowmoi_GSE303901","dctap_k562_lowmoi_GSE303901",NA,"cal",518,"low",1,"thresh20",0.933077415012874,0.999149659863946,0.933910748346207,0.000606796116504854,0.943839541547278,3296,3490,"B dctap_k562_lowmoi_GSE303901"
"B","B__regime__dctap_k562_lowmoi_GSE303901","dctap_k562_lowmoi_GSE303901","dctap_k562_lowmoi_GSE303901",NA,"cal",518,"low",1,"ambient",0.571166725282956,0.572119470573912,0.993006025102489,0.645015879520541,0.992836676217765,9761,3490,"B dctap_k562_lowmoi_GSE303901"
"B","B__regime__dctap_k562_lowmoi_GSE303901","dctap_k562_lowmoi_GSE303901","dctap_k562_lowmoi_GSE303901",NA,"cal",518,"low",1,"otsu",0.766968120997518,0.772111237856416,0.994856883141102,0.816402116402116,0.994269340974212,18900,3490,"B dctap_k562_lowmoi_GSE303901"
"B","B__regime__dctap_k562_lowmoi_GSE303901","dctap_k562_lowmoi_GSE303901","dctap_k562_lowmoi_GSE303901",NA,"cal",518,"low",1,"valley",0.937511488465856,0.980548351600983,0.956703781552886,0.0206455364931666,0.965042979942693,3439,3490,"B dctap_k562_lowmoi_GSE303901"
"B","B__regime__dctap_k562_lowmoi_GSE303901","dctap_k562_lowmoi_GSE303901","dctap_k562_lowmoi_GSE303901",NA,"cal",518,"low",1,"fishash",0.822132488164086,0.846787803009508,0.957796403666999,0.111286919831224,0.965616045845272,3792,3490,"B dctap_k562_lowmoi_GSE303901"
"B","B__regime__dctap_k562_lowmoi_GSE303901","dctap_k562_lowmoi_GSE303901","dctap_k562_lowmoi_GSE303901",NA,"cal",518,"low",1,"depth_fix",0.740837123920184,0.745775419038709,0.991816324724391,0.257815845824411,0.993123209169054,4670,3490,"B dctap_k562_lowmoi_GSE303901"
"B","B__regime__dctap_k562_lowmoi_GSE303901","dctap_k562_lowmoi_GSE303901","dctap_k562_lowmoi_GSE303901",NA,"cal",518,"low",1,"sceptre",0.811773836981938,0.823566378072634,0.986208745909549,0.239724505665408,0.980515759312321,4501,3490,"B dctap_k562_lowmoi_GSE303901"
"B","B__regime__endoc_t2d_perturbseq_GSE273677","endoc_t2d_perturbseq_GSE273677","endoc_t2d_perturbseq_GSE273677",NA,"cal",238,"low",2,"thresh3",0.90901407416272,0.914140353197886,0.992640685227449,0.0951633986928105,0.992970879357338,7650,6971,"B endoc_t2d_perturbseq_GSE273677"
"B","B__regime__endoc_t2d_perturbseq_GSE273677","endoc_t2d_perturbseq_GSE273677","endoc_t2d_perturbseq_GSE273677",NA,"cal",238,"low",2,"thresh10",0.972083528096988,0.999047619047619,0.973035909049368,0.000147579693034238,0.97188351742935,6776,6971,"B endoc_t2d_perturbseq_GSE273677"
"B","B__regime__endoc_t2d_perturbseq_GSE273677","endoc_t2d_perturbseq_GSE273677","endoc_t2d_perturbseq_GSE273677",NA,"cal",238,"low",2,"thresh20",0.937654872902564,1,0.937654872902564,0,0.940611103141587,6557,6971,"B endoc_t2d_perturbseq_GSE273677"
"B","B__regime__endoc_t2d_perturbseq_GSE273677","endoc_t2d_perturbseq_GSE273677","endoc_t2d_perturbseq_GSE273677",NA,"cal",238,"low",2,"ambient",0.833050571967787,0.838297421407402,0.991912288887997,0.201042873696408,0.989097690431789,8630,6971,"B endoc_t2d_perturbseq_GSE273677"
"B","B__regime__endoc_t2d_perturbseq_GSE273677","endoc_t2d_perturbseq_GSE273677","endoc_t2d_perturbseq_GSE273677",NA,"cal",238,"low",2,"otsu",0.892267090308272,0.90229014554648,0.989943555311737,0.496752535941035,0.989241141873476,13703,6971,"B endoc_t2d_perturbseq_GSE273677"
"B","B__regime__endoc_t2d_perturbseq_GSE273677","endoc_t2d_perturbseq_GSE273677","endoc_t2d_perturbseq_GSE273677",NA,"cal",238,"low",2,"valley",0.975504828681816,0.999483040087067,0.975641449662426,0.00029218407596786,0.981638215464065,6845,6971,"B endoc_t2d_perturbseq_GSE273677"
"B","B__regime__endoc_t2d_perturbseq_GSE273677","endoc_t2d_perturbseq_GSE273677","endoc_t2d_perturbseq_GSE273677",NA,"cal",238,"low",2,"fishash",0.953265711834553,0.984675069794743,0.966388926030399,0.00667358742399525,0.960837756419452,6743,6971,"B endoc_t2d_perturbseq_GSE273677"
"B","B__regime__endoc_t2d_perturbseq_GSE273677","endoc_t2d_perturbseq_GSE273677","endoc_t2d_perturbseq_GSE273677",NA,"cal",238,"low",2,"depth_fix",0.942921930950579,0.948292370971529,0.99352997609668,0.0314993700125997,0.99239707359059,7143,6971,"B endoc_t2d_perturbseq_GSE273677"
"B","B__regime__endoc_t2d_perturbseq_GSE273677","endoc_t2d_perturbseq_GSE273677","endoc_t2d_perturbseq_GSE273677",NA,"cal",238,"low",2,"sceptre",0.952564394632852,0.970659227531989,0.980681156283953,0.0165169516082295,0.973748386171281,6902,6971,"B endoc_t2d_perturbseq_GSE273677"
"B","B__regime__gastric_organoid_cropseq_GSE280506","gastric_organoid_cropseq_GSE280506","gastric_organoid_cropseq_GSE280506",NA,"cal",84,"low",1,"thresh3",0.55815262525488,0.559137484167687,0.998590823789105,0.867438964567375,0.997444633730835,26501,3522,"B gastric_organoid_cropseq_GSE280506"
"B","B__regime__gastric_organoid_cropseq_GSE280506","gastric_organoid_cropseq_GSE280506","gastric_organoid_cropseq_GSE280506",NA,"cal",84,"low",1,"thresh10",0.768484178868968,0.796337069295101,0.968723231229779,0.538011695906433,0.964508801817149,7353,3522,"B gastric_organoid_cropseq_GSE280506"
"B","B__regime__gastric_organoid_cropseq_GSE280506","gastric_organoid_cropseq_GSE280506","gastric_organoid_cropseq_GSE280506",NA,"cal",84,"low",1,"thresh20",0.809737262964749,0.912757216410545,0.884818507725776,0.241959064327485,0.883304940374787,4104,3522,"B gastric_organoid_cropseq_GSE280506"
"B","B__regime__gastric_organoid_cropseq_GSE280506","gastric_organoid_cropseq_GSE280506","gastric_organoid_cropseq_GSE280506",NA,"cal",84,"low",1,"ambient",0.59181938246334,0.594346184301386,0.995379086476656,0.742188077121962,0.99091425326519,13537,3522,"B gastric_organoid_cropseq_GSE280506"
"B","B__regime__gastric_organoid_cropseq_GSE280506","gastric_organoid_cropseq_GSE280506","gastric_organoid_cropseq_GSE280506",NA,"cal",84,"low",1,"otsu",0.534034482138029,0.543932323732566,0.989663227355517,0.936049405475159,0.984951731970471,54245,3522,"B gastric_organoid_cropseq_GSE280506"
"B","B__regime__gastric_organoid_cropseq_GSE280506","gastric_organoid_cropseq_GSE280506","gastric_organoid_cropseq_GSE280506",NA,"cal",84,"low",1,"valley",0.818643696301953,0.93212178302463,0.871866262074722,0.0851190476190476,0.872799545712663,3360,3522,"B gastric_organoid_cropseq_GSE280506"
"B","B__regime__gastric_organoid_cropseq_GSE280506","gastric_organoid_cropseq_GSE280506","gastric_organoid_cropseq_GSE280506",NA,"cal",84,"low",1,"fishash",0.695959288552755,0.698517110955787,0.991593083092003,0.488872512896094,0.984667802385009,6785,3522,"B gastric_organoid_cropseq_GSE280506"
"B","B__regime__gastric_organoid_cropseq_GSE280506","gastric_organoid_cropseq_GSE280506","gastric_organoid_cropseq_GSE280506",NA,"cal",84,"low",1,"depth_fix",0.603535578847605,0.604621469885832,0.997084515892902,0.708510107312204,0.99488926746167,12021,3522,"B gastric_organoid_cropseq_GSE280506"
"B","B__regime__gastric_organoid_cropseq_GSE280506","gastric_organoid_cropseq_GSE280506","gastric_organoid_cropseq_GSE280506",NA,"cal",84,"low",1,"sceptre",0.670130770978592,0.677157707008659,0.987277670457569,0.595073313782991,0.980124929017604,8525,3522,"B gastric_organoid_cropseq_GSE280506"
"B","B__regime__invivo_cortex_perturbseq_GSE249416","invivo_cortex_perturbseq_GSE249416","invivo_cortex_perturbseq_GSE249416",NA,"cal",390,"low",1,"thresh3",0.405053828998227,0.405742319676017,0.997833581215929,0.869435642070318,0.997406340057637,26508,3470,"B invivo_cortex_perturbseq_GSE249416"
"B","B__regime__invivo_cortex_perturbseq_GSE249416","invivo_cortex_perturbseq_GSE249416","invivo_cortex_perturbseq_GSE249416",NA,"cal",390,"low",1,"thresh10",0.837023230854408,0.847349016577558,0.987347613271062,0.316610033979612,0.985302593659942,5003,3470,"B invivo_cortex_perturbseq_GSE249416"
"B","B__regime__invivo_cortex_perturbseq_GSE249416","invivo_cortex_perturbseq_GSE249416","invivo_cortex_perturbseq_GSE249416",NA,"cal",390,"low",1,"thresh20",0.918556275329665,0.958896632306216,0.95501683906209,0.0554127392173665,0.953025936599424,3501,3470,"B invivo_cortex_perturbseq_GSE249416"
"B","B__regime__invivo_cortex_perturbseq_GSE249416","invivo_cortex_perturbseq_GSE249416","invivo_cortex_perturbseq_GSE249416",NA,"cal",390,"low",1,"ambient",0.461167728728528,0.462487499616437,0.994953833476192,0.829015286877109,0.992795389048991,20148,3470,"B invivo_cortex_perturbseq_GSE249416"
"B","B__regime__invivo_cortex_perturbseq_GSE249416","invivo_cortex_perturbseq_GSE249416","invivo_cortex_perturbseq_GSE249416",NA,"cal",390,"low",1,"otsu",0.54390696509382,0.5476275989808,0.996177430938035,0.950389692559892,0.994236311239193,69542,3470,"B invivo_cortex_perturbseq_GSE249416"
"B","B__regime__invivo_cortex_perturbseq_GSE249416","invivo_cortex_perturbseq_GSE249416","invivo_cortex_perturbseq_GSE249416",NA,"cal",390,"low",1,"valley",0.939083753910167,0.983441720008146,0.955337271808703,0.0118028917084686,0.965129682997118,3389,3470,"B invivo_cortex_perturbseq_GSE249416"
"B","B__regime__invivo_cortex_perturbseq_GSE249416","invivo_cortex_perturbseq_GSE249416","invivo_cortex_perturbseq_GSE249416",NA,"cal",390,"low",1,"fishash",0.701770319996634,0.715128543762116,0.969003370811836,0.295860474889683,0.965706051873199,4759,3470,"B invivo_cortex_perturbseq_GSE249416"
"B","B__regime__invivo_cortex_perturbseq_GSE249416","invivo_cortex_perturbseq_GSE249416","invivo_cortex_perturbseq_GSE249416",NA,"cal",390,"low",1,"depth_fix",0.596338001301808,0.597516748442819,0.99678003136537,0.526762491444216,0.996253602305476,7305,3470,"B invivo_cortex_perturbseq_GSE249416"
"B","B__regime__invivo_cortex_perturbseq_GSE249416","invivo_cortex_perturbseq_GSE249416","invivo_cortex_perturbseq_GSE249416",NA,"cal",390,"low",1,"sceptre",0.720030129514633,0.727662614943951,0.987151635212002,0.434530706836616,0.984438040345821,6041,3470,"B invivo_cortex_perturbseq_GSE249416"
"B","B__regime__ipsc_crispri_hipsci_figshare27989294","ipsc_crispri_hipsci_figshare27989294","ipsc_crispri_hipsci_figshare27989294",NA,"cal",52,"high",8,"thresh3",0.882119549640838,0.95937374912242,0.91746933288874,0.0516821602478973,0.936229878359677,27108,27458,"B ipsc_crispri_hipsci_figshare27989294"
"B","B__regime__ipsc_crispri_hipsci_figshare27989294","ipsc_crispri_hipsci_figshare27989294","ipsc_crispri_hipsci_figshare27989294",NA,"cal",52,"high",8,"thresh10",0.717148250020442,0.999926248248396,0.717177797937314,4.78904267037019e-05,0.760434117561366,20881,27458,"B ipsc_crispri_hipsci_figshare27989294"
"B","B__regime__ipsc_crispri_hipsci_figshare27989294","ipsc_crispri_hipsci_figshare27989294","ipsc_crispri_hipsci_figshare27989294",NA,"cal",52,"high",8,"thresh20",0.596258053293431,1,0.596258053293431,0,0.643856071090393,17679,27458,"B ipsc_crispri_hipsci_figshare27989294"
"B","B__regime__ipsc_crispri_hipsci_figshare27989294","ipsc_crispri_hipsci_figshare27989294","ipsc_crispri_hipsci_figshare27989294",NA,"cal",52,"high",8,"ambient",0.843821451736296,0.910626997856199,0.914435417306293,0.0609330005759263,0.890742224488309,26045,27458,"B ipsc_crispri_hipsci_figshare27989294"
"B","B__regime__ipsc_crispri_hipsci_figshare27989294","ipsc_crispri_hipsci_figshare27989294","ipsc_crispri_hipsci_figshare27989294",NA,"cal",52,"high",8,"otsu",0.856406300325674,0.894824414646688,0.960791069349457,0.25730035335689,0.956843178672882,35375,27458,"B ipsc_crispri_hipsci_figshare27989294"
"B","B__regime__ipsc_crispri_hipsci_figshare27989294","ipsc_crispri_hipsci_figshare27989294","ipsc_crispri_hipsci_figshare27989294",NA,"cal",52,"high",8,"valley",0.872945949538328,0.997530726404754,0.874405463373676,0.00145096932812059,0.902287129434045,24811,27458,"B ipsc_crispri_hipsci_figshare27989294"
"B","B__regime__ipsc_crispri_hipsci_figshare27989294","ipsc_crispri_hipsci_figshare27989294","ipsc_crispri_hipsci_figshare27989294",NA,"cal",52,"high",8,"fishash",0.694996880311783,0.991949652219768,0.697329240527727,0.0018328012297505,0.614866341321291,16914,27458,"B ipsc_crispri_hipsci_figshare27989294"
"B","B__regime__ipsc_crispri_hipsci_figshare27989294","ipsc_crispri_hipsci_figshare27989294","ipsc_crispri_hipsci_figshare27989294",NA,"cal",52,"high",8,"depth_fix",0.907618345569874,0.994924588702228,0.911743325313178,0.00142051059464152,0.921662174958118,25343,27458,"B ipsc_crispri_hipsci_figshare27989294"
"B","B__regime__ipsc_crispri_hipsci_figshare27989294","ipsc_crispri_hipsci_figshare27989294","ipsc_crispri_hipsci_figshare27989294",NA,"cal",52,"high",8,"sceptre",0.818118676845642,0.997372445899101,0.820279510378886,0.000952154248988336,0.764258139704276,21005,27458,"B ipsc_crispri_hipsci_figshare27989294"
"B","B__regime__perturb_multiome_erythroid_GSE274113","perturb_multiome_erythroid_GSE274113","perturb_multiome_erythroid_GSE274113",NA,"cal",27,"low",1,"thresh3",0.958355076094618,1,0.958355076094618,0,0.95975405254332,3434,3578,"B perturb_multiome_erythroid_GSE274113"
"B","B__regime__perturb_multiome_erythroid_GSE274113","perturb_multiome_erythroid_GSE274113","perturb_multiome_erythroid_GSE274113",NA,"cal",27,"low",1,"thresh10",0.767330067267451,1,0.767330067267451,0,0.769424259362772,2753,3578,"B perturb_multiome_erythroid_GSE274113"
"B","B__regime__perturb_multiome_erythroid_GSE274113","perturb_multiome_erythroid_GSE274113","perturb_multiome_erythroid_GSE274113",NA,"cal",27,"low",1,"thresh20",0.504945363052234,1,0.504945363052234,0,0.503912800447177,1803,3578,"B perturb_multiome_erythroid_GSE274113"
"B","B__regime__perturb_multiome_erythroid_GSE274113","perturb_multiome_erythroid_GSE274113","perturb_multiome_erythroid_GSE274113",NA,"cal",27,"low",1,"ambient",0.812826272951441,0.821506610401175,0.98908883110475,0.144736842105263,0.980994969256568,4104,3578,"B perturb_multiome_erythroid_GSE274113"
"B","B__regime__perturb_multiome_erythroid_GSE274113","perturb_multiome_erythroid_GSE274113","perturb_multiome_erythroid_GSE274113",NA,"cal",27,"low",1,"otsu",0.928469708786755,0.993333333333333,0.934701049114183,0.00268096514745308,0.935718278367803,3357,3578,"B perturb_multiome_erythroid_GSE274113"
"B","B__regime__perturb_multiome_erythroid_GSE274113","perturb_multiome_erythroid_GSE274113","perturb_multiome_erythroid_GSE274113",NA,"cal",27,"low",1,"valley",0.929309804555494,0.999328859060403,0.929980945495092,0.000896860986547085,0.934041363890442,3345,3578,"B perturb_multiome_erythroid_GSE274113"
"B","B__regime__perturb_multiome_erythroid_GSE274113","perturb_multiome_erythroid_GSE274113","perturb_multiome_erythroid_GSE274113",NA,"cal",27,"low",1,"fishash",0.947404832427182,0.999720357941834,0.947684474485347,0.000300120048019208,0.930967020681945,3332,3578,"B perturb_multiome_erythroid_GSE274113"
"B","B__regime__perturb_multiome_erythroid_GSE274113","perturb_multiome_erythroid_GSE274113","perturb_multiome_erythroid_GSE274113",NA,"cal",27,"low",1,"depth_fix",0.978699674938244,0.998974645786726,0.979725029151518,0.000570450656018254,0.979318054779206,3506,3578,"B perturb_multiome_erythroid_GSE274113"
"B","B__regime__perturb_multiome_erythroid_GSE274113","perturb_multiome_erythroid_GSE274113","perturb_multiome_erythroid_GSE274113",NA,"cal",27,"low",1,"sceptre",0.942444296292183,0.99816961561928,0.944274680672903,0.000894721145243066,0.936277249860257,3353,3578,"B perturb_multiome_erythroid_GSE274113"
"B","B__regime__tcell_cd4_perturbseq_GSE314342","tcell_cd4_perturbseq_GSE314342","tcell_cd4_perturbseq_GSE314342",NA,"cal",80,"low",3,"thresh3",0.995064463100418,0.999346405228758,0.99567448488691,0.00028587764436821,0.995539950654773,10494,10538,"B tcell_cd4_perturbseq_GSE314342"
"B","B__regime__tcell_cd4_perturbseq_GSE314342","tcell_cd4_perturbseq_GSE314342","tcell_cd4_perturbseq_GSE314342",NA,"cal",80,"low",3,"thresh10",0.963277776122748,1,0.963277776122748,0,0.962231922565952,10140,10538,"B tcell_cd4_perturbseq_GSE314342"
"B","B__regime__tcell_cd4_perturbseq_GSE314342","tcell_cd4_perturbseq_GSE314342","tcell_cd4_perturbseq_GSE314342",NA,"cal",80,"low",3,"thresh20",0.887521574714649,1,0.887521574714649,0,0.884038717024103,9316,10538,"B tcell_cd4_perturbseq_GSE314342"
"B","B__regime__tcell_cd4_perturbseq_GSE314342","tcell_cd4_perturbseq_GSE314342","tcell_cd4_perturbseq_GSE314342",NA,"cal",80,"low",3,"ambient",0.94097926273874,0.950380342430952,0.990231795785838,0.0219033232628399,0.98310874928829,10592,10538,"B tcell_cd4_perturbseq_GSE314342"
"B","B__regime__tcell_cd4_perturbseq_GSE314342","tcell_cd4_perturbseq_GSE314342","tcell_cd4_perturbseq_GSE314342",NA,"cal",80,"low",3,"otsu",0.978607085640606,1,0.978607085640606,0,0.976750806604669,10293,10538,"B tcell_cd4_perturbseq_GSE314342"
"B","B__regime__tcell_cd4_perturbseq_GSE314342","tcell_cd4_perturbseq_GSE314342","tcell_cd4_perturbseq_GSE314342",NA,"cal",80,"low",3,"valley",0.984059150251447,0.999971264367816,0.984086918011995,9.61353585848875e-05,0.986999430631998,10402,10538,"B tcell_cd4_perturbseq_GSE314342"
"B","B__regime__tcell_cd4_perturbseq_GSE314342","tcell_cd4_perturbseq_GSE314342","tcell_cd4_perturbseq_GSE314342",NA,"cal",80,"low",3,"fishash",0.979516757214763,0.999108893082978,0.980395392826066,0.0003996003996004,0.94951603719871,10010,10538,"B tcell_cd4_perturbseq_GSE314342"
"B","B__regime__tcell_cd4_perturbseq_GSE314342","tcell_cd4_perturbseq_GSE314342","tcell_cd4_perturbseq_GSE314342",NA,"cal",80,"low",3,"depth_fix",0.994917814359842,0.997597769457719,0.997275504045738,0.00142504275128254,0.997437843993168,10526,10538,"B tcell_cd4_perturbseq_GSE314342"
"B","B__regime__tcell_cd4_perturbseq_GSE314342","tcell_cd4_perturbseq_GSE314342","tcell_cd4_perturbseq_GSE314342",NA,"cal",80,"low",3,"sceptre",0.974630450411622,0.999474058280028,0.975148524055817,0.000197745699031046,0.9595748718922,10114,10538,"B tcell_cd4_perturbseq_GSE314342"
"B","B__regime__gasperini","gasperini","gasperini",NA,"cal",10,"high",25,"thresh3",0.803442286499462,0.923339281995418,0.868208540143337,0.0754206959567502,0.864286137967851,78798,84295,"B gasperini"
"B","B__regime__gasperini","gasperini","gasperini",NA,"cal",10,"high",25,"thresh10",0.475012935832818,0.999715707085921,0.475120330972397,0.000301841231512225,0.471487039563438,39756,84295,"B gasperini"
"B","B__regime__gasperini","gasperini","gasperini",NA,"cal",10,"high",25,"thresh20",0.214643418063887,1,0.214643418063887,0,0.21247998101904,17911,84295,"B gasperini"
"B","B__regime__gasperini","gasperini","gasperini",NA,"cal",10,"high",25,"ambient",0.67231813261574,0.973016521820184,0.689838796748066,0.0082096243897579,0.5904620677383,50185,84295,"B gasperini"
"B","B__regime__gasperini","gasperini","gasperini",NA,"cal",10,"high",25,"otsu",0.792966729674131,0.886141830373,0.902151637006734,0.218318682007058,0.888202147221069,95782,84295,"B gasperini"
"B","B__regime__gasperini","gasperini","gasperini",NA,"cal",10,"high",25,"valley",0.763337570026581,0.995578984814145,0.766549245859931,0.00536284631954245,0.794281985882911,67315,84295,"B gasperini"
"B","B__regime__gasperini","gasperini","gasperini",NA,"cal",10,"high",25,"fishash",0.586561260768548,1,0.586561260768548,0,0.45245862743935,38140,84295,"B gasperini"
"B","B__regime__gasperini","gasperini","gasperini",NA,"cal",10,"high",25,"depth_fix",0.78153409064132,0.997576277202556,0.782436722599014,0.000385232744783307,0.738786404887597,62300,84295,"B gasperini"
"B","B__regime__gasperini","gasperini","gasperini",NA,"cal",10,"high",25,"sceptre",0.548971308942896,0.999760989693876,0.549052015941728,8.89547813194959e-05,0.400047452399312,33725,84295,"B gasperini"
"B","B__regime__replogle","replogle","replogle",NA,"cal",814,"low",2,"thresh3",0.947062560903131,0.959946148776783,0.986683621950223,0.0741960991038482,0.98458304134548,7588,7135,"B replogle"
"B","B__regime__replogle","replogle","replogle",NA,"cal",814,"low",2,"thresh10",0.946287606037161,0.999803921568627,0.946483684468534,0.000148588410104012,0.943097407147863,6730,7135,"B replogle"
"B","B__regime__replogle","replogle","replogle",NA,"cal",814,"low",2,"thresh20",0.92143428948749,1,0.92143428948749,0,0.914365802382621,6524,7135,"B replogle"
"B","B__regime__replogle","replogle","replogle",NA,"cal",814,"low",2,"ambient",0.836471529601004,0.843219564838348,0.989510914892836,0.192453698378005,0.983882270497547,8693,7135,"B replogle"
"B","B__regime__replogle","replogle","replogle",NA,"cal",814,"low",2,"otsu",0.944581540696674,0.951789658452474,0.992752623202212,0.316832640433143,0.990329362298528,10343,7135,"B replogle"
"B","B__regime__replogle","replogle","replogle",NA,"cal",814,"low",2,"valley",0.973261621014986,0.999763126727201,0.973420844315957,0.000431096421899698,0.974912403644008,6959,7135,"B replogle"
"B","B__regime__replogle","replogle","replogle",NA,"cal",814,"low",2,"fishash",0.919423511194083,0.999648919753086,0.919774591440996,0.000311332503113325,0.900070077084793,6424,7135,"B replogle"
"B","B__regime__replogle","replogle","replogle",NA,"cal",814,"low",2,"depth_fix",0.986245675535746,0.995951723202577,0.989726801981625,0.00226372382569327,0.988367203924317,7068,7135,"B replogle"
"B","B__regime__replogle","replogle","replogle",NA,"cal",814,"low",2,"sceptre",0.963906018767771,0.989791404645378,0.974007676591652,0.00995958429561201,0.961317449194114,6928,7135,"B replogle"
"B","B__regime__schraivogel","schraivogel","schraivogel",NA,"cal",66,"low",1,"thresh3",0.91813072206772,0.931244092391573,0.986651389209048,0.107510288065844,0.984676503972758,3888,3524,"B schraivogel"
"B","B__regime__schraivogel","schraivogel","schraivogel",NA,"cal",66,"low",1,"thresh10",0.936089040997539,1,0.936089040997539,0,0.926503972758229,3265,3524,"B schraivogel"
"B","B__regime__schraivogel","schraivogel","schraivogel",NA,"cal",66,"low",1,"thresh20",0.825230575202227,1,0.825230575202227,0,0.827752553916005,2917,3524,"B schraivogel"
"B","B__regime__schraivogel","schraivogel","schraivogel",NA,"cal",66,"low",1,"ambient",0.789266750873085,0.798372794942335,0.988654357460181,0.240553602811951,0.980987514188422,4552,3524,"B schraivogel"
"B","B__regime__schraivogel","schraivogel","schraivogel",NA,"cal",66,"low",1,"otsu",0.771379638329117,0.792387361166559,0.978708389016106,0.822689162612566,0.972190692395006,19322,3524,"B schraivogel"
"B","B__regime__schraivogel","schraivogel","schraivogel",NA,"cal",66,"low",1,"valley",0.96122349633708,1,0.96122349633708,0,0.959137343927355,3380,3524,"B schraivogel"
"B","B__regime__schraivogel","schraivogel","schraivogel",NA,"cal",66,"low",1,"fishash",0.979971550141944,0.998338035838036,0.981516399466399,0.00145053669857847,0.976730987514188,3447,3524,"B schraivogel"
"B","B__regime__schraivogel","schraivogel","schraivogel",NA,"cal",66,"low",1,"depth_fix",0.983256345832812,0.99518480894489,0.987948094141452,0.00372706422018349,0.986095346197503,3488,3524,"B schraivogel"
"B","B__regime__schraivogel","schraivogel","schraivogel",NA,"cal",66,"low",1,"sceptre",0.960215506499246,0.984295740216793,0.97589464925366,0.0167581623808148,0.96566401816118,3461,3524,"B schraivogel"
"B","B__regime__barnyard_0hr_Cropseq","barnyard_0hr_Cropseq","barnyard_0hr_Cropseq",NA,"cal",12,"high",5,"thresh3",0.856698839080681,0.981733639000167,0.87116410824951,0.0161290322580645,0.86996644295302,14756,16688,"B barnyard_0hr_Cropseq"
"B","B__regime__barnyard_0hr_Cropseq","barnyard_0hr_Cropseq","barnyard_0hr_Cropseq",NA,"cal",12,"high",5,"thresh10",0.502555342048528,1,0.502555342048528,0,0.507130872483222,8463,16688,"B barnyard_0hr_Cropseq"
"B","B__regime__barnyard_0hr_Cropseq","barnyard_0hr_Cropseq","barnyard_0hr_Cropseq",NA,"cal",12,"high",5,"thresh20",0.26709925357372,1,0.26709925357372,0,0.255932406519655,4271,16688,"B barnyard_0hr_Cropseq"
"B","B__regime__barnyard_0hr_Cropseq","barnyard_0hr_Cropseq","barnyard_0hr_Cropseq",NA,"cal",12,"high",5,"ambient",0.819209666898943,0.898676761069138,0.908441679763429,0.0549993498894812,0.87104506232023,15382,16688,"B barnyard_0hr_Cropseq"
"B","B__regime__barnyard_0hr_Cropseq","barnyard_0hr_Cropseq","barnyard_0hr_Cropseq",NA,"cal",12,"high",5,"otsu",0.806306400912903,0.877117643617355,0.927081822543042,0.222075212457381,0.916047459252157,19651,16688,"B barnyard_0hr_Cropseq"
"B","B__regime__barnyard_0hr_Cropseq","barnyard_0hr_Cropseq","barnyard_0hr_Cropseq",NA,"cal",12,"high",5,"valley",0.81694534655526,0.997049371298716,0.81933544743862,0.00398204459889951,0.82436481303931,13812,16688,"B barnyard_0hr_Cropseq"
"B","B__regime__barnyard_0hr_Cropseq","barnyard_0hr_Cropseq","barnyard_0hr_Cropseq",NA,"cal",12,"high",5,"fishash",0.775906807137647,0.99826993246259,0.77636962416182,0.000593471810089021,0.706375838926175,11795,16688,"B barnyard_0hr_Cropseq"
"B","B__regime__barnyard_0hr_Cropseq","barnyard_0hr_Cropseq","barnyard_0hr_Cropseq",NA,"cal",12,"high",5,"depth_fix",0.893639223315961,0.99272681207326,0.899033027581738,0.00503795257607308,0.88758389261745,14887,16688,"B barnyard_0hr_Cropseq"
"B","B__regime__barnyard_0hr_Cropseq","barnyard_0hr_Cropseq","barnyard_0hr_Cropseq",NA,"cal",12,"high",5,"sceptre",0.810600575960937,0.995934579462444,0.81307461745872,0.00317755560722313,0.770733461169703,12903,16688,"B barnyard_0hr_Cropseq"
"B","B__regime__barnyard_72hr_Cropseq","barnyard_72hr_Cropseq","barnyard_72hr_Cropseq",NA,"cal",11,"high",5,"thresh3",0.855072925331668,0.974547778069078,0.876533384713547,0.0426184571204804,0.871598336304219,15322,16830,"B barnyard_72hr_Cropseq"
"B","B__regime__barnyard_72hr_Cropseq","barnyard_72hr_Cropseq","barnyard_72hr_Cropseq",NA,"cal",11,"high",5,"thresh10",0.50148946343867,1,0.50148946343867,0,0.484373143196673,8152,16830,"B barnyard_72hr_Cropseq"
"B","B__regime__barnyard_72hr_Cropseq","barnyard_72hr_Cropseq","barnyard_72hr_Cropseq",NA,"cal",11,"high",5,"thresh20",0.23843676051487,1,0.23843676051487,0,0.225846702317291,3801,16830,"B barnyard_72hr_Cropseq"
"B","B__regime__barnyard_72hr_Cropseq","barnyard_72hr_Cropseq","barnyard_72hr_Cropseq",NA,"cal",11,"high",5,"ambient",0.853471884069691,0.954219898097865,0.891416934889737,0.0323145280732463,0.854070112893642,14854,16830,"B barnyard_72hr_Cropseq"
"B","B__regime__barnyard_72hr_Cropseq","barnyard_72hr_Cropseq","barnyard_72hr_Cropseq",NA,"cal",11,"high",5,"otsu",0.830203443071399,0.913132909714572,0.915937469592674,0.34954355430424,0.90600118835413,23442,16830,"B barnyard_72hr_Cropseq"
"B","B__regime__barnyard_72hr_Cropseq","barnyard_72hr_Cropseq","barnyard_72hr_Cropseq",NA,"cal",11,"high",5,"valley",0.807823961543562,0.99782804629692,0.809438289349687,0.00167565204720968,0.814200831847891,13726,16830,"B barnyard_72hr_Cropseq"
"B","B__regime__barnyard_72hr_Cropseq","barnyard_72hr_Cropseq","barnyard_72hr_Cropseq",NA,"cal",11,"high",5,"fishash",0.792238795357696,1,0.792238795357696,0,0.732679738562091,12331,16830,"B barnyard_72hr_Cropseq"
"B","B__regime__barnyard_72hr_Cropseq","barnyard_72hr_Cropseq","barnyard_72hr_Cropseq",NA,"cal",11,"high",5,"depth_fix",0.898476014399802,0.997581149150462,0.90033710558507,0.00127013837823384,0.887700534759358,14959,16830,"B barnyard_72hr_Cropseq"
"B","B__regime__barnyard_72hr_Cropseq","barnyard_72hr_Cropseq","barnyard_72hr_Cropseq",NA,"cal",11,"high",5,"sceptre",0.805832916531781,0.997977900574371,0.807143892897546,0.00139006873117615,0.76833036244801,12949,16830,"B barnyard_72hr_Cropseq"
"B","B__regime__barnyard_0hr_DirectCapture","barnyard_0hr_DirectCapture","barnyard_0hr_DirectCapture",NA,"cal",18,"low",4,"thresh3",0.760796900178605,0.845110000131199,0.897204585987477,0.269844082211198,0.902870079602717,16932,13693,"B barnyard_0hr_DirectCapture"
"B","B__regime__barnyard_0hr_DirectCapture","barnyard_0hr_DirectCapture","barnyard_0hr_DirectCapture",NA,"cal",18,"low",4,"thresh10",0.599921202820159,0.975889798507085,0.608743809730833,0.0238369415016122,0.619075440005842,8684,13693,"B barnyard_0hr_DirectCapture"
"B","B__regime__barnyard_0hr_DirectCapture","barnyard_0hr_DirectCapture","barnyard_0hr_DirectCapture",NA,"cal",18,"low",4,"thresh20",0.390235932094579,0.99341670240778,0.390671534787981,0.00324616771866546,0.403636894763748,5545,13693,"B barnyard_0hr_DirectCapture"
"B","B__regime__barnyard_0hr_DirectCapture","barnyard_0hr_DirectCapture","barnyard_0hr_DirectCapture",NA,"cal",18,"low",4,"ambient",0.734561697946703,0.787016011527524,0.918918458680931,0.305223587499299,0.904330679909443,17823,13693,"B barnyard_0hr_DirectCapture"
"B","B__regime__barnyard_0hr_DirectCapture","barnyard_0hr_DirectCapture","barnyard_0hr_DirectCapture",NA,"cal",18,"low",4,"otsu",0.725626695252242,0.785231645562082,0.936449987279066,0.553732854001606,0.933761776089973,28651,13693,"B barnyard_0hr_DirectCapture"
"B","B__regime__barnyard_0hr_DirectCapture","barnyard_0hr_DirectCapture","barnyard_0hr_DirectCapture",NA,"cal",18,"low",4,"valley",0.769699988467435,0.979539456866268,0.781372305468408,0.0168021680216802,0.794858686920324,11070,13693,"B barnyard_0hr_DirectCapture"
"B","B__regime__barnyard_0hr_DirectCapture","barnyard_0hr_DirectCapture","barnyard_0hr_DirectCapture",NA,"cal",18,"low",4,"fishash",0.759861050357248,0.959984466922204,0.774038987143144,0.01925618274495,0.75878185934419,10594,13693,"B barnyard_0hr_DirectCapture"
"B","B__regime__barnyard_0hr_DirectCapture","barnyard_0hr_DirectCapture","barnyard_0hr_DirectCapture",NA,"cal",18,"low",4,"depth_fix",0.826259362660518,0.895372396610989,0.904787399586704,0.105046863734679,0.906521580369532,13870,13693,"B barnyard_0hr_DirectCapture"
"B","B__regime__barnyard_0hr_DirectCapture","barnyard_0hr_DirectCapture","barnyard_0hr_DirectCapture",NA,"cal",18,"low",4,"sceptre",0.782430351463222,0.92956401922701,0.829156108281584,0.0754843019372077,0.808588329803549,11976,13693,"B barnyard_0hr_DirectCapture"
"B","B__regime__barnyard_72hr_DirectCapture","barnyard_72hr_DirectCapture","barnyard_72hr_DirectCapture",NA,"cal",353,"low",3,"thresh3",0.952332630705943,0.986108957471606,0.964595161023472,0.00867052023121387,0.95579898145479,10034,10407,"B barnyard_72hr_DirectCapture"
"B","B__regime__barnyard_72hr_DirectCapture","barnyard_72hr_DirectCapture","barnyard_72hr_DirectCapture",NA,"cal",353,"low",3,"thresh10",0.872519685374028,1,0.872519685374028,0,0.849428269434035,8840,10407,"B barnyard_72hr_DirectCapture"
"B","B__regime__barnyard_72hr_DirectCapture","barnyard_72hr_DirectCapture","barnyard_72hr_DirectCapture",NA,"cal",353,"low",3,"thresh20",0.81700510606138,1,0.81700510606138,0,0.786297684250985,8183,10407,"B barnyard_72hr_DirectCapture"
"B","B__regime__barnyard_72hr_DirectCapture","barnyard_72hr_DirectCapture","barnyard_72hr_DirectCapture",NA,"cal",353,"low",3,"ambient",0.880102198583844,0.895680840088539,0.979982168030642,0.0758576407998532,0.968098395310849,10902,10407,"B barnyard_72hr_DirectCapture"
"B","B__regime__barnyard_72hr_DirectCapture","barnyard_72hr_DirectCapture","barnyard_72hr_DirectCapture",NA,"cal",353,"low",3,"otsu",0.944320849479763,0.964224277737304,0.979825670433162,0.0898937128445325,0.970884981262612,11102,10407,"B barnyard_72hr_DirectCapture"
"B","B__regime__barnyard_72hr_DirectCapture","barnyard_72hr_DirectCapture","barnyard_72hr_DirectCapture",NA,"cal",353,"low",3,"valley",0.937439785969567,0.99898785981103,0.937738286605995,0.000312695434646654,0.921591236667628,9594,10407,"B barnyard_72hr_DirectCapture"
"B","B__regime__barnyard_72hr_DirectCapture","barnyard_72hr_DirectCapture","barnyard_72hr_DirectCapture",NA,"cal",353,"low",3,"fishash",0.843802176778985,0.990861535959708,0.848722030562493,0.0033461395464122,0.77274911117517,8069,10407,"B barnyard_72hr_DirectCapture"
"B","B__regime__barnyard_72hr_DirectCapture","barnyard_72hr_DirectCapture","barnyard_72hr_DirectCapture",NA,"cal",353,"low",3,"depth_fix",0.961279875185003,0.987051191929607,0.972661711136692,0.007436787307883,0.961852599212069,10085,10407,"B barnyard_72hr_DirectCapture"
"B","B__regime__barnyard_72hr_DirectCapture","barnyard_72hr_DirectCapture","barnyard_72hr_DirectCapture",NA,"cal",353,"low",3,"sceptre",0.928974964284847,0.994887928991555,0.932704482675571,0.00308346624136098,0.900932064956279,9405,10407,"B barnyard_72hr_DirectCapture"
"A","A__mix0hr_Cropseq__pur90__muweak__moilow","CROP-seq","mix0hr_Cropseq",0.9,"weak",5,"low",1,"geomux",0.669014839944816,0.961498508898675,0.68836229139171,0.0262984878369494,0.670135746606335,1521,2210,"A CROP-seq"
"A","A__mix0hr_Cropseq__pur90__muweak__moilow","CROP-seq","mix0hr_Cropseq",0.9,"weak",5,"low",1,"crispat",0.666855193874238,0.992455538288872,0.671081073768199,0.006,0.674660633484163,1500,2210,"A CROP-seq"
"A","A__mix0hr_Cropseq__pur90__muweak__moihigh","CROP-seq","mix0hr_Cropseq",0.9,"weak",5,"high",5,"geomux",0.668746200028569,0.993783550736145,0.671936074446176,0.00358917725013805,0.651620474857813,7244,11077,"A CROP-seq"
"A","A__mix0hr_Cropseq__pur90__muweak__moihigh","CROP-seq","mix0hr_Cropseq",0.9,"weak",5,"high",5,"crispat",0.708957144492802,0.996260004365097,0.711281405237144,0.00433597621407334,0.725557461406518,8072,11077,"A CROP-seq"
"A","A__mix0hr_Cropseq__pur90__mumod__moilow","CROP-seq","mix0hr_Cropseq",0.9,"mod",15,"low",1,"geomux",0.764243224194317,0.996305172467711,0.766843015008639,0.00308959835221421,0.749806351665376,1942,2582,"A CROP-seq"
"A","A__mix0hr_Cropseq__pur90__mumod__moilow","CROP-seq","mix0hr_Cropseq",0.9,"mod",15,"low",1,"crispat",0.844504526851861,0.99589792896219,0.847766182519695,0.0036563071297989,0.844306738962045,2188,2582,"A CROP-seq"
"A","A__mix0hr_Cropseq__pur90__mumod__moihigh","CROP-seq","mix0hr_Cropseq",0.9,"mod",15,"high",5,"geomux",0.652559043823396,0.99943009118541,0.652846316058036,0.00025179403248143,0.620196813495783,7943,12804,"A CROP-seq"
"A","A__mix0hr_Cropseq__pur90__mumod__moihigh","CROP-seq","mix0hr_Cropseq",0.9,"mod",15,"high",5,"crispat",0.851057097888584,0.997505709165573,0.853015633073953,0.00280771669232859,0.859887535145267,11041,12804,"A CROP-seq"
"A","A__mix0hr_Cropseq__pur90__mustrong__moilow","CROP-seq","mix0hr_Cropseq",0.9,"strong",50,"low",1,"geomux",0.712519551954662,1,0.712519551954662,0,0.687148744848258,1834,2669,"A CROP-seq"
"A","A__mix0hr_Cropseq__pur90__mustrong__moilow","CROP-seq","mix0hr_Cropseq",0.9,"strong",50,"low",1,"crispat",0.932378861455024,0.997402666148129,0.934579507401133,0.00159680638722555,0.937055076807793,2505,2669,"A CROP-seq"
"A","A__mix0hr_Cropseq__pur90__mustrong__moihigh","CROP-seq","mix0hr_Cropseq",0.9,"strong",50,"high",5,"geomux",0.509185775651808,1,0.509185775651808,0,0.473730554740241,6456,13628,"A CROP-seq"
"A","A__mix0hr_Cropseq__pur90__mustrong__moihigh","CROP-seq","mix0hr_Cropseq",0.9,"strong",50,"high",5,"crispat",0.932053760091736,0.999098811951861,0.93283634821824,0.000940733772342427,0.93513354857646,12756,13628,"A CROP-seq"
"A","A__mix0hr_Cropseq__pur99__muweak__moilow","CROP-seq","mix0hr_Cropseq",0.99,"weak",5,"low",1,"geomux",0.655663402930131,0.975397056029103,0.669440709392279,0.018970189701897,0.655203619909502,1476,2210,"A CROP-seq"
"A","A__mix0hr_Cropseq__pur99__muweak__moilow","CROP-seq","mix0hr_Cropseq",0.99,"weak",5,"low",1,"crispat",0.647160351463421,0.999195906432749,0.647592416384316,0.00138026224982747,0.65475113122172,1449,2210,"A CROP-seq"
"A","A__mix0hr_Cropseq__pur99__muweak__moihigh","CROP-seq","mix0hr_Cropseq",0.99,"weak",5,"high",5,"geomux",0.664947013840433,0.986953124072133,0.67391447216622,0.00427533133817871,0.64880676014486,7017,10769,"A CROP-seq"
"A","A__mix0hr_Cropseq__pur99__muweak__moihigh","CROP-seq","mix0hr_Cropseq",0.99,"weak",5,"high",5,"crispat",0.709763611765267,0.99792477376753,0.711124058788539,0.00254000508001016,0.729315628192033,7874,10769,"A CROP-seq"
"A","A__mix0hr_Cropseq__pur99__mumod__moilow","CROP-seq","mix0hr_Cropseq",0.99,"mod",15,"low",1,"geomux",0.745091286805696,1,0.745091286805696,0,0.731628095818108,1802,2463,"A CROP-seq"
"A","A__mix0hr_Cropseq__pur99__mumod__moilow","CROP-seq","mix0hr_Cropseq",0.99,"mod",15,"low",1,"crispat",0.819353167227309,0.99959595959596,0.819631815781819,0.000488519785051295,0.830694275274056,2047,2463,"A CROP-seq"
"A","A__mix0hr_Cropseq__pur99__mumod__moihigh","CROP-seq","mix0hr_Cropseq",0.99,"mod",15,"high",5,"geomux",0.650091803154468,1,0.650091803154468,0,0.617379508458347,7737,12532,"A CROP-seq"
"A","A__mix0hr_Cropseq__pur99__mumod__moihigh","CROP-seq","mix0hr_Cropseq",0.99,"mod",15,"high",5,"crispat",0.857940416269319,0.998146195665073,0.859490855317311,0.0023905847738139,0.865783593999362,10876,12532,"A CROP-seq"
"A","A__mix0hr_Cropseq__pur99__mustrong__moilow","CROP-seq","mix0hr_Cropseq",0.99,"strong",50,"low",1,"geomux",0.706994469222948,1,0.706994469222948,0,0.680339985218034,1841,2706,"A CROP-seq"
"A","A__mix0hr_Cropseq__pur99__mustrong__moilow","CROP-seq","mix0hr_Cropseq",0.99,"strong",50,"low",1,"crispat",0.93356196100399,1,0.93356196100399,0,0.930155210643016,2517,2706,"A CROP-seq"
"A","A__mix0hr_Cropseq__pur99__mustrong__moihigh","CROP-seq","mix0hr_Cropseq",0.99,"strong",50,"high",5,"geomux",0.504326381715998,1,0.504326381715998,0,0.471956021097987,6353,13461,"A CROP-seq"
"A","A__mix0hr_Cropseq__pur99__mustrong__moihigh","CROP-seq","mix0hr_Cropseq",0.99,"strong",50,"high",5,"crispat",0.937380834400996,0.999690261690262,0.93767207988294,0.000237680240849311,0.93744892652849,12622,13461,"A CROP-seq"
"A","A__mix72hr_Cropseq__pur90__muweak__moilow","CROP-seq","mix72hr_Cropseq",0.9,"weak",5,"low",1,"geomux",0.650186339750227,0.903713178779524,0.697155472107104,0.0573006558508802,0.683433433433433,2897,3996,"A CROP-seq"
"A","A__mix72hr_Cropseq__pur90__muweak__moilow","CROP-seq","mix72hr_Cropseq",0.9,"weak",5,"low",1,"crispat",0.659126170393993,0.976614533826498,0.675466563556959,0.0760013693940431,0.675425425425425,2921,3996,"A CROP-seq"
"A","A__mix72hr_Cropseq__pur90__muweak__moihigh","CROP-seq","mix72hr_Cropseq",0.9,"weak",5,"high",5,"geomux",0.675043768496515,0.9837287926751,0.684784196294203,0.0067065868263473,0.649084363750196,12525,19167,"A CROP-seq"
"A","A__mix72hr_Cropseq__pur90__muweak__moihigh","CROP-seq","mix72hr_Cropseq",0.9,"weak",5,"high",5,"crispat",0.732710865843393,0.990433335925892,0.738710775085331,0.0101222826086957,0.760212865863202,14720,19167,"A CROP-seq"
"A","A__mix72hr_Cropseq__pur90__mumod__moilow","CROP-seq","mix72hr_Cropseq",0.9,"mod",15,"low",1,"geomux",0.775916212142661,0.995553809036032,0.778864635335199,0.0029120559114735,0.769611148572713,3434,4449,"A CROP-seq"
"A","A__mix72hr_Cropseq__pur90__mumod__moilow","CROP-seq","mix72hr_Cropseq",0.9,"mod",15,"low",1,"crispat",0.83416442042454,0.987553897729621,0.843507302513459,0.00889586603872318,0.851427287030793,3822,4449,"A CROP-seq"
"A","A__mix72hr_Cropseq__pur90__mumod__moihigh","CROP-seq","mix72hr_Cropseq",0.9,"mod",15,"high",5,"geomux",0.671809853948825,0.999598302711937,0.672031980269475,0.000289330922242315,0.627058663400027,13825,22041,"A CROP-seq"
"A","A__mix72hr_Cropseq__pur90__mumod__moihigh","CROP-seq","mix72hr_Cropseq",0.9,"mod",15,"high",5,"crispat",0.869613275923104,0.99246629125762,0.875743030138216,0.00762772601617692,0.879497300485459,19534,22041,"A CROP-seq"
"A","A__mix72hr_Cropseq__pur90__mustrong__moilow","CROP-seq","mix72hr_Cropseq",0.9,"strong",50,"low",1,"geomux",0.722229765058652,0.999375,0.722624501900757,0.000305343511450382,0.693791057427421,3275,4719,"A CROP-seq"
"A","A__mix72hr_Cropseq__pur90__mustrong__moilow","CROP-seq","mix72hr_Cropseq",0.9,"strong",50,"low",1,"crispat",0.929438514302423,0.990764224940384,0.937719806755031,0.00650515926424406,0.938546302182666,4458,4719,"A CROP-seq"
"A","A__mix72hr_Cropseq__pur90__mustrong__moihigh","CROP-seq","mix72hr_Cropseq",0.9,"strong",50,"high",5,"geomux",0.524301282686204,1,0.524301282686204,0,0.482005417723696,11210,23257,"A CROP-seq"
"A","A__mix72hr_Cropseq__pur90__mustrong__moihigh","CROP-seq","mix72hr_Cropseq",0.9,"strong",50,"high",5,"crispat",0.93345546257681,0.997797596434074,0.935311790512606,0.0016462410828608,0.938728124865632,21868,23257,"A CROP-seq"
"A","A__mix72hr_Cropseq__pur99__muweak__moilow","CROP-seq","mix72hr_Cropseq",0.99,"weak",5,"low",1,"geomux",0.682395541349029,0.952355841341923,0.706884345338805,0.036941263391208,0.690779014308426,2707,3774,"A CROP-seq"
"A","A__mix72hr_Cropseq__pur99__muweak__moilow","CROP-seq","mix72hr_Cropseq",0.99,"weak",5,"low",1,"crispat",0.684806548734462,0.993866674845725,0.687871397835175,0.00459242250287026,0.689189189189189,2613,3774,"A CROP-seq"
"A","A__mix72hr_Cropseq__pur99__muweak__moihigh","CROP-seq","mix72hr_Cropseq",0.99,"weak",5,"high",5,"geomux",0.672837527766758,0.993568057860797,0.676338941417263,0.003870343492985,0.654585916388492,12402,18873,"A CROP-seq"
"A","A__mix72hr_Cropseq__pur99__muweak__moihigh","CROP-seq","mix72hr_Cropseq",0.99,"weak",5,"high",5,"crispat",0.731588369945529,0.991977833654054,0.736777736425785,0.00984182776801406,0.746304244158321,14225,18873,"A CROP-seq"
"A","A__mix72hr_Cropseq__pur99__mumod__moilow","CROP-seq","mix72hr_Cropseq",0.99,"mod",15,"low",1,"geomux",0.77772330951423,0.998607544687653,0.778503651729699,0.00151883353584447,0.756675874769797,3292,4344,"A CROP-seq"
"A","A__mix72hr_Cropseq__pur99__mumod__moilow","CROP-seq","mix72hr_Cropseq",0.99,"mod",15,"low",1,"crispat",0.840521577762281,0.996990258158025,0.842595988502928,0.0035548263604047,0.838858195211786,3657,4344,"A CROP-seq"
"A","A__mix72hr_Cropseq__pur99__mumod__moihigh","CROP-seq","mix72hr_Cropseq",0.99,"mod",15,"high",5,"geomux",0.657122165079247,0.99989898989899,0.657166605492815,7.46268656716418e-05,0.626267819584015,13400,21395,"A CROP-seq"
"A","A__mix72hr_Cropseq__pur99__mumod__moihigh","CROP-seq","mix72hr_Cropseq",0.99,"mod",15,"high",5,"crispat",0.857428485710768,0.99630677251547,0.86044648566451,0.00449101796407186,0.870296798317364,18704,21395,"A CROP-seq"
"A","A__mix72hr_Cropseq__pur99__mustrong__moilow","CROP-seq","mix72hr_Cropseq",0.99,"strong",50,"low",1,"geomux",0.719030250067348,1,0.719030250067348,0,0.696041985567461,3183,4573,"A CROP-seq"
"A","A__mix72hr_Cropseq__pur99__mustrong__moilow","CROP-seq","mix72hr_Cropseq",0.99,"strong",50,"low",1,"crispat",0.934685194948528,0.99718031951697,0.937143456062298,0.00255695025569503,0.938333697791384,4302,4573,"A CROP-seq"
"A","A__mix72hr_Cropseq__pur99__mustrong__moihigh","CROP-seq","mix72hr_Cropseq",0.99,"strong",50,"high",5,"geomux",0.520440316667718,1,0.520440316667718,0,0.494180449811849,11294,22854,"A CROP-seq"
"A","A__mix72hr_Cropseq__pur99__mustrong__moihigh","CROP-seq","mix72hr_Cropseq",0.99,"strong",50,"high",5,"crispat",0.93757896099735,0.999236437228413,0.938259353230647,0.000559466641801483,0.937997724687144,21449,22854,"A CROP-seq"
"A","A__mix0hr_DirectCapture__pur90__muweak__moilow","direct-capture","mix0hr_DirectCapture",0.9,"weak",30,"low",1,"geomux",0.376991417313019,0.991152045233678,0.379645441374751,0.00683060109289617,0.371867007672634,732,1955,"A direct-capture"
"A","A__mix0hr_DirectCapture__pur90__muweak__moilow","direct-capture","mix0hr_DirectCapture",0.9,"weak",30,"low",1,"crispat",0.65281124735646,0.791781774177197,0.794041218156134,0.187725631768953,0.805626598465473,1939,1955,"A direct-capture"
"A","A__mix0hr_DirectCapture__pur90__muweak__moihigh","direct-capture","mix0hr_DirectCapture",0.9,"weak",30,"high",5,"geomux",0.209844199400241,1,0.209844199400241,0,0.19383474782948,1987,10251,"A direct-capture"
"A","A__mix0hr_DirectCapture__pur90__muweak__moihigh","direct-capture","mix0hr_DirectCapture",0.9,"weak",30,"high",5,"crispat",0.759688924532823,0.941003369873895,0.801303623782796,0.0420853528785909,0.790459467369037,8459,10251,"A direct-capture"
"A","A__mix0hr_DirectCapture__pur90__mumod__moilow","direct-capture","mix0hr_DirectCapture",0.9,"mod",100,"low",1,"geomux",0,NA,0,0,0,0,2260,"A direct-capture"
"A","A__mix0hr_DirectCapture__pur90__mumod__moilow","direct-capture","mix0hr_DirectCapture",0.9,"mod",100,"low",1,"crispat",0.727864386697754,0.824228158688041,0.86918274857013,0.159159159159159,0.867256637168142,2331,2260,"A direct-capture"
"A","A__mix0hr_DirectCapture__pur90__mumod__moihigh","direct-capture","mix0hr_DirectCapture",0.9,"mod",100,"high",5,"geomux",0,NA,0,0,0,0,11479,"A direct-capture"
"A","A__mix0hr_DirectCapture__pur90__mumod__moihigh","direct-capture","mix0hr_DirectCapture",0.9,"mod",100,"high",5,"crispat",0.829794805816434,0.956685539829299,0.863110310293157,0.0355707986281235,0.857391758864013,10205,11479,"A direct-capture"
"A","A__mix0hr_DirectCapture__pur90__mustrong__moilow","direct-capture","mix0hr_DirectCapture",0.9,"strong",400,"low",1,"geomux",0,NA,0,0,0,0,2450,"A direct-capture"
"A","A__mix0hr_DirectCapture__pur90__mustrong__moilow","direct-capture","mix0hr_DirectCapture",0.9,"strong",400,"low",1,"crispat",0.79791463458338,0.834461877767725,0.949080676693553,0.141115626154414,0.948979591836735,2707,2450,"A direct-capture"
"A","A__mix0hr_DirectCapture__pur90__mustrong__moihigh","direct-capture","mix0hr_DirectCapture",0.9,"strong",400,"high",5,"geomux",0,NA,0,0,0,0,12150,"A direct-capture"
"A","A__mix0hr_DirectCapture__pur90__mustrong__moihigh","direct-capture","mix0hr_DirectCapture",0.9,"strong",400,"high",5,"crispat",0.920665711900817,0.953101660135055,0.964885386986601,0.0397000081519524,0.969547325102881,12267,12150,"A direct-capture"
"A","A__mix0hr_DirectCapture__pur99__muweak__moilow","direct-capture","mix0hr_DirectCapture",0.99,"weak",30,"low",1,"geomux",0.291612796170267,1,0.291612796170267,0,0.296732726298875,554,1867,"A direct-capture"
"A","A__mix0hr_DirectCapture__pur99__muweak__moilow","direct-capture","mix0hr_DirectCapture",0.99,"weak",30,"low",1,"crispat",0.748043215906706,0.981989236795197,0.75937887156379,0.0169491525423729,0.776647027316551,1475,1867,"A direct-capture"
"A","A__mix0hr_DirectCapture__pur99__muweak__moihigh","direct-capture","mix0hr_DirectCapture",0.99,"weak",30,"high",5,"geomux",0.16737255451219,1,0.16737255451219,0,0.159394004054198,1494,9373,"A direct-capture"
"A","A__mix0hr_DirectCapture__pur99__muweak__moihigh","direct-capture","mix0hr_DirectCapture",0.99,"weak",30,"high",5,"crispat",0.77636195301918,0.995572512458698,0.77930451884188,0.00423034934497817,0.778512749386536,7328,9373,"A direct-capture"
"A","A__mix0hr_DirectCapture__pur99__mumod__moilow","direct-capture","mix0hr_DirectCapture",0.99,"mod",100,"low",1,"geomux",0,NA,0,0,0,0,2051,"A direct-capture"
"A","A__mix0hr_DirectCapture__pur99__mumod__moilow","direct-capture","mix0hr_DirectCapture",0.99,"mod",100,"low",1,"crispat",0.833430331663535,0.977169992920313,0.849199565875926,0.015695067264574,0.856167723061921,1784,2051,"A direct-capture"
"A","A__mix0hr_DirectCapture__pur99__mumod__moihigh","direct-capture","mix0hr_DirectCapture",0.99,"mod",100,"high",5,"geomux",0,NA,0,0,0,0,10581,"A direct-capture"
"A","A__mix0hr_DirectCapture__pur99__mumod__moihigh","direct-capture","mix0hr_DirectCapture",0.99,"mod",100,"high",5,"crispat",0.863003385171664,0.995563141884365,0.866311130944503,0.00359477124183007,0.86447405727247,9180,10581,"A direct-capture"
"A","A__mix0hr_DirectCapture__pur99__mustrong__moilow","direct-capture","mix0hr_DirectCapture",0.99,"strong",400,"low",1,"geomux",0,NA,0,0,0,0,2192,"A direct-capture"
"A","A__mix0hr_DirectCapture__pur99__mustrong__moilow","direct-capture","mix0hr_DirectCapture",0.99,"strong",400,"low",1,"crispat",0.926939735178312,0.981470914065044,0.942669423926124,0.014622641509434,0.95301094890511,2120,2192,"A direct-capture"
"A","A__mix0hr_DirectCapture__pur99__mustrong__moihigh","direct-capture","mix0hr_DirectCapture",0.99,"strong",400,"high",5,"geomux",0,NA,0,0,0,0,11223,"A direct-capture"
"A","A__mix0hr_DirectCapture__pur99__mustrong__moihigh","direct-capture","mix0hr_DirectCapture",0.99,"strong",400,"high",5,"crispat",0.958643734524196,0.991044130430773,0.967196645389184,0.0100625509926571,0.973001871157445,11031,11223,"A direct-capture"
"A","A__mix72hr_DirectCapture__pur90__muweak__moilow","direct-capture","mix72hr_DirectCapture",0.9,"weak",30,"low",1,"geomux",0.314695829704239,0.996415770609319,0.314973607482017,0.00217391304347826,0.324611032531825,460,1414,"A direct-capture"
"A","A__mix72hr_DirectCapture__pur90__muweak__moilow","direct-capture","mix72hr_DirectCapture",0.9,"weak",30,"low",1,"crispat",0.696125861896454,0.899761448300664,0.758806333714171,0.0898598516075845,0.780763790664781,1213,1414,"A direct-capture"
"A","A__mix72hr_DirectCapture__pur90__muweak__moihigh","direct-capture","mix72hr_DirectCapture",0.9,"weak",30,"high",5,"geomux",0.148548791900694,0.994113029827316,0.148629097970872,0.00213675213675214,0.136350364963504,936,6850,"A direct-capture"
"A","A__mix72hr_DirectCapture__pur90__muweak__moihigh","direct-capture","mix72hr_DirectCapture",0.9,"weak",30,"high",5,"crispat",0.769028804566646,0.969397483693996,0.788198882936626,0.0195263062737299,0.791678832116788,5531,6850,"A direct-capture"
"A","A__mix72hr_DirectCapture__pur90__mumod__moilow","direct-capture","mix72hr_DirectCapture",0.9,"mod",100,"low",1,"geomux",0,NA,0,0,0,0,1591,"A direct-capture"
"A","A__mix72hr_DirectCapture__pur90__mumod__moilow","direct-capture","mix72hr_DirectCapture",0.9,"mod",100,"low",1,"crispat",0.765597889197028,0.900496027172753,0.841792468499294,0.0727146814404432,0.841609050911376,1444,1591,"A direct-capture"
"A","A__mix72hr_DirectCapture__pur90__mumod__moihigh","direct-capture","mix72hr_DirectCapture",0.9,"mod",100,"high",5,"geomux",0,NA,0,0,0,0,7868,"A direct-capture"
"A","A__mix72hr_DirectCapture__pur90__mumod__moihigh","direct-capture","mix72hr_DirectCapture",0.9,"mod",100,"high",5,"crispat",0.83881455915947,0.977364012920361,0.856406340036622,0.0165495020503808,0.853457041179461,6828,7868,"A direct-capture"
"A","A__mix72hr_DirectCapture__pur90__mustrong__moilow","direct-capture","mix72hr_DirectCapture",0.9,"strong",400,"low",1,"geomux",0,NA,0,0,0,0,1677,"A direct-capture"
"A","A__mix72hr_DirectCapture__pur90__mustrong__moilow","direct-capture","mix72hr_DirectCapture",0.9,"strong",400,"low",1,"crispat",0.868899755944609,0.917152495266495,0.943493030488641,0.0662721893491124,0.940966010733453,1690,1677,"A direct-capture"
"A","A__mix72hr_DirectCapture__pur90__mustrong__moihigh","direct-capture","mix72hr_DirectCapture",0.9,"strong",400,"high",5,"geomux",0,NA,0,0,0,0,8170,"A direct-capture"
"A","A__mix72hr_DirectCapture__pur90__mustrong__moihigh","direct-capture","mix72hr_DirectCapture",0.9,"strong",400,"high",5,"crispat",0.934111478233499,0.97602075090978,0.955177971470763,0.0179197994987469,0.959241126070991,7980,8170,"A direct-capture"
"A","A__mix72hr_DirectCapture__pur99__muweak__moilow","direct-capture","mix72hr_DirectCapture",0.99,"weak",30,"low",1,"geomux",0.340405369085942,1,0.340405369085942,0,0.314855875831486,426,1353,"A direct-capture"
"A","A__mix72hr_DirectCapture__pur99__muweak__moilow","direct-capture","mix72hr_DirectCapture",0.99,"weak",30,"low",1,"crispat",0.75441386361459,0.936683569637949,0.79841827466495,0.0614574187884109,0.79009608277901,1139,1353,"A direct-capture"
"A","A__mix72hr_DirectCapture__pur99__muweak__moihigh","direct-capture","mix72hr_DirectCapture",0.99,"weak",30,"high",5,"geomux",0.146694933309744,0.996666666666667,0.146728266643077,0.00105820105820106,0.141444411147737,945,6674,"A direct-capture"
"A","A__mix72hr_DirectCapture__pur99__muweak__moihigh","direct-capture","mix72hr_DirectCapture",0.99,"weak",30,"high",5,"crispat",0.777808688396014,0.981748384754748,0.789899126238266,0.0141482739105829,0.783038657476776,5301,6674,"A direct-capture"
"A","A__mix72hr_DirectCapture__pur99__mumod__moilow","direct-capture","mix72hr_DirectCapture",0.99,"mod",100,"low",1,"geomux",0,NA,0,0,0,0,1368,"A direct-capture"
"A","A__mix72hr_DirectCapture__pur99__mumod__moilow","direct-capture","mix72hr_DirectCapture",0.99,"mod",100,"low",1,"crispat",0.811878773782344,0.923463985751763,0.865001786748498,0.0622047244094488,0.870614035087719,1270,1368,"A direct-capture"
"A","A__mix72hr_DirectCapture__pur99__mumod__moihigh","direct-capture","mix72hr_DirectCapture",0.99,"mod",100,"high",5,"geomux",0,NA,0,0,0,0,7305,"A direct-capture"
"A","A__mix72hr_DirectCapture__pur99__mumod__moihigh","direct-capture","mix72hr_DirectCapture",0.99,"mod",100,"high",5,"crispat",0.847526154244391,0.97488152840847,0.866508976150075,0.0120576260569997,0.863655030800821,6386,7305,"A direct-capture"
"A","A__mix72hr_DirectCapture__pur99__mustrong__moilow","direct-capture","mix72hr_DirectCapture",0.99,"strong",400,"low",1,"geomux",0,NA,0,0,0,0,1513,"A direct-capture"
"A","A__mix72hr_DirectCapture__pur99__mustrong__moilow","direct-capture","mix72hr_DirectCapture",0.99,"strong",400,"low",1,"crispat",0.876099358563186,0.93148403963504,0.938669515665824,0.0525265957446809,0.941837409120952,1504,1513,"A direct-capture"
"A","A__mix72hr_DirectCapture__pur99__mustrong__moihigh","direct-capture","mix72hr_DirectCapture",0.99,"strong",400,"high",5,"geomux",0,NA,0,0,0,0,7792,"A direct-capture"
"A","A__mix72hr_DirectCapture__pur99__mustrong__moihigh","direct-capture","mix72hr_DirectCapture",0.99,"strong",400,"high",5,"crispat",0.931096407213093,0.976277397203278,0.950756858550661,0.0169690640908498,0.966504106776181,7661,7792,"A direct-capture"
"A","A__mix0hr_Cropseq__pur90__muweak__moivhigh","CROP-seq","mix0hr_Cropseq",0.9,"weak",5,"vhigh",15,"geomux",0.553459320315736,0.998801778260401,0.554128637787298,0.000398678664996013,0.519398656446983,17558,33791,"A CROP-seq"
"A","A__mix0hr_Cropseq__pur90__muweak__moivhigh","CROP-seq","mix0hr_Cropseq",0.9,"weak",5,"vhigh",15,"crispat",0.727136420047883,0.997655160727014,0.728594585553495,0.00191018085754928,0.726761563729987,24605,33791,"A CROP-seq"
"A","A__mix0hr_Cropseq__pur90__mumod__moivhigh","CROP-seq","mix0hr_Cropseq",0.9,"mod",15,"vhigh",15,"geomux",0.463253834972392,1,0.463253834972392,0,0.42646416364711,16595,38913,"A CROP-seq"
"A","A__mix0hr_Cropseq__pur90__mumod__moivhigh","CROP-seq","mix0hr_Cropseq",0.9,"mod",15,"vhigh",15,"crispat",0.864259994576473,0.998259544520298,0.865673733171569,0.00151600725305431,0.863207668388456,33641,38913,"A CROP-seq"
"A","A__mix0hr_Cropseq__pur90__mustrong__moivhigh","CROP-seq","mix0hr_Cropseq",0.9,"strong",50,"vhigh",15,"geomux",0.290290992824163,1,0.290290992824163,0,0.260370460638557,10683,41030,"A CROP-seq"
"A","A__mix0hr_Cropseq__pur90__mustrong__moivhigh","CROP-seq","mix0hr_Cropseq",0.9,"strong",50,"vhigh",15,"crispat",0.938046964603544,0.99949367846699,0.938510533755244,0.000493570593583582,0.937752863758226,38495,41030,"A CROP-seq"
"A","A__mix0hr_Cropseq__pur99__muweak__moivhigh","CROP-seq","mix0hr_Cropseq",0.99,"weak",5,"vhigh",15,"geomux",0.553787449778466,0.999695387902126,0.553905352429489,0.000176605639606758,0.516309469524244,16987,32895,"A CROP-seq"
"A","A__mix0hr_Cropseq__pur99__muweak__moivhigh","CROP-seq","mix0hr_Cropseq",0.99,"weak",5,"vhigh",15,"crispat",0.721116371937883,0.998095472922106,0.722336870680662,0.00160479749989442,0.718680650554796,23679,32895,"A CROP-seq"
"A","A__mix0hr_Cropseq__pur99__mumod__moivhigh","CROP-seq","mix0hr_Cropseq",0.99,"mod",15,"vhigh",15,"geomux",0.467919774063163,1,0.467919774063163,0,0.426865592956744,16194,37937,"A CROP-seq"
"A","A__mix0hr_Cropseq__pur99__mumod__moivhigh","CROP-seq","mix0hr_Cropseq",0.99,"mod",15,"vhigh",15,"crispat",0.858133815721468,0.998796234594939,0.859130521999229,0.00110419286568721,0.858449534754989,32603,37937,"A CROP-seq"
"A","A__mix0hr_Cropseq__pur99__mustrong__moivhigh","CROP-seq","mix0hr_Cropseq",0.99,"strong",50,"vhigh",15,"geomux",0.294307166284998,1,0.294307166284998,0,0.255540457072267,10343,40475,"A CROP-seq"
"A","A__mix0hr_Cropseq__pur99__mustrong__moivhigh","CROP-seq","mix0hr_Cropseq",0.99,"strong",50,"vhigh",15,"crispat",0.937278648279014,0.999744099111479,0.937511989197618,0.00021117094287826,0.935787523162446,37884,40475,"A CROP-seq"
"A","A__mix72hr_Cropseq__pur90__muweak__moivhigh","CROP-seq","mix72hr_Cropseq",0.9,"weak",5,"vhigh",15,"geomux",0.555679924506944,0.999068500886685,0.556020484663879,0.000693252343853163,0.524182236921852,30292,57749,"A CROP-seq"
"A","A__mix72hr_Cropseq__pur90__muweak__moivhigh","CROP-seq","mix72hr_Cropseq",0.9,"weak",5,"vhigh",15,"crispat",0.766858233292654,0.994099361297785,0.770811799579028,0.00492366067395429,0.762922301684878,44276,57749,"A CROP-seq"
"A","A__mix72hr_Cropseq__pur90__mumod__moivhigh","CROP-seq","mix72hr_Cropseq",0.9,"mod",15,"vhigh",15,"geomux",0.479435567983865,1,0.479435567983865,0,0.442642016705182,29306,66207,"A CROP-seq"
"A","A__mix72hr_Cropseq__pur90__mumod__moivhigh","CROP-seq","mix72hr_Cropseq",0.9,"mod",15,"vhigh",15,"crispat",0.870268464706131,0.996609461929598,0.873060637283652,0.00257451403887689,0.871901762653496,57875,66207,"A CROP-seq"
"A","A__mix72hr_Cropseq__pur90__mustrong__moivhigh","CROP-seq","mix72hr_Cropseq",0.9,"strong",50,"vhigh",15,"geomux",0.296767219688629,1,0.296767219688629,0,0.262301835331553,18465,70396,"A CROP-seq"
"A","A__mix72hr_Cropseq__pur90__mustrong__moivhigh","CROP-seq","mix72hr_Cropseq",0.9,"strong",50,"vhigh",15,"crispat",0.940227850008489,0.999212625792402,0.940929175115387,0.00058827965909948,0.941189840331837,66295,70396,"A CROP-seq"
"A","A__mix72hr_Cropseq__pur99__muweak__moivhigh","CROP-seq","mix72hr_Cropseq",0.99,"weak",5,"vhigh",15,"geomux",0.556210439927022,0.999311883263065,0.556469247178166,0.000478044116642764,0.51976277566675,29286,56318,"A CROP-seq"
"A","A__mix72hr_Cropseq__pur99__muweak__moivhigh","CROP-seq","mix72hr_Cropseq",0.99,"weak",5,"vhigh",15,"crispat",0.757135225995037,0.995010017543232,0.760471501661829,0.00421921256905755,0.758514151780958,42899,56318,"A CROP-seq"
"A","A__mix72hr_Cropseq__pur99__mumod__moivhigh","CROP-seq","mix72hr_Cropseq",0.99,"mod",15,"vhigh",15,"geomux",0.478051728781607,0.999931972789116,0.478073919929467,3.5729598399314e-05,0.435839536549662,27988,64214,"A CROP-seq"
"A","A__mix72hr_Cropseq__pur99__mumod__moivhigh","CROP-seq","mix72hr_Cropseq",0.99,"mod",15,"vhigh",15,"crispat",0.871650791842492,0.997252119553182,0.873933716496335,0.00208489254784561,0.872099542155916,56118,64214,"A CROP-seq"
"A","A__mix72hr_Cropseq__pur99__mustrong__moivhigh","CROP-seq","mix72hr_Cropseq",0.99,"strong",50,"vhigh",15,"geomux",0.303199184379292,1,0.303199184379292,0,0.264178515585042,18078,68431,"A CROP-seq"
"A","A__mix72hr_Cropseq__pur99__mustrong__moivhigh","CROP-seq","mix72hr_Cropseq",0.99,"strong",50,"vhigh",15,"crispat",0.941733786671452,0.999721316910996,0.941989481303621,0.000248281426997502,0.941488506670953,64443,68431,"A CROP-seq"
"A","A__mix0hr_DirectCapture__pur90__muweak__moivhigh","direct-capture","mix0hr_DirectCapture",0.9,"weak",30,"vhigh",15,"geomux",0.0564732274046611,1,0.0564732274046611,0,0.0519070187316633,1610,31017,"A direct-capture"
"A","A__mix0hr_DirectCapture__pur90__muweak__moivhigh","direct-capture","mix0hr_DirectCapture",0.9,"weak",30,"vhigh",15,"crispat",0.750216723934202,0.983746023988279,0.76027633946574,0.0124802998679559,0.747461069735951,23477,31017,"A direct-capture"
"A","A__mix0hr_DirectCapture__pur90__mumod__moivhigh","direct-capture","mix0hr_DirectCapture",0.9,"mod",100,"vhigh",15,"geomux",0,NA,0,0,0,0,34068,"A direct-capture"
"A","A__mix0hr_DirectCapture__pur90__mumod__moivhigh","direct-capture","mix0hr_DirectCapture",0.9,"mod",100,"vhigh",15,"crispat",0.833445691062077,0.986180615873332,0.844093946543995,0.0108657797590026,0.833685570036398,28714,34068,"A direct-capture"
"A","A__mix0hr_DirectCapture__pur90__mustrong__moivhigh","direct-capture","mix0hr_DirectCapture",0.9,"strong",400,"vhigh",15,"geomux",0,NA,0,0,0,0,36330,"A direct-capture"
"A","A__mix0hr_DirectCapture__pur90__mustrong__moivhigh","direct-capture","mix0hr_DirectCapture",0.9,"strong",400,"vhigh",15,"crispat",0.949210351226648,0.97103347767421,0.977249784611489,0.0310745952981372,0.983567299752271,36879,36330,"A direct-capture"
"A","A__mix0hr_DirectCapture__pur99__muweak__moivhigh","direct-capture","mix0hr_DirectCapture",0.99,"weak",30,"vhigh",15,"geomux",0.0418279707555786,1,0.0418279707555786,0,0.0390310979479585,1107,28362,"A direct-capture"
"A","A__mix0hr_DirectCapture__pur99__muweak__moivhigh","direct-capture","mix0hr_DirectCapture",0.99,"weak",30,"vhigh",15,"crispat",0.751496474857841,0.998155001557982,0.752654024550151,0.000852878464818763,0.743494817008674,21105,28362,"A direct-capture"
"A","A__mix0hr_DirectCapture__pur99__mumod__moivhigh","direct-capture","mix0hr_DirectCapture",0.99,"mod",100,"vhigh",15,"geomux",0,NA,0,0,0,0,30917,"A direct-capture"
"A","A__mix0hr_DirectCapture__pur99__mumod__moivhigh","direct-capture","mix0hr_DirectCapture",0.99,"mod",100,"vhigh",15,"crispat",0.847286837776178,0.998517569920604,0.848442907032872,0.00116166505324298,0.83433062716305,25825,30917,"A direct-capture"
"A","A__mix0hr_DirectCapture__pur99__mustrong__moivhigh","direct-capture","mix0hr_DirectCapture",0.99,"strong",400,"vhigh",15,"geomux",0,NA,0,0,0,0,33227,"A direct-capture"
"A","A__mix0hr_DirectCapture__pur99__mustrong__moivhigh","direct-capture","mix0hr_DirectCapture",0.99,"strong",400,"vhigh",15,"crispat",0.960493450268041,0.978863275790662,0.981518313361276,0.0244657420084529,0.986426701176754,33598,33227,"A direct-capture"
"A","A__mix72hr_DirectCapture__pur90__muweak__moivhigh","direct-capture","mix72hr_DirectCapture",0.9,"weak",30,"vhigh",15,"geomux",0.0307642545941462,1,0.0307642545941462,0,0.0272125167978499,567,20836,"A direct-capture"
"A","A__mix72hr_DirectCapture__pur90__muweak__moivhigh","direct-capture","mix72hr_DirectCapture",0.9,"weak",30,"vhigh",15,"crispat",0.75896511278823,0.991729120973537,0.76423956170522,0.00546274534713841,0.75143981570359,15743,20836,"A direct-capture"
"A","A__mix72hr_DirectCapture__pur90__mumod__moivhigh","direct-capture","mix72hr_DirectCapture",0.9,"mod",100,"vhigh",15,"geomux",0,NA,0,0,0,0,23145,"A direct-capture"
"A","A__mix72hr_DirectCapture__pur90__mumod__moivhigh","direct-capture","mix72hr_DirectCapture",0.9,"mod",100,"vhigh",15,"crispat",0.84205510174012,0.992202086158625,0.84788108592931,0.00515148423951851,0.842730611363145,19606,23145,"A direct-capture"
"A","A__mix72hr_DirectCapture__pur90__mustrong__moivhigh","direct-capture","mix72hr_DirectCapture",0.9,"strong",400,"vhigh",15,"geomux",0,NA,0,0,0,0,24443,"A direct-capture"
"A","A__mix72hr_DirectCapture__pur90__mustrong__moivhigh","direct-capture","mix72hr_DirectCapture",0.9,"strong",400,"vhigh",15,"crispat",0.95275917081251,0.981350085138336,0.970718372735575,0.0214432144321443,0.976434971157387,24390,24443,"A direct-capture"
"A","A__mix72hr_DirectCapture__pur99__muweak__moivhigh","direct-capture","mix72hr_DirectCapture",0.99,"weak",30,"vhigh",15,"geomux",0.0245957485753542,1,0.0245957485753542,0,0.0218628784444109,434,19851,"A direct-capture"
"A","A__mix72hr_DirectCapture__pur99__muweak__moivhigh","direct-capture","mix72hr_DirectCapture",0.99,"weak",30,"vhigh",15,"crispat",0.755089155296888,0.993785106187499,0.758967621260969,0.00435656836461126,0.748325021409501,14920,19851,"A direct-capture"
"A","A__mix72hr_DirectCapture__pur99__mumod__moivhigh","direct-capture","mix72hr_DirectCapture",0.99,"mod",100,"vhigh",15,"geomux",0,NA,0,0,0,0,21968,"A direct-capture"
"A","A__mix72hr_DirectCapture__pur99__mumod__moivhigh","direct-capture","mix72hr_DirectCapture",0.99,"mod",100,"vhigh",15,"crispat",0.829731802033384,0.993365446950554,0.834527873593851,0.00367042839925496,0.827886016023307,18254,21968,"A direct-capture"
"A","A__mix72hr_DirectCapture__pur99__mustrong__moivhigh","direct-capture","mix72hr_DirectCapture",0.99,"strong",400,"vhigh",15,"geomux",0,NA,0,0,0,0,23468,"A direct-capture"
"A","A__mix72hr_DirectCapture__pur99__mustrong__moivhigh","direct-capture","mix72hr_DirectCapture",0.99,"strong",400,"vhigh",15,"crispat",0.956045369761013,0.979295010958016,0.976284312269868,0.0252395222217533,0.984106016703596,23693,23468,"A direct-capture"
"B","B__regime__a549_crispri_perturbseq_GSE236304","a549_crispri_perturbseq_GSE236304","a549_crispri_perturbseq_GSE236304",NA,"cal",83,"low",3,"geomux",0.819760339230453,0.991907675536777,0.821778264666246,0.00195360195360195,0.785961538461538,8190,10400,"B a549_crispri_perturbseq_GSE236304"
"B","B__regime__a549_crispri_perturbseq_GSE236304","a549_crispri_perturbseq_GSE236304","a549_crispri_perturbseq_GSE236304",NA,"cal",83,"low",3,"crispat",0.915446379303163,0.966854757621094,0.940164302421997,0.0814973861090366,0.946057692307692,10712,10400,"B a549_crispri_perturbseq_GSE236304"
"B","B__regime__cd8_tcell_perturbcite_GSE279498","cd8_tcell_perturbcite_GSE279498","cd8_tcell_perturbcite_GSE279498",NA,"cal",8,"low",1,"geomux",0.555010023866939,0.624213942036821,0.857256386039469,0.659542743538767,0.853848550950452,8048,3209,"B cd8_tcell_perturbcite_GSE279498"
"B","B__regime__cd8_tcell_perturbcite_GSE279498","cd8_tcell_perturbcite_GSE279498","cd8_tcell_perturbcite_GSE279498",NA,"cal",8,"low",1,"crispat",0.531737367777563,0.786235034700855,0.658473468645138,0.6833936106088,0.654721096914927,6636,3209,"B cd8_tcell_perturbcite_GSE279498"
"B","B__regime__dctap_k562_highmoi_GSE303901","dctap_k562_highmoi_GSE303901","dctap_k562_highmoi_GSE303901",NA,"cal",195,"high",9,"geomux",0.573819227639368,0.999296817967106,0.573992012370976,0.00025416190113102,0.501258402625123,15738,31389,"B dctap_k562_highmoi_GSE303901"
"B","B__regime__dctap_k562_highmoi_GSE303901","dctap_k562_highmoi_GSE303901","dctap_k562_highmoi_GSE303901",NA,"cal",195,"high",9,"crispat",0.925415401151327,0.959783662173833,0.962824950891168,0.0923653196089777,0.949504603523527,32837,31389,"B dctap_k562_highmoi_GSE303901"
"B","B__regime__dctap_k562_lowmoi_GSE303901","dctap_k562_lowmoi_GSE303901","dctap_k562_lowmoi_GSE303901",NA,"cal",518,"low",1,"geomux",0.877730039734059,1,0.877730039734059,0,0.877363896848138,3062,3490,"B dctap_k562_lowmoi_GSE303901"
"B","B__regime__dctap_k562_lowmoi_GSE303901","dctap_k562_lowmoi_GSE303901","dctap_k562_lowmoi_GSE303901",NA,"cal",518,"low",1,"crispat",0.960788764841513,0.97649452668944,0.982524774015249,0.0235527809307605,0.98595988538682,3524,3490,"B dctap_k562_lowmoi_GSE303901"
"B","B__regime__endoc_t2d_perturbseq_GSE273677","endoc_t2d_perturbseq_GSE273677","endoc_t2d_perturbseq_GSE273677",NA,"cal",238,"low",2,"geomux",0.782142551807893,1,0.782142551807893,0,0.742361210730168,5175,6971,"B endoc_t2d_perturbseq_GSE273677"
"B","B__regime__endoc_t2d_perturbseq_GSE273677","endoc_t2d_perturbseq_GSE273677","endoc_t2d_perturbseq_GSE273677",NA,"cal",238,"low",2,"crispat",0.981025667790761,0.996311057496851,0.982717002108188,0.00347624565469293,0.986945918806484,6904,6971,"B endoc_t2d_perturbseq_GSE273677"
"B","B__regime__gastric_organoid_cropseq_GSE280506","gastric_organoid_cropseq_GSE280506","gastric_organoid_cropseq_GSE280506",NA,"cal",84,"low",1,"geomux",0.624484757935325,0.628020020953234,0.994294432281028,0.745733041575492,0.989778534923339,13710,3522,"B gastric_organoid_cropseq_GSE280506"
"B","B__regime__gastric_organoid_cropseq_GSE280506","gastric_organoid_cropseq_GSE280506","gastric_organoid_cropseq_GSE280506",NA,"cal",84,"low",1,"crispat",0.795150023137112,0.811010760162638,0.981149266720145,0.784764890282132,0.97473026689381,15950,3522,"B gastric_organoid_cropseq_GSE280506"
"B","B__regime__invivo_cortex_perturbseq_GSE249416","invivo_cortex_perturbseq_GSE249416","invivo_cortex_perturbseq_GSE249416",NA,"cal",390,"low",1,"geomux",0.922334025248182,0.959411464442146,0.957906518476878,0.0410122164048866,0.95014409221902,3438,3470,"B invivo_cortex_perturbseq_GSE249416"
"B","B__regime__invivo_cortex_perturbseq_GSE249416","invivo_cortex_perturbseq_GSE249416","invivo_cortex_perturbseq_GSE249416",NA,"cal",390,"low",1,"crispat",0.894809255057999,0.911782583656713,0.98109582173566,0.548318771511782,0.98328530259366,7554,3470,"B invivo_cortex_perturbseq_GSE249416"
"B","B__regime__ipsc_crispri_hipsci_figshare27989294","ipsc_crispri_hipsci_figshare27989294","ipsc_crispri_hipsci_figshare27989294",NA,"cal",52,"high",8,"geomux",0.148639773897573,1,0.148639773897573,0,0.13402287129434,3680,27458,"B ipsc_crispri_hipsci_figshare27989294"
"B","B__regime__ipsc_crispri_hipsci_figshare27989294","ipsc_crispri_hipsci_figshare27989294","ipsc_crispri_hipsci_figshare27989294",NA,"cal",52,"high",8,"crispat",0.892912922220515,0.992126071901444,0.897617946150452,0.00658126689387707,0.92355597640032,25527,27458,"B ipsc_crispri_hipsci_figshare27989294"
"B","B__regime__perturb_multiome_erythroid_GSE274113","perturb_multiome_erythroid_GSE274113","perturb_multiome_erythroid_GSE274113",NA,"cal",27,"low",1,"geomux",0.906075680686337,1,0.906075680686337,0,0.890441587479039,3186,3578,"B perturb_multiome_erythroid_GSE274113"
"B","B__regime__perturb_multiome_erythroid_GSE274113","perturb_multiome_erythroid_GSE274113","perturb_multiome_erythroid_GSE274113",NA,"cal",27,"low",1,"crispat",0.915811356135328,1,0.915811356135328,0,0.936836221352711,3352,3578,"B perturb_multiome_erythroid_GSE274113"
"B","B__regime__tcell_cd4_perturbseq_GSE314342","tcell_cd4_perturbseq_GSE314342","tcell_cd4_perturbseq_GSE314342",NA,"cal",80,"low",3,"geomux",0.817798223155722,1,0.817798223155722,0,0.769311064718163,8107,10538,"B tcell_cd4_perturbseq_GSE314342"
"B","B__regime__tcell_cd4_perturbseq_GSE314342","tcell_cd4_perturbseq_GSE314342","tcell_cd4_perturbseq_GSE314342",NA,"cal",80,"low",3,"crispat",0.987828368136779,1,0.987828368136779,0,0.986999430631998,10401,10538,"B tcell_cd4_perturbseq_GSE314342"
"B","B__regime__gasperini","gasperini","gasperini",NA,"cal",10,"high",25,"geomux",0.661162267508426,0.97362444782405,0.678769538075939,0.0112633302711986,0.58734207248354,50074,84295,"B gasperini"
"B","B__regime__gasperini","gasperini","gasperini",NA,"cal",10,"high",25,"crispat",0.789614533034714,0.985580878358875,0.79854623881658,0.0115346990027596,0.80311999525476,68489,84295,"B gasperini"
"B","B__regime__replogle","replogle","replogle",NA,"cal",814,"low",2,"geomux",0.467906347589288,1,0.467906347589288,0,0.4385423966363,3129,7135,"B replogle"
"B","B__regime__replogle","replogle","replogle",NA,"cal",814,"low",2,"crispat",0.969563843045841,0.998635400105988,0.970516717140462,0.000575788109975529,0.973090399439383,6947,7135,"B replogle"
"B","B__regime__schraivogel","schraivogel","schraivogel",NA,"cal",66,"low",1,"geomux",0.949072096623687,0.979175455417066,0.969693240133693,0.00940623162845385,0.956299659477866,3402,3524,"B schraivogel"
"B","B__regime__schraivogel","schraivogel","schraivogel",NA,"cal",66,"low",1,"crispat",0.976466425168578,0.999436936936937,0.977029488231641,0.00029171528588098,0.972474460839955,3428,3524,"B schraivogel"
"B","B__regime__barnyard_0hr_Cropseq","barnyard_0hr_Cropseq","barnyard_0hr_Cropseq",NA,"cal",12,"high",5,"geomux",0.842870577552094,0.971483122608804,0.865307164944966,0.0179572716303499,0.829098753595398,14089,16688,"B barnyard_0hr_Cropseq"
"B","B__regime__barnyard_0hr_Cropseq","barnyard_0hr_Cropseq","barnyard_0hr_Cropseq",NA,"cal",12,"high",5,"crispat",0.753029989286366,0.989517013500195,0.759176155581607,0.0111504947570521,0.80243288590604,13542,16688,"B barnyard_0hr_Cropseq"
"B","B__regime__barnyard_72hr_Cropseq","barnyard_72hr_Cropseq","barnyard_72hr_Cropseq",NA,"cal",11,"high",5,"geomux",0.841820505853164,0.976956259986169,0.859830328598815,0.0252100840336134,0.827094474153298,14280,16830,"B barnyard_72hr_Cropseq"
"B","B__regime__barnyard_72hr_Cropseq","barnyard_72hr_Cropseq","barnyard_72hr_Cropseq",NA,"cal",11,"high",5,"crispat",0.75128019072463,0.996414945117296,0.753756626929509,0.0047713717693837,0.743612596553773,12575,16830,"B barnyard_72hr_Cropseq"
"B","B__regime__barnyard_0hr_DirectCapture","barnyard_0hr_DirectCapture","barnyard_0hr_DirectCapture",NA,"cal",18,"low",4,"geomux",0.700562508553401,0.946255207984003,0.728852401910311,0.0572124756335283,0.706419338348061,10260,13693,"B barnyard_0hr_DirectCapture"
"B","B__regime__barnyard_0hr_DirectCapture","barnyard_0hr_DirectCapture","barnyard_0hr_DirectCapture",NA,"cal",18,"low",4,"crispat",0.766619804064508,0.922929973398941,0.822301270969994,0.193394906241254,0.841890016796904,14292,13693,"B barnyard_0hr_DirectCapture"
"B","B__regime__barnyard_72hr_DirectCapture","barnyard_72hr_DirectCapture","barnyard_72hr_DirectCapture",NA,"cal",353,"low",3,"geomux",0.460086767052623,1,0.460086767052623,0,0.405111943883924,4216,10407,"B barnyard_72hr_DirectCapture"
"B","B__regime__barnyard_72hr_DirectCapture","barnyard_72hr_DirectCapture","barnyard_72hr_DirectCapture",NA,"cal",353,"low",3,"crispat",0.908452445469138,0.995521096241062,0.911021653287448,0.00472965709986026,0.889689631978476,9303,10407,"B barnyard_72hr_DirectCapture"
