"method","sim_label","subset","TN","FN","FP","TP","Precision","Recall","secs"
"fishash_refit0","moi_0.100000_iter_1","full",3980836,741,212,18211,0.988492645063236,0.960901224145209,0.646532773971558
"fishash_refit0","moi_0.100000_iter_1","nonzero",516512,580,212,18211,0.988492645063236,0.969134159970198,0.646532773971558
"fishash_refit10","moi_0.100000_iter_1","full",3980993,708,55,18244,0.996994371277119,0.962642465175179,2.11571311950684
"fishash_refit10","moi_0.100000_iter_1","nonzero",516669,547,55,18244,0.996994371277119,0.970890319833963,2.11571311950684
"fishash+_poisson","moi_0.100000_iter_1","full",3980497,674,551,18278,0.970736629667003,0.964436471084846,0.504488945007324
"fishash+_poisson","moi_0.100000_iter_1","nonzero",516173,513,551,18278,0.970736629667003,0.972699696663296,0.504488945007324
"fishash_poisson_rawd","moi_0.100000_iter_1","full",3980997,723,51,18229,0.997210065645514,0.961850991979738,0.197249174118042
"fishash_poisson_rawd","moi_0.100000_iter_1","nonzero",516673,562,51,18229,0.997210065645514,0.970092065350434,0.197249174118042
"fishash+_contingency","moi_0.100000_iter_1","full",3980463,675,585,18277,0.968985261372071,0.96438370620515,0.965072870254517
"fishash+_contingency","moi_0.100000_iter_1","nonzero",516139,514,585,18277,0.968985261372071,0.972646479697728,0.965072870254517
"fishash_refit0","moi_0.100000_iter_2","full",3980972,829,146,18053,0.991977581185779,0.956095752568584,0.642160892486572
"fishash_refit0","moi_0.100000_iter_2","nonzero",519371,644,146,18053,0.991977581185779,0.965555971546237,0.642160892486572
"fishash_refit10","moi_0.100000_iter_2","full",3981049,814,69,18068,0.996195622208745,0.956890159940684,2.23931002616882
"fishash_refit10","moi_0.100000_iter_2","nonzero",519448,629,69,18068,0.996195622208745,0.966358239289726,2.23931002616882
"fishash+_poisson","moi_0.100000_iter_2","full",3980547,752,571,18130,0.969466873429228,0.960173710412033,0.319788932800293
"fishash+_poisson","moi_0.100000_iter_2","nonzero",518946,567,571,18130,0.969466873429228,0.969674279296144,0.319788932800293
"fishash_poisson_rawd","moi_0.100000_iter_2","full",3981054,828,64,18054,0.996467601280494,0.956148713060057,0.520428895950317
"fishash_poisson_rawd","moi_0.100000_iter_2","nonzero",519453,643,64,18054,0.996467601280494,0.96560945606247,0.520428895950317
"fishash+_contingency","moi_0.100000_iter_2","full",3980519,760,599,18122,0.9680038459484,0.959750026480246,1.13597393035889
"fishash+_contingency","moi_0.100000_iter_2","nonzero",518918,575,599,18122,0.9680038459484,0.969246403166283,1.13597393035889
"fishash_refit0","moi_0.100000_iter_3","full",3980869,814,222,18095,0.98788011137195,0.95695171611402,0.665298938751221
"fishash_refit0","moi_0.100000_iter_3","nonzero",525442,633,222,18095,0.98788011137195,0.966200341734302,0.665298938751221
"fishash_refit10","moi_0.100000_iter_3","full",3981043,778,48,18131,0.997359590736564,0.958855571421016,2.06424498558044
"fishash_refit10","moi_0.100000_iter_3","nonzero",525616,597,48,18131,0.997359590736564,0.968122597180692,2.06424498558044
"fishash+_poisson","moi_0.100000_iter_3","full",3980501,742,590,18167,0.968545076504772,0.960759426728013,0.520099878311157
"fishash+_poisson","moi_0.100000_iter_3","nonzero",525074,561,590,18167,0.968545076504772,0.970044852627082,0.520099878311157
"fishash_poisson_rawd","moi_0.100000_iter_3","full",3981044,788,47,18121,0.997413033905768,0.958326722724628,0.204150915145874
"fishash_poisson_rawd","moi_0.100000_iter_3","nonzero",525617,607,47,18121,0.997413033905768,0.967588637334472,0.204150915145874
"fishash+_contingency","moi_0.100000_iter_3","full",3980486,741,605,18168,0.96777286528525,0.960812311597652,1.01514720916748
"fishash+_contingency","moi_0.100000_iter_3","nonzero",525059,560,605,18168,0.96777286528525,0.970098248611704,1.01514720916748
"fishash_refit0","moi_0.100000_iter_4","full",3980773,771,229,18227,0.987592110966623,0.959416780713759,0.658673048019409
"fishash_refit0","moi_0.100000_iter_4","nonzero",489198,606,229,18227,0.987592110966623,0.96782243933521,0.658673048019409
"fishash_refit10","moi_0.100000_iter_4","full",3980933,746,69,18252,0.996233830031112,0.96073270870618,1.80309581756592
"fishash_refit10","moi_0.100000_iter_4","nonzero",489358,581,69,18252,0.996233830031112,0.969149896458344,1.80309581756592
"fishash+_poisson","moi_0.100000_iter_4","full",3980451,711,551,18287,0.970750610468203,0.962575007895568,0.56437087059021
"fishash+_poisson","moi_0.100000_iter_4","nonzero",488876,546,551,18287,0.970750610468203,0.971008336430733,0.56437087059021
"fishash_poisson_rawd","moi_0.100000_iter_4","full",3980940,761,62,18237,0.996611836712389,0.959943151910727,0.246572017669678
"fishash_poisson_rawd","moi_0.100000_iter_4","nonzero",489365,596,62,18237,0.996611836712389,0.968353422184463,0.246572017669678
"fishash+_contingency","moi_0.100000_iter_4","full",3980420,711,582,18287,0.969155758121787,0.962575007895568,0.549120187759399
"fishash+_contingency","moi_0.100000_iter_4","nonzero",488845,546,582,18287,0.969155758121787,0.971008336430733,0.549120187759399
"fishash_refit0","moi_0.100000_iter_5","full",3980948,805,152,18095,0.991669863539212,0.957407407407407,0.656974077224731
"fishash_refit0","moi_0.100000_iter_5","nonzero",517779,614,152,18095,0.991669863539212,0.967181570367203,0.656974077224731
"fishash_refit10","moi_0.100000_iter_5","full",3981033,773,67,18127,0.996317467296911,0.959100529100529,1.84552001953125
"fishash_refit10","moi_0.100000_iter_5","nonzero",517864,582,67,18127,0.996317467296911,0.96889197712331,1.84552001953125
"fishash+_poisson","moi_0.100000_iter_5","full",3980512,729,588,18171,0.968655045578123,0.961428571428571,0.515843868255615
"fishash+_poisson","moi_0.100000_iter_5","nonzero",517343,538,588,18171,0.968655045578123,0.971243786412956,0.515843868255615
"fishash_poisson_rawd","moi_0.100000_iter_5","full",3981044,777,56,18123,0.996919522525991,0.958888888888889,0.259230852127075
"fishash_poisson_rawd","moi_0.100000_iter_5","nonzero",517875,586,56,18123,0.996919522525991,0.968678176278796,0.259230852127075
"fishash+_contingency","moi_0.100000_iter_5","full",3980490,731,610,18169,0.967516907183556,0.961322751322751,1.01481795310974
"fishash+_contingency","moi_0.100000_iter_5","nonzero",517321,540,610,18169,0.967516907183556,0.9711368859907,1.01481795310974
"fishash_refit0","moi_0.100000_iter_6","full",3980909,830,210,18051,0.98850008214227,0.956040463958477,0.655236959457397
"fishash_refit0","moi_0.100000_iter_6","nonzero",514237,665,210,18051,0.98850008214227,0.964468903611883,0.655236959457397
"fishash_refit10","moi_0.100000_iter_6","full",3981058,804,61,18077,0.996636894916749,0.957417509665802,2.10342788696289
"fishash_refit10","moi_0.100000_iter_6","nonzero",514386,639,61,18077,0.996636894916749,0.965858089335328,2.10342788696289
"fishash+_poisson","moi_0.100000_iter_6","full",3980538,740,581,18141,0.968966990706121,0.960807160637678,0.476996898651123
"fishash+_poisson","moi_0.100000_iter_6","nonzero",513866,575,581,18141,0.968966990706121,0.969277623423809,0.476996898651123
"fishash_poisson_rawd","moi_0.100000_iter_6","full",3981061,821,58,18060,0.996798763660448,0.956517133626397,0.268378019332886
"fishash_poisson_rawd","moi_0.100000_iter_6","nonzero",514389,656,58,18060,0.996798763660448,0.964949775593075,0.268378019332886
"fishash+_contingency","moi_0.100000_iter_6","full",3980535,745,584,18136,0.968803418803419,0.9605423441555,1.12634301185608
"fishash+_contingency","moi_0.100000_iter_6","nonzero",513863,580,584,18136,0.968803418803419,0.969010472323146,1.12634301185608
"fishash_refit0","moi_0.100000_iter_7","full",3980900,714,173,18213,0.990590666811705,0.962276113488667,0.654804944992065
"fishash_refit0","moi_0.100000_iter_7","nonzero",518572,574,173,18213,0.990590666811705,0.969446958002874,0.654804944992065
"fishash_refit10","moi_0.100000_iter_7","full",3981016,700,57,18227,0.996882520236272,0.963015797537909,1.84514117240906
"fishash_refit10","moi_0.100000_iter_7","nonzero",518688,560,57,18227,0.996882520236272,0.970192154149146,1.84514117240906
"fishash+_poisson","moi_0.100000_iter_7","full",3980524,654,549,18273,0.970832005100414,0.965446187985418,0.384315967559814
"fishash+_poisson","moi_0.100000_iter_7","nonzero",518196,514,549,18273,0.970832005100414,0.972640655772609,0.384315967559814
"fishash_poisson_rawd","moi_0.100000_iter_7","full",3981019,709,54,18218,0.99704465849387,0.962540286363396,0.258139133453369
"fishash_poisson_rawd","moi_0.100000_iter_7","nonzero",518691,569,54,18218,0.99704465849387,0.969713099483686,0.258139133453369
"fishash+_contingency","moi_0.100000_iter_7","full",3980492,655,581,18272,0.969182623455153,0.965393353410472,0.977576971054077
"fishash+_contingency","moi_0.100000_iter_7","nonzero",518164,515,581,18272,0.969182623455153,0.972587427476446,0.977576971054077
"fishash_refit0","moi_0.100000_iter_8","full",3980752,824,307,18117,0.983336951801997,0.956496489097725,0.653022050857544
"fishash_refit0","moi_0.100000_iter_8","nonzero",519356,646,307,18117,0.983336951801997,0.965570537760486,0.653022050857544
"fishash_refit10","moi_0.100000_iter_8","full",3980984,790,75,18151,0.995884999451333,0.958291536877673,1.87167501449585
"fishash_refit10","moi_0.100000_iter_8","nonzero",519588,612,75,18151,0.995884999451333,0.96738261472046,1.87167501449585
"fishash+_poisson","moi_0.100000_iter_8","full",3980478,746,581,18195,0.969056242011078,0.960614539887018,0.320598125457764
"fishash+_poisson","moi_0.100000_iter_8","nonzero",519082,568,581,18195,0.969056242011078,0.969727655492192,0.320598125457764
"fishash_poisson_rawd","moi_0.100000_iter_8","full",3980989,798,70,18143,0.996156591445671,0.957869172694156,0.267230987548828
"fishash_poisson_rawd","moi_0.100000_iter_8","nonzero",519593,620,70,18143,0.996156591445671,0.966956243671055,0.267230987548828
"fishash+_contingency","moi_0.100000_iter_8","full",3980458,746,601,18195,0.968025111725899,0.960614539887018,0.963381052017212
"fishash+_contingency","moi_0.100000_iter_8","nonzero",519062,568,601,18195,0.968025111725899,0.969727655492192,0.963381052017212
"fishash_refit0","moi_0.100000_iter_9","full",3980940,769,169,18122,0.990760483297797,0.959292784924038,0.581248998641968
"fishash_refit0","moi_0.100000_iter_9","nonzero",498073,597,169,18122,0.990760483297797,0.968107270687537,0.581248998641968
"fishash_refit10","moi_0.100000_iter_9","full",3981055,759,54,18132,0.997030682942923,0.959822137525806,2.03488206863403
"fishash_refit10","moi_0.100000_iter_9","nonzero",498188,587,54,18132,0.997030682942923,0.968641487258935,2.03488206863403
"fishash+_poisson","moi_0.100000_iter_9","full",3980577,713,532,18178,0.97156600748263,0.962257159493939,0.315240859985352
"fishash+_poisson","moi_0.100000_iter_9","nonzero",497710,541,532,18178,0.97156600748263,0.971098883487366,0.315240859985352
"fishash_poisson_rawd","moi_0.100000_iter_9","full",3981063,770,46,18121,0.99746793636814,0.959239849663861,0.458518981933594
"fishash_poisson_rawd","moi_0.100000_iter_9","nonzero",498196,598,46,18121,0.99746793636814,0.968053849030397,0.458518981933594
"fishash+_contingency","moi_0.100000_iter_9","full",3980559,714,550,18177,0.970630640252042,0.962204224233762,0.753039121627808
"fishash+_contingency","moi_0.100000_iter_9","nonzero",497692,542,550,18177,0.970630640252042,0.971045461830226,0.753039121627808
"fishash_refit0","moi_0.100000_iter_10","full",3980971,804,178,18047,0.990233196159122,0.957349742719219,0.62834620475769
"fishash_refit0","moi_0.100000_iter_10","nonzero",482253,620,178,18047,0.990233196159122,0.966786307387368,0.62834620475769
"fishash_refit10","moi_0.100000_iter_10","full",3981068,798,81,18053,0.995533252453954,0.957668028221314,1.80822587013245
"fishash_refit10","moi_0.100000_iter_10","nonzero",482350,614,81,18053,0.995533252453954,0.967107730219103,1.80822587013245
"fishash+_poisson","moi_0.100000_iter_10","full",3980527,744,622,18107,0.966789470874046,0.960532597740173,0.312624931335449
"fishash+_poisson","moi_0.100000_iter_10","nonzero",481809,560,622,18107,0.966789470874046,0.97000053570472,0.312624931335449
"fishash_poisson_rawd","moi_0.100000_iter_10","full",3981076,807,73,18044,0.995970635314898,0.957190599968171,0.189640045166016
"fishash_poisson_rawd","moi_0.100000_iter_10","nonzero",482358,623,73,18044,0.995970635314898,0.9666255959715,0.189640045166016
"fishash+_contingency","moi_0.100000_iter_10","full",3980482,751,667,18100,0.964458890605851,0.960161264654395,1.26127600669861
"fishash+_contingency","moi_0.100000_iter_10","nonzero",481764,567,667,18100,0.964458890605851,0.969625542401029,1.26127600669861
"fishash_refit0","moi_0.300000_iter_1","full",3979005,1042,170,19783,0.991479977948178,0.949963985594238,0.630863904953003
"fishash_refit0","moi_0.300000_iter_1","nonzero",490924,841,170,19783,0.991479977948178,0.959222265321955,0.630863904953003
"fishash_refit10","moi_0.300000_iter_1","full",3979121,1002,54,19823,0.997283292247321,0.951884753901561,2.02771997451782
"fishash_refit10","moi_0.300000_iter_1","nonzero",491040,801,54,19823,0.997283292247321,0.96116175329713,2.02771997451782
"fishash+_poisson","moi_0.300000_iter_1","full",3978621,842,554,19983,0.973024297609193,0.959567827130852,0.263218879699707
"fishash+_poisson","moi_0.300000_iter_1","nonzero",490540,641,554,19983,0.973024297609193,0.968919705197828,0.263218879699707
"fishash_poisson_rawd","moi_0.300000_iter_1","full",3979126,1010,49,19815,0.997533225936367,0.951500600240096,0.448057889938354
"fishash_poisson_rawd","moi_0.300000_iter_1","nonzero",491045,809,49,19815,0.997533225936367,0.960773855702095,0.448057889938354
"fishash+_contingency","moi_0.300000_iter_1","full",3978596,846,579,19979,0.971835781690826,0.95937575030012,1.01877093315125
"fishash+_contingency","moi_0.300000_iter_1","nonzero",490515,645,579,19979,0.971835781690826,0.96872575640031,1.01877093315125
"fishash_refit0","moi_0.300000_iter_2","full",3978955,1041,211,19793,0.989452109578084,0.950033598924834,0.643903970718384
"fishash_refit0","moi_0.300000_iter_2","nonzero",518557,841,211,19793,0.989452109578084,0.959242027721237,0.643903970718384
"fishash_refit10","moi_0.300000_iter_2","full",3979092,982,74,19852,0.996286259158888,0.952865508303734,1.83951592445374
"fishash_refit10","moi_0.300000_iter_2","nonzero",518694,782,74,19852,0.996286259158888,0.96210138606184,1.83951592445374
"fishash+_poisson","moi_0.300000_iter_2","full",3978584,864,582,19970,0.971681588166602,0.958529327061534,0.526227951049805
"fishash+_poisson","moi_0.300000_iter_2","nonzero",518186,664,582,19970,0.971681588166602,0.967820102743045,0.526227951049805
"fishash_poisson_rawd","moi_0.300000_iter_2","full",3979099,994,67,19840,0.996634349726227,0.952289526735144,0.268864154815674
"fishash_poisson_rawd","moi_0.300000_iter_2","nonzero",518701,794,67,19840,0.996634349726227,0.961519821653582,0.268864154815674
"fishash+_contingency","moi_0.300000_iter_2","full",3978562,857,604,19977,0.970652543608182,0.958865316309878,0.784892082214355
"fishash+_contingency","moi_0.300000_iter_2","nonzero",518164,657,604,19977,0.970652543608182,0.968159348647863,0.784892082214355
"fishash_refit0","moi_0.300000_iter_3","full",3979013,1085,226,19676,0.98864435735102,0.947738548239488,0.663442134857178
"fishash_refit0","moi_0.300000_iter_3","nonzero",529177,869,226,19676,0.98864435735102,0.957702604039912,0.663442134857178
"fishash_refit10","moi_0.300000_iter_3","full",3979166,1061,73,19700,0.996308096899813,0.948894561918983,1.93423986434937
"fishash_refit10","moi_0.300000_iter_3","nonzero",529330,845,73,19700,0.996308096899813,0.958870771477245,1.93423986434937
"fishash+_poisson","moi_0.300000_iter_3","full",3978681,899,558,19862,0.972673849167483,0.956697654255575,0.528833866119385
"fishash+_poisson","moi_0.300000_iter_3","nonzero",528845,683,558,19862,0.972673849167483,0.966755901679241,0.528833866119385
"fishash_poisson_rawd","moi_0.300000_iter_3","full",3979169,1074,70,19687,0.996456951966392,0.94826838784259,0.344035863876343
"fishash_poisson_rawd","moi_0.300000_iter_3","nonzero",529333,858,70,19687,0.996456951966392,0.958238014115357,0.344035863876343
"fishash+_contingency","moi_0.300000_iter_3","full",3978656,897,583,19864,0.971487259744706,0.956793988728867,0.79790210723877
"fishash+_contingency","moi_0.300000_iter_3","nonzero",528820,681,583,19864,0.971487259744706,0.966853248965685,0.79790210723877
"fishash_refit0","moi_0.300000_iter_4","full",3978963,1135,187,19715,0.990603959401065,0.945563549160671,0.653120994567871
"fishash_refit0","moi_0.300000_iter_4","nonzero",504049,903,187,19715,0.990603959401065,0.956203317489572,0.653120994567871
"fishash_refit10","moi_0.300000_iter_4","full",3979085,1118,65,19732,0.996716674243572,0.946378896882494,2.04136896133423
"fishash_refit10","moi_0.300000_iter_4","nonzero",504171,886,65,19732,0.996716674243572,0.957027839751673,2.04136896133423
"fishash+_poisson","moi_0.300000_iter_4","full",3978608,951,542,19899,0.973484663176948,0.954388489208633,0.591787099838257
"fishash+_poisson","moi_0.300000_iter_4","nonzero",503694,719,542,19899,0.973484663176948,0.965127558444078,0.591787099838257
"fishash_poisson_rawd","moi_0.300000_iter_4","full",3979089,1135,61,19715,0.996915453074434,0.945563549160671,0.263159990310669
"fishash_poisson_rawd","moi_0.300000_iter_4","nonzero",504175,903,61,19715,0.996915453074434,0.956203317489572,0.263159990310669
"fishash+_contingency","moi_0.300000_iter_4","full",3978575,957,575,19893,0.971907367598202,0.95410071942446,0.993886947631836
"fishash+_contingency","moi_0.300000_iter_4","nonzero",503661,725,575,19893,0.971907367598202,0.964836550586866,0.993886947631836
"fishash_refit0","moi_0.300000_iter_5","full",3978900,1089,267,19744,0.986657338463845,0.947727163634618,0.654819965362549
"fishash_refit0","moi_0.300000_iter_5","nonzero",516248,890,267,19744,0.986657338463845,0.956867306387516,0.654819965362549
"fishash_refit10","moi_0.300000_iter_5","full",3979088,1051,79,19782,0.99602235536982,0.949551192819085,1.8418288230896
"fishash_refit10","moi_0.300000_iter_5","nonzero",516436,852,79,19782,0.99602235536982,0.958708927013667,1.8418288230896
"fishash+_poisson","moi_0.300000_iter_5","full",3978589,893,578,19940,0.971829613022712,0.957135314165027,0.330456972122192
"fishash+_poisson","moi_0.300000_iter_5","nonzero",515937,694,578,19940,0.971829613022712,0.9663661917224,0.330456972122192
"fishash_poisson_rawd","moi_0.300000_iter_5","full",3979093,1064,74,19769,0.996270725192763,0.948927182834925,0.269150018692017
"fishash_poisson_rawd","moi_0.300000_iter_5","nonzero",516441,865,74,19769,0.996270725192763,0.95807889890472,0.269150018692017
"fishash+_contingency","moi_0.300000_iter_5","full",3978560,898,607,19935,0.970450783760101,0.956895310324965,1.00488901138306
"fishash+_contingency","moi_0.300000_iter_5","nonzero",515908,699,607,19935,0.970450783760101,0.966123873218959,1.00488901138306
"fishash_refit0","moi_0.300000_iter_6","full",3978914,1102,156,19828,0.992193755004003,0.947348303870043,0.630640983581543
"fishash_refit0","moi_0.300000_iter_6","nonzero",519658,866,156,19828,0.992193755004003,0.958152121387842,0.630640983581543
"fishash_refit10","moi_0.300000_iter_6","full",3979003,1051,67,19879,0.996640930512383,0.949784997611085,1.81887698173523
"fishash_refit10","moi_0.300000_iter_6","nonzero",519747,815,67,19879,0.996640930512383,0.960616603846526,1.81887698173523
"fishash+_poisson","moi_0.300000_iter_6","full",3978539,891,531,20039,0.974185707340788,0.957429526994744,0.53062105178833
"fishash+_poisson","moi_0.300000_iter_6","nonzero",519283,655,531,20039,0.974185707340788,0.968348313520827,0.53062105178833
"fishash_poisson_rawd","moi_0.300000_iter_6","full",3979011,1060,59,19870,0.997039490190175,0.949354992833254,0.272625207901001
"fishash_poisson_rawd","moi_0.300000_iter_6","nonzero",519755,824,59,19870,0.997039490190175,0.960181695177346,0.272625207901001
"fishash+_contingency","moi_0.300000_iter_6","full",3978511,891,559,20039,0.97286144285853,0.957429526994744,0.462491989135742
"fishash+_contingency","moi_0.300000_iter_6","nonzero",519255,655,559,20039,0.97286144285853,0.968348313520827,0.462491989135742
"fishash_refit0","moi_0.300000_iter_7","full",3979076,978,168,19778,0.991577258598215,0.952881094623241,0.549991846084595
"fishash_refit0","moi_0.300000_iter_7","nonzero",474329,768,168,19778,0.991577258598215,0.96262046140368,0.549991846084595
"fishash_refit10","moi_0.300000_iter_7","full",3979189,930,55,19826,0.997233539560384,0.955193678936211,1.82553195953369
"fishash_refit10","moi_0.300000_iter_7","nonzero",474442,720,55,19826,0.997233539560384,0.96495668256595,1.82553195953369
"fishash+_poisson","moi_0.300000_iter_7","full",3978707,787,537,19969,0.973812542670438,0.962083253035267,0.311617136001587
"fishash+_poisson","moi_0.300000_iter_7","nonzero",473960,577,537,19969,0.973812542670438,0.971916674778546,0.311617136001587
"fishash_poisson_rawd","moi_0.300000_iter_7","full",3979199,942,45,19814,0.997734024875371,0.954615532857969,0.251095056533813
"fishash_poisson_rawd","moi_0.300000_iter_7","nonzero",474452,732,45,19814,0.997734024875371,0.964372627275382,0.251095056533813
"fishash+_contingency","moi_0.300000_iter_7","full",3978680,785,564,19971,0.972534696859021,0.962179610714974,0.973742008209229
"fishash+_contingency","moi_0.300000_iter_7","nonzero",473933,575,564,19971,0.972534696859021,0.972014017326974,0.973742008209229
"fishash_refit0","moi_0.300000_iter_8","full",3979099,1178,198,19525,0.989960959286113,0.943100033811525,0.617021799087524
"fishash_refit0","moi_0.300000_iter_8","nonzero",550968,955,198,19525,0.989960959286113,0.953369140625,0.617021799087524
"fishash_refit10","moi_0.300000_iter_8","full",3979249,1127,48,19576,0.997554015491235,0.945563444911365,2.52886295318604
"fishash_refit10","moi_0.300000_iter_8","nonzero",551118,904,48,19576,0.997554015491235,0.955859375,2.52886295318604
"fishash+_poisson","moi_0.300000_iter_8","full",3978766,973,531,19730,0.973792014214501,0.953001980389316,0.435586214065552
"fishash+_poisson","moi_0.300000_iter_8","nonzero",550635,750,531,19730,0.973792014214501,0.96337890625,0.435586214065552
"fishash_poisson_rawd","moi_0.300000_iter_8","full",3979252,1144,45,19559,0.997704550091818,0.944742307878085,0.286516904830933
"fishash_poisson_rawd","moi_0.300000_iter_8","nonzero",551121,921,45,19559,0.997704550091818,0.955029296875,0.286516904830933
"fishash+_contingency","moi_0.300000_iter_8","full",3978731,978,566,19725,0.972105859740772,0.952760469497174,1.61675095558167
"fishash+_contingency","moi_0.300000_iter_8","nonzero",550600,755,566,19725,0.972105859740772,0.963134765625,1.61675095558167
"fishash_refit0","moi_0.300000_iter_9","full",3978914,1098,182,19806,0.990894536722033,0.947474167623421,0.601590156555176
"fishash_refit0","moi_0.300000_iter_9","nonzero",517080,873,182,19806,0.990894536722033,0.957783258378065,0.601590156555176
"fishash_refit10","moi_0.300000_iter_9","full",3979036,1048,60,19856,0.996987346856799,0.949866054343666,1.85770702362061
"fishash_refit10","moi_0.300000_iter_9","nonzero",517202,823,60,19856,0.996987346856799,0.960201170269355,1.85770702362061
"fishash+_poisson","moi_0.300000_iter_9","full",3978488,893,608,20011,0.97051263397837,0.957280903176426,0.336102962493896
"fishash+_poisson","moi_0.300000_iter_9","nonzero",516654,668,608,20011,0.97051263397837,0.967696697132357,0.336102962493896
"fishash_poisson_rawd","moi_0.300000_iter_9","full",3979041,1058,55,19846,0.997236319782925,0.949387676999617,0.281879901885986
"fishash_poisson_rawd","moi_0.300000_iter_9","nonzero",517207,833,55,19846,0.997236319782925,0.959717587891097,0.281879901885986
"fishash+_contingency","moi_0.300000_iter_9","full",3978455,893,641,20011,0.968961843889212,0.957280903176426,1.58028602600098
"fishash+_contingency","moi_0.300000_iter_9","nonzero",516621,668,641,20011,0.968961843889212,0.967696697132357,1.58028602600098
"fishash_refit0","moi_0.300000_iter_10","full",3978982,1111,183,19724,0.990807253729844,0.946676265898728,0.63662314414978
"fishash_refit0","moi_0.300000_iter_10","nonzero",562703,890,183,19724,0.990807253729844,0.956825458426312,0.63662314414978
"fishash_refit10","moi_0.300000_iter_10","full",3979108,1065,57,19770,0.997125132395219,0.948884089272858,1.93940901756287
"fishash_refit10","moi_0.300000_iter_10","nonzero",562829,844,57,19770,0.997125132395219,0.9590569515863,1.93940901756287
"fishash+_poisson","moi_0.300000_iter_10","full",3978587,932,578,19903,0.971778721742102,0.955267578593712,0.647894144058228
"fishash+_poisson","moi_0.300000_iter_10","nonzero",562308,711,578,19903,0.971778721742102,0.965508877461919,0.647894144058228
"fishash_poisson_rawd","moi_0.300000_iter_10","full",3979110,1077,55,19758,0.997224044819058,0.948308135349172,0.48662805557251
"fishash_poisson_rawd","moi_0.300000_iter_10","nonzero",562831,856,55,19758,0.997224044819058,0.958474822935869,0.48662805557251
"fishash+_contingency","moi_0.300000_iter_10","full",3978568,926,597,19909,0.970886569784453,0.955555555555556,0.838904857635498
"fishash+_contingency","moi_0.300000_iter_10","nonzero",562289,705,597,19909,0.970886569784453,0.965799941787135,0.838904857635498
"fishash_refit0","moi_0.500000_iter_1","full",3977029,1321,131,21519,0.993949191685912,0.942162872154116,0.63044810295105
"fishash_refit0","moi_0.500000_iter_1","nonzero",502026,1072,131,21519,0.993949191685912,0.95254747465805,0.63044810295105
"fishash_refit10","moi_0.500000_iter_1","full",3977106,1337,54,21503,0.997495013220764,0.94146234676007,2.06891894340515
"fishash_refit10","moi_0.500000_iter_1","nonzero",502103,1088,54,21503,0.997495013220764,0.951839228011155,2.06891894340515
"fishash+_poisson","moi_0.500000_iter_1","full",3976692,1048,468,21792,0.978975741239892,0.954115586690018,0.469666004180908
"fishash+_poisson","moi_0.500000_iter_1","nonzero",501689,799,468,21792,0.978975741239892,0.964631933070692,0.469666004180908
"fishash_poisson_rawd","moi_0.500000_iter_1","full",3977112,1355,48,21485,0.997770863326058,0.940674255691769,0.272786140441895
"fishash_poisson_rawd","moi_0.500000_iter_1","nonzero",502109,1106,48,21485,0.997770863326058,0.951042450533398,0.272786140441895
"fishash+_contingency","moi_0.500000_iter_1","full",3976678,1048,482,21792,0.978360420220885,0.954115586690018,0.777798891067505
"fishash+_contingency","moi_0.500000_iter_1","nonzero",501675,799,482,21792,0.978360420220885,0.964631933070692,0.777798891067505
"fishash_refit0","moi_0.500000_iter_2","full",3977000,1391,219,21390,0.989865333888657,0.938940345024362,0.668589115142822
"fishash_refit0","moi_0.500000_iter_2","nonzero",512373,1139,219,21390,0.989865333888657,0.949442940210395,0.668589115142822
"fishash_refit10","moi_0.500000_iter_2","full",3977146,1344,73,21437,0.996606229660623,0.941003467802116,2.08054399490356
"fishash_refit10","moi_0.500000_iter_2","nonzero",512519,1092,73,21437,0.996606229660623,0.951529140219273,2.08054399490356
"fishash+_poisson","moi_0.500000_iter_2","full",3976566,1104,653,21677,0.970756829377519,0.951538562837452,0.558462858200073
"fishash+_poisson","moi_0.500000_iter_2","nonzero",511939,852,653,21677,0.970756829377519,0.962182076434817,0.558462858200073
"fishash_poisson_rawd","moi_0.500000_iter_2","full",3977153,1366,66,21415,0.996927517340906,0.94003775075721,0.264330863952637
"fishash_poisson_rawd","moi_0.500000_iter_2","nonzero",512526,1114,66,21415,0.996927517340906,0.950552621066181,0.264330863952637
"fishash+_contingency","moi_0.500000_iter_2","full",3976543,1098,676,21683,0.969766089717787,0.951801940213336,1.12710285186768
"fishash+_contingency","moi_0.500000_iter_2","nonzero",511916,846,676,21683,0.969766089717787,0.962448399840206,1.12710285186768
"fishash_refit0","moi_0.500000_iter_3","full",3976951,1423,232,21394,0.989272172385092,0.937634220099049,0.659225940704346
"fishash_refit0","moi_0.500000_iter_3","nonzero",501562,1163,232,21394,0.989272172385092,0.948441725406747,0.659225940704346
"fishash_refit10","moi_0.500000_iter_3","full",3977105,1407,78,21410,0.996370067014147,0.938335451636937,2.53196811676025
"fishash_refit10","moi_0.500000_iter_3","nonzero",501716,1147,78,21410,0.996370067014147,0.949151039588598,2.53196811676025
"fishash+_poisson","moi_0.500000_iter_3","full",3976623,1115,560,21702,0.974845027400952,0.951132927203401,0.530055999755859
"fishash+_poisson","moi_0.500000_iter_3","nonzero",501234,855,560,21702,0.974845027400952,0.962096023407368,0.530055999755859
"fishash_poisson_rawd","moi_0.500000_iter_3","full",3977112,1432,71,21385,0.996690902311708,0.937239777358987,0.268840074539185
"fishash_poisson_rawd","moi_0.500000_iter_3","nonzero",501723,1172,71,21385,0.996690902311708,0.948042736179456,0.268840074539185
"fishash+_contingency","moi_0.500000_iter_3","full",3976588,1112,595,21705,0.973318385650224,0.951264408116755,0.790772914886475
"fishash+_contingency","moi_0.500000_iter_3","nonzero",501199,852,595,21705,0.973318385650224,0.962229019816465,0.790772914886475
"fishash_refit0","moi_0.500000_iter_4","full",3977027,1301,245,21427,0.988695090439277,0.942757831749384,0.632601022720337
"fishash_refit0","moi_0.500000_iter_4","nonzero",523005,1075,245,21427,0.988695090439277,0.952226468758333,0.632601022720337
"fishash_refit10","moi_0.500000_iter_4","full",3977211,1271,61,21457,0.997165164048703,0.944077789510736,2.07694292068481
"fishash_refit10","moi_0.500000_iter_4","nonzero",523189,1045,61,21457,0.997165164048703,0.953559683583681,2.07694292068481
"fishash+_poisson","moi_0.500000_iter_4","full",3976730,1018,542,21710,0.975642638863922,0.955209433298134,0.538309812545776
"fishash+_poisson","moi_0.500000_iter_4","nonzero",522708,792,542,21710,0.975642638863922,0.96480312861079,0.538309812545776
"fishash_poisson_rawd","moi_0.500000_iter_4","full",3977215,1285,57,21443,0.997348837209302,0.943461809222105,0.281815052032471
"fishash_poisson_rawd","moi_0.500000_iter_4","nonzero",523193,1059,57,21443,0.997348837209302,0.952937516665185,0.281815052032471
"fishash+_contingency","moi_0.500000_iter_4","full",3976707,1016,565,21712,0.974637518516856,0.955297430482225,1.16188311576843
"fishash+_contingency","moi_0.500000_iter_4","nonzero",522685,790,565,21712,0.974637518516856,0.964892009599147,1.16188311576843
"fishash_refit0","moi_0.500000_iter_5","full",3977138,1400,134,21328,0.993756406672258,0.938401971136924,0.570993900299072
"fishash_refit0","moi_0.500000_iter_5","nonzero",534885,1171,134,21328,0.993756406672258,0.947953242366327,0.570993900299072
"fishash_refit10","moi_0.500000_iter_5","full",3977212,1355,60,21373,0.9972005785471,0.940381907778951,2.08366179466248
"fishash_refit10","moi_0.500000_iter_5","nonzero",534959,1126,60,21373,0.9972005785471,0.949953331259167,2.08366179466248
"fishash+_poisson","moi_0.500000_iter_5","full",3976768,1085,504,21643,0.977242967444801,0.952261527631116,0.410945892333984
"fishash+_poisson","moi_0.500000_iter_5","nonzero",534515,856,504,21643,0.977242967444801,0.961953864616205,0.410945892333984
"fishash_poisson_rawd","moi_0.500000_iter_5","full",3977221,1375,51,21353,0.997617267800411,0.93950193593805,0.511174201965332
"fishash_poisson_rawd","moi_0.500000_iter_5","nonzero",534968,1146,51,21353,0.997617267800411,0.949064402862349,0.511174201965332
"fishash+_contingency","moi_0.500000_iter_5","full",3976752,1087,520,21641,0.976535354902757,0.952173530447026,0.621944904327393
"fishash+_contingency","moi_0.500000_iter_5","nonzero",534499,858,520,21641,0.976535354902757,0.961864971776523,0.621944904327393
"fishash_refit0","moi_0.500000_iter_6","full",3977090,1425,182,21303,0.991528973702583,0.937302006335797,0.590111017227173
"fishash_refit0","moi_0.500000_iter_6","nonzero",540900,1184,182,21303,0.991528973702583,0.947347356250278,0.590111017227173
"fishash_refit10","moi_0.500000_iter_6","full",3977202,1372,70,21356,0.996732941286288,0.939633931714185,1.91102695465088
"fishash_refit10","moi_0.500000_iter_6","nonzero",541012,1131,70,21356,0.996732941286288,0.949704273580291,1.91102695465088
"fishash+_poisson","moi_0.500000_iter_6","full",3976748,1129,524,21599,0.976314243095421,0.950325589581133,0.589290857315063
"fishash+_poisson","moi_0.500000_iter_6","nonzero",540558,888,524,21599,0.976314243095421,0.960510517187708,0.589290857315063
"fishash_poisson_rawd","moi_0.500000_iter_6","full",3977209,1379,63,21349,0.997057724640389,0.93932594156987,0.287843942642212
"fishash_poisson_rawd","moi_0.500000_iter_6","nonzero",541019,1138,63,21349,0.997057724640389,0.949392982612176,0.287843942642212
"fishash+_contingency","moi_0.500000_iter_6","full",3976725,1131,547,21597,0.975298049132948,0.950237592397043,1.01181077957153
"fishash+_contingency","moi_0.500000_iter_6","nonzero",540535,890,547,21597,0.975298049132948,0.960421576911104,1.01181077957153
"fishash_refit0","moi_0.500000_iter_7","full",3977152,1430,109,21309,0.994910822672518,0.937112449975812,0.615939140319824
"fishash_refit0","moi_0.500000_iter_7","nonzero",498448,1178,109,21309,0.994910822672518,0.947614177080091,0.615939140319824
"fishash_refit10","moi_0.500000_iter_7","full",3977207,1389,54,21350,0.997477107082788,0.938915519591891,2.10196495056152
"fishash_refit10","moi_0.500000_iter_7","nonzero",498503,1137,54,21350,0.997477107082788,0.949437452750478,2.10196495056152
"fishash+_poisson","moi_0.500000_iter_7","full",3976770,1102,491,21637,0.977810918293565,0.951537006904437,0.408056020736694
"fishash+_poisson","moi_0.500000_iter_7","nonzero",498066,850,491,21637,0.977810918293565,0.962200382443189,0.408056020736694
"fishash_poisson_rawd","moi_0.500000_iter_7","full",3977216,1412,45,21327,0.997894441325098,0.937904041514579,0.470934867858887
"fishash_poisson_rawd","moi_0.500000_iter_7","nonzero",498512,1160,45,21327,0.997894441325098,0.948414639569529,0.470934867858887
"fishash+_contingency","moi_0.500000_iter_7","full",3976728,1105,533,21634,0.975955248793251,0.95140507498131,0.785659074783325
"fishash+_contingency","moi_0.500000_iter_7","nonzero",498024,853,533,21634,0.975955248793251,0.962066972028283,0.785659074783325
"fishash_refit0","moi_0.500000_iter_8","full",3977148,1429,153,21270,0.99285814311721,0.937045684831931,0.620604038238525
"fishash_refit0","moi_0.500000_iter_8","nonzero",525019,1182,153,21270,0.99285814311721,0.94735435595938,0.620604038238525
"fishash_refit10","moi_0.500000_iter_8","full",3977232,1371,69,21328,0.996775248866664,0.939600863474162,1.9222629070282
"fishash_refit10","moi_0.500000_iter_8","nonzero",525103,1124,69,21328,0.996775248866664,0.949937644753251,1.9222629070282
"fishash+_poisson","moi_0.500000_iter_8","full",3976765,1098,536,21601,0.975787143696074,0.951627825014318,0.566783905029297
"fishash+_poisson","moi_0.500000_iter_8","nonzero",524636,851,536,21601,0.975787143696074,0.962096917869232,0.566783905029297
"fishash_poisson_rawd","moi_0.500000_iter_8","full",3977237,1387,64,21312,0.997005988023952,0.93889598660734,0.493821859359741
"fishash_poisson_rawd","moi_0.500000_iter_8","nonzero",525108,1140,64,21312,0.997005988023952,0.949225013361839,0.493821859359741
"fishash+_contingency","moi_0.500000_iter_8","full",3976739,1092,562,21607,0.974649285037665,0.951892153839376,1.2039041519165
"fishash+_contingency","moi_0.500000_iter_8","nonzero",524610,845,562,21607,0.974649285037665,0.962364154641012,1.2039041519165
"fishash_refit0","moi_0.500000_iter_9","full",3976967,1370,131,21532,0.993952822785394,0.940179896952231,0.607717990875244
"fishash_refit0","moi_0.500000_iter_9","nonzero",503792,1099,131,21532,0.993952822785394,0.951438292607485,0.607717990875244
"fishash_refit10","moi_0.500000_iter_9","full",3977046,1303,52,21599,0.99759826335966,0.943105405641429,2.07359004020691
"fishash_refit10","moi_0.500000_iter_9","nonzero",503871,1032,52,21599,0.99759826335966,0.95439883345853,2.07359004020691
"fishash+_poisson","moi_0.500000_iter_9","full",3976625,1054,473,21848,0.978809193136508,0.953977818531133,0.475480079650879
"fishash+_poisson","moi_0.500000_iter_9","nonzero",503450,783,473,21848,0.978809193136508,0.965401440501966,0.475480079650879
"fishash_poisson_rawd","moi_0.500000_iter_9","full",3977051,1322,47,21580,0.997826790585842,0.942275783774343,0.260512113571167
"fishash_poisson_rawd","moi_0.500000_iter_9","nonzero",503876,1051,47,21580,0.997826790585842,0.953559277097786,0.260512113571167
"fishash+_contingency","moi_0.500000_iter_9","full",3976608,1053,490,21849,0.9780652670218,0.954021482839927,0.783547878265381
"fishash+_contingency","moi_0.500000_iter_9","nonzero",503433,782,490,21849,0.9780652670218,0.965445627678848,0.783547878265381
"fishash_refit0","moi_0.500000_iter_10","full",3977101,1456,177,21266,0.991745557990953,0.935921133703019,0.630629062652588
"fishash_refit0","moi_0.500000_iter_10","nonzero",529110,1173,177,21266,0.991745557990953,0.947724943179286,0.630629062652588
"fishash_refit10","moi_0.500000_iter_10","full",3977207,1429,71,21293,0.996676652312301,0.937109409382977,2.32155299186707
"fishash_refit10","moi_0.500000_iter_10","nonzero",529216,1146,71,21293,0.996676652312301,0.948928205356745,2.32155299186707
"fishash+_poisson","moi_0.500000_iter_10","full",3976790,1159,488,21563,0.977869484377126,0.948992166182554,0.551928043365479
"fishash+_poisson","moi_0.500000_iter_10","nonzero",528799,876,488,21563,0.977869484377126,0.960960827131334,0.551928043365479
"fishash_poisson_rawd","moi_0.500000_iter_10","full",3977213,1438,65,21284,0.996955360906834,0.936713317489658,0.273892879486084
"fishash_poisson_rawd","moi_0.500000_iter_10","nonzero",529222,1155,65,21284,0.996955360906834,0.948527117964259,0.273892879486084
"fishash+_contingency","moi_0.500000_iter_10","full",3976754,1160,524,21562,0.976274563071629,0.948948155972186,1.05619406700134
"fishash+_contingency","moi_0.500000_iter_10","nonzero",528763,877,524,21562,0.976274563071629,0.960916261865502,1.05619406700134
"fishash_refit0","moi_1.000000_iter_1","full",3971605,2549,181,25665,0.992996982124894,0.909654781314241,0.637653112411499
"fishash_refit0","moi_1.000000_iter_1","nonzero",519696,2120,181,25665,0.992996982124894,0.923699838042109,0.637653112411499
"fishash_refit10","moi_1.000000_iter_1","full",3971735,2453,51,25761,0.998024174802417,0.913057347416176,2.15093994140625
"fishash_refit10","moi_1.000000_iter_1","nonzero",519826,2024,51,25761,0.998024174802417,0.927154939715674,2.15093994140625
"fishash+_poisson","moi_1.000000_iter_1","full",3971334,1787,452,26427,0.983183898210499,0.936662649748352,0.557752132415771
"fishash+_poisson","moi_1.000000_iter_1","nonzero",519425,1358,452,26427,0.983183898210499,0.95112470757603,0.557752132415771
"fishash_poisson_rawd","moi_1.000000_iter_1","full",3971743,2467,43,25747,0.998332687088019,0.912561139859644,0.479026079177856
"fishash_poisson_rawd","moi_1.000000_iter_1","nonzero",519834,2038,43,25747,0.998332687088019,0.926651070721612,0.479026079177856
"fishash+_contingency","moi_1.000000_iter_1","full",3971322,1779,464,26435,0.9827502881148,0.936946196923513,0.852375030517578
"fishash+_contingency","moi_1.000000_iter_1","nonzero",519413,1350,464,26435,0.9827502881148,0.951412632715494,0.852375030517578
"fishash_refit0","moi_1.000000_iter_2","full",3971430,2534,134,25902,0.994853280073744,0.910887607258405,0.653211116790771
"fishash_refit0","moi_1.000000_iter_2","nonzero",527868,2130,134,25902,0.994853280073744,0.924015410958904,0.653211116790771
"fishash_refit10","moi_1.000000_iter_2","full",3971511,2498,53,25938,0.997960832595899,0.912153608102405,1.97394299507141
"fishash_refit10","moi_1.000000_iter_2","nonzero",527949,2094,53,25938,0.997960832595899,0.925299657534247,1.97394299507141
"fishash+_poisson","moi_1.000000_iter_2","full",3971154,1808,410,26628,0.984836156520453,0.936418624279083,0.48629093170166
"fishash+_poisson","moi_1.000000_iter_2","nonzero",527592,1404,410,26628,0.984836156520453,0.949914383561644,0.48629093170166
"fishash_poisson_rawd","moi_1.000000_iter_2","full",3971513,2517,51,25919,0.99803619561032,0.911485440990294,0.357773065567017
"fishash_poisson_rawd","moi_1.000000_iter_2","nonzero",527951,2113,51,25919,0.99803619561032,0.924621860730594,0.357773065567017
"fishash+_contingency","moi_1.000000_iter_2","full",3971119,1797,445,26639,0.98356963520898,0.936805457870305,1.04221296310425
"fishash+_contingency","moi_1.000000_iter_2","nonzero",527557,1393,445,26639,0.98356963520898,0.950306792237443,1.04221296310425
"fishash_refit0","moi_1.000000_iter_3","full",3971425,2499,123,25953,0.995283018867924,0.912167861661746,0.585452079772949
"fishash_refit0","moi_1.000000_iter_3","nonzero",513515,2121,123,25953,0.995283018867924,0.924449668732635,0.585452079772949
"fishash_refit10","moi_1.000000_iter_3","full",3971491,2450,57,26002,0.997812655896235,0.913890060452692,2.76033496856689
"fishash_refit10","moi_1.000000_iter_3","nonzero",513581,2072,57,26002,0.997812655896235,0.92619505592363,2.76033496856689
"fishash+_poisson","moi_1.000000_iter_3","full",3971098,1776,450,26676,0.983410749834107,0.937579080556727,0.426025152206421
"fishash+_poisson","moi_1.000000_iter_3","nonzero",513188,1398,450,26676,0.983410749834107,0.950203034836503,0.426025152206421
"fishash_poisson_rawd","moi_1.000000_iter_3","full",3971494,2482,54,25970,0.997924992314786,0.912765359201462,0.273705959320068
"fishash_poisson_rawd","moi_1.000000_iter_3","nonzero",513584,2104,54,25970,0.997924992314786,0.92505521122747,0.273705959320068
"fishash+_contingency","moi_1.000000_iter_3","full",3971072,1755,476,26697,0.982482611415744,0.938317165752847,0.498843908309937
"fishash+_contingency","moi_1.000000_iter_3","nonzero",513162,1377,476,26697,0.982482611415744,0.950951057918359,0.498843908309937
"fishash_refit0","moi_1.000000_iter_4","full",3971543,2512,177,25768,0.993177876276739,0.911173974540311,0.561970949172974
"fishash_refit0","moi_1.000000_iter_4","nonzero",479651,2134,177,25768,0.993177876276739,0.92351802738155,0.561970949172974
"fishash_refit10","moi_1.000000_iter_4","full",3971659,2400,61,25880,0.997648510080567,0.915134370579915,2.51680111885071
"fishash_refit10","moi_1.000000_iter_4","nonzero",479767,2022,61,25880,0.997648510080567,0.927532076553652,2.51680111885071
"fishash+_poisson","moi_1.000000_iter_4","full",3971303,1715,417,26565,0.984545252390483,0.939356435643564,0.567884922027588
"fishash+_poisson","moi_1.000000_iter_4","nonzero",479411,1337,417,26565,0.984545252390483,0.952082288008028,0.567884922027588
"fishash_poisson_rawd","moi_1.000000_iter_4","full",3971662,2421,58,25859,0.997762086661265,0.914391796322489,0.336230993270874
"fishash_poisson_rawd","moi_1.000000_iter_4","nonzero",479770,2043,58,25859,0.997762086661265,0.926779442333883,0.336230993270874
"fishash+_contingency","moi_1.000000_iter_4","full",3971280,1714,440,26566,0.983707324298304,0.939391796322489,0.790386199951172
"fishash+_contingency","moi_1.000000_iter_4","nonzero",479388,1336,440,26566,0.983707324298304,0.952118127732779,0.790386199951172
"fishash_refit0","moi_1.000000_iter_5","full",3971399,2367,116,26118,0.99557825722345,0.916903633491311,0.639965057373047
"fishash_refit0","moi_1.000000_iter_5","nonzero",502633,1982,116,26118,0.99557825722345,0.929466192170818,0.639965057373047
"fishash_refit10","moi_1.000000_iter_5","full",3971465,2334,50,26151,0.998091675890233,0.918062137967351,2.08913898468018
"fishash_refit10","moi_1.000000_iter_5","nonzero",502699,1949,50,26151,0.998091675890233,0.930640569395018,2.08913898468018
"fishash+_poisson","moi_1.000000_iter_5","full",3971105,1706,410,26779,0.984920372209349,0.940108829208355,0.534093141555786
"fishash+_poisson","moi_1.000000_iter_5","nonzero",502339,1321,410,26779,0.984920372209349,0.952989323843416,0.534093141555786
"fishash_poisson_rawd","moi_1.000000_iter_5","full",3971469,2357,46,26128,0.998242530755712,0.917254695453748,0.352218866348267
"fishash_poisson_rawd","moi_1.000000_iter_5","nonzero",502703,1972,46,26128,0.998242530755712,0.92982206405694,0.352218866348267
"fishash+_contingency","moi_1.000000_iter_5","full",3971096,1690,419,26795,0.984603512897773,0.940670528348253,0.676095962524414
"fishash+_contingency","moi_1.000000_iter_5","nonzero",502330,1305,419,26795,0.984603512897773,0.95355871886121,0.676095962524414
"fishash_refit0","moi_1.000000_iter_6","full",3971299,2459,251,25991,0.990435180245408,0.913567662565905,0.630438089370728
"fishash_refit0","moi_1.000000_iter_6","nonzero",530879,2076,251,25991,0.990435180245408,0.926034132611252,0.630438089370728
"fishash_refit10","moi_1.000000_iter_6","full",3971486,2420,64,26030,0.997547328887867,0.91493848857645,1.93045902252197
"fishash_refit10","moi_1.000000_iter_6","nonzero",531066,2037,64,26030,0.997547328887867,0.927423664802081,1.93045902252197
"fishash+_poisson","moi_1.000000_iter_6","full",3971094,1765,456,26685,0.983198850447662,0.937961335676626,0.59264087677002
"fishash+_poisson","moi_1.000000_iter_6","nonzero",530674,1382,456,26685,0.983198850447662,0.950760679801903,0.59264087677002
"fishash_poisson_rawd","moi_1.000000_iter_6","full",3971489,2433,61,26017,0.997660863563157,0.914481546572935,0.290143013000488
"fishash_poisson_rawd","moi_1.000000_iter_6","nonzero",531069,2050,61,26017,0.997660863563157,0.926960487405138,0.290143013000488
"fishash+_contingency","moi_1.000000_iter_6","full",3971076,1754,474,26696,0.982554287817446,0.938347978910369,1.36772513389587
"fishash+_contingency","moi_1.000000_iter_6","nonzero",530656,1371,474,26696,0.982554287817446,0.951152599137777,1.36772513389587
"fishash_refit0","moi_1.000000_iter_7","full",3971350,2437,220,25993,0.991607217792698,0.914280689412592,0.628787994384766
"fishash_refit0","moi_1.000000_iter_7","nonzero",529638,2038,220,25993,0.991607217792698,0.927294780778424,0.628787994384766
"fishash_refit10","moi_1.000000_iter_7","full",3971511,2367,59,26063,0.997741367429753,0.91674287724235,2.40689086914062
"fishash_refit10","moi_1.000000_iter_7","nonzero",529799,1968,59,26063,0.997741367429753,0.929792015982305,2.40689086914062
"fishash+_poisson","moi_1.000000_iter_7","full",3971124,1718,446,26712,0.983577583032624,0.939570875835385,0.557626008987427
"fishash+_poisson","moi_1.000000_iter_7","nonzero",529412,1319,446,26712,0.983577583032624,0.952944953801149,0.557626008987427
"fishash_poisson_rawd","moi_1.000000_iter_7","full",3971515,2394,55,26036,0.997891993407689,0.9157931762223,0.361967086791992
"fishash_poisson_rawd","moi_1.000000_iter_7","nonzero",529803,1995,55,26036,0.997891993407689,0.92882879668938,0.361967086791992
"fishash+_contingency","moi_1.000000_iter_7","full",3971095,1713,475,26717,0.982531626949103,0.939746746394653,1.06181693077087
"fishash+_contingency","moi_1.000000_iter_7","nonzero",529383,1314,475,26717,0.982531626949103,0.953123327744283,1.06181693077087
"fishash_refit0","moi_1.000000_iter_8","full",3971554,2385,139,25922,0.994666359694563,0.915745222029887,0.607041835784912
"fishash_refit0","moi_1.000000_iter_8","nonzero",483002,1986,139,25922,0.994666359694563,0.92883760928766,0.607041835784912
"fishash_refit10","moi_1.000000_iter_8","full",3971650,2333,43,25974,0.998347234500519,0.917582223478292,2.05483198165894
"fishash_refit10","moi_1.000000_iter_8","nonzero",483098,1934,43,25974,0.998347234500519,0.930700874301276,2.05483198165894
"fishash+_poisson","moi_1.000000_iter_8","full",3971302,1675,391,26632,0.98553084409577,0.940827357190801,0.557001829147339
"fishash+_poisson","moi_1.000000_iter_8","nonzero",482750,1276,391,26632,0.98553084409577,0.954278343127419,0.557001829147339
"fishash_poisson_rawd","moi_1.000000_iter_8","full",3971655,2351,38,25956,0.998538124182504,0.916946338361536,0.276811838150024
"fishash_poisson_rawd","moi_1.000000_iter_8","nonzero",483103,1952,38,25956,0.998538124182504,0.930055897950408,0.276811838150024
"fishash+_contingency","moi_1.000000_iter_8","full",3971279,1666,414,26641,0.984697837737941,0.941145299749179,0.677006006240845
"fishash+_contingency","moi_1.000000_iter_8","nonzero",482727,1267,414,26641,0.984697837737941,0.954600831302852,0.677006006240845
"fishash_refit0","moi_1.000000_iter_9","full",3971636,2539,118,25707,0.995430784123911,0.910111166182822,0.636725187301636
"fishash_refit0","moi_1.000000_iter_9","nonzero",476895,2160,118,25707,0.995430784123911,0.922488965442997,0.636725187301636
"fishash_refit10","moi_1.000000_iter_9","full",3971694,2486,60,25760,0.997676219984508,0.911987538058486,2.04694318771362
"fishash_refit10","moi_1.000000_iter_9","nonzero",476953,2107,60,25760,0.997676219984508,0.924390856568701,2.04694318771362
"fishash+_poisson","moi_1.000000_iter_9","full",3971339,1752,415,26494,0.984577650600171,0.937973518374283,0.27041506767273
"fishash+_poisson","moi_1.000000_iter_9","nonzero",476598,1373,415,26494,0.984577650600171,0.950730254422794,0.27041506767273
"fishash_poisson_rawd","moi_1.000000_iter_9","full",3971702,2510,52,25736,0.997983558244145,0.911137860227997,0.543394804000854
"fishash_poisson_rawd","moi_1.000000_iter_9","nonzero",476961,2131,52,25736,0.997983558244145,0.923529622851401,0.543394804000854
"fishash+_contingency","moi_1.000000_iter_9","full",3971314,1734,440,26512,0.983674680914218,0.93861077674715,0.798909902572632
"fishash+_contingency","moi_1.000000_iter_9","nonzero",476573,1355,440,26512,0.983674680914218,0.951376179710769,0.798909902572632
"fishash_refit0","moi_1.000000_iter_10","full",3971352,2414,187,26047,0.992871845696425,0.915182179122308,0.6437828540802
"fishash_refit0","moi_1.000000_iter_10","nonzero",493273,2043,187,26047,0.992871845696425,0.927269490922036,0.6437828540802
"fishash_refit10","moi_1.000000_iter_10","full",3971486,2316,53,26145,0.997976944804947,0.918625487509223,2.11051321029663
"fishash_refit10","moi_1.000000_iter_10","nonzero",493407,1945,53,26145,0.997976944804947,0.930758276966892,2.11051321029663
"fishash+_poisson","moi_1.000000_iter_10","full",3971105,1648,434,26813,0.984071640914596,0.942096201820034,0.421788930892944
"fishash+_poisson","moi_1.000000_iter_10","nonzero",493026,1277,434,26813,0.984071640914596,0.954538981844073,0.421788930892944
"fishash_poisson_rawd","moi_1.000000_iter_10","full",3971487,2339,52,26122,0.998013295636892,0.917817364112294,0.556329965591431
"fishash_poisson_rawd","moi_1.000000_iter_10","nonzero",493408,1968,52,26122,0.998013295636892,0.929939480242079,0.556329965591431
"fishash+_contingency","moi_1.000000_iter_10","full",3971086,1634,453,26827,0.983394428152493,0.942588103018165,1.13932394981384
"fishash+_contingency","moi_1.000000_iter_10","nonzero",493007,1263,453,26827,0.983394428152493,0.955037379850481,1.13932394981384
"fishash_refit0","moi_2.000000_iter_1","full",3958890,5950,143,35017,0.995932878270762,0.854761149217663,0.572258949279785
"fishash_refit0","moi_2.000000_iter_1","nonzero",489311,5092,143,35017,0.995932878270762,0.873045949786831,0.572258949279785
"fishash_refit10","moi_2.000000_iter_1","full",3958979,5974,54,34993,0.998459211915428,0.854175311836356,2.80328989028931
"fishash_refit10","moi_2.000000_iter_1","nonzero",489400,5116,54,34993,0.998459211915428,0.872447580343564,2.80328989028931
"fishash+_poisson","moi_2.000000_iter_1","full",3958683,3914,350,37053,0.990642461834612,0.904459687065199,0.351073026657104
"fishash+_poisson","moi_2.000000_iter_1","nonzero",489104,3056,350,37053,0.990642461834612,0.92380762422399,0.351073026657104
"fishash_poisson_rawd","moi_2.000000_iter_1","full",3958983,6030,50,34937,0.998570897762026,0.85280835794664,0.351140022277832
"fishash_poisson_rawd","moi_2.000000_iter_1","nonzero",489404,5172,50,34937,0.998570897762026,0.871051384975941,0.351140022277832
"fishash+_contingency","moi_2.000000_iter_1","full",3958676,3866,357,37101,0.990469325644722,0.905631361827813,1.02581310272217
"fishash+_contingency","moi_2.000000_iter_1","nonzero",489097,3008,357,37101,0.990469325644722,0.925004363110524,1.02581310272217
"fishash_refit0","moi_2.000000_iter_2","full",3958531,5795,148,35526,0.995851320289286,0.85975654025798,0.578898906707764
"fishash_refit0","moi_2.000000_iter_2","nonzero",478845,4909,148,35526,0.995851320289286,0.878595276369482,0.578898906707764
"fishash_refit10","moi_2.000000_iter_2","full",3958634,5663,45,35658,0.998739601714142,0.862951041843131,2.59662485122681
"fishash_refit10","moi_2.000000_iter_2","nonzero",478948,4777,45,35658,0.998739601714142,0.881859774947446,2.59662485122681
"fishash+_poisson","moi_2.000000_iter_2","full",3958361,3781,318,37540,0.991600190184373,0.908496890201108,0.56242299079895
"fishash+_poisson","moi_2.000000_iter_2","nonzero",478675,2895,318,37540,0.991600190184373,0.928403610733276,0.56242299079895
"fishash_poisson_rawd","moi_2.000000_iter_2","full",3958639,5729,40,35592,0.998877413560844,0.861353791050555,0.351039886474609
"fishash_poisson_rawd","moi_2.000000_iter_2","nonzero",478953,4843,40,35592,0.998877413560844,0.880227525658464,0.351039886474609
"fishash+_contingency","moi_2.000000_iter_2","full",3958339,3734,340,37587,0.991035410129987,0.909634326371579,1.35439801216125
"fishash+_contingency","moi_2.000000_iter_2","nonzero",478653,2848,340,37587,0.991035410129987,0.92956597007543,1.35439801216125
"fishash_refit0","moi_2.000000_iter_3","full",3958946,5692,123,35239,0.996521689949664,0.860936698345997,0.628578186035156
"fishash_refit0","moi_2.000000_iter_3","nonzero",473603,4851,123,35239,0.996521689949664,0.878997256173609,0.628578186035156
"fishash_refit10","moi_2.000000_iter_3","full",3959022,5657,47,35274,0.998669346847485,0.86179179594928,2.59498906135559
"fishash_refit10","moi_2.000000_iter_3","nonzero",473679,4816,47,35274,0.998669346847485,0.879870291843352,2.59498906135559
"fishash+_poisson","moi_2.000000_iter_3","full",3958751,3732,318,37199,0.991523842524722,0.908822164129877,0.412297010421753
"fishash+_poisson","moi_2.000000_iter_3","nonzero",473408,2891,318,37199,0.991523842524722,0.927887253679222,0.412297010421753
"fishash_poisson_rawd","moi_2.000000_iter_3","full",3959029,5696,40,35235,0.998866052445074,0.860838972905622,0.47502613067627
"fishash_poisson_rawd","moi_2.000000_iter_3","nonzero",473686,4855,40,35235,0.998866052445074,0.878897480668496,0.47502613067627
"fishash+_contingency","moi_2.000000_iter_3","full",3958728,3708,341,37223,0.990922159514429,0.909408516772129,0.923059940338135
"fishash+_contingency","moi_2.000000_iter_3","nonzero",473385,2867,341,37223,0.990922159514429,0.928485906709903,0.923059940338135
"fishash_refit0","moi_2.000000_iter_4","full",3958554,5992,162,35292,0.99543069893383,0.854859025288247,0.624287128448486
"fishash_refit0","moi_2.000000_iter_4","nonzero",479377,5105,162,35292,0.99543069893383,0.873629229893309,0.624287128448486
"fishash_refit10","moi_2.000000_iter_4","full",3958667,5859,49,35425,0.998618706658398,0.858080612343765,2.76245808601379
"fishash_refit10","moi_2.000000_iter_4","nonzero",479490,4972,49,35425,0.998618706658398,0.876921553580711,2.76245808601379
"fishash+_poisson","moi_2.000000_iter_4","full",3958390,3897,326,37387,0.991355765916262,0.90560507702742,0.421957969665527
"fishash+_poisson","moi_2.000000_iter_4","nonzero",479213,3010,326,37387,0.991355765916262,0.925489516548259,0.421957969665527
"fishash_poisson_rawd","moi_2.000000_iter_4","full",3958674,5911,42,35373,0.998814061838204,0.856821044472435,0.347027778625488
"fishash_poisson_rawd","moi_2.000000_iter_4","nonzero",479497,5024,42,35373,0.998814061838204,0.875634329281877,0.347027778625488
"fishash+_contingency","moi_2.000000_iter_4","full",3958365,3861,351,37423,0.990707894318844,0.906477085553725,0.813642978668213
"fishash+_contingency","moi_2.000000_iter_4","nonzero",479188,2974,351,37423,0.990707894318844,0.926380671832067,0.813642978668213
"fishash_refit0","moi_2.000000_iter_5","full",3958713,5844,113,35330,0.996811782298338,0.858065769660465,0.63119387626648
"fishash_refit0","moi_2.000000_iter_5","nonzero",471601,5010,113,35330,0.996811782298338,0.875805651958354,0.63119387626648
"fishash_refit10","moi_2.000000_iter_5","full",3958787,5888,39,35286,0.998895966029724,0.856997134113761,2.8005051612854
"fishash_refit10","moi_2.000000_iter_5","nonzero",471675,5054,39,35286,0.998895966029724,0.874714923153198,2.8005051612854
"fishash+_poisson","moi_2.000000_iter_5","full",3958521,3847,305,37327,0.991895195578231,0.906567251177928,0.271520137786865
"fishash+_poisson","moi_2.000000_iter_5","nonzero",471409,3013,305,37327,0.991895195578231,0.925309866137829,0.271520137786865
"fishash_poisson_rawd","moi_2.000000_iter_5","full",3958796,5948,30,35226,0.999149081007488,0.855539903822801,0.349824905395508
"fishash_poisson_rawd","moi_2.000000_iter_5","nonzero",471684,5114,30,35226,0.999149081007488,0.873227565691621,0.349824905395508
"fishash+_contingency","moi_2.000000_iter_5","full",3958498,3826,328,37348,0.991294192589447,0.907077281779764,1.02657413482666
"fishash+_contingency","moi_2.000000_iter_5","nonzero",471386,2992,328,37348,0.991294192589447,0.92583044124938,1.02657413482666
"fishash_refit0","moi_2.000000_iter_6","full",3958485,5935,129,35451,0.99637436762226,0.856594017300536,0.638121843338013
"fishash_refit0","moi_2.000000_iter_6","nonzero",452829,5079,129,35451,0.99637436762226,0.874685418208734,0.638121843338013
"fishash_refit10","moi_2.000000_iter_6","full",3958564,5768,50,35618,0.998598183245486,0.860629198279611,2.33193516731262
"fishash_refit10","moi_2.000000_iter_6","nonzero",452908,4912,50,35618,0.998598183245486,0.878805822847274,2.33193516731262
"fishash+_poisson","moi_2.000000_iter_6","full",3958334,3717,280,37669,0.992621676460513,0.910187019765138,0.345820188522339
"fishash+_poisson","moi_2.000000_iter_6","nonzero",452678,2861,280,37669,0.992621676460513,0.929410313348137,0.345820188522339
"fishash_poisson_rawd","moi_2.000000_iter_6","full",3958571,5839,43,35547,0.99879179544816,0.858913642294496,0.539214849472046
"fishash_poisson_rawd","moi_2.000000_iter_6","nonzero",452915,4983,43,35547,0.99879179544816,0.877054034048853,0.539214849472046
"fishash+_contingency","moi_2.000000_iter_6","full",3958316,3679,298,37707,0.992158926457045,0.91110520465858,0.570337057113647
"fishash+_contingency","moi_2.000000_iter_6","nonzero",452660,2823,298,37707,0.992158926457045,0.930347890451517,0.570337057113647
"fishash_refit0","moi_2.000000_iter_7","full",3958587,5876,133,35404,0.996257421842024,0.85765503875969,0.654284954071045
"fishash_refit0","moi_2.000000_iter_7","nonzero",497872,5008,133,35404,0.996257421842024,0.87607641294665,0.654284954071045
"fishash_refit10","moi_2.000000_iter_7","full",3958659,5547,61,35733,0.998295803765994,0.865625,2.6220600605011
"fishash_refit10","moi_2.000000_iter_7","nonzero",497944,4679,61,35733,0.998295803765994,0.884217559140849,2.6220600605011
"fishash+_poisson","moi_2.000000_iter_7","full",3958362,3754,358,37526,0.990550100306198,0.90906007751938,0.354825019836426
"fishash+_poisson","moi_2.000000_iter_7","nonzero",497647,2886,358,37526,0.990550100306198,0.928585568642977,0.354825019836426
"fishash_poisson_rawd","moi_2.000000_iter_7","full",3958665,5598,55,35682,0.998460978817472,0.864389534883721,0.640440940856934
"fishash_poisson_rawd","moi_2.000000_iter_7","nonzero",497950,4730,55,35682,0.998460978817472,0.882955557755122,0.640440940856934
"fishash+_contingency","moi_2.000000_iter_7","full",3958344,3699,376,37581,0.990094053797718,0.910392441860465,1.41710495948792
"fishash+_contingency","moi_2.000000_iter_7","nonzero",497629,2831,376,37581,0.990094053797718,0.929946550529546,1.41710495948792
"fishash_refit0","moi_2.000000_iter_8","full",3958526,5756,134,35584,0.996248390167423,0.860764392839865,0.646317005157471
"fishash_refit0","moi_2.000000_iter_8","nonzero",461568,4882,134,35584,0.996248390167423,0.879355508327979,0.646317005157471
"fishash_refit10","moi_2.000000_iter_8","full",3958609,5714,51,35626,0.998570507609945,0.861780358006773,3.23401618003845
"fishash_refit10","moi_2.000000_iter_8","nonzero",461651,4840,51,35626,0.998570507609945,0.880393416695497,3.23401618003845
"fishash+_poisson","moi_2.000000_iter_8","full",3958317,3775,343,37565,0.990951777988815,0.908684083212385,0.539631128311157
"fishash+_poisson","moi_2.000000_iter_8","nonzero",461359,2901,343,37565,0.990951777988815,0.928310186329264,0.539631128311157
"fishash_poisson_rawd","moi_2.000000_iter_8","full",3958614,5768,46,35572,0.998708518164973,0.860474117077891,0.332590103149414
"fishash_poisson_rawd","moi_2.000000_iter_8","nonzero",461656,4894,46,35572,0.998708518164973,0.879058963080117,0.332590103149414
"fishash+_contingency","moi_2.000000_iter_8","full",3958306,3745,354,37595,0.990671690953648,0.90940977261732,0.813022136688232
"fishash+_contingency","moi_2.000000_iter_8","nonzero",461348,2871,354,37595,0.990671690953648,0.92905154944892,0.813022136688232
"fishash_refit0","moi_2.000000_iter_9","full",3958690,5768,126,35416,0.996454898430026,0.85994560994561,0.583003044128418
"fishash_refit0","moi_2.000000_iter_9","nonzero",487636,4874,126,35416,0.996454898430026,0.879027053859519,0.583003044128418
"fishash_refit10","moi_2.000000_iter_9","full",3958774,5706,42,35478,0.998817567567568,0.861451048951049,2.09108686447144
"fishash_refit10","moi_2.000000_iter_9","nonzero",487720,4812,42,35478,0.998817567567568,0.880565897244974,2.09108686447144
"fishash+_poisson","moi_2.000000_iter_9","full",3958498,3858,318,37326,0.991552438635639,0.906322843822844,0.584291934967041
"fishash+_poisson","moi_2.000000_iter_9","nonzero",487444,2964,318,37326,0.991552438635639,0.926433358153388,0.584291934967041
"fishash_poisson_rawd","moi_2.000000_iter_9","full",3958779,5755,37,35429,0.99895674730728,0.860261266511267,0.363217830657959
"fishash_poisson_rawd","moi_2.000000_iter_9","nonzero",487725,4861,37,35429,0.99895674730728,0.879349714569372,0.363217830657959
"fishash+_contingency","moi_2.000000_iter_9","full",3958483,3832,333,37352,0.991163592941489,0.906954156954157,1.01461791992188
"fishash+_contingency","moi_2.000000_iter_9","nonzero",487429,2938,333,37352,0.991163592941489,0.927078679573095,1.01461791992188
"fishash_refit0","moi_2.000000_iter_10","full",3958725,5940,120,35215,0.996603933776709,0.855667598104726,0.59754204750061
"fishash_refit0","moi_2.000000_iter_10","nonzero",464364,5070,120,35215,0.996603933776709,0.874146704728807,0.59754204750061
"fishash_refit10","moi_2.000000_iter_10","full",3958791,5817,54,35338,0.998474231464738,0.858656299356093,2.61429786682129
"fishash_refit10","moi_2.000000_iter_10","nonzero",464430,4947,54,35338,0.998474231464738,0.87719995035373,2.61429786682129
"fishash+_poisson","moi_2.000000_iter_10","full",3958451,3828,394,37327,0.989554889849156,0.906985785445268,0.555458784103394
"fishash+_poisson","moi_2.000000_iter_10","nonzero",464090,2958,394,37327,0.989554889849156,0.92657316619089,0.555458784103394
"fishash_poisson_rawd","moi_2.000000_iter_10","full",3958797,5891,48,35264,0.998640688717716,0.856858218928441,0.412414789199829
"fishash_poisson_rawd","moi_2.000000_iter_10","nonzero",464436,5021,48,35264,0.998640688717716,0.875363038351744,0.412414789199829
"fishash+_contingency","moi_2.000000_iter_10","full",3958432,3780,413,37375,0.989070604424685,0.908152107884826,0.787147045135498
"fishash+_contingency","moi_2.000000_iter_10","nonzero",464071,2910,413,37375,0.989070604424685,0.927764676678664,0.787147045135498
"fishash_refit0","moi_3.000000_iter_1","full",3944151,11354,136,44359,0.996943476795146,0.79620555346149,0.621965169906616
"fishash_refit0","moi_3.000000_iter_1","nonzero",470039,9530,136,44359,0.996943476795146,0.823155003804116,0.621965169906616
"fishash_refit10","moi_3.000000_iter_1","full",3944244,11155,43,44558,0.999035896056142,0.799777430761223,2.65568804740906
"fishash_refit10","moi_3.000000_iter_1","nonzero",470132,9331,43,44558,0.999035896056142,0.8268477796953,2.65568804740906
"fishash+_poisson","moi_3.000000_iter_1","full",3944011,7551,276,48162,0.994301994301994,0.864466103063917,0.363011121749878
"fishash+_poisson","moi_3.000000_iter_1","nonzero",469899,5727,276,48162,0.994301994301994,0.893725992317542,0.363011121749878
"fishash_poisson_rawd","moi_3.000000_iter_1","full",3944246,11241,41,44472,0.99907892076472,0.798233805395509,0.648137092590332
"fishash_poisson_rawd","moi_3.000000_iter_1","nonzero",470134,9417,41,44472,0.99907892076472,0.8252519066971,0.648137092590332
"fishash+_contingency","moi_3.000000_iter_1","full",3943990,7463,297,48250,0.993882217232785,0.866045626693949,0.969498872756958
"fishash+_contingency","moi_3.000000_iter_1","nonzero",469878,5639,297,48250,0.993882217232785,0.895358978641281,0.969498872756958
"fishash_refit0","moi_3.000000_iter_2","full",3943862,11723,110,44305,0.997523359225487,0.790765331619904,0.609578132629395
"fishash_refit0","moi_3.000000_iter_2","nonzero",462852,10032,110,44305,0.997523359225487,0.815374422584979,0.609578132629395
"fishash_refit10","moi_3.000000_iter_2","full",3943931,11551,41,44477,0.999079024214924,0.79383522524452,3.7820200920105
"fishash_refit10","moi_3.000000_iter_2","nonzero",462921,9860,41,44477,0.999079024214924,0.818539853138745,3.7820200920105
"fishash+_poisson","moi_3.000000_iter_2","full",3943650,7638,322,48390,0.993389719165709,0.863675305204541,0.347482919692993
"fishash+_poisson","moi_3.000000_iter_2","nonzero",462640,5947,322,48390,0.993389719165709,0.890553398236929,0.347482919692993
"fishash_poisson_rawd","moi_3.000000_iter_2","full",3943934,11679,38,44349,0.999143893482326,0.791550653244806,0.370047092437744
"fishash_poisson_rawd","moi_3.000000_iter_2","nonzero",462924,9988,38,44349,0.999143893482326,0.816184183889431,0.370047092437744
"fishash+_contingency","moi_3.000000_iter_2","full",3943638,7544,334,48484,0.993158261297063,0.865353037766831,1.31143307685852
"fishash+_contingency","moi_3.000000_iter_2","nonzero",462628,5853,334,48484,0.993158261297063,0.892283342841894,1.31143307685852
"fishash_refit0","moi_3.000000_iter_3","full",3943976,11069,182,44773,0.995951507062618,0.801780022205508,0.627413988113403
"fishash_refit0","moi_3.000000_iter_3","nonzero",456226,9319,182,44773,0.995951507062618,0.827719440952451,0.627413988113403
"fishash_refit10","moi_3.000000_iter_3","full",3944115,10611,43,45231,0.999050227503644,0.809981734178575,3.12925314903259
"fishash_refit10","moi_3.000000_iter_3","nonzero",456365,8861,43,45231,0.999050227503644,0.83618649707905,3.12925314903259
"fishash+_poisson","moi_3.000000_iter_3","full",3943841,7113,317,48729,0.993536679851568,0.872622757064575,0.554179191589355
"fishash+_poisson","moi_3.000000_iter_3","nonzero",456091,5363,317,48729,0.993536679851568,0.900854100421504,0.554179191589355
"fishash_poisson_rawd","moi_3.000000_iter_3","full",3944122,10685,36,45157,0.999203416458301,0.808656566741879,0.434087991714478
"fishash_poisson_rawd","moi_3.000000_iter_3","nonzero",456372,8935,36,45157,0.999203416458301,0.834818457442875,0.434087991714478
"fishash+_contingency","moi_3.000000_iter_3","full",3943823,7053,335,48789,0.993180522758733,0.873697217148383,0.97207498550415
"fishash+_contingency","moi_3.000000_iter_3","nonzero",456073,5303,335,48789,0.993180522758733,0.901963321748133,0.97207498550415
"fishash_refit0","moi_3.000000_iter_4","full",3943882,10880,132,45106,0.997082099120209,0.805665702139821,0.608536005020142
"fishash_refit0","moi_3.000000_iter_4","nonzero",438609,9190,132,45106,0.997082099120209,0.830742596139679,0.608536005020142
"fishash_refit10","moi_3.000000_iter_4","full",3943985,10706,29,45280,0.999359950561699,0.808773621976923,2.40137600898743
"fishash_refit10","moi_3.000000_iter_4","nonzero",438712,9016,29,45280,0.999359950561699,0.833947252099602,2.40137600898743
"fishash+_poisson","moi_3.000000_iter_4","full",3943716,7047,298,48939,0.993947641001686,0.874129246597364,0.350687980651855
"fishash+_poisson","moi_3.000000_iter_4","nonzero",438443,5357,298,48939,0.993947641001686,0.901337115072934,0.350687980651855
"fishash_poisson_rawd","moi_3.000000_iter_4","full",3943991,10791,23,45195,0.999491353001017,0.80725538527489,0.62178111076355
"fishash_poisson_rawd","moi_3.000000_iter_4","nonzero",438718,9101,23,45195,0.999491353001017,0.832381759245617,0.62178111076355
"fishash+_contingency","moi_3.000000_iter_4","full",3943703,6955,311,49031,0.99369705322038,0.875772514557211,1.1345648765564
"fishash+_contingency","moi_3.000000_iter_4","nonzero",438430,5265,311,49031,0.99369705322038,0.903031530867836,1.1345648765564
"fishash_refit0","moi_3.000000_iter_5","full",3944190,11708,107,43995,0.997573806176591,0.78981383408434,0.64474892616272
"fishash_refit0","moi_3.000000_iter_5","nonzero",467900,9948,107,43995,0.997573806176591,0.815583115510817,0.64474892616272
"fishash_refit10","moi_3.000000_iter_5","full",3944247,11439,50,44264,0.99887168840547,0.794643017431736,2.79684090614319
"fishash_refit10","moi_3.000000_iter_5","nonzero",467957,9679,50,44264,0.99887168840547,0.82056986077897,2.79684090614319
"fishash+_poisson","moi_3.000000_iter_5","full",3943985,7635,312,48068,0.993551054154609,0.862933773764429,0.647240161895752
"fishash+_poisson","moi_3.000000_iter_5","nonzero",467695,5875,312,48068,0.993551054154609,0.891088741820069,0.647240161895752
"fishash_poisson_rawd","moi_3.000000_iter_5","full",3944255,11554,42,44149,0.999049580231269,0.792578496669838,0.367502927780151
"fishash_poisson_rawd","moi_3.000000_iter_5","nonzero",467965,9794,42,44149,0.999049580231269,0.818437980831619,0.367502927780151
"fishash+_contingency","moi_3.000000_iter_5","full",3943976,7530,321,48173,0.993380624407143,0.864818770981814,1.06850409507751
"fishash+_contingency","moi_3.000000_iter_5","nonzero",467686,5770,321,48173,0.993380624407143,0.893035240902434,1.06850409507751
"fishash_refit0","moi_3.000000_iter_6","full",3943837,11200,124,44839,0.997242176901007,0.800139188779243,0.626853942871094
"fishash_refit0","moi_3.000000_iter_6","nonzero",453404,9447,124,44839,0.997242176901007,0.825977231698781,0.626853942871094
"fishash_refit10","moi_3.000000_iter_6","full",3943932,11015,29,45024,0.999356313675005,0.803440461107443,2.76968097686768
"fishash_refit10","moi_3.000000_iter_6","nonzero",453499,9262,29,45024,0.999356313675005,0.829385108499429,2.76968097686768
"fishash+_poisson","moi_3.000000_iter_6","full",3943636,7342,325,48697,0.993370323528212,0.868984100358679,0.351899862289429
"fishash+_poisson","moi_3.000000_iter_6","nonzero",453203,5589,325,48697,0.993370323528212,0.89704527870906,0.351899862289429
"fishash_poisson_rawd","moi_3.000000_iter_6","full",3943934,11112,27,44927,0.999399386039062,0.801709523724549,0.43517804145813
"fishash_poisson_rawd","moi_3.000000_iter_6","nonzero",453501,9359,27,44927,0.999399386039062,0.827598275798548,0.43517804145813
"fishash+_contingency","moi_3.000000_iter_6","full",3943625,7275,336,48764,0.993156822810591,0.870179696282946,0.962837934494019
"fishash+_contingency","moi_3.000000_iter_6","nonzero",453192,5522,336,48764,0.993156822810591,0.898279482739564,0.962837934494019
"fishash_refit0","moi_3.000000_iter_7","full",3943834,10949,171,45046,0.99621823650397,0.804464684346817,0.589224100112915
"fishash_refit0","moi_3.000000_iter_7","nonzero",437130,9181,171,45046,0.99621823650397,0.830693197115828,0.589224100112915
"fishash_refit10","moi_3.000000_iter_7","full",3943968,10681,37,45314,0.999184141474278,0.809250825966604,3.02132105827332
"fishash_refit10","moi_3.000000_iter_7","nonzero",437264,8913,37,45314,0.999184141474278,0.835635384587014,3.02132105827332
"fishash+_poisson","moi_3.000000_iter_7","full",3943736,7093,269,48902,0.994529295723089,0.873327975712117,0.562477827072144
"fishash+_poisson","moi_3.000000_iter_7","nonzero",437032,5325,269,48902,0.994529295723089,0.90180168550722,0.562477827072144
"fishash_poisson_rawd","moi_3.000000_iter_7","full",3943970,10758,35,45237,0.999226895211168,0.807875703187785,0.41424298286438
"fishash_poisson_rawd","moi_3.000000_iter_7","nonzero",437266,8990,35,45237,0.999226895211168,0.834215427738949,0.41424298286438
"fishash+_contingency","moi_3.000000_iter_7","full",3943728,7026,277,48969,0.994375177679405,0.874524511117064,1.02235102653503
"fishash+_contingency","moi_3.000000_iter_7","nonzero",437024,5258,277,48969,0.994375177679405,0.903037232375016,1.02235102653503
"fishash_refit0","moi_3.000000_iter_8","full",3944031,11456,131,44382,0.997057039516546,0.794835058562269,0.581413984298706
"fishash_refit0","moi_3.000000_iter_8","nonzero",462235,9706,131,44382,0.997057039516546,0.820551693536459,0.581413984298706
"fishash_refit10","moi_3.000000_iter_8","full",3944125,11194,37,44644,0.999171907522213,0.799527203696408,2.63020515441895
"fishash_refit10","moi_3.000000_iter_8","nonzero",462329,9444,37,44644,0.999171907522213,0.825395651530839,2.63020515441895
"fishash+_poisson","moi_3.000000_iter_8","full",3943869,7403,293,48435,0.993987030044328,0.86742003653426,0.56934380531311
"fishash+_poisson","moi_3.000000_iter_8","nonzero",462073,5653,293,48435,0.993987030044328,0.89548513533501,0.56934380531311
"fishash_poisson_rawd","moi_3.000000_iter_8","full",3944130,11288,32,44550,0.999282221524382,0.797843762312404,0.3663170337677
"fishash_poisson_rawd","moi_3.000000_iter_8","nonzero",462334,9538,32,44550,0.999282221524382,0.823657742937435,0.3663170337677
"fishash+_contingency","moi_3.000000_iter_8","full",3943856,7324,306,48514,0.993732077017616,0.868834843654859,0.96947193145752
"fishash+_contingency","moi_3.000000_iter_8","nonzero",462060,5574,306,48514,0.993732077017616,0.89694571808904,0.96947193145752
"fishash_refit0","moi_3.000000_iter_9","full",3944150,11284,109,44457,0.997554189292286,0.79756373226171,0.614683866500854
"fishash_refit0","moi_3.000000_iter_9","nonzero",439770,9490,109,44457,0.997554189292286,0.824086603518268,0.614683866500854
"fishash_refit10","moi_3.000000_iter_9","full",3944213,11226,46,44515,0.9989677071879,0.798604258983513,2.37484693527222
"fishash_refit10","moi_3.000000_iter_9","nonzero",439833,9432,46,44515,0.9989677071879,0.825161732811834,2.37484693527222
"fishash+_poisson","moi_3.000000_iter_9","full",3943976,7422,283,48319,0.994177194354142,0.86684845984105,0.571901082992554
"fishash+_poisson","moi_3.000000_iter_9","nonzero",439596,5628,283,48319,0.994177194354142,0.895675385100191,0.571901082992554
"fishash_poisson_rawd","moi_3.000000_iter_9","full",3944218,11325,41,44416,0.99907776053265,0.796828187510091,0.42917799949646
"fishash_poisson_rawd","moi_3.000000_iter_9","nonzero",439838,9531,41,44416,0.99907776053265,0.823326598327989,0.42917799949646
"fishash+_contingency","moi_3.000000_iter_9","full",3943968,7344,291,48397,0.994023167926388,0.868247788880716,0.936367034912109
"fishash+_contingency","moi_3.000000_iter_9","nonzero",439588,5550,291,48397,0.994023167926388,0.897121248632918,0.936367034912109
"fishash_refit0","moi_3.000000_iter_10","full",3943967,11134,128,44771,0.997149156996815,0.80084071192201,0.585474014282227
"fishash_refit0","moi_3.000000_iter_10","nonzero",425401,9352,128,44771,0.997149156996815,0.827208395691296,0.585474014282227
"fishash_refit10","moi_3.000000_iter_10","full",3944050,10866,45,45039,0.999001863188714,0.805634558626241,2.84555101394653
"fishash_refit10","moi_3.000000_iter_10","nonzero",425484,9084,45,45039,0.999001863188714,0.832160079818192,2.84555101394653
"fishash+_poisson","moi_3.000000_iter_10","full",3943818,7122,277,48783,0.994353852425601,0.872605312583848,0.552428007125854
"fishash+_poisson","moi_3.000000_iter_10","nonzero",425252,5340,277,48783,0.994353852425601,0.901335846128263,0.552428007125854
"fishash_poisson_rawd","moi_3.000000_iter_10","full",3944052,10986,43,44919,0.999043636848895,0.803488060101959,0.414920091629028
"fishash_poisson_rawd","moi_3.000000_iter_10","nonzero",425486,9204,43,44919,0.999043636848895,0.829942907821074,0.414920091629028
"fishash+_contingency","moi_3.000000_iter_10","full",3943806,7055,289,48850,0.994118724434767,0.873803774259905,0.798264026641846
"fishash+_contingency","moi_3.000000_iter_10","nonzero",425240,5273,289,48850,0.994118724434767,0.902573767159987,0.798264026641846
"fishash_refit0","moi_5.000000_iter_1","full",3911365,26728,73,61834,0.998820811862956,0.698200130981685,0.635227918624878
"fishash_refit0","moi_5.000000_iter_1","nonzero",405957,22013,73,61834,0.998820811862956,0.737462282490727,0.635227918624878
"fishash_refit10","moi_5.000000_iter_1","full",3911408,26538,30,62024,0.999516550101525,0.700345520652198,3.77482199668884
"fishash_refit10","moi_5.000000_iter_1","nonzero",406000,21823,30,62024,0.999516550101525,0.739728314668384,3.77482199668884
"fishash+_poisson","moi_5.000000_iter_1","full",3911224,17881,214,70681,0.996981451442274,0.798096248955534,0.641263008117676
"fishash+_poisson","moi_5.000000_iter_1","nonzero",405816,13166,214,70681,0.996981451442274,0.842975896573521,0.641263008117676
"fishash_poisson_rawd","moi_5.000000_iter_1","full",3911408,26756,30,61806,0.999514845720939,0.697883968293399,0.607980966567993
"fishash_poisson_rawd","moi_5.000000_iter_1","nonzero",406000,22041,30,61806,0.999514845720939,0.737128340906651,0.607980966567993
"fishash+_contingency","moi_5.000000_iter_1","full",3911216,17652,222,70910,0.996879041781477,0.800682008084732,1.08901810646057
"fishash+_contingency","moi_5.000000_iter_1","nonzero",405808,12937,222,70910,0.996879041781477,0.845707061671855,1.08901810646057
"fishash_refit0","moi_5.000000_iter_2","full",3911477,27846,71,60606,0.998829869637589,0.685185185185185,0.634799003601074
"fishash_refit0","moi_5.000000_iter_2","nonzero",411596,23046,71,60606,0.998829869637589,0.724501506240138,0.634799003601074
"fishash_refit10","moi_5.000000_iter_2","full",3911513,27808,35,60644,0.999423194185797,0.685614796725908,4.55756878852844
"fishash_refit10","moi_5.000000_iter_2","nonzero",411632,23008,35,60644,0.999423194185797,0.724955769138813,4.55756878852844
"fishash+_poisson","moi_5.000000_iter_2","full",3911357,18908,191,69544,0.997261059726106,0.786234341789897,0.455511093139648
"fishash+_poisson","moi_5.000000_iter_2","nonzero",411476,14108,191,69544,0.997261059726106,0.83134892172333,0.455511093139648
"fishash_poisson_rawd","moi_5.000000_iter_2","full",3911517,28025,31,60427,0.999487247345265,0.683161488717044,0.674842119216919
"fishash_poisson_rawd","moi_5.000000_iter_2","nonzero",411636,23225,31,60427,0.999487247345265,0.72236168890164,0.674842119216919
"fishash+_contingency","moi_5.000000_iter_2","full",3911355,18733,193,69719,0.997239386657512,0.788212815990594,0.956501960754395
"fishash+_contingency","moi_5.000000_iter_2","nonzero",411474,13933,193,69719,0.997239386657512,0.833440921914599,0.956501960754395
"fishash_refit0","moi_5.000000_iter_3","full",3911762,28160,127,59951,0.997886081427478,0.680403127872797,0.632879018783569
"fishash_refit0","moi_5.000000_iter_3","nonzero",421863,23601,127,59951,0.997886081427478,0.717529203370356,0.632879018783569
"fishash_refit10","moi_5.000000_iter_3","full",3911844,27970,45,60141,0.999252317814774,0.682559498813996,3.13383507728577
"fishash_refit10","moi_5.000000_iter_3","nonzero",421945,23411,45,60141,0.999252317814774,0.719803236307928,3.13383507728577
"fishash+_poisson","moi_5.000000_iter_3","full",3911625,18899,264,69212,0.996200126662445,0.785509187275142,0.649093866348267
"fishash+_poisson","moi_5.000000_iter_3","nonzero",421726,14340,264,69212,0.996200126662445,0.82837035618537,0.649093866348267
"fishash_poisson_rawd","moi_5.000000_iter_3","full",3911851,28215,38,59896,0.999365969232823,0.679778915231923,0.535311222076416
"fishash_poisson_rawd","moi_5.000000_iter_3","nonzero",421952,23656,38,59896,0.999365969232823,0.716870930677901,0.535311222076416
"fishash+_contingency","moi_5.000000_iter_3","full",3911621,18728,268,69383,0.996152244763176,0.787449921122221,1.31839895248413
"fishash+_contingency","moi_5.000000_iter_3","nonzero",421722,14169,268,69383,0.996152244763176,0.830416985829184,1.31839895248413
"fishash_refit0","moi_5.000000_iter_4","full",3911342,27549,88,61021,0.998559950252827,0.688957886417523,0.616712808609009
"fishash_refit0","moi_5.000000_iter_4","nonzero",419985,22812,88,61021,0.998559950252827,0.727887586034139,0.616712808609009
"fishash_refit10","moi_5.000000_iter_4","full",3911403,27147,27,61423,0.999560618388934,0.693496669301118,3.18702387809753
"fishash_refit10","moi_5.000000_iter_4","nonzero",420046,22410,27,61423,0.999560618388934,0.732682833728961,3.18702387809753
"fishash+_poisson","moi_5.000000_iter_4","full",3911220,18591,210,69979,0.99700807818889,0.790098227390764,0.648498058319092
"fishash+_poisson","moi_5.000000_iter_4","nonzero",419863,13854,210,69979,0.99700807818889,0.834742881681438,0.648498058319092
"fishash_poisson_rawd","moi_5.000000_iter_4","full",3911410,27352,20,61218,0.999673405401875,0.691182115840578,0.45612621307373
"fishash_poisson_rawd","moi_5.000000_iter_4","nonzero",420053,22615,20,61218,0.999673405401875,0.730237495974139,0.45612621307373
"fishash+_contingency","moi_5.000000_iter_4","full",3911215,18377,215,70193,0.996946369730712,0.792514395393474,1.1945378780365
"fishash+_contingency","moi_5.000000_iter_4","nonzero",419858,13640,215,70193,0.996946369730712,0.837295575727935,1.1945378780365
"fishash_refit0","moi_5.000000_iter_5","full",3910804,27203,88,61905,0.998580484893456,0.694718768236298,0.604865074157715
"fishash_refit0","moi_5.000000_iter_5","nonzero",399416,22521,88,61905,0.998580484893456,0.733245682609623,0.604865074157715
"fishash_refit10","moi_5.000000_iter_5","full",3910855,27024,37,62084,0.999404388210106,0.696727566548458,5.02245879173279
"fishash_refit10","moi_5.000000_iter_5","nonzero",399467,22342,37,62084,0.999404388210106,0.73536588254803,5.02245879173279
"fishash+_poisson","moi_5.000000_iter_5","full",3910665,17978,227,71130,0.996818812450075,0.798244826502671,0.64377498626709
"fishash+_poisson","moi_5.000000_iter_5","nonzero",399277,13296,227,71130,0.996818812450075,0.842512969938171,0.64377498626709
"fishash_poisson_rawd","moi_5.000000_iter_5","full",3910858,27260,34,61848,0.999450567208558,0.694079095030749,0.526968002319336
"fishash_poisson_rawd","moi_5.000000_iter_5","nonzero",399470,22578,34,61848,0.999450567208558,0.732570535143202,0.526968002319336
"fishash+_contingency","moi_5.000000_iter_5","full",3910657,17754,235,71354,0.996717372780734,0.800758629977106,1.3545880317688
"fishash+_contingency","moi_5.000000_iter_5","nonzero",399269,13072,235,71354,0.996717372780734,0.845166181034279,1.3545880317688
"fishash_refit0","moi_5.000000_iter_6","full",3911465,26535,114,61886,0.998161290322581,0.69990160708429,0.589809894561768
"fishash_refit0","moi_5.000000_iter_6","nonzero",392174,21820,114,61886,0.998161290322581,0.739325735311686,0.589809894561768
"fishash_refit10","moi_5.000000_iter_6","full",3911547,26136,32,62285,0.99948649646164,0.704414109770303,3.62648892402649
"fishash_refit10","moi_5.000000_iter_6","nonzero",392256,21421,32,62285,0.99948649646164,0.744092418703558,3.62648892402649
"fishash+_poisson","moi_5.000000_iter_6","full",3911321,17503,258,70918,0.996375182645836,0.802049286934099,0.637850999832153
"fishash+_poisson","moi_5.000000_iter_6","nonzero",392030,12788,258,70918,0.996375182645836,0.847227199961771,0.637850999832153
"fishash_poisson_rawd","moi_5.000000_iter_6","full",3911549,26332,30,62089,0.999517055973213,0.702197441784192,0.51699709892273
"fishash_poisson_rawd","moi_5.000000_iter_6","nonzero",392258,21617,30,62089,0.999517055973213,0.741750890019831,0.51699709892273
"fishash+_contingency","moi_5.000000_iter_6","full",3911309,17312,270,71109,0.996217374858152,0.804209407267504,1.13267302513123
"fishash+_contingency","moi_5.000000_iter_6","nonzero",392018,12597,270,71109,0.996217374858152,0.849508995770912,1.13267302513123
"fishash_refit0","moi_5.000000_iter_7","full",3912028,27719,138,60115,0.997709657610409,0.68441605756313,0.641024827957153
"fishash_refit0","moi_5.000000_iter_7","nonzero",426592,22902,138,60115,0.997709657610409,0.72412879289784,0.641024827957153
"fishash_refit10","moi_5.000000_iter_7","full",3912122,27420,44,60414,0.99927222203844,0.687820206298244,3.83546495437622
"fishash_refit10","moi_5.000000_iter_7","nonzero",426686,22603,44,60414,0.99927222203844,0.72773046484455,3.83546495437622
"fishash+_poisson","moi_5.000000_iter_7","full",3911898,18791,268,69043,0.996133369883568,0.786062344877838,0.523793935775757
"fishash+_poisson","moi_5.000000_iter_7","nonzero",426462,13974,268,69043,0.996133369883568,0.831673030825012,0.523793935775757
"fishash_poisson_rawd","moi_5.000000_iter_7","full",3912128,27629,38,60205,0.999369221320319,0.685440717717513,0.540024042129517
"fishash_poisson_rawd","moi_5.000000_iter_7","nonzero",426692,22812,38,60205,0.999369221320319,0.725212908199525,0.540024042129517
"fishash+_contingency","moi_5.000000_iter_7","full",3911891,18591,275,69243,0.996044189993958,0.788339367443131,1.1908061504364
"fishash+_contingency","moi_5.000000_iter_7","nonzero",426455,13774,275,69243,0.996044189993958,0.834082175939868,1.1908061504364
"fishash_refit0","moi_5.000000_iter_8","full",3911194,27405,85,61316,0.998615657725444,0.69111033464456,0.613806009292603
"fishash_refit0","moi_5.000000_iter_8","nonzero",406402,22665,85,61316,0.998615657725444,0.730117526583394,0.613806009292603
"fishash_refit10","moi_5.000000_iter_8","full",3911243,27566,36,61155,0.999411678187969,0.689295657172485,3.75116801261902
"fishash_refit10","moi_5.000000_iter_8","nonzero",406451,22826,36,61155,0.999411678187969,0.728200426286898,3.75116801261902
"fishash+_poisson","moi_5.000000_iter_8","full",3911061,18673,218,70048,0.996897503771383,0.789531227105195,0.732416152954102
"fishash+_poisson","moi_5.000000_iter_8","nonzero",406269,13933,218,70048,0.996897503771383,0.834093425893952,0.732416152954102
"fishash_poisson_rawd","moi_5.000000_iter_8","full",3911248,27771,31,60950,0.999491644938587,0.686985042999966,0.529870986938477
"fishash_poisson_rawd","moi_5.000000_iter_8","nonzero",406456,23031,31,60950,0.999491644938587,0.725759397959062,0.529870986938477
"fishash+_contingency","moi_5.000000_iter_8","full",3911047,18449,232,70272,0.996709406558493,0.792055995761995,1.33016777038574
"fishash+_contingency","moi_5.000000_iter_8","nonzero",406255,13709,232,70272,0.996709406558493,0.836760695871685,1.33016777038574
"fishash_refit0","moi_5.000000_iter_9","full",3911651,27256,108,60985,0.998232203362087,0.691118640994549,0.614047050476074
"fishash_refit0","moi_5.000000_iter_9","nonzero",404014,22791,108,60985,0.998232203362087,0.727953113063407,0.614047050476074
"fishash_refit10","moi_5.000000_iter_9","full",3911730,27035,29,61206,0.999526414632155,0.693623145703245,3.5547821521759
"fishash_refit10","moi_5.000000_iter_9","nonzero",404093,22570,29,61206,0.999526414632155,0.730591100076394,3.5547821521759
"fishash+_poisson","moi_5.000000_iter_9","full",3911530,18331,229,69910,0.996735054677141,0.792262100384175,0.673431873321533
"fishash+_poisson","moi_5.000000_iter_9","nonzero",403893,13866,229,69910,0.996735054677141,0.834487203972498,0.673431873321533
"fishash_poisson_rawd","moi_5.000000_iter_9","full",3911733,27241,26,61000,0.999573952085996,0.691288630001927,0.54273796081543
"fishash_poisson_rawd","moi_5.000000_iter_9","nonzero",404096,22776,26,61000,0.999573952085996,0.728132161955691,0.54273796081543
"fishash+_contingency","moi_5.000000_iter_9","full",3911517,18128,242,70113,0.996560301328974,0.794562618284018,1.54020810127258
"fishash+_contingency","moi_5.000000_iter_9","nonzero",403880,13663,242,70113,0.996560301328974,0.836910332314744,1.54020810127258
"fishash_refit0","moi_5.000000_iter_10","full",3911852,27410,161,60577,0.997349270637821,0.68847670678623,0.631640195846558
"fishash_refit0","moi_5.000000_iter_10","nonzero",394188,22819,161,60577,0.997349270637821,0.726377763921531,0.631640195846558
"fishash_refit10","moi_5.000000_iter_10","full",3911983,27012,30,60975,0.999508237029752,0.693000102287838,3.09489798545837
"fishash_refit10","moi_5.000000_iter_10","nonzero",394319,22421,30,60975,0.999508237029752,0.731150175068349,3.09489798545837
"fishash+_poisson","moi_5.000000_iter_10","full",3911791,18022,222,69965,0.996837021100774,0.795174287110596,0.74315595626831
"fishash+_poisson","moi_5.000000_iter_10","nonzero",394127,13431,222,69965,0.996837021100774,0.838949110269078,0.74315595626831
"fishash_poisson_rawd","moi_5.000000_iter_10","full",3911985,27247,28,60740,0.999539231174302,0.69032925318513,0.603118896484375
"fishash_poisson_rawd","moi_5.000000_iter_10","nonzero",394321,22656,28,60740,0.999539231174302,0.728332294114826,0.603118896484375
"fishash+_contingency","moi_5.000000_iter_10","full",3911789,17839,224,70148,0.996816915818792,0.797254139816109,1.28115296363831
"fishash+_contingency","moi_5.000000_iter_10","nonzero",394125,13248,224,70148,0.996816915818792,0.841143460117991,1.28115296363831
"fishash_refit0","moi_10.000000_iter_1","full",3828393,86475,79,85053,0.999072029319175,0.49585490415559,0.671674966812134
"fishash_refit0","moi_10.000000_iter_1","nonzero",355291,67928,79,85053,0.999072029319175,0.555971002935005,0.671674966812134
"fishash_refit10","moi_10.000000_iter_1","full",3828435,86690,37,84838,0.999564064801178,0.494601464483933,4.41894698143005
"fishash_refit10","moi_10.000000_iter_1","nonzero",355333,68143,37,84838,0.999564064801178,0.55456559964963,4.41894698143005
"fishash+_poisson","moi_10.000000_iter_1","full",3828308,63629,164,107899,0.998482366767534,0.62904598666107,0.929033994674683
"fishash+_poisson","moi_10.000000_iter_1","nonzero",355206,45082,164,107899,0.998482366767534,0.705309809714932,0.929033994674683
"fishash_poisson_rawd","moi_10.000000_iter_1","full",3828441,87155,31,84373,0.999632718828492,0.491890536821977,0.845360994338989
"fishash_poisson_rawd","moi_10.000000_iter_1","nonzero",355339,68608,31,84373,0.999632718828492,0.551526006497539,0.845360994338989
"fishash+_contingency","moi_10.000000_iter_1","full",3828313,63024,159,108504,0.998536760442837,0.632573107597593,1.53280997276306
"fishash+_contingency","moi_10.000000_iter_1","nonzero",355211,44477,159,108504,0.998536760442837,0.709264549192383,1.53280997276306
"fishash_refit0","moi_10.000000_iter_2","full",3827404,88613,46,83937,0.999452270102283,0.486450304259635,0.654329061508179
"fishash_refit0","moi_10.000000_iter_2","nonzero",373133,70460,46,83937,0.999452270102283,0.543643982719871,0.654329061508179
"fishash_refit10","moi_10.000000_iter_2","full",3827420,88802,30,83748,0.999641910764162,0.485354969574037,5.03880095481873
"fishash_refit10","moi_10.000000_iter_2","nonzero",373149,70649,30,83748,0.999641910764162,0.542419865670965,5.03880095481873
"fishash+_poisson","moi_10.000000_iter_2","full",3827306,65286,144,107264,0.998659317741695,0.621640104317589,0.972887992858887
"fishash+_poisson","moi_10.000000_iter_2","nonzero",373035,47133,144,107264,0.998659317741695,0.694728524517963,0.972887992858887
"fishash_poisson_rawd","moi_10.000000_iter_2","full",3827424,89290,26,83260,0.999687822683284,0.482526803824978,0.640542984008789
"fishash_poisson_rawd","moi_10.000000_iter_2","nonzero",373153,71137,26,83260,0.999687822683284,0.539259182497069,0.640542984008789
"fishash+_contingency","moi_10.000000_iter_2","full",3827306,64693,144,107857,0.998666679012231,0.625076789336424,1.37037396430969
"fishash+_contingency","moi_10.000000_iter_2","nonzero",373035,46540,144,107857,0.998666679012231,0.69856927271903,1.37037396430969
"fishash_refit0","moi_10.000000_iter_3","full",3827026,86571,86,86317,0.999004664189901,0.499265420387766,0.631633043289185
"fishash_refit0","moi_10.000000_iter_3","nonzero",356532,68718,86,86317,0.999004664189901,0.556758151385171,0.631633043289185
"fishash_refit10","moi_10.000000_iter_3","full",3827078,86503,34,86385,0.999606568000093,0.49965873860534,4.53246593475342
"fishash_refit10","moi_10.000000_iter_3","nonzero",356584,68650,34,86385,0.999606568000093,0.557196762021479,4.53246593475342
"fishash+_poisson","moi_10.000000_iter_3","full",3826954,63312,158,109576,0.998560154555562,0.633797603072509,0.979327917098999
"fishash+_poisson","moi_10.000000_iter_3","nonzero",356460,45459,158,109576,0.998560154555562,0.706782339471732,0.979327917098999
"fishash_poisson_rawd","moi_10.000000_iter_3","full",3827081,86979,31,85909,0.999639283220852,0.496905511082319,0.640980958938599
"fishash_poisson_rawd","moi_10.000000_iter_3","nonzero",356587,69126,31,85909,0.999639283220852,0.554126487567324,0.640980958938599
"fishash+_contingency","moi_10.000000_iter_3","full",3826957,62644,155,110244,0.998596001775378,0.637661376151034,1.69455695152283
"fishash+_contingency","moi_10.000000_iter_3","nonzero",356463,44791,155,110244,0.998596001775378,0.711091043957816,1.69455695152283
"fishash_refit0","moi_10.000000_iter_4","full",3828186,87542,64,84208,0.999240554395291,0.49029403202329,0.886230945587158
"fishash_refit0","moi_10.000000_iter_4","nonzero",382334,69031,64,84208,0.999240554395291,0.549520683376947,0.886230945587158
"fishash_refit10","moi_10.000000_iter_4","full",3828218,87489,32,84261,0.99962037179837,0.490602620087336,4.52921605110168
"fishash_refit10","moi_10.000000_iter_4","nonzero",382366,68978,32,84261,0.99962037179837,0.549866548332996,4.52921605110168
"fishash+_poisson","moi_10.000000_iter_4","full",3828070,64726,180,107024,0.998320958173203,0.623138282387191,0.787873029708862
"fishash+_poisson","moi_10.000000_iter_4","nonzero",382218,46215,180,107024,0.998320958173203,0.698412284079118,0.787873029708862
"fishash_poisson_rawd","moi_10.000000_iter_4","full",3828220,88000,30,83750,0.999641919312485,0.487627365356623,0.880001068115234
"fishash_poisson_rawd","moi_10.000000_iter_4","nonzero",382368,69489,30,83750,0.999641919312485,0.546531888096372,0.880001068115234
"fishash+_contingency","moi_10.000000_iter_4","full",3828075,64195,175,107555,0.998375568551007,0.626229985443959,1.59926390647888
"fishash+_contingency","moi_10.000000_iter_4","nonzero",382223,45684,175,107555,0.998375568551007,0.701877459393496,1.59926390647888
"fishash_refit0","moi_10.000000_iter_5","full",3827819,88936,71,83174,0.999147095921677,0.483260705362849,0.667922973632812
"fishash_refit0","moi_10.000000_iter_5","nonzero",376170,70182,71,83174,0.999147095921677,0.542358955632646,0.667922973632812
"fishash_refit10","moi_10.000000_iter_5","full",3827853,89146,37,82964,0.999554222238286,0.482040555458718,5.56631207466125
"fishash_refit10","moi_10.000000_iter_5","nonzero",376204,70392,37,82964,0.999554222238286,0.540989592842797,5.56631207466125
"fishash+_poisson","moi_10.000000_iter_5","full",3827708,66399,182,105711,0.99828128393756,0.614206031026669,0.786996841430664
"fishash+_poisson","moi_10.000000_iter_5","nonzero",376059,47645,182,105711,0.99828128393756,0.689317666084144,0.786996841430664
"fishash_poisson_rawd","moi_10.000000_iter_5","full",3827856,89624,34,82486,0.999587978671837,0.47926326186741,1.03398013114929
"fishash_poisson_rawd","moi_10.000000_iter_5","nonzero",376207,70870,34,82486,0.999587978671837,0.537872662302095,1.03398013114929
"fishash+_contingency","moi_10.000000_iter_5","full",3827703,65845,187,106265,0.998243339721189,0.61742490267852,1.54024505615234
"fishash+_contingency","moi_10.000000_iter_5","nonzero",376054,47091,187,106265,0.998243339721189,0.692930175539268,1.54024505615234
"fishash_refit0","moi_10.000000_iter_6","full",3827701,87254,98,84947,0.998847668881181,0.49330143262815,0.605540990829468
"fishash_refit0","moi_10.000000_iter_6","nonzero",351630,68308,98,84947,0.998847668881181,0.554285341424423,0.605540990829468
"fishash_refit10","moi_10.000000_iter_6","full",3827766,86467,33,85734,0.999615236629473,0.497871673219087,5.11339998245239
"fishash_refit10","moi_10.000000_iter_6","nonzero",351695,67521,33,85734,0.999615236629473,0.559420573553881,5.11339998245239
"fishash+_poisson","moi_10.000000_iter_6","full",3827654,63713,145,108488,0.99866523063894,0.630007955819072,0.882597923278809
"fishash+_poisson","moi_10.000000_iter_6","nonzero",351583,44767,145,108488,0.99866523063894,0.707892075299338,0.882597923278809
"fishash_poisson_rawd","moi_10.000000_iter_6","full",3827770,86935,29,85266,0.999660003517205,0.495153918966789,0.64713978767395
"fishash_poisson_rawd","moi_10.000000_iter_6","nonzero",351699,67989,29,85266,0.999660003517205,0.55636683958109,0.64713978767395
"fishash+_contingency","moi_10.000000_iter_6","full",3827659,63063,140,109138,0.998718863815224,0.633782614502819,1.48919296264648
"fishash+_contingency","moi_10.000000_iter_6","nonzero",351588,44117,140,109138,0.998718863815224,0.712133372483769,1.48919296264648
"fishash_refit0","moi_10.000000_iter_7","full",3827309,86942,88,85661,0.998973748965002,0.496289172262359,0.647056102752686
"fishash_refit0","moi_10.000000_iter_7","nonzero",372024,68714,88,85661,0.998973748965002,0.554889068825911,0.647056102752686
"fishash_refit10","moi_10.000000_iter_7","full",3827368,86824,29,85779,0.999662036173783,0.49697282202511,4.76089000701904
"fishash_refit10","moi_10.000000_iter_7","nonzero",372083,68596,29,85779,0.999662036173783,0.555653441295547,4.76089000701904
"fishash+_poisson","moi_10.000000_iter_7","full",3827258,64037,139,108566,0.998721309967343,0.628992543582672,0.969643831253052
"fishash+_poisson","moi_10.000000_iter_7","nonzero",371973,45809,139,108566,0.998721309967343,0.703261538461538,0.969643831253052
"fishash_poisson_rawd","moi_10.000000_iter_7","full",3827369,87302,28,85301,0.999671858336556,0.494203461121765,0.822387933731079
"fishash_poisson_rawd","moi_10.000000_iter_7","nonzero",372084,69074,28,85301,0.999671858336556,0.552557085020243,0.822387933731079
"fishash+_contingency","moi_10.000000_iter_7","full",3827246,63520,151,109083,0.998617646520314,0.631987856526248,1.72387194633484
"fishash+_contingency","moi_10.000000_iter_7","nonzero",371961,45292,151,109083,0.998617646520314,0.70661052631579,1.72387194633484
"fishash_refit0","moi_10.000000_iter_8","full",3828882,86899,58,84161,0.999311319298496,0.491996960130948,0.646617889404297
"fishash_refit0","moi_10.000000_iter_8","nonzero",357823,69025,58,84161,0.999311319298496,0.549403992531955,0.646617889404297
"fishash_refit10","moi_10.000000_iter_8","full",3828903,87085,37,83975,0.999559586725706,0.490909622354729,5.12446999549866
"fishash_refit10","moi_10.000000_iter_8","nonzero",357844,69211,37,83975,0.999559586725706,0.54818978235609,5.12446999549866
"fishash+_poisson","moi_10.000000_iter_8","full",3828787,64263,153,106797,0.998569424964937,0.62432479831638,1.10275793075562
"fishash+_poisson","moi_10.000000_iter_8","nonzero",357728,46389,153,106797,0.998569424964937,0.697172065332341,1.10275793075562
"fishash_poisson_rawd","moi_10.000000_iter_8","full",3828909,87511,31,83549,0.999629097870304,0.488419268093067,0.740212917327881
"fishash_poisson_rawd","moi_10.000000_iter_8","nonzero",357850,69637,31,83549,0.999629097870304,0.545408849372658,0.740212917327881
"fishash+_contingency","moi_10.000000_iter_8","full",3828785,63619,155,107441,0.998559426000967,0.628089559218987,1.57397389411926
"fishash+_contingency","moi_10.000000_iter_8","nonzero",357726,45745,155,107441,0.998559426000967,0.70137610486598,1.57397389411926
"fishash_refit0","moi_10.000000_iter_9","full",3826882,87250,81,85787,0.999056691666279,0.495772580430775,0.889788150787354
"fishash_refit0","moi_10.000000_iter_9","nonzero",383171,68238,81,85787,0.999056691666279,0.55696802467132,0.889788150787354
"fishash_refit10","moi_10.000000_iter_9","full",3826932,87043,31,85994,0.99963963963964,0.496968856371759,4.04455399513245
"fishash_refit10","moi_10.000000_iter_9","nonzero",383221,68031,31,85994,0.99963963963964,0.558311962343775,4.04455399513245
"fishash+_poisson","moi_10.000000_iter_9","full",3826777,64990,186,108047,0.998281485314091,0.62441558741772,0.715098857879639
"fishash+_poisson","moi_10.000000_iter_9","nonzero",383066,45978,186,108047,0.998281485314091,0.701490017854244,0.715098857879639
"fishash_poisson_rawd","moi_10.000000_iter_9","full",3826935,87519,28,85518,0.999672690716106,0.494217999618579,0.701056957244873
"fishash_poisson_rawd","moi_10.000000_iter_9","nonzero",383224,68507,28,85518,0.999672690716106,0.555221554942379,0.701056957244873
"fishash+_contingency","moi_10.000000_iter_9","full",3826764,64435,199,108602,0.998170972693266,0.627622993926155,1.39471697807312
"fishash+_contingency","moi_10.000000_iter_9","nonzero",383053,45423,199,108602,0.998170972693266,0.705093329005032,1.39471697807312
"fishash_refit0","moi_10.000000_iter_10","full",3829512,87270,89,83129,0.998930519839458,0.487849107095699,0.648219108581543
"fishash_refit0","moi_10.000000_iter_10","nonzero",366593,70379,89,83129,0.998930519839458,0.541528780259009,0.648219108581543
"fishash_refit10","moi_10.000000_iter_10","full",3829551,86905,50,83494,0.999401512975199,0.489991138445648,5.68057608604431
"fishash_refit10","moi_10.000000_iter_10","nonzero",366632,70014,50,83494,0.999401512975199,0.54390650650129,5.68057608604431
"fishash+_poisson","moi_10.000000_iter_10","full",3829420,64574,181,105825,0.998292549478331,0.621042377009255,0.743278980255127
"fishash+_poisson","moi_10.000000_iter_10","nonzero",366501,47683,181,105825,0.998292549478331,0.689377752299554,0.743278980255127
"fishash_poisson_rawd","moi_10.000000_iter_10","full",3829555,87401,46,82998,0.999446076778575,0.487080323241334,0.757676124572754
"fishash_poisson_rawd","moi_10.000000_iter_10","nonzero",366636,70510,46,82998,0.999446076778575,0.540675404539177,0.757676124572754
"fishash+_contingency","moi_10.000000_iter_10","full",3829421,63863,180,106536,0.99831328010795,0.625214936707375,1.46174621582031
"fishash+_contingency","moi_10.000000_iter_10","nonzero",366502,46972,180,106536,0.99831328010795,0.694009432733147,1.46174621582031
